duplicate_group,sha256,copies,preferred_source,all_sources
DUP-0222,409d936f03269cf94ea0453280a4808be1985de8018375b68ef90c4d4e314dde,3,janus_acs_nano_venue/render_v6/page-1.png,janus_acs_nano_venue/render_v6/page-1.png | janus_acs_nano_venue/render_v6b/page-1.png | janus_acs_nano_venue/render_v7/page-1.png
DUP-0611,b2af9142896b8f30913c26381f079acaf69ed3e661d721fed888671fcde68565,2,janus_acs_nano_venue/render_v6/page-15.png,janus_acs_nano_venue/render_v6/page-15.png | janus_acs_nano_venue/render_v6b/page-15.png
DUP-0465,857e53f6da3cf104cf28b64d950cd8a26e97d43167235d02634a414c0bd4e02b,3,janus_n17_upstream_strengthening/render_main/page-16.png,janus_acs_nano_venue/render_v6/page-16.png | janus_acs_nano_venue/render_v6b/page-16.png | janus_n17_upstream_strengthening/render_main/page-16.png
DUP-0469,86e2b53efec4d1558a29b5707ba2f380d4f27eaafce9ad11d557ad81401b8f3b,3,janus_acs_nano_venue/render_v6/page-8.png,janus_acs_nano_venue/render_v6/page-8.png | janus_acs_nano_venue/render_v6b/page-8.png | janus_acs_nano_venue/render_v7/page-8.png
DUP-0313,5a3d4417edc469f67acc6002eb0a391c0fe33c2a98cb3fe0e982e582b456bf69,2,janus_acs_nano_venue/render_v7/page-10.png,janus_acs_nano_venue/render_v6b/page-10.png | janus_acs_nano_venue/render_v7/page-10.png
DUP-0277,4f844ee7b794f9542b46db7d29aee679e920850aa1771b78393efe9e9a198c43,2,janus_acs_nano_venue/render_v7/page-11.png,janus_acs_nano_venue/render_v6b/page-11.png | janus_acs_nano_venue/render_v7/page-11.png
DUP-0495,903da1d3140cb09038610d9a2582dca17a4f41405a1817dc580b58d84830b046,2,janus_acs_nano_venue/render_v7/page-12.png,janus_acs_nano_venue/render_v6b/page-12.png | janus_acs_nano_venue/render_v7/page-12.png
DUP-0078,17b7252103999093d243933aabbea8adfd89edcf73e8fc7982e86fb3de0099ba,2,janus_acs_nano_venue/render_v7/page-13.png,janus_acs_nano_venue/render_v6b/page-13.png | janus_acs_nano_venue/render_v7/page-13.png
DUP-0161,2ea8a7e8994ad25fccff5a5bb2a169c808a25347c2ddc23ce8915f4b40a710d0,2,janus_acs_nano_venue/render_v7/page-14.png,janus_acs_nano_venue/render_v6b/page-14.png | janus_acs_nano_venue/render_v7/page-14.png
DUP-0675,c623c61039631eb2bb2f249b0adc95ec354491554fa03de2028d7106f49ded6b,2,janus_acs_nano_venue/render_v7/page-2.png,janus_acs_nano_venue/render_v6b/page-2.png | janus_acs_nano_venue/render_v7/page-2.png
DUP-0111,1f597bfada23113093074625d209c9c327b6f94eee331b38ad161b9f9a698c4e,5,janus_n19_acs_submission/render_main/page-3.png,janus_acs_nano_venue/render_v6b/page-3.png | janus_acs_nano_venue/render_v7/page-3.png | janus_n19_acs_submission/render_main/page-3.png | janus_n19_acs_submission/render_main2/page-3.png | janus_n19_acs_submission/render_main3/page-3.png
DUP-0408,74a3c933dd2f1b83a67158f590bad69bd9f67e38e28e81ca8a33388aec9d307d,2,janus_acs_nano_venue/render_v7/page-4.png,janus_acs_nano_venue/render_v6b/page-4.png | janus_acs_nano_venue/render_v7/page-4.png
DUP-0698,cc8fdf77d7ad1180b2d1d3a15f078b6729a54adf12f0394f269c4c7caab61f86,2,janus_acs_nano_venue/render_v7/page-5.png,janus_acs_nano_venue/render_v6b/page-5.png | janus_acs_nano_venue/render_v7/page-5.png
DUP-0256,4ace615f87b8c99da7507f91e1cf35f2fbd5d004c61658cb727707533d6a28a6,2,janus_acs_nano_venue/render_v7/page-6.png,janus_acs_nano_venue/render_v6b/page-6.png | janus_acs_nano_venue/render_v7/page-6.png
DUP-0439,7f711a38e40f1d0157e4754ad612a5f4ca211b309c0bc3488e189bd145feb21d,2,janus_acs_nano_venue/render_v7/page-7.png,janus_acs_nano_venue/render_v6b/page-7.png | janus_acs_nano_venue/render_v7/page-7.png
DUP-0679,c70984760c49173e92b08d50035ed8030b4b9edbb63ff1c83ea5470c23d07bb5,2,janus_acs_nano_venue/render_v7/page-9.png,janus_acs_nano_venue/render_v6b/page-9.png | janus_acs_nano_venue/render_v7/page-9.png
DUP-0825,f5131eebc7b79308b3daec3c9ed4a72e3688386ba703232d0168b233f7b7a53d,2,janus_branch_gate/audit_full_hessian.py,janus_audit/audit_full_hessian.py | janus_branch_gate/audit_full_hessian.py
DUP-0216,3dbb2ef66165b519ee48de20e34ed855e319cb3877f2f5952e710adcff671356,11,janus_n17_repro_release/Janus_MoSSe_Current_ReproducibilityRelease_v2/source/dft_guided_material_v12.py,janus_audit/dft_guided_material_v12.py | janus_baseline_gate/Janus_MoSSe_CanonicalUnguided_BaselineRelease/source/dft_guided_material_v12.py | janus_baseline_gate/release/Janus_MoSSe_AuditResolved_ReproducibilityRelease/source/dft_guided_material_v12.py | janus_branch_gate/core/dft_guided_material_v12.py | janus_dependency_audit/dft_guided_material_v12.py | janus_n17_repro_release/Janus_MoSSe_Current_ReproducibilityRelease_v2/source/dft_guided_material_v12.py | janus_n17_repro_release/clean_replay/Janus_MoSSe_Current_ReproducibilityRelease_v2/source/dft_guided_material_v12.py | janus_n2_gate/release/Janus_MoSSe_CanonicalUnguided_BaselineRelease/source/dft_guided_material_v12.py | janus_n4_gate/release/Janus_MoSSe_CanonicalUnguided_BaselineRelease/source/dft_guided_material_v12.py | janus_n8_gate/rigid_release/Janus_MoSSe_AuditResolved_ReproducibilityRelease/source/dft_guided_material_v12.py | janus_symmetry_gate/dft_guided_material_v12.py
DUP-0502,9596551977d2cba08c8ae7e0e022f9659d8ab1b8ef6090d8368d8c37721bbbc0,2,janus_branch_gate/full_hessian_audit.json,janus_audit/full_hessian_audit.json | janus_branch_gate/full_hessian_audit.json
DUP-0817,f2b1ffc29da25d053fa534145d2d1896cdfb33441928d4b12a218961114942d9,11,janus_n17_repro_release/Janus_MoSSe_Current_ReproducibilityRelease_v2/source/janus_fourier_landscapes_v12.py,janus_audit/janus_fourier_landscapes_v12.py | janus_baseline_gate/Janus_MoSSe_CanonicalUnguided_BaselineRelease/source/janus_fourier_landscapes_v12.py | janus_baseline_gate/release/Janus_MoSSe_AuditResolved_ReproducibilityRelease/source/janus_fourier_landscapes_v12.py | janus_branch_gate/core/janus_fourier_landscapes_v12.py | janus_dependency_audit/janus_fourier_landscapes_v12.py | janus_n17_repro_release/Janus_MoSSe_Current_ReproducibilityRelease_v2/source/janus_fourier_landscapes_v12.py | janus_n17_repro_release/clean_replay/Janus_MoSSe_Current_ReproducibilityRelease_v2/source/janus_fourier_landscapes_v12.py | janus_n2_gate/release/Janus_MoSSe_CanonicalUnguided_BaselineRelease/source/janus_fourier_landscapes_v12.py | janus_n4_gate/release/Janus_MoSSe_CanonicalUnguided_BaselineRelease/source/janus_fourier_landscapes_v12.py | janus_n8_gate/rigid_release/Janus_MoSSe_AuditResolved_ReproducibilityRelease/source/janus_fourier_landscapes_v12.py | janus_symmetry_gate/janus_fourier_landscapes_v12.py
DUP-0284,51d7f4fc14d6598872f4620a3703ce50109c12b9aa9097a5d18d4a0db5b20674,9,janus_n17_repro_release/Janus_MoSSe_Current_ReproducibilityRelease_v2/source/run_dft_material_validation_v12.py,janus_audit/run_dft_material_validation_v12.py | janus_baseline_gate/Janus_MoSSe_CanonicalUnguided_BaselineRelease/source/run_dft_material_validation_v12.py | janus_baseline_gate/release/Janus_MoSSe_AuditResolved_ReproducibilityRelease/source/run_dft_material_validation_v12.py | janus_dependency_audit/run_dft_material_validation_v12.py | janus_n17_repro_release/Janus_MoSSe_Current_ReproducibilityRelease_v2/source/run_dft_material_validation_v12.py | janus_n17_repro_release/clean_replay/Janus_MoSSe_Current_ReproducibilityRelease_v2/source/run_dft_material_validation_v12.py | janus_n2_gate/release/Janus_MoSSe_CanonicalUnguided_BaselineRelease/source/run_dft_material_validation_v12.py | janus_n4_gate/release/Janus_MoSSe_CanonicalUnguided_BaselineRelease/source/run_dft_material_validation_v12.py | janus_n8_gate/rigid_release/Janus_MoSSe_AuditResolved_ReproducibilityRelease/source/run_dft_material_validation_v12.py
DUP-0200,3921a9facbecb0f198c14b0fa559fa338f2fe41c76e0353a18dd51dba5308632,6,janus_n17_repro_release/Janus_MoSSe_Current_ReproducibilityRelease_v2/data/canonical/CANONICAL_BASELINE_DEPENDENCY.csv,janus_baseline_gate/CANONICAL_BASELINE_DEPENDENCY.csv | janus_baseline_gate/Janus_MoSSe_CanonicalUnguided_BaselineRelease/data/canonical/CANONICAL_BASELINE_DEPENDENCY.csv | janus_n17_repro_release/Janus_MoSSe_Current_ReproducibilityRelease_v2/data/canonical/CANONICAL_BASELINE_DEPENDENCY.csv | janus_n17_repro_release/clean_replay/Janus_MoSSe_Current_ReproducibilityRelease_v2/data/canonical/CANONICAL_BASELINE_DEPENDENCY.csv | janus_n2_gate/release/Janus_MoSSe_CanonicalUnguided_BaselineRelease/data/canonical/CANONICAL_BASELINE_DEPENDENCY.csv | janus_n4_gate/release/Janus_MoSSe_CanonicalUnguided_BaselineRelease/data/canonical/CANONICAL_BASELINE_DEPENDENCY.csv
DUP-0018,054d383db6ce999c1c443e033cdc867297edf9f427f40292d0b01951bf115d5e,6,janus_n17_repro_release/Janus_MoSSe_Current_ReproducibilityRelease_v2/reports/CANONICAL_BASELINE_REPORT.md,janus_baseline_gate/CANONICAL_BASELINE_REPORT.md | janus_baseline_gate/Janus_MoSSe_CanonicalUnguided_BaselineRelease/reports/CANONICAL_BASELINE_REPORT.md | janus_n17_repro_release/Janus_MoSSe_Current_ReproducibilityRelease_v2/reports/CANONICAL_BASELINE_REPORT.md | janus_n17_repro_release/clean_replay/Janus_MoSSe_Current_ReproducibilityRelease_v2/reports/CANONICAL_BASELINE_REPORT.md | janus_n2_gate/release/Janus_MoSSe_CanonicalUnguided_BaselineRelease/reports/CANONICAL_BASELINE_REPORT.md | janus_n4_gate/release/Janus_MoSSe_CanonicalUnguided_BaselineRelease/reports/CANONICAL_BASELINE_REPORT.md
DUP-0839,fa39097305aa305fd11bb270ac2a21a96838214f09d2b54ab185515ba4b88fa2,2,janus_n8_gate/Janus_MoSSe_AuditResolved_ReproducibilityRelease.zip,janus_baseline_gate/Janus_MoSSe_AuditResolved_ReproducibilityRelease.zip | janus_n8_gate/Janus_MoSSe_AuditResolved_ReproducibilityRelease.zip
DUP-0056,11879bf9bed82c5a7ca7e80b5868f9f62aacdf24438292b41e9b31446b116942,7,janus_n17_repro_release/Janus_MoSSe_Current_ReproducibilityRelease_v2/ENVIRONMENT.md,janus_baseline_gate/Janus_MoSSe_CanonicalUnguided_BaselineRelease/ENVIRONMENT.md | janus_baseline_gate/release/Janus_MoSSe_AuditResolved_ReproducibilityRelease/ENVIRONMENT.md | janus_n17_repro_release/Janus_MoSSe_Current_ReproducibilityRelease_v2/ENVIRONMENT.md | janus_n17_repro_release/clean_replay/Janus_MoSSe_Current_ReproducibilityRelease_v2/ENVIRONMENT.md | janus_n2_gate/release/Janus_MoSSe_CanonicalUnguided_BaselineRelease/ENVIRONMENT.md | janus_n4_gate/release/Janus_MoSSe_CanonicalUnguided_BaselineRelease/ENVIRONMENT.md | janus_n8_gate/rigid_release/Janus_MoSSe_AuditResolved_ReproducibilityRelease/ENVIRONMENT.md
DUP-0564,a4f23e4a2b97f979e6b27cb363fe1372f3ae599087b9c89b686ae9ae98303a8a,3,janus_n4_gate/release/Janus_MoSSe_CanonicalUnguided_BaselineRelease/README.md,janus_baseline_gate/Janus_MoSSe_CanonicalUnguided_BaselineRelease/README.md | janus_n2_gate/release/Janus_MoSSe_CanonicalUnguided_BaselineRelease/README.md | janus_n4_gate/release/Janus_MoSSe_CanonicalUnguided_BaselineRelease/README.md
DUP-0796,ec71a3fbff625b3fbe6514dc7c9081bd10d21def802f16861d770cf3975a539d,5,janus_n8_gate/rigid_release/Janus_MoSSe_AuditResolved_ReproducibilityRelease/RUNNING_AUDITS.md,janus_baseline_gate/Janus_MoSSe_CanonicalUnguided_BaselineRelease/RUNNING_AUDITS.md | janus_baseline_gate/release/Janus_MoSSe_AuditResolved_ReproducibilityRelease/RUNNING_AUDITS.md | janus_n2_gate/release/Janus_MoSSe_CanonicalUnguided_BaselineRelease/RUNNING_AUDITS.md | janus_n4_gate/release/Janus_MoSSe_CanonicalUnguided_BaselineRelease/RUNNING_AUDITS.md | janus_n8_gate/rigid_release/Janus_MoSSe_AuditResolved_ReproducibilityRelease/RUNNING_AUDITS.md
DUP-0212,3d1575ae05f53f11a2b5f13dff3bf1c8b8a277726618f07ef5d5572abbe8094e,3,janus_n4_gate/release/Janus_MoSSe_CanonicalUnguided_BaselineRelease/SHA256SUMS.txt,janus_baseline_gate/Janus_MoSSe_CanonicalUnguided_BaselineRelease/SHA256SUMS.txt | janus_n2_gate/release/Janus_MoSSe_CanonicalUnguided_BaselineRelease/SHA256SUMS.txt | janus_n4_gate/release/Janus_MoSSe_CanonicalUnguided_BaselineRelease/SHA256SUMS.txt
DUP-0492,8f519e4b2fbd0dbf9d1659ba27c6d832e947a34d8c96f48cc113a3568fbf8bc1,7,janus_n17_repro_release/Janus_MoSSe_Current_ReproducibilityRelease_v2/audit_scripts/asymmetry_global_check.py,janus_baseline_gate/Janus_MoSSe_CanonicalUnguided_BaselineRelease/audit_scripts/asymmetry_global_check.py | janus_baseline_gate/release/Janus_MoSSe_AuditResolved_ReproducibilityRelease/audit_scripts/asymmetry_global_check.py | janus_n17_repro_release/Janus_MoSSe_Current_ReproducibilityRelease_v2/audit_scripts/asymmetry_global_check.py | janus_n17_repro_release/clean_replay/Janus_MoSSe_Current_ReproducibilityRelease_v2/audit_scripts/asymmetry_global_check.py | janus_n2_gate/release/Janus_MoSSe_CanonicalUnguided_BaselineRelease/audit_scripts/asymmetry_global_check.py | janus_n4_gate/release/Janus_MoSSe_CanonicalUnguided_BaselineRelease/audit_scripts/asymmetry_global_check.py | janus_n8_gate/rigid_release/Janus_MoSSe_AuditResolved_ReproducibilityRelease/audit_scripts/asymmetry_global_check.py
DUP-0661,c29a6d2983ec9e50eb81a855018c084bc60a63cde414babffd502332aeaf7967,7,janus_n17_repro_release/Janus_MoSSe_Current_ReproducibilityRelease_v2/audit_scripts/branch_audit.py,janus_baseline_gate/Janus_MoSSe_CanonicalUnguided_BaselineRelease/audit_scripts/branch_audit.py | janus_baseline_gate/release/Janus_MoSSe_AuditResolved_ReproducibilityRelease/audit_scripts/branch_audit.py | janus_n17_repro_release/Janus_MoSSe_Current_ReproducibilityRelease_v2/audit_scripts/branch_audit.py | janus_n17_repro_release/clean_replay/Janus_MoSSe_Current_ReproducibilityRelease_v2/audit_scripts/branch_audit.py | janus_n2_gate/release/Janus_MoSSe_CanonicalUnguided_BaselineRelease/audit_scripts/branch_audit.py | janus_n4_gate/release/Janus_MoSSe_CanonicalUnguided_BaselineRelease/audit_scripts/branch_audit.py | janus_n8_gate/rigid_release/Janus_MoSSe_AuditResolved_ReproducibilityRelease/audit_scripts/branch_audit.py
DUP-0074,1679b252671d84884a2a4a25b63b61498b62f3a7d77e05d39f456ffdbccca7bc,7,janus_n17_repro_release/Janus_MoSSe_Current_ReproducibilityRelease_v2/audit_scripts/edge_weight_ground_switch.py,janus_baseline_gate/Janus_MoSSe_CanonicalUnguided_BaselineRelease/audit_scripts/edge_weight_ground_switch.py | janus_baseline_gate/release/Janus_MoSSe_AuditResolved_ReproducibilityRelease/audit_scripts/edge_weight_ground_switch.py | janus_n17_repro_release/Janus_MoSSe_Current_ReproducibilityRelease_v2/audit_scripts/edge_weight_ground_switch.py | janus_n17_repro_release/clean_replay/Janus_MoSSe_Current_ReproducibilityRelease_v2/audit_scripts/edge_weight_ground_switch.py | janus_n2_gate/release/Janus_MoSSe_CanonicalUnguided_BaselineRelease/audit_scripts/edge_weight_ground_switch.py | janus_n4_gate/release/Janus_MoSSe_CanonicalUnguided_BaselineRelease/audit_scripts/edge_weight_ground_switch.py | janus_n8_gate/rigid_release/Janus_MoSSe_AuditResolved_ReproducibilityRelease/audit_scripts/edge_weight_ground_switch.py
DUP-0283,51c683f848369352351818594b91e9bbe5fb7718d464e3bfbfbfd27d6799758d,7,janus_n17_repro_release/Janus_MoSSe_Current_ReproducibilityRelease_v2/audit_scripts/edge_weight_sensitivity.py,janus_baseline_gate/Janus_MoSSe_CanonicalUnguided_BaselineRelease/audit_scripts/edge_weight_sensitivity.py | janus_baseline_gate/release/Janus_MoSSe_AuditResolved_ReproducibilityRelease/audit_scripts/edge_weight_sensitivity.py | janus_n17_repro_release/Janus_MoSSe_Current_ReproducibilityRelease_v2/audit_scripts/edge_weight_sensitivity.py | janus_n17_repro_release/clean_replay/Janus_MoSSe_Current_ReproducibilityRelease_v2/audit_scripts/edge_weight_sensitivity.py | janus_n2_gate/release/Janus_MoSSe_CanonicalUnguided_BaselineRelease/audit_scripts/edge_weight_sensitivity.py | janus_n4_gate/release/Janus_MoSSe_CanonicalUnguided_BaselineRelease/audit_scripts/edge_weight_sensitivity.py | janus_n8_gate/rigid_release/Janus_MoSSe_AuditResolved_ReproducibilityRelease/audit_scripts/edge_weight_sensitivity.py
DUP-0488,8ec21b53e8081f242ab249a5c911338055acbd766f84d69698f6507c90990d60,7,janus_n17_repro_release/Janus_MoSSe_Current_ReproducibilityRelease_v2/audit_scripts/floquet_conditioning_audit.py,janus_baseline_gate/Janus_MoSSe_CanonicalUnguided_BaselineRelease/audit_scripts/floquet_conditioning_audit.py | janus_baseline_gate/release/Janus_MoSSe_AuditResolved_ReproducibilityRelease/audit_scripts/floquet_conditioning_audit.py | janus_n17_repro_release/Janus_MoSSe_Current_ReproducibilityRelease_v2/audit_scripts/floquet_conditioning_audit.py | janus_n17_repro_release/clean_replay/Janus_MoSSe_Current_ReproducibilityRelease_v2/audit_scripts/floquet_conditioning_audit.py | janus_n2_gate/release/Janus_MoSSe_CanonicalUnguided_BaselineRelease/audit_scripts/floquet_conditioning_audit.py | janus_n4_gate/release/Janus_MoSSe_CanonicalUnguided_BaselineRelease/audit_scripts/floquet_conditioning_audit.py | janus_n8_gate/rigid_release/Janus_MoSSe_AuditResolved_ReproducibilityRelease/audit_scripts/floquet_conditioning_audit.py
DUP-0266,4cbc229a21f49a5c947fcf2ed2cfd81ec1dbf68f8a1f9f9bdbb05f92f4e2ea53,7,janus_n17_repro_release/Janus_MoSSe_Current_ReproducibilityRelease_v2/audit_scripts/make_resolved_figures.py,janus_baseline_gate/Janus_MoSSe_CanonicalUnguided_BaselineRelease/audit_scripts/make_resolved_figures.py | janus_baseline_gate/release/Janus_MoSSe_AuditResolved_ReproducibilityRelease/audit_scripts/make_resolved_figures.py | janus_n17_repro_release/Janus_MoSSe_Current_ReproducibilityRelease_v2/audit_scripts/make_resolved_figures.py | janus_n17_repro_release/clean_replay/Janus_MoSSe_Current_ReproducibilityRelease_v2/audit_scripts/make_resolved_figures.py | janus_n2_gate/release/Janus_MoSSe_CanonicalUnguided_BaselineRelease/audit_scripts/make_resolved_figures.py | janus_n4_gate/release/Janus_MoSSe_CanonicalUnguided_BaselineRelease/audit_scripts/make_resolved_figures.py | janus_n8_gate/rigid_release/Janus_MoSSe_AuditResolved_ReproducibilityRelease/audit_scripts/make_resolved_figures.py
DUP-0834,f8f93a3a2aabfe771af0efaef102483ecff0de61a58ed5f0c2312b6089aa5b6b,7,janus_n17_repro_release/Janus_MoSSe_Current_ReproducibilityRelease_v2/audit_scripts/matched_symmetry_audit.py,janus_baseline_gate/Janus_MoSSe_CanonicalUnguided_BaselineRelease/audit_scripts/matched_symmetry_audit.py | janus_baseline_gate/release/Janus_MoSSe_AuditResolved_ReproducibilityRelease/audit_scripts/matched_symmetry_audit.py | janus_n17_repro_release/Janus_MoSSe_Current_ReproducibilityRelease_v2/audit_scripts/matched_symmetry_audit.py | janus_n17_repro_release/clean_replay/Janus_MoSSe_Current_ReproducibilityRelease_v2/audit_scripts/matched_symmetry_audit.py | janus_n2_gate/release/Janus_MoSSe_CanonicalUnguided_BaselineRelease/audit_scripts/matched_symmetry_audit.py | janus_n4_gate/release/Janus_MoSSe_CanonicalUnguided_BaselineRelease/audit_scripts/matched_symmetry_audit.py | janus_n8_gate/rigid_release/Janus_MoSSe_AuditResolved_ReproducibilityRelease/audit_scripts/matched_symmetry_audit.py
DUP-0489,8f063bb649d87dd8916ce8d84eaac5c73e65e2986456c1baca4932d0e2a3e82c,7,janus_n17_repro_release/Janus_MoSSe_Current_ReproducibilityRelease_v2/audit_scripts/matched_symmetry_final.py,janus_baseline_gate/Janus_MoSSe_CanonicalUnguided_BaselineRelease/audit_scripts/matched_symmetry_final.py | janus_baseline_gate/release/Janus_MoSSe_AuditResolved_ReproducibilityRelease/audit_scripts/matched_symmetry_final.py | janus_n17_repro_release/Janus_MoSSe_Current_ReproducibilityRelease_v2/audit_scripts/matched_symmetry_final.py | janus_n17_repro_release/clean_replay/Janus_MoSSe_Current_ReproducibilityRelease_v2/audit_scripts/matched_symmetry_final.py | janus_n2_gate/release/Janus_MoSSe_CanonicalUnguided_BaselineRelease/audit_scripts/matched_symmetry_final.py | janus_n4_gate/release/Janus_MoSSe_CanonicalUnguided_BaselineRelease/audit_scripts/matched_symmetry_final.py | janus_n8_gate/rigid_release/Janus_MoSSe_AuditResolved_ReproducibilityRelease/audit_scripts/matched_symmetry_final.py
DUP-0336,6058c7d2b56959e98eb5b954a5ed4616f30024996e5ab963521146d6644f5fc1,7,janus_n17_repro_release/Janus_MoSSe_Current_ReproducibilityRelease_v2/audit_scripts/resolve_branch_topology.py,janus_baseline_gate/Janus_MoSSe_CanonicalUnguided_BaselineRelease/audit_scripts/resolve_branch_topology.py | janus_baseline_gate/release/Janus_MoSSe_AuditResolved_ReproducibilityRelease/audit_scripts/resolve_branch_topology.py | janus_n17_repro_release/Janus_MoSSe_Current_ReproducibilityRelease_v2/audit_scripts/resolve_branch_topology.py | janus_n17_repro_release/clean_replay/Janus_MoSSe_Current_ReproducibilityRelease_v2/audit_scripts/resolve_branch_topology.py | janus_n2_gate/release/Janus_MoSSe_CanonicalUnguided_BaselineRelease/audit_scripts/resolve_branch_topology.py | janus_n4_gate/release/Janus_MoSSe_CanonicalUnguided_BaselineRelease/audit_scripts/resolve_branch_topology.py | janus_n8_gate/rigid_release/Janus_MoSSe_AuditResolved_ReproducibilityRelease/audit_scripts/resolve_branch_topology.py
DUP-0710,cfde0bcd4a006e03c37608d19035ac95320299a88136c00c7c368b8d77a5ee1c,7,janus_n17_repro_release/Janus_MoSSe_Current_ReproducibilityRelease_v2/audit_scripts/shape_scaling_audit.py,janus_baseline_gate/Janus_MoSSe_CanonicalUnguided_BaselineRelease/audit_scripts/shape_scaling_audit.py | janus_baseline_gate/release/Janus_MoSSe_AuditResolved_ReproducibilityRelease/audit_scripts/shape_scaling_audit.py | janus_n17_repro_release/Janus_MoSSe_Current_ReproducibilityRelease_v2/audit_scripts/shape_scaling_audit.py | janus_n17_repro_release/clean_replay/Janus_MoSSe_Current_ReproducibilityRelease_v2/audit_scripts/shape_scaling_audit.py | janus_n2_gate/release/Janus_MoSSe_CanonicalUnguided_BaselineRelease/audit_scripts/shape_scaling_audit.py | janus_n4_gate/release/Janus_MoSSe_CanonicalUnguided_BaselineRelease/audit_scripts/shape_scaling_audit.py | janus_n8_gate/rigid_release/Janus_MoSSe_AuditResolved_ReproducibilityRelease/audit_scripts/shape_scaling_audit.py
DUP-0487,8eac340b189490c273d3211664608eef4bec8aa1fe5d80d13e4a69660e636470,7,janus_n17_repro_release/Janus_MoSSe_Current_ReproducibilityRelease_v2/audit_scripts/thermal_cluster_audit.py,janus_baseline_gate/Janus_MoSSe_CanonicalUnguided_BaselineRelease/audit_scripts/thermal_cluster_audit.py | janus_baseline_gate/release/Janus_MoSSe_AuditResolved_ReproducibilityRelease/audit_scripts/thermal_cluster_audit.py | janus_n17_repro_release/Janus_MoSSe_Current_ReproducibilityRelease_v2/audit_scripts/thermal_cluster_audit.py | janus_n17_repro_release/clean_replay/Janus_MoSSe_Current_ReproducibilityRelease_v2/audit_scripts/thermal_cluster_audit.py | janus_n2_gate/release/Janus_MoSSe_CanonicalUnguided_BaselineRelease/audit_scripts/thermal_cluster_audit.py | janus_n4_gate/release/Janus_MoSSe_CanonicalUnguided_BaselineRelease/audit_scripts/thermal_cluster_audit.py | janus_n8_gate/rigid_release/Janus_MoSSe_AuditResolved_ReproducibilityRelease/audit_scripts/thermal_cluster_audit.py
DUP-0413,769d45772e8188e3eba280e222b785a0c1445b8a1b3e7a66d556841fb69a8ae6,7,janus_n17_repro_release/Janus_MoSSe_Current_ReproducibilityRelease_v2/audit_scripts/triangle_branch_audit.py,janus_baseline_gate/Janus_MoSSe_CanonicalUnguided_BaselineRelease/audit_scripts/triangle_branch_audit.py | janus_baseline_gate/release/Janus_MoSSe_AuditResolved_ReproducibilityRelease/audit_scripts/triangle_branch_audit.py | janus_n17_repro_release/Janus_MoSSe_Current_ReproducibilityRelease_v2/audit_scripts/triangle_branch_audit.py | janus_n17_repro_release/clean_replay/Janus_MoSSe_Current_ReproducibilityRelease_v2/audit_scripts/triangle_branch_audit.py | janus_n2_gate/release/Janus_MoSSe_CanonicalUnguided_BaselineRelease/audit_scripts/triangle_branch_audit.py | janus_n4_gate/release/Janus_MoSSe_CanonicalUnguided_BaselineRelease/audit_scripts/triangle_branch_audit.py | janus_n8_gate/rigid_release/Janus_MoSSe_AuditResolved_ReproducibilityRelease/audit_scripts/triangle_branch_audit.py
DUP-0664,c3211a2020414a0984c2dd642ad09367cb803e91c3165ba771f134565fe9423c,7,janus_n17_repro_release/Janus_MoSSe_Current_ReproducibilityRelease_v2/audit_scripts/triangle_ground_switch.py,janus_baseline_gate/Janus_MoSSe_CanonicalUnguided_BaselineRelease/audit_scripts/triangle_ground_switch.py | janus_baseline_gate/release/Janus_MoSSe_AuditResolved_ReproducibilityRelease/audit_scripts/triangle_ground_switch.py | janus_n17_repro_release/Janus_MoSSe_Current_ReproducibilityRelease_v2/audit_scripts/triangle_ground_switch.py | janus_n17_repro_release/clean_replay/Janus_MoSSe_Current_ReproducibilityRelease_v2/audit_scripts/triangle_ground_switch.py | janus_n2_gate/release/Janus_MoSSe_CanonicalUnguided_BaselineRelease/audit_scripts/triangle_ground_switch.py | janus_n4_gate/release/Janus_MoSSe_CanonicalUnguided_BaselineRelease/audit_scripts/triangle_ground_switch.py | janus_n8_gate/rigid_release/Janus_MoSSe_AuditResolved_ReproducibilityRelease/audit_scripts/triangle_ground_switch.py
DUP-0231,43c8229a9b1edd499f89686b306cecfcbea5e949e4d396ced24247476a4dd9ec,8,janus_n17_repro_release/Janus_MoSSe_Current_ReproducibilityRelease_v2/audit_scripts/vector_mode_map.py,janus_baseline_gate/Janus_MoSSe_CanonicalUnguided_BaselineRelease/audit_scripts/vector_mode_map.py | janus_baseline_gate/release/Janus_MoSSe_AuditResolved_ReproducibilityRelease/audit_scripts/vector_mode_map.py | janus_n17_repro_release/Janus_MoSSe_Current_ReproducibilityRelease_v2/audit_scripts/vector_mode_map.py | janus_n17_repro_release/clean_replay/Janus_MoSSe_Current_ReproducibilityRelease_v2/audit_scripts/vector_mode_map.py | janus_n2_gate/release/Janus_MoSSe_CanonicalUnguided_BaselineRelease/audit_scripts/vector_mode_map.py | janus_n4_gate/release/Janus_MoSSe_CanonicalUnguided_BaselineRelease/audit_scripts/vector_mode_map.py | janus_n5_gate/vector_mode_map_fresh.py | janus_n8_gate/rigid_release/Janus_MoSSe_AuditResolved_ReproducibilityRelease/audit_scripts/vector_mode_map.py
DUP-0402,7360c00cf0f60c3a800dbc74629dd811a2335109dc804980f35556430423e2be,6,janus_n17_repro_release/Janus_MoSSe_Current_ReproducibilityRelease_v2/config/canonical_unguided.json,janus_baseline_gate/Janus_MoSSe_CanonicalUnguided_BaselineRelease/config/canonical_unguided.json | janus_baseline_gate/canonical_unguided.json | janus_n17_repro_release/Janus_MoSSe_Current_ReproducibilityRelease_v2/config/canonical_unguided.json | janus_n17_repro_release/clean_replay/Janus_MoSSe_Current_ReproducibilityRelease_v2/config/canonical_unguided.json | janus_n2_gate/release/Janus_MoSSe_CanonicalUnguided_BaselineRelease/config/canonical_unguided.json | janus_n4_gate/release/Janus_MoSSe_CanonicalUnguided_BaselineRelease/config/canonical_unguided.json
DUP-0356,655c8eeef01037846dead3fe33349fe9314ef5f9c035596e7c71100876256239,7,janus_n17_repro_release/Janus_MoSSe_Current_ReproducibilityRelease_v2/config/production.json,janus_baseline_gate/Janus_MoSSe_CanonicalUnguided_BaselineRelease/config/production.json | janus_baseline_gate/release/Janus_MoSSe_AuditResolved_ReproducibilityRelease/config/production.json | janus_n17_repro_release/Janus_MoSSe_Current_ReproducibilityRelease_v2/config/production.json | janus_n17_repro_release/clean_replay/Janus_MoSSe_Current_ReproducibilityRelease_v2/config/production.json | janus_n2_gate/release/Janus_MoSSe_CanonicalUnguided_BaselineRelease/config/production.json | janus_n4_gate/release/Janus_MoSSe_CanonicalUnguided_BaselineRelease/config/production.json | janus_n8_gate/rigid_release/Janus_MoSSe_AuditResolved_ReproducibilityRelease/config/production.json
DUP-0348,63ab8ddda974801d45062cb1772d10bddd2d03d5c09a2563ea904edd855b10e3,7,janus_n17_repro_release/Janus_MoSSe_Current_ReproducibilityRelease_v2/data/canonical/asymmetry_global_check.csv,janus_baseline_gate/Janus_MoSSe_CanonicalUnguided_BaselineRelease/data/canonical/asymmetry_global_check.csv | janus_baseline_gate/release/Janus_MoSSe_AuditResolved_ReproducibilityRelease/data/canonical/asymmetry_global_check.csv | janus_n17_repro_release/Janus_MoSSe_Current_ReproducibilityRelease_v2/data/canonical/asymmetry_global_check.csv | janus_n17_repro_release/clean_replay/Janus_MoSSe_Current_ReproducibilityRelease_v2/data/canonical/asymmetry_global_check.csv | janus_n2_gate/release/Janus_MoSSe_CanonicalUnguided_BaselineRelease/data/canonical/asymmetry_global_check.csv | janus_n4_gate/release/Janus_MoSSe_CanonicalUnguided_BaselineRelease/data/canonical/asymmetry_global_check.csv | janus_n8_gate/rigid_release/Janus_MoSSe_AuditResolved_ReproducibilityRelease/data/canonical/asymmetry_global_check.csv
DUP-0660,c254d5a74f03cbdef7f09a4c64011348db06274f9bdf408b1fd2765dd0449ab6,6,janus_n17_repro_release/Janus_MoSSe_Current_ReproducibilityRelease_v2/data/canonical/baseline_shape_branch_connectivity.csv,janus_baseline_gate/Janus_MoSSe_CanonicalUnguided_BaselineRelease/data/canonical/baseline_shape_branch_connectivity.csv | janus_baseline_gate/shape_branch_connectivity.csv | janus_n17_repro_release/Janus_MoSSe_Current_ReproducibilityRelease_v2/data/canonical/baseline_shape_branch_connectivity.csv | janus_n17_repro_release/clean_replay/Janus_MoSSe_Current_ReproducibilityRelease_v2/data/canonical/baseline_shape_branch_connectivity.csv | janus_n2_gate/release/Janus_MoSSe_CanonicalUnguided_BaselineRelease/data/canonical/baseline_shape_branch_connectivity.csv | janus_n4_gate/release/Janus_MoSSe_CanonicalUnguided_BaselineRelease/data/canonical/baseline_shape_branch_connectivity.csv
DUP-0567,a5e11bc3971114368b191b8fdfe49cdcb652875268449c84a984e26b551173e4,6,janus_n17_repro_release/Janus_MoSSe_Current_ReproducibilityRelease_v2/data/canonical/baseline_shape_prepared_endpoint_check.csv,janus_baseline_gate/Janus_MoSSe_CanonicalUnguided_BaselineRelease/data/canonical/baseline_shape_prepared_endpoint_check.csv | janus_baseline_gate/shape_prepared_baseline_check.csv | janus_n17_repro_release/Janus_MoSSe_Current_ReproducibilityRelease_v2/data/canonical/baseline_shape_prepared_endpoint_check.csv | janus_n17_repro_release/clean_replay/Janus_MoSSe_Current_ReproducibilityRelease_v2/data/canonical/baseline_shape_prepared_endpoint_check.csv | janus_n2_gate/release/Janus_MoSSe_CanonicalUnguided_BaselineRelease/data/canonical/baseline_shape_prepared_endpoint_check.csv | janus_n4_gate/release/Janus_MoSSe_CanonicalUnguided_BaselineRelease/data/canonical/baseline_shape_prepared_endpoint_check.csv
DUP-0590,ad0b14d854265ac7a0d390b2759509357537ad661035ebbe4abe79e8b17669e4,6,janus_n17_repro_release/Janus_MoSSe_Current_ReproducibilityRelease_v2/data/canonical/baseline_triangle_stationary_check.csv,janus_baseline_gate/Janus_MoSSe_CanonicalUnguided_BaselineRelease/data/canonical/baseline_triangle_stationary_check.csv | janus_baseline_gate/triangle_stationary_baseline_check.csv | janus_n17_repro_release/Janus_MoSSe_Current_ReproducibilityRelease_v2/data/canonical/baseline_triangle_stationary_check.csv | janus_n17_repro_release/clean_replay/Janus_MoSSe_Current_ReproducibilityRelease_v2/data/canonical/baseline_triangle_stationary_check.csv | janus_n2_gate/release/Janus_MoSSe_CanonicalUnguided_BaselineRelease/data/canonical/baseline_triangle_stationary_check.csv | janus_n4_gate/release/Janus_MoSSe_CanonicalUnguided_BaselineRelease/data/canonical/baseline_triangle_stationary_check.csv
DUP-0008,02415c64857c93945889fff43a78f678ae2a8aaadd4fe8100a23d637fbb59764,7,janus_n17_repro_release/Janus_MoSSe_Current_ReproducibilityRelease_v2/data/canonical/branch_family_continuation.csv,janus_baseline_gate/Janus_MoSSe_CanonicalUnguided_BaselineRelease/data/canonical/branch_family_continuation.csv | janus_baseline_gate/release/Janus_MoSSe_AuditResolved_ReproducibilityRelease/data/canonical/branch_family_continuation.csv | janus_n17_repro_release/Janus_MoSSe_Current_ReproducibilityRelease_v2/data/canonical/branch_family_continuation.csv | janus_n17_repro_release/clean_replay/Janus_MoSSe_Current_ReproducibilityRelease_v2/data/canonical/branch_family_continuation.csv | janus_n2_gate/release/Janus_MoSSe_CanonicalUnguided_BaselineRelease/data/canonical/branch_family_continuation.csv | janus_n4_gate/release/Janus_MoSSe_CanonicalUnguided_BaselineRelease/data/canonical/branch_family_continuation.csv | janus_n8_gate/rigid_release/Janus_MoSSe_AuditResolved_ReproducibilityRelease/data/canonical/branch_family_continuation.csv
DUP-0028,0871709658d8ca369dd21a0584bf590c1cf2a8e2efc260f80b244255602d7d6d,7,janus_n17_repro_release/Janus_MoSSe_Current_ReproducibilityRelease_v2/data/canonical/branch_family_summary.csv,janus_baseline_gate/Janus_MoSSe_CanonicalUnguided_BaselineRelease/data/canonical/branch_family_summary.csv | janus_baseline_gate/release/Janus_MoSSe_AuditResolved_ReproducibilityRelease/data/canonical/branch_family_summary.csv | janus_n17_repro_release/Janus_MoSSe_Current_ReproducibilityRelease_v2/data/canonical/branch_family_summary.csv | janus_n17_repro_release/clean_replay/Janus_MoSSe_Current_ReproducibilityRelease_v2/data/canonical/branch_family_summary.csv | janus_n2_gate/release/Janus_MoSSe_CanonicalUnguided_BaselineRelease/data/canonical/branch_family_summary.csv | janus_n4_gate/release/Janus_MoSSe_CanonicalUnguided_BaselineRelease/data/canonical/branch_family_summary.csv | janus_n8_gate/rigid_release/Janus_MoSSe_AuditResolved_ReproducibilityRelease/data/canonical/branch_family_summary.csv
DUP-0443,80207e27baa7feb317dd95891d99435d2a57a7bd5a737eeb7e5a0d2c4d292603,7,janus_n17_repro_release/Janus_MoSSe_Current_ReproducibilityRelease_v2/data/canonical/branch_followed_thresholds.csv,janus_baseline_gate/Janus_MoSSe_CanonicalUnguided_BaselineRelease/data/canonical/branch_followed_thresholds.csv | janus_baseline_gate/release/Janus_MoSSe_AuditResolved_ReproducibilityRelease/data/canonical/branch_followed_thresholds.csv | janus_n17_repro_release/Janus_MoSSe_Current_ReproducibilityRelease_v2/data/canonical/branch_followed_thresholds.csv | janus_n17_repro_release/clean_replay/Janus_MoSSe_Current_ReproducibilityRelease_v2/data/canonical/branch_followed_thresholds.csv | janus_n2_gate/release/Janus_MoSSe_CanonicalUnguided_BaselineRelease/data/canonical/branch_followed_thresholds.csv | janus_n4_gate/release/Janus_MoSSe_CanonicalUnguided_BaselineRelease/data/canonical/branch_followed_thresholds.csv | janus_n8_gate/rigid_release/Janus_MoSSe_AuditResolved_ReproducibilityRelease/data/canonical/branch_followed_thresholds.csv
DUP-0822,f3a8d30d4a46550eae49d4056d2795875430d6803f76a1742eee90d151e0070a,7,janus_n17_repro_release/Janus_MoSSe_Current_ReproducibilityRelease_v2/data/canonical/edge_weight_ground_switch.csv,janus_baseline_gate/Janus_MoSSe_CanonicalUnguided_BaselineRelease/data/canonical/edge_weight_ground_switch.csv | janus_baseline_gate/release/Janus_MoSSe_AuditResolved_ReproducibilityRelease/data/canonical/edge_weight_ground_switch.csv | janus_n17_repro_release/Janus_MoSSe_Current_ReproducibilityRelease_v2/data/canonical/edge_weight_ground_switch.csv | janus_n17_repro_release/clean_replay/Janus_MoSSe_Current_ReproducibilityRelease_v2/data/canonical/edge_weight_ground_switch.csv | janus_n2_gate/release/Janus_MoSSe_CanonicalUnguided_BaselineRelease/data/canonical/edge_weight_ground_switch.csv | janus_n4_gate/release/Janus_MoSSe_CanonicalUnguided_BaselineRelease/data/canonical/edge_weight_ground_switch.csv | janus_n8_gate/rigid_release/Janus_MoSSe_AuditResolved_ReproducibilityRelease/data/canonical/edge_weight_ground_switch.csv
DUP-0155,2d9ea344f79c7a3b7f8b1ee23477311a1dee0c59eb42915220b72afb898d214d,9,janus_n17_repro_release/Janus_MoSSe_Current_ReproducibilityRelease_v2/data/canonical/floquet_conditioning_check.csv,janus_baseline_gate/Janus_MoSSe_CanonicalUnguided_BaselineRelease/data/canonical/floquet_conditioning_check.csv | janus_baseline_gate/release/Janus_MoSSe_AuditResolved_ReproducibilityRelease/data/canonical/floquet_conditioning_check.csv | janus_n17_repro_release/Janus_MoSSe_Current_ReproducibilityRelease_v2/data/canonical/floquet_conditioning_check.csv | janus_n17_repro_release/clean_replay/Janus_MoSSe_Current_ReproducibilityRelease_v2/data/canonical/floquet_conditioning_check.csv | janus_n2_gate/release/Janus_MoSSe_CanonicalUnguided_BaselineRelease/data/canonical/floquet_conditioning_check.csv | janus_n4_gate/release/Janus_MoSSe_CanonicalUnguided_BaselineRelease/data/canonical/floquet_conditioning_check.csv | janus_n5_gate/floquet_conditioning_fresh.csv | janus_n5_gate/floquet_conditioning_shipped.csv | janus_n8_gate/rigid_release/Janus_MoSSe_AuditResolved_ReproducibilityRelease/data/canonical/floquet_conditioning_check.csv
DUP-0325,5e67c8c59e9d883997f506aa67bc2fa9353d984355cd8b7e6bde81c1655dd33e,7,janus_n17_repro_release/Janus_MoSSe_Current_ReproducibilityRelease_v2/data/canonical/free_cusp_like_point.csv,janus_baseline_gate/Janus_MoSSe_CanonicalUnguided_BaselineRelease/data/canonical/free_cusp_like_point.csv | janus_baseline_gate/release/Janus_MoSSe_AuditResolved_ReproducibilityRelease/data/canonical/free_cusp_like_point.csv | janus_n17_repro_release/Janus_MoSSe_Current_ReproducibilityRelease_v2/data/canonical/free_cusp_like_point.csv | janus_n17_repro_release/clean_replay/Janus_MoSSe_Current_ReproducibilityRelease_v2/data/canonical/free_cusp_like_point.csv | janus_n2_gate/release/Janus_MoSSe_CanonicalUnguided_BaselineRelease/data/canonical/free_cusp_like_point.csv | janus_n4_gate/release/Janus_MoSSe_CanonicalUnguided_BaselineRelease/data/canonical/free_cusp_like_point.csv | janus_n8_gate/rigid_release/Janus_MoSSe_AuditResolved_ReproducibilityRelease/data/canonical/free_cusp_like_point.csv
DUP-0424,7b3a007338abbe2aca3cf8b482c056a4a48f09b8404ee03407fc4f0750e83607,7,janus_n17_repro_release/Janus_MoSSe_Current_ReproducibilityRelease_v2/data/canonical/free_fold_nondegeneracy.csv,janus_baseline_gate/Janus_MoSSe_CanonicalUnguided_BaselineRelease/data/canonical/free_fold_nondegeneracy.csv | janus_baseline_gate/release/Janus_MoSSe_AuditResolved_ReproducibilityRelease/data/canonical/free_fold_nondegeneracy.csv | janus_n17_repro_release/Janus_MoSSe_Current_ReproducibilityRelease_v2/data/canonical/free_fold_nondegeneracy.csv | janus_n17_repro_release/clean_replay/Janus_MoSSe_Current_ReproducibilityRelease_v2/data/canonical/free_fold_nondegeneracy.csv | janus_n2_gate/release/Janus_MoSSe_CanonicalUnguided_BaselineRelease/data/canonical/free_fold_nondegeneracy.csv | janus_n4_gate/release/Janus_MoSSe_CanonicalUnguided_BaselineRelease/data/canonical/free_fold_nondegeneracy.csv | janus_n8_gate/rigid_release/Janus_MoSSe_AuditResolved_ReproducibilityRelease/data/canonical/free_fold_nondegeneracy.csv
DUP-0381,6d5ab6e46cdb1272c0b8627c36d761be427836acc507c310c49952eead91f8e7,5,janus_n8_gate/rigid_release/Janus_MoSSe_AuditResolved_ReproducibilityRelease/data/canonical/free_thermal_cluster_ci_canonical.csv,janus_baseline_gate/Janus_MoSSe_CanonicalUnguided_BaselineRelease/data/canonical/free_thermal_cluster_ci_canonical.csv | janus_baseline_gate/release/Janus_MoSSe_AuditResolved_ReproducibilityRelease/data/canonical/free_thermal_cluster_ci_canonical.csv | janus_n2_gate/release/Janus_MoSSe_CanonicalUnguided_BaselineRelease/data/canonical/free_thermal_cluster_ci_canonical.csv | janus_n4_gate/release/Janus_MoSSe_CanonicalUnguided_BaselineRelease/data/canonical/free_thermal_cluster_ci_canonical.csv | janus_n8_gate/rigid_release/Janus_MoSSe_AuditResolved_ReproducibilityRelease/data/canonical/free_thermal_cluster_ci_canonical.csv
DUP-0844,fc13c407274fca75f59c3c285736701ae84531034753f7ec092b00047bf117eb,5,janus_n8_gate/rigid_release/Janus_MoSSe_AuditResolved_ReproducibilityRelease/data/canonical/free_thermal_cluster_ci_recomputed.csv,janus_baseline_gate/Janus_MoSSe_CanonicalUnguided_BaselineRelease/data/canonical/free_thermal_cluster_ci_recomputed.csv | janus_baseline_gate/release/Janus_MoSSe_AuditResolved_ReproducibilityRelease/data/canonical/free_thermal_cluster_ci_recomputed.csv | janus_n2_gate/release/Janus_MoSSe_CanonicalUnguided_BaselineRelease/data/canonical/free_thermal_cluster_ci_recomputed.csv | janus_n4_gate/release/Janus_MoSSe_CanonicalUnguided_BaselineRelease/data/canonical/free_thermal_cluster_ci_recomputed.csv | janus_n8_gate/rigid_release/Janus_MoSSe_AuditResolved_ReproducibilityRelease/data/canonical/free_thermal_cluster_ci_recomputed.csv
DUP-0145,2aef9c57787f0aa0eee6848de1fdcc3223fb6161ea588c93aed6c5c5c54c5313,7,janus_n17_repro_release/Janus_MoSSe_Current_ReproducibilityRelease_v2/data/canonical/matched_symmetry_final.csv,janus_baseline_gate/Janus_MoSSe_CanonicalUnguided_BaselineRelease/data/canonical/matched_symmetry_final.csv | janus_baseline_gate/release/Janus_MoSSe_AuditResolved_ReproducibilityRelease/data/canonical/matched_symmetry_final.csv | janus_n17_repro_release/Janus_MoSSe_Current_ReproducibilityRelease_v2/data/canonical/matched_symmetry_final.csv | janus_n17_repro_release/clean_replay/Janus_MoSSe_Current_ReproducibilityRelease_v2/data/canonical/matched_symmetry_final.csv | janus_n2_gate/release/Janus_MoSSe_CanonicalUnguided_BaselineRelease/data/canonical/matched_symmetry_final.csv | janus_n4_gate/release/Janus_MoSSe_CanonicalUnguided_BaselineRelease/data/canonical/matched_symmetry_final.csv | janus_n8_gate/rigid_release/Janus_MoSSe_AuditResolved_ReproducibilityRelease/data/canonical/matched_symmetry_final.csv
DUP-0784,e7d84591f0b92febcb6bcd45980b6b6684cf47c48da5b8d6a967091e4c6c4169,7,janus_n17_repro_release/Janus_MoSSe_Current_ReproducibilityRelease_v2/data/canonical/matched_symmetry_final_contracts.csv,janus_baseline_gate/Janus_MoSSe_CanonicalUnguided_BaselineRelease/data/canonical/matched_symmetry_final_contracts.csv | janus_baseline_gate/release/Janus_MoSSe_AuditResolved_ReproducibilityRelease/data/canonical/matched_symmetry_final_contracts.csv | janus_n17_repro_release/Janus_MoSSe_Current_ReproducibilityRelease_v2/data/canonical/matched_symmetry_final_contracts.csv | janus_n17_repro_release/clean_replay/Janus_MoSSe_Current_ReproducibilityRelease_v2/data/canonical/matched_symmetry_final_contracts.csv | janus_n2_gate/release/Janus_MoSSe_CanonicalUnguided_BaselineRelease/data/canonical/matched_symmetry_final_contracts.csv | janus_n4_gate/release/Janus_MoSSe_CanonicalUnguided_BaselineRelease/data/canonical/matched_symmetry_final_contracts.csv | janus_n8_gate/rigid_release/Janus_MoSSe_AuditResolved_ReproducibilityRelease/data/canonical/matched_symmetry_final_contracts.csv
DUP-0158,2deaacd57ebb582c817cd5c395f0fc6a198ce516372157933667a4cae0b4cdf0,7,janus_n17_repro_release/Janus_MoSSe_Current_ReproducibilityRelease_v2/data/canonical/shape_scaling_extended.csv,janus_baseline_gate/Janus_MoSSe_CanonicalUnguided_BaselineRelease/data/canonical/shape_scaling_extended.csv | janus_baseline_gate/release/Janus_MoSSe_AuditResolved_ReproducibilityRelease/data/canonical/shape_scaling_extended.csv | janus_n17_repro_release/Janus_MoSSe_Current_ReproducibilityRelease_v2/data/canonical/shape_scaling_extended.csv | janus_n17_repro_release/clean_replay/Janus_MoSSe_Current_ReproducibilityRelease_v2/data/canonical/shape_scaling_extended.csv | janus_n2_gate/release/Janus_MoSSe_CanonicalUnguided_BaselineRelease/data/canonical/shape_scaling_extended.csv | janus_n4_gate/release/Janus_MoSSe_CanonicalUnguided_BaselineRelease/data/canonical/shape_scaling_extended.csv | janus_n8_gate/rigid_release/Janus_MoSSe_AuditResolved_ReproducibilityRelease/data/canonical/shape_scaling_extended.csv
DUP-0460,83810cfce0b829965ad2ef48f4cc9c250305a59decd2a75ac436acf6b4ea4b75,7,janus_n17_repro_release/Janus_MoSSe_Current_ReproducibilityRelease_v2/data/canonical/shape_scaling_metrics.csv,janus_baseline_gate/Janus_MoSSe_CanonicalUnguided_BaselineRelease/data/canonical/shape_scaling_metrics.csv | janus_baseline_gate/release/Janus_MoSSe_AuditResolved_ReproducibilityRelease/data/canonical/shape_scaling_metrics.csv | janus_n17_repro_release/Janus_MoSSe_Current_ReproducibilityRelease_v2/data/canonical/shape_scaling_metrics.csv | janus_n17_repro_release/clean_replay/Janus_MoSSe_Current_ReproducibilityRelease_v2/data/canonical/shape_scaling_metrics.csv | janus_n2_gate/release/Janus_MoSSe_CanonicalUnguided_BaselineRelease/data/canonical/shape_scaling_metrics.csv | janus_n4_gate/release/Janus_MoSSe_CanonicalUnguided_BaselineRelease/data/canonical/shape_scaling_metrics.csv | janus_n8_gate/rigid_release/Janus_MoSSe_AuditResolved_ReproducibilityRelease/data/canonical/shape_scaling_metrics.csv
DUP-0098,1d0ff061405bb35eb03cb4c4d82e5bf55b724d41fc82c07196f269076e536480,7,janus_n17_repro_release/Janus_MoSSe_Current_ReproducibilityRelease_v2/data/canonical/triangle_branch_families.csv,janus_baseline_gate/Janus_MoSSe_CanonicalUnguided_BaselineRelease/data/canonical/triangle_branch_families.csv | janus_baseline_gate/release/Janus_MoSSe_AuditResolved_ReproducibilityRelease/data/canonical/triangle_branch_families.csv | janus_n17_repro_release/Janus_MoSSe_Current_ReproducibilityRelease_v2/data/canonical/triangle_branch_families.csv | janus_n17_repro_release/clean_replay/Janus_MoSSe_Current_ReproducibilityRelease_v2/data/canonical/triangle_branch_families.csv | janus_n2_gate/release/Janus_MoSSe_CanonicalUnguided_BaselineRelease/data/canonical/triangle_branch_families.csv | janus_n4_gate/release/Janus_MoSSe_CanonicalUnguided_BaselineRelease/data/canonical/triangle_branch_families.csv | janus_n8_gate/rigid_release/Janus_MoSSe_AuditResolved_ReproducibilityRelease/data/canonical/triangle_branch_families.csv
DUP-0610,b2908ab9f20c3fffe2ef96e4d51eb8c8c758db938d60186f80380c8485393c0d,7,janus_n17_repro_release/Janus_MoSSe_Current_ReproducibilityRelease_v2/data/canonical/triangle_ground_switch.csv,janus_baseline_gate/Janus_MoSSe_CanonicalUnguided_BaselineRelease/data/canonical/triangle_ground_switch.csv | janus_baseline_gate/release/Janus_MoSSe_AuditResolved_ReproducibilityRelease/data/canonical/triangle_ground_switch.csv | janus_n17_repro_release/Janus_MoSSe_Current_ReproducibilityRelease_v2/data/canonical/triangle_ground_switch.csv | janus_n17_repro_release/clean_replay/Janus_MoSSe_Current_ReproducibilityRelease_v2/data/canonical/triangle_ground_switch.csv | janus_n2_gate/release/Janus_MoSSe_CanonicalUnguided_BaselineRelease/data/canonical/triangle_ground_switch.csv | janus_n4_gate/release/Janus_MoSSe_CanonicalUnguided_BaselineRelease/data/canonical/triangle_ground_switch.csv | janus_n8_gate/rigid_release/Janus_MoSSe_AuditResolved_ReproducibilityRelease/data/canonical/triangle_ground_switch.csv
DUP-0855,fe9365f60cafa029fdf414cddf51ed490f7f98cd34cc2b967e706ab0c09cfcc1,9,janus_n17_repro_release/Janus_MoSSe_Current_ReproducibilityRelease_v2/data/canonical/vector_mode_map_F0_period.csv,janus_baseline_gate/Janus_MoSSe_CanonicalUnguided_BaselineRelease/data/canonical/vector_mode_map_F0_period.csv | janus_baseline_gate/release/Janus_MoSSe_AuditResolved_ReproducibilityRelease/data/canonical/vector_mode_map_F0_period.csv | janus_n17_repro_release/Janus_MoSSe_Current_ReproducibilityRelease_v2/data/canonical/vector_mode_map_F0_period.csv | janus_n17_repro_release/clean_replay/Janus_MoSSe_Current_ReproducibilityRelease_v2/data/canonical/vector_mode_map_F0_period.csv | janus_n2_gate/release/Janus_MoSSe_CanonicalUnguided_BaselineRelease/data/canonical/vector_mode_map_F0_period.csv | janus_n4_gate/release/Janus_MoSSe_CanonicalUnguided_BaselineRelease/data/canonical/vector_mode_map_F0_period.csv | janus_n5_gate/vector_mode_map_fresh.csv | janus_n5_gate/vector_mode_map_shipped.csv | janus_n8_gate/rigid_release/Janus_MoSSe_AuditResolved_ReproducibilityRelease/data/canonical/vector_mode_map_F0_period.csv
DUP-0136,279cce7e3b9e80f03b94e4d345d85fc26ab8ed9ce0864f566ae1986a9f89db53,6,janus_n10_rewrite/free_thermal_trajectory_raw_canonical.csv,janus_baseline_gate/Janus_MoSSe_CanonicalUnguided_BaselineRelease/data/raw_thermal/free_thermal_trajectory_raw_canonical.csv | janus_baseline_gate/release/Janus_MoSSe_AuditResolved_ReproducibilityRelease/data/raw_thermal/free_thermal_trajectory_raw_canonical.csv | janus_n10_rewrite/free_thermal_trajectory_raw_canonical.csv | janus_n2_gate/release/Janus_MoSSe_CanonicalUnguided_BaselineRelease/data/raw_thermal/free_thermal_trajectory_raw_canonical.csv | janus_n4_gate/release/Janus_MoSSe_CanonicalUnguided_BaselineRelease/data/raw_thermal/free_thermal_trajectory_raw_canonical.csv | janus_n8_gate/rigid_release/Janus_MoSSe_AuditResolved_ReproducibilityRelease/data/raw_thermal/free_thermal_trajectory_raw_canonical.csv
DUP-0694,cc37eeb43ae16b313b8306499b42dd20e1456c2672236f73b393afb7fd2d9013,8,janus_n17_repro_release/Janus_MoSSe_Current_ReproducibilityRelease_v2/figures/Figure_1_symmetry_contracts.png,janus_baseline_gate/Janus_MoSSe_CanonicalUnguided_BaselineRelease/figures/Figure_1_symmetry_contracts.png | janus_baseline_gate/release/Janus_MoSSe_AuditResolved_ReproducibilityRelease/figures/Figure_1_symmetry_contracts.png | janus_n17_repro_release/Janus_MoSSe_Current_ReproducibilityRelease_v2/figures/Figure_1_symmetry_contracts.png | janus_n17_repro_release/clean_replay/Janus_MoSSe_Current_ReproducibilityRelease_v2/figures/Figure_1_symmetry_contracts.png | janus_n2_gate/release/Janus_MoSSe_CanonicalUnguided_BaselineRelease/figures/Figure_1_symmetry_contracts.png | janus_n4_gate/release/Janus_MoSSe_CanonicalUnguided_BaselineRelease/figures/Figure_1_symmetry_contracts.png | janus_n8_gate/rigid_release/Janus_MoSSe_AuditResolved_ReproducibilityRelease/figures/Figure_1_symmetry_contracts.png | janus_redteam_closure_check/main/word/media/image18.png
DUP-0730,d485395e1e1cad111fefc981339d9ff973fa8ffe6251e462771d6f1696a2e2ca,8,janus_n17_repro_release/Janus_MoSSe_Current_ReproducibilityRelease_v2/figures/Figure_2_branch_resolved_depinning.png,janus_baseline_gate/Janus_MoSSe_CanonicalUnguided_BaselineRelease/figures/Figure_2_branch_resolved_depinning.png | janus_baseline_gate/release/Janus_MoSSe_AuditResolved_ReproducibilityRelease/figures/Figure_2_branch_resolved_depinning.png | janus_n17_repro_release/Janus_MoSSe_Current_ReproducibilityRelease_v2/figures/Figure_2_branch_resolved_depinning.png | janus_n17_repro_release/clean_replay/Janus_MoSSe_Current_ReproducibilityRelease_v2/figures/Figure_2_branch_resolved_depinning.png | janus_n2_gate/release/Janus_MoSSe_CanonicalUnguided_BaselineRelease/figures/Figure_2_branch_resolved_depinning.png | janus_n4_gate/release/Janus_MoSSe_CanonicalUnguided_BaselineRelease/figures/Figure_2_branch_resolved_depinning.png | janus_n8_gate/rigid_release/Janus_MoSSe_AuditResolved_ReproducibilityRelease/figures/Figure_2_branch_resolved_depinning.png | janus_redteam_closure_check/main/word/media/image19.png
DUP-0692,cb7582900f68c199563b0c8db5beba178d71865b857970dcbbfadf50662cfc40,8,janus_n17_repro_release/Janus_MoSSe_Current_ReproducibilityRelease_v2/figures/Figure_3_extended_size_shape_similarity.png,janus_baseline_gate/Janus_MoSSe_CanonicalUnguided_BaselineRelease/figures/Figure_3_extended_size_shape_similarity.png | janus_baseline_gate/release/Janus_MoSSe_AuditResolved_ReproducibilityRelease/figures/Figure_3_extended_size_shape_similarity.png | janus_n17_repro_release/Janus_MoSSe_Current_ReproducibilityRelease_v2/figures/Figure_3_extended_size_shape_similarity.png | janus_n17_repro_release/clean_replay/Janus_MoSSe_Current_ReproducibilityRelease_v2/figures/Figure_3_extended_size_shape_similarity.png | janus_n2_gate/release/Janus_MoSSe_CanonicalUnguided_BaselineRelease/figures/Figure_3_extended_size_shape_similarity.png | janus_n4_gate/release/Janus_MoSSe_CanonicalUnguided_BaselineRelease/figures/Figure_3_extended_size_shape_similarity.png | janus_n8_gate/rigid_release/Janus_MoSSe_AuditResolved_ReproducibilityRelease/figures/Figure_3_extended_size_shape_similarity.png | janus_redteam_closure_check/main/word/media/image20.png
DUP-0396,71598bbe3f865cf93187ce29e1e766c8f402f88a8e4a3ab1976e0bdd39d027c9,8,janus_n17_repro_release/Janus_MoSSe_Current_ReproducibilityRelease_v2/figures/Figure_4_boundary_registry_switching.png,janus_baseline_gate/Janus_MoSSe_CanonicalUnguided_BaselineRelease/figures/Figure_4_boundary_registry_switching.png | janus_baseline_gate/release/Janus_MoSSe_AuditResolved_ReproducibilityRelease/figures/Figure_4_boundary_registry_switching.png | janus_n17_repro_release/Janus_MoSSe_Current_ReproducibilityRelease_v2/figures/Figure_4_boundary_registry_switching.png | janus_n17_repro_release/clean_replay/Janus_MoSSe_Current_ReproducibilityRelease_v2/figures/Figure_4_boundary_registry_switching.png | janus_n2_gate/release/Janus_MoSSe_CanonicalUnguided_BaselineRelease/figures/Figure_4_boundary_registry_switching.png | janus_n4_gate/release/Janus_MoSSe_CanonicalUnguided_BaselineRelease/figures/Figure_4_boundary_registry_switching.png | janus_n8_gate/rigid_release/Janus_MoSSe_AuditResolved_ReproducibilityRelease/figures/Figure_4_boundary_registry_switching.png | janus_redteam_closure_check/main/word/media/image21.png
DUP-0464,84f44d721ff39ebe33b42e94cd8ca6aa3c06938b23ddf3d0762765afe73c33ea,8,janus_n17_repro_release/Janus_MoSSe_Current_ReproducibilityRelease_v2/figures/Figure_5_vector_mode_map_floquet.png,janus_baseline_gate/Janus_MoSSe_CanonicalUnguided_BaselineRelease/figures/Figure_5_vector_mode_map_floquet.png | janus_baseline_gate/release/Janus_MoSSe_AuditResolved_ReproducibilityRelease/figures/Figure_5_vector_mode_map_floquet.png | janus_n17_repro_release/Janus_MoSSe_Current_ReproducibilityRelease_v2/figures/Figure_5_vector_mode_map_floquet.png | janus_n17_repro_release/clean_replay/Janus_MoSSe_Current_ReproducibilityRelease_v2/figures/Figure_5_vector_mode_map_floquet.png | janus_n2_gate/release/Janus_MoSSe_CanonicalUnguided_BaselineRelease/figures/Figure_5_vector_mode_map_floquet.png | janus_n4_gate/release/Janus_MoSSe_CanonicalUnguided_BaselineRelease/figures/Figure_5_vector_mode_map_floquet.png | janus_n8_gate/rigid_release/Janus_MoSSe_AuditResolved_ReproducibilityRelease/figures/Figure_5_vector_mode_map_floquet.png | janus_redteam_closure_check/main/word/media/image22.png
DUP-0188,3565297c47a9e8d999db5c2e61e5cf29ba9e3ae433088511a02503238b083a22,6,janus_redteam_closure_check/main/word/media/image23.png,janus_baseline_gate/Janus_MoSSe_CanonicalUnguided_BaselineRelease/figures/Figure_6_thermal_cluster_uncertainty.png | janus_baseline_gate/release/Janus_MoSSe_AuditResolved_ReproducibilityRelease/figures/Figure_6_thermal_cluster_uncertainty.png | janus_n2_gate/release/Janus_MoSSe_CanonicalUnguided_BaselineRelease/figures/Figure_6_thermal_cluster_uncertainty.png | janus_n4_gate/release/Janus_MoSSe_CanonicalUnguided_BaselineRelease/figures/Figure_6_thermal_cluster_uncertainty.png | janus_n8_gate/rigid_release/Janus_MoSSe_AuditResolved_ReproducibilityRelease/figures/Figure_6_thermal_cluster_uncertainty.png | janus_redteam_closure_check/main/word/media/image23.png
DUP-0659,c1f05ec628a69311debe72ba01912824d4ba72669ad91cbb082a7b44348d881d,5,janus_n8_gate/rigid_release/Janus_MoSSe_AuditResolved_ReproducibilityRelease/manuscript/Janus_MoSSe_AuditResolved_SupplementaryInformation.docx,janus_baseline_gate/Janus_MoSSe_CanonicalUnguided_BaselineRelease/manuscript/Janus_MoSSe_AuditResolved_SupplementaryInformation.docx | janus_baseline_gate/release/Janus_MoSSe_AuditResolved_ReproducibilityRelease/manuscript/Janus_MoSSe_AuditResolved_SupplementaryInformation.docx | janus_n2_gate/release/Janus_MoSSe_CanonicalUnguided_BaselineRelease/manuscript/Janus_MoSSe_AuditResolved_SupplementaryInformation.docx | janus_n4_gate/release/Janus_MoSSe_CanonicalUnguided_BaselineRelease/manuscript/Janus_MoSSe_AuditResolved_SupplementaryInformation.docx | janus_n8_gate/rigid_release/Janus_MoSSe_AuditResolved_ReproducibilityRelease/manuscript/Janus_MoSSe_AuditResolved_SupplementaryInformation.docx
DUP-0851,fdab21b00ac99b26341f8e2a576fb5c0d1034cdb99c8f4981daccaabff3a4c82,5,janus_n8_gate/rigid_release/Janus_MoSSe_AuditResolved_ReproducibilityRelease/manuscript/Janus_MoSSe_Reboot_Revalidated_Manuscript_AuditResolved.docx,janus_baseline_gate/Janus_MoSSe_CanonicalUnguided_BaselineRelease/manuscript/Janus_MoSSe_Reboot_Revalidated_Manuscript_AuditResolved.docx | janus_baseline_gate/release/Janus_MoSSe_AuditResolved_ReproducibilityRelease/manuscript/Janus_MoSSe_Reboot_Revalidated_Manuscript_AuditResolved.docx | janus_n2_gate/release/Janus_MoSSe_CanonicalUnguided_BaselineRelease/manuscript/Janus_MoSSe_Reboot_Revalidated_Manuscript_AuditResolved.docx | janus_n4_gate/release/Janus_MoSSe_CanonicalUnguided_BaselineRelease/manuscript/Janus_MoSSe_Reboot_Revalidated_Manuscript_AuditResolved.docx | janus_n8_gate/rigid_release/Janus_MoSSe_AuditResolved_ReproducibilityRelease/manuscript/Janus_MoSSe_Reboot_Revalidated_Manuscript_AuditResolved.docx
DUP-0482,8d5a96342dbc9d89951255c7aab6a841c8ccebe5a5fde9645ebc8255b7e06f25,7,janus_n17_repro_release/Janus_MoSSe_Current_ReproducibilityRelease_v2/provenance_scripts/asymmetry_global_check.py,janus_baseline_gate/Janus_MoSSe_CanonicalUnguided_BaselineRelease/provenance_scripts/asymmetry_global_check.py | janus_baseline_gate/release/Janus_MoSSe_AuditResolved_ReproducibilityRelease/provenance_scripts/asymmetry_global_check.py | janus_n17_repro_release/Janus_MoSSe_Current_ReproducibilityRelease_v2/provenance_scripts/asymmetry_global_check.py | janus_n17_repro_release/clean_replay/Janus_MoSSe_Current_ReproducibilityRelease_v2/provenance_scripts/asymmetry_global_check.py | janus_n2_gate/release/Janus_MoSSe_CanonicalUnguided_BaselineRelease/provenance_scripts/asymmetry_global_check.py | janus_n4_gate/release/Janus_MoSSe_CanonicalUnguided_BaselineRelease/provenance_scripts/asymmetry_global_check.py | janus_n8_gate/rigid_release/Janus_MoSSe_AuditResolved_ReproducibilityRelease/provenance_scripts/asymmetry_global_check.py
DUP-0493,8fb18cbf9daedc3f2214e06beb55792081a7d3cafec566118681cc163a4e203e,7,janus_n17_repro_release/Janus_MoSSe_Current_ReproducibilityRelease_v2/provenance_scripts/branch_audit.py,janus_baseline_gate/Janus_MoSSe_CanonicalUnguided_BaselineRelease/provenance_scripts/branch_audit.py | janus_baseline_gate/release/Janus_MoSSe_AuditResolved_ReproducibilityRelease/provenance_scripts/branch_audit.py | janus_n17_repro_release/Janus_MoSSe_Current_ReproducibilityRelease_v2/provenance_scripts/branch_audit.py | janus_n17_repro_release/clean_replay/Janus_MoSSe_Current_ReproducibilityRelease_v2/provenance_scripts/branch_audit.py | janus_n2_gate/release/Janus_MoSSe_CanonicalUnguided_BaselineRelease/provenance_scripts/branch_audit.py | janus_n4_gate/release/Janus_MoSSe_CanonicalUnguided_BaselineRelease/provenance_scripts/branch_audit.py | janus_n8_gate/rigid_release/Janus_MoSSe_AuditResolved_ReproducibilityRelease/provenance_scripts/branch_audit.py
DUP-0397,7176e83e7df49f3a2af1f0d53ddb44385f4a6d7ff3ff510eb6dd308aaab4d116,7,janus_n17_repro_release/Janus_MoSSe_Current_ReproducibilityRelease_v2/provenance_scripts/edge_weight_ground_switch.py,janus_baseline_gate/Janus_MoSSe_CanonicalUnguided_BaselineRelease/provenance_scripts/edge_weight_ground_switch.py | janus_baseline_gate/release/Janus_MoSSe_AuditResolved_ReproducibilityRelease/provenance_scripts/edge_weight_ground_switch.py | janus_n17_repro_release/Janus_MoSSe_Current_ReproducibilityRelease_v2/provenance_scripts/edge_weight_ground_switch.py | janus_n17_repro_release/clean_replay/Janus_MoSSe_Current_ReproducibilityRelease_v2/provenance_scripts/edge_weight_ground_switch.py | janus_n2_gate/release/Janus_MoSSe_CanonicalUnguided_BaselineRelease/provenance_scripts/edge_weight_ground_switch.py | janus_n4_gate/release/Janus_MoSSe_CanonicalUnguided_BaselineRelease/provenance_scripts/edge_weight_ground_switch.py | janus_n8_gate/rigid_release/Janus_MoSSe_AuditResolved_ReproducibilityRelease/provenance_scripts/edge_weight_ground_switch.py
DUP-0705,ce8b8b7a68e882a9e961a4ba2bbce2799e5031451d3224085a8254d2f66f1f6f,7,janus_n17_repro_release/Janus_MoSSe_Current_ReproducibilityRelease_v2/provenance_scripts/edge_weight_sensitivity.py,janus_baseline_gate/Janus_MoSSe_CanonicalUnguided_BaselineRelease/provenance_scripts/edge_weight_sensitivity.py | janus_baseline_gate/release/Janus_MoSSe_AuditResolved_ReproducibilityRelease/provenance_scripts/edge_weight_sensitivity.py | janus_n17_repro_release/Janus_MoSSe_Current_ReproducibilityRelease_v2/provenance_scripts/edge_weight_sensitivity.py | janus_n17_repro_release/clean_replay/Janus_MoSSe_Current_ReproducibilityRelease_v2/provenance_scripts/edge_weight_sensitivity.py | janus_n2_gate/release/Janus_MoSSe_CanonicalUnguided_BaselineRelease/provenance_scripts/edge_weight_sensitivity.py | janus_n4_gate/release/Janus_MoSSe_CanonicalUnguided_BaselineRelease/provenance_scripts/edge_weight_sensitivity.py | janus_n8_gate/rigid_release/Janus_MoSSe_AuditResolved_ReproducibilityRelease/provenance_scripts/edge_weight_sensitivity.py
DUP-0685,c91aa58aa940538cd96684d3d26d8226f6b7ff9437aeb1123c0fd1f41625e374,7,janus_n17_repro_release/Janus_MoSSe_Current_ReproducibilityRelease_v2/provenance_scripts/floquet_conditioning_audit.py,janus_baseline_gate/Janus_MoSSe_CanonicalUnguided_BaselineRelease/provenance_scripts/floquet_conditioning_audit.py | janus_baseline_gate/release/Janus_MoSSe_AuditResolved_ReproducibilityRelease/provenance_scripts/floquet_conditioning_audit.py | janus_n17_repro_release/Janus_MoSSe_Current_ReproducibilityRelease_v2/provenance_scripts/floquet_conditioning_audit.py | janus_n17_repro_release/clean_replay/Janus_MoSSe_Current_ReproducibilityRelease_v2/provenance_scripts/floquet_conditioning_audit.py | janus_n2_gate/release/Janus_MoSSe_CanonicalUnguided_BaselineRelease/provenance_scripts/floquet_conditioning_audit.py | janus_n4_gate/release/Janus_MoSSe_CanonicalUnguided_BaselineRelease/provenance_scripts/floquet_conditioning_audit.py | janus_n8_gate/rigid_release/Janus_MoSSe_AuditResolved_ReproducibilityRelease/provenance_scripts/floquet_conditioning_audit.py
DUP-0573,a8f74a787b0af005f814cf1222b15ab04d15df072db0fadd88ceaea23c311db2,7,janus_n17_repro_release/Janus_MoSSe_Current_ReproducibilityRelease_v2/provenance_scripts/make_resolved_figures.py,janus_baseline_gate/Janus_MoSSe_CanonicalUnguided_BaselineRelease/provenance_scripts/make_resolved_figures.py | janus_baseline_gate/release/Janus_MoSSe_AuditResolved_ReproducibilityRelease/provenance_scripts/make_resolved_figures.py | janus_n17_repro_release/Janus_MoSSe_Current_ReproducibilityRelease_v2/provenance_scripts/make_resolved_figures.py | janus_n17_repro_release/clean_replay/Janus_MoSSe_Current_ReproducibilityRelease_v2/provenance_scripts/make_resolved_figures.py | janus_n2_gate/release/Janus_MoSSe_CanonicalUnguided_BaselineRelease/provenance_scripts/make_resolved_figures.py | janus_n4_gate/release/Janus_MoSSe_CanonicalUnguided_BaselineRelease/provenance_scripts/make_resolved_figures.py | janus_n8_gate/rigid_release/Janus_MoSSe_AuditResolved_ReproducibilityRelease/provenance_scripts/make_resolved_figures.py
DUP-0219,3ef780dbd6dfa7d788e98a30dc986d6e73998cf69448fcc812849ed5c3110be4,7,janus_n17_repro_release/Janus_MoSSe_Current_ReproducibilityRelease_v2/provenance_scripts/matched_symmetry_audit.py,janus_baseline_gate/Janus_MoSSe_CanonicalUnguided_BaselineRelease/provenance_scripts/matched_symmetry_audit.py | janus_baseline_gate/release/Janus_MoSSe_AuditResolved_ReproducibilityRelease/provenance_scripts/matched_symmetry_audit.py | janus_n17_repro_release/Janus_MoSSe_Current_ReproducibilityRelease_v2/provenance_scripts/matched_symmetry_audit.py | janus_n17_repro_release/clean_replay/Janus_MoSSe_Current_ReproducibilityRelease_v2/provenance_scripts/matched_symmetry_audit.py | janus_n2_gate/release/Janus_MoSSe_CanonicalUnguided_BaselineRelease/provenance_scripts/matched_symmetry_audit.py | janus_n4_gate/release/Janus_MoSSe_CanonicalUnguided_BaselineRelease/provenance_scripts/matched_symmetry_audit.py | janus_n8_gate/rigid_release/Janus_MoSSe_AuditResolved_ReproducibilityRelease/provenance_scripts/matched_symmetry_audit.py
DUP-0860,ffac41fcfaa977a47f39a3201bb079038a05c05df005f9e44d8c0605686a6d0c,7,janus_n17_repro_release/Janus_MoSSe_Current_ReproducibilityRelease_v2/provenance_scripts/matched_symmetry_final.py,janus_baseline_gate/Janus_MoSSe_CanonicalUnguided_BaselineRelease/provenance_scripts/matched_symmetry_final.py | janus_baseline_gate/release/Janus_MoSSe_AuditResolved_ReproducibilityRelease/provenance_scripts/matched_symmetry_final.py | janus_n17_repro_release/Janus_MoSSe_Current_ReproducibilityRelease_v2/provenance_scripts/matched_symmetry_final.py | janus_n17_repro_release/clean_replay/Janus_MoSSe_Current_ReproducibilityRelease_v2/provenance_scripts/matched_symmetry_final.py | janus_n2_gate/release/Janus_MoSSe_CanonicalUnguided_BaselineRelease/provenance_scripts/matched_symmetry_final.py | janus_n4_gate/release/Janus_MoSSe_CanonicalUnguided_BaselineRelease/provenance_scripts/matched_symmetry_final.py | janus_n8_gate/rigid_release/Janus_MoSSe_AuditResolved_ReproducibilityRelease/provenance_scripts/matched_symmetry_final.py
DUP-0292,550333a1ea3842e63a87d2750450a6bbb9d5d8aa9b58ec819359a955de9b14e9,7,janus_n17_repro_release/Janus_MoSSe_Current_ReproducibilityRelease_v2/provenance_scripts/resolve_branch_topology.py,janus_baseline_gate/Janus_MoSSe_CanonicalUnguided_BaselineRelease/provenance_scripts/resolve_branch_topology.py | janus_baseline_gate/release/Janus_MoSSe_AuditResolved_ReproducibilityRelease/provenance_scripts/resolve_branch_topology.py | janus_n17_repro_release/Janus_MoSSe_Current_ReproducibilityRelease_v2/provenance_scripts/resolve_branch_topology.py | janus_n17_repro_release/clean_replay/Janus_MoSSe_Current_ReproducibilityRelease_v2/provenance_scripts/resolve_branch_topology.py | janus_n2_gate/release/Janus_MoSSe_CanonicalUnguided_BaselineRelease/provenance_scripts/resolve_branch_topology.py | janus_n4_gate/release/Janus_MoSSe_CanonicalUnguided_BaselineRelease/provenance_scripts/resolve_branch_topology.py | janus_n8_gate/rigid_release/Janus_MoSSe_AuditResolved_ReproducibilityRelease/provenance_scripts/resolve_branch_topology.py
DUP-0422,79757a4815644d7ff67824595611db079d76f1d516fb50542b1c8111d19f6a21,7,janus_n17_repro_release/Janus_MoSSe_Current_ReproducibilityRelease_v2/provenance_scripts/shape_scaling_audit.py,janus_baseline_gate/Janus_MoSSe_CanonicalUnguided_BaselineRelease/provenance_scripts/shape_scaling_audit.py | janus_baseline_gate/release/Janus_MoSSe_AuditResolved_ReproducibilityRelease/provenance_scripts/shape_scaling_audit.py | janus_n17_repro_release/Janus_MoSSe_Current_ReproducibilityRelease_v2/provenance_scripts/shape_scaling_audit.py | janus_n17_repro_release/clean_replay/Janus_MoSSe_Current_ReproducibilityRelease_v2/provenance_scripts/shape_scaling_audit.py | janus_n2_gate/release/Janus_MoSSe_CanonicalUnguided_BaselineRelease/provenance_scripts/shape_scaling_audit.py | janus_n4_gate/release/Janus_MoSSe_CanonicalUnguided_BaselineRelease/provenance_scripts/shape_scaling_audit.py | janus_n8_gate/rigid_release/Janus_MoSSe_AuditResolved_ReproducibilityRelease/provenance_scripts/shape_scaling_audit.py
DUP-0079,1813606a131d67f182a7f39935642c9b2e628d3648320dc592626eed89e00d01,7,janus_n17_repro_release/Janus_MoSSe_Current_ReproducibilityRelease_v2/provenance_scripts/thermal_cluster_audit.py,janus_baseline_gate/Janus_MoSSe_CanonicalUnguided_BaselineRelease/provenance_scripts/thermal_cluster_audit.py | janus_baseline_gate/release/Janus_MoSSe_AuditResolved_ReproducibilityRelease/provenance_scripts/thermal_cluster_audit.py | janus_n17_repro_release/Janus_MoSSe_Current_ReproducibilityRelease_v2/provenance_scripts/thermal_cluster_audit.py | janus_n17_repro_release/clean_replay/Janus_MoSSe_Current_ReproducibilityRelease_v2/provenance_scripts/thermal_cluster_audit.py | janus_n2_gate/release/Janus_MoSSe_CanonicalUnguided_BaselineRelease/provenance_scripts/thermal_cluster_audit.py | janus_n4_gate/release/Janus_MoSSe_CanonicalUnguided_BaselineRelease/provenance_scripts/thermal_cluster_audit.py | janus_n8_gate/rigid_release/Janus_MoSSe_AuditResolved_ReproducibilityRelease/provenance_scripts/thermal_cluster_audit.py
DUP-0534,9bbdafc7f55490a1bf34328d1fe38d168f70837a31610a201d507a454cec1725,7,janus_n17_repro_release/Janus_MoSSe_Current_ReproducibilityRelease_v2/provenance_scripts/triangle_branch_audit.py,janus_baseline_gate/Janus_MoSSe_CanonicalUnguided_BaselineRelease/provenance_scripts/triangle_branch_audit.py | janus_baseline_gate/release/Janus_MoSSe_AuditResolved_ReproducibilityRelease/provenance_scripts/triangle_branch_audit.py | janus_n17_repro_release/Janus_MoSSe_Current_ReproducibilityRelease_v2/provenance_scripts/triangle_branch_audit.py | janus_n17_repro_release/clean_replay/Janus_MoSSe_Current_ReproducibilityRelease_v2/provenance_scripts/triangle_branch_audit.py | janus_n2_gate/release/Janus_MoSSe_CanonicalUnguided_BaselineRelease/provenance_scripts/triangle_branch_audit.py | janus_n4_gate/release/Janus_MoSSe_CanonicalUnguided_BaselineRelease/provenance_scripts/triangle_branch_audit.py | janus_n8_gate/rigid_release/Janus_MoSSe_AuditResolved_ReproducibilityRelease/provenance_scripts/triangle_branch_audit.py
DUP-0544,9f336c5d16c29cde253d49e3a3712c051aba03ad0909347cd5b65691e7865e74,7,janus_n17_repro_release/Janus_MoSSe_Current_ReproducibilityRelease_v2/provenance_scripts/triangle_ground_switch.py,janus_baseline_gate/Janus_MoSSe_CanonicalUnguided_BaselineRelease/provenance_scripts/triangle_ground_switch.py | janus_baseline_gate/release/Janus_MoSSe_AuditResolved_ReproducibilityRelease/provenance_scripts/triangle_ground_switch.py | janus_n17_repro_release/Janus_MoSSe_Current_ReproducibilityRelease_v2/provenance_scripts/triangle_ground_switch.py | janus_n17_repro_release/clean_replay/Janus_MoSSe_Current_ReproducibilityRelease_v2/provenance_scripts/triangle_ground_switch.py | janus_n2_gate/release/Janus_MoSSe_CanonicalUnguided_BaselineRelease/provenance_scripts/triangle_ground_switch.py | janus_n4_gate/release/Janus_MoSSe_CanonicalUnguided_BaselineRelease/provenance_scripts/triangle_ground_switch.py | janus_n8_gate/rigid_release/Janus_MoSSe_AuditResolved_ReproducibilityRelease/provenance_scripts/triangle_ground_switch.py
DUP-0296,5593ccf03a3ef70d26e40a74d037e4dd97c12139bb454ad44d1f08fc4359a335,7,janus_n17_repro_release/Janus_MoSSe_Current_ReproducibilityRelease_v2/provenance_scripts/vector_mode_map.py,janus_baseline_gate/Janus_MoSSe_CanonicalUnguided_BaselineRelease/provenance_scripts/vector_mode_map.py | janus_baseline_gate/release/Janus_MoSSe_AuditResolved_ReproducibilityRelease/provenance_scripts/vector_mode_map.py | janus_n17_repro_release/Janus_MoSSe_Current_ReproducibilityRelease_v2/provenance_scripts/vector_mode_map.py | janus_n17_repro_release/clean_replay/Janus_MoSSe_Current_ReproducibilityRelease_v2/provenance_scripts/vector_mode_map.py | janus_n2_gate/release/Janus_MoSSe_CanonicalUnguided_BaselineRelease/provenance_scripts/vector_mode_map.py | janus_n4_gate/release/Janus_MoSSe_CanonicalUnguided_BaselineRelease/provenance_scripts/vector_mode_map.py | janus_n8_gate/rigid_release/Janus_MoSSe_AuditResolved_ReproducibilityRelease/provenance_scripts/vector_mode_map.py
DUP-0511,97042cadb931934cf36ad2d85b5d4c71c716e1b6146146d06bdbf385f335c935,5,janus_n8_gate/rigid_release/Janus_MoSSe_AuditResolved_ReproducibilityRelease/recompute_thermal_summary.py,janus_baseline_gate/Janus_MoSSe_CanonicalUnguided_BaselineRelease/recompute_thermal_summary.py | janus_baseline_gate/release/Janus_MoSSe_AuditResolved_ReproducibilityRelease/recompute_thermal_summary.py | janus_n2_gate/release/Janus_MoSSe_CanonicalUnguided_BaselineRelease/recompute_thermal_summary.py | janus_n4_gate/release/Janus_MoSSe_CanonicalUnguided_BaselineRelease/recompute_thermal_summary.py | janus_n8_gate/rigid_release/Janus_MoSSe_AuditResolved_ReproducibilityRelease/recompute_thermal_summary.py
DUP-0651,be745c21b7e7d5ef3a1f9c67f364f0497ffd72c4126064f403cb962cef81bcfa,5,janus_n8_gate/rigid_release/Janus_MoSSe_AuditResolved_ReproducibilityRelease/reports/AUDIT_RESOLUTION_REPORT.md,janus_baseline_gate/Janus_MoSSe_CanonicalUnguided_BaselineRelease/reports/AUDIT_RESOLUTION_REPORT.md | janus_baseline_gate/release/Janus_MoSSe_AuditResolved_ReproducibilityRelease/reports/AUDIT_RESOLUTION_REPORT.md | janus_n2_gate/release/Janus_MoSSe_CanonicalUnguided_BaselineRelease/reports/AUDIT_RESOLUTION_REPORT.md | janus_n4_gate/release/Janus_MoSSe_CanonicalUnguided_BaselineRelease/reports/AUDIT_RESOLUTION_REPORT.md | janus_n8_gate/rigid_release/Janus_MoSSe_AuditResolved_ReproducibilityRelease/reports/AUDIT_RESOLUTION_REPORT.md
DUP-0243,463b51d2d4f031011d652b9af93e6427c081d78254e200a28edeff1f967773f0,7,janus_n17_repro_release/Janus_MoSSe_Current_ReproducibilityRelease_v2/requirements.txt,janus_baseline_gate/Janus_MoSSe_CanonicalUnguided_BaselineRelease/requirements.txt | janus_baseline_gate/release/Janus_MoSSe_AuditResolved_ReproducibilityRelease/requirements.txt | janus_n17_repro_release/Janus_MoSSe_Current_ReproducibilityRelease_v2/requirements.txt | janus_n17_repro_release/clean_replay/Janus_MoSSe_Current_ReproducibilityRelease_v2/requirements.txt | janus_n2_gate/release/Janus_MoSSe_CanonicalUnguided_BaselineRelease/requirements.txt | janus_n4_gate/release/Janus_MoSSe_CanonicalUnguided_BaselineRelease/requirements.txt | janus_n8_gate/rigid_release/Janus_MoSSe_AuditResolved_ReproducibilityRelease/requirements.txt
DUP-0254,4a661f504711af7b318c9b381207fccc0052a01ab94760526986e7eadbe82f6b,6,janus_n17_repro_release/Janus_MoSSe_Current_ReproducibilityRelease_v2/source/__pycache__/dft_guided_material_v12.cpython-313.pyc,janus_baseline_gate/Janus_MoSSe_CanonicalUnguided_BaselineRelease/source/__pycache__/dft_guided_material_v12.cpython-313.pyc | janus_baseline_gate/release/Janus_MoSSe_AuditResolved_ReproducibilityRelease/source/__pycache__/dft_guided_material_v12.cpython-313.pyc | janus_n17_repro_release/Janus_MoSSe_Current_ReproducibilityRelease_v2/source/__pycache__/dft_guided_material_v12.cpython-313.pyc | janus_n17_repro_release/clean_replay/Janus_MoSSe_Current_ReproducibilityRelease_v2/source/__pycache__/dft_guided_material_v12.cpython-313.pyc | janus_n2_gate/release/Janus_MoSSe_CanonicalUnguided_BaselineRelease/source/__pycache__/dft_guided_material_v12.cpython-313.pyc | janus_n4_gate/release/Janus_MoSSe_CanonicalUnguided_BaselineRelease/source/__pycache__/dft_guided_material_v12.cpython-313.pyc
DUP-0539,9e9f06d235768820635cae6490905cb560a8e1fd55c9c4992832ad6abdeb59c4,6,janus_n17_repro_release/Janus_MoSSe_Current_ReproducibilityRelease_v2/source/__pycache__/janus_fourier_landscapes_v12.cpython-313.pyc,janus_baseline_gate/Janus_MoSSe_CanonicalUnguided_BaselineRelease/source/__pycache__/janus_fourier_landscapes_v12.cpython-313.pyc | janus_baseline_gate/release/Janus_MoSSe_AuditResolved_ReproducibilityRelease/source/__pycache__/janus_fourier_landscapes_v12.cpython-313.pyc | janus_n17_repro_release/Janus_MoSSe_Current_ReproducibilityRelease_v2/source/__pycache__/janus_fourier_landscapes_v12.cpython-313.pyc | janus_n17_repro_release/clean_replay/Janus_MoSSe_Current_ReproducibilityRelease_v2/source/__pycache__/janus_fourier_landscapes_v12.cpython-313.pyc | janus_n2_gate/release/Janus_MoSSe_CanonicalUnguided_BaselineRelease/source/__pycache__/janus_fourier_landscapes_v12.cpython-313.pyc | janus_n4_gate/release/Janus_MoSSe_CanonicalUnguided_BaselineRelease/source/__pycache__/janus_fourier_landscapes_v12.cpython-313.pyc
DUP-0729,d47dc9e583b24aa76c94d2293cd04505fea3072fcc76bb0cb6e5b32c558e8fec,6,janus_n17_repro_release/Janus_MoSSe_Current_ReproducibilityRelease_v2/source/__pycache__/new_physics_v18.cpython-313.pyc,janus_baseline_gate/Janus_MoSSe_CanonicalUnguided_BaselineRelease/source/__pycache__/new_physics_v18.cpython-313.pyc | janus_baseline_gate/release/Janus_MoSSe_AuditResolved_ReproducibilityRelease/source/__pycache__/new_physics_v18.cpython-313.pyc | janus_n17_repro_release/Janus_MoSSe_Current_ReproducibilityRelease_v2/source/__pycache__/new_physics_v18.cpython-313.pyc | janus_n17_repro_release/clean_replay/Janus_MoSSe_Current_ReproducibilityRelease_v2/source/__pycache__/new_physics_v18.cpython-313.pyc | janus_n2_gate/release/Janus_MoSSe_CanonicalUnguided_BaselineRelease/source/__pycache__/new_physics_v18.cpython-313.pyc | janus_n4_gate/release/Janus_MoSSe_CanonicalUnguided_BaselineRelease/source/__pycache__/new_physics_v18.cpython-313.pyc
DUP-0003,01627a2ee2cd29ba8ae80ea0cf2828cd98a9162c6b332f1ffaf4a1f320d75067,7,janus_n17_repro_release/Janus_MoSSe_Current_ReproducibilityRelease_v2/source/canonical_analysis_v17.py,janus_baseline_gate/Janus_MoSSe_CanonicalUnguided_BaselineRelease/source/canonical_analysis_v17.py | janus_baseline_gate/release/Janus_MoSSe_AuditResolved_ReproducibilityRelease/source/canonical_analysis_v17.py | janus_n17_repro_release/Janus_MoSSe_Current_ReproducibilityRelease_v2/source/canonical_analysis_v17.py | janus_n17_repro_release/clean_replay/Janus_MoSSe_Current_ReproducibilityRelease_v2/source/canonical_analysis_v17.py | janus_n2_gate/release/Janus_MoSSe_CanonicalUnguided_BaselineRelease/source/canonical_analysis_v17.py | janus_n4_gate/release/Janus_MoSSe_CanonicalUnguided_BaselineRelease/source/canonical_analysis_v17.py | janus_n8_gate/rigid_release/Janus_MoSSe_AuditResolved_ReproducibilityRelease/source/canonical_analysis_v17.py
DUP-0859,ff6b2cbd040613f8bf8ab7e8ff0847e805d62265a1341264e25468c52011f0f5,7,janus_n17_repro_release/Janus_MoSSe_Current_ReproducibilityRelease_v2/source/make_figure7_v17.py,janus_baseline_gate/Janus_MoSSe_CanonicalUnguided_BaselineRelease/source/make_figure7_v17.py | janus_baseline_gate/release/Janus_MoSSe_AuditResolved_ReproducibilityRelease/source/make_figure7_v17.py | janus_n17_repro_release/Janus_MoSSe_Current_ReproducibilityRelease_v2/source/make_figure7_v17.py | janus_n17_repro_release/clean_replay/Janus_MoSSe_Current_ReproducibilityRelease_v2/source/make_figure7_v17.py | janus_n2_gate/release/Janus_MoSSe_CanonicalUnguided_BaselineRelease/source/make_figure7_v17.py | janus_n4_gate/release/Janus_MoSSe_CanonicalUnguided_BaselineRelease/source/make_figure7_v17.py | janus_n8_gate/rigid_release/Janus_MoSSe_AuditResolved_ReproducibilityRelease/source/make_figure7_v17.py
DUP-0048,0e5d2eb929e892ab8952aafe8d7d7b34ca2e77cbf7d955edf2b9f2e3037ef1c8,7,janus_n17_repro_release/Janus_MoSSe_Current_ReproducibilityRelease_v2/source/make_figure8_v17.py,janus_baseline_gate/Janus_MoSSe_CanonicalUnguided_BaselineRelease/source/make_figure8_v17.py | janus_baseline_gate/release/Janus_MoSSe_AuditResolved_ReproducibilityRelease/source/make_figure8_v17.py | janus_n17_repro_release/Janus_MoSSe_Current_ReproducibilityRelease_v2/source/make_figure8_v17.py | janus_n17_repro_release/clean_replay/Janus_MoSSe_Current_ReproducibilityRelease_v2/source/make_figure8_v17.py | janus_n2_gate/release/Janus_MoSSe_CanonicalUnguided_BaselineRelease/source/make_figure8_v17.py | janus_n4_gate/release/Janus_MoSSe_CanonicalUnguided_BaselineRelease/source/make_figure8_v17.py | janus_n8_gate/rigid_release/Janus_MoSSe_AuditResolved_ReproducibilityRelease/source/make_figure8_v17.py
DUP-0399,7247a4e5057973a73c85075ba1ac48b9b0910dd4a485f31b0ed19c9423488f17,7,janus_n17_repro_release/Janus_MoSSe_Current_ReproducibilityRelease_v2/source/make_figure9_v18.py,janus_baseline_gate/Janus_MoSSe_CanonicalUnguided_BaselineRelease/source/make_figure9_v18.py | janus_baseline_gate/release/Janus_MoSSe_AuditResolved_ReproducibilityRelease/source/make_figure9_v18.py | janus_n17_repro_release/Janus_MoSSe_Current_ReproducibilityRelease_v2/source/make_figure9_v18.py | janus_n17_repro_release/clean_replay/Janus_MoSSe_Current_ReproducibilityRelease_v2/source/make_figure9_v18.py | janus_n2_gate/release/Janus_MoSSe_CanonicalUnguided_BaselineRelease/source/make_figure9_v18.py | janus_n4_gate/release/Janus_MoSSe_CanonicalUnguided_BaselineRelease/source/make_figure9_v18.py | janus_n8_gate/rigid_release/Janus_MoSSe_AuditResolved_ReproducibilityRelease/source/make_figure9_v18.py
DUP-0473,88277be504516ebd14ed95273b25e894ba1a059696728616c94ad30e4b68d993,7,janus_n17_repro_release/Janus_MoSSe_Current_ReproducibilityRelease_v2/source/new_physics_v18.py,janus_baseline_gate/Janus_MoSSe_CanonicalUnguided_BaselineRelease/source/new_physics_v18.py | janus_baseline_gate/release/Janus_MoSSe_AuditResolved_ReproducibilityRelease/source/new_physics_v18.py | janus_n17_repro_release/Janus_MoSSe_Current_ReproducibilityRelease_v2/source/new_physics_v18.py | janus_n17_repro_release/clean_replay/Janus_MoSSe_Current_ReproducibilityRelease_v2/source/new_physics_v18.py | janus_n2_gate/release/Janus_MoSSe_CanonicalUnguided_BaselineRelease/source/new_physics_v18.py | janus_n4_gate/release/Janus_MoSSe_CanonicalUnguided_BaselineRelease/source/new_physics_v18.py | janus_n8_gate/rigid_release/Janus_MoSSe_AuditResolved_ReproducibilityRelease/source/new_physics_v18.py
DUP-0169,3248297073e8618733aed92574283318eec85b71ccebd9f022c2cd341ddfc232,7,janus_n17_repro_release/Janus_MoSSe_Current_ReproducibilityRelease_v2/source/validate_v12_outputs.py,janus_baseline_gate/Janus_MoSSe_CanonicalUnguided_BaselineRelease/source/validate_v12_outputs.py | janus_baseline_gate/release/Janus_MoSSe_AuditResolved_ReproducibilityRelease/source/validate_v12_outputs.py | janus_n17_repro_release/Janus_MoSSe_Current_ReproducibilityRelease_v2/source/validate_v12_outputs.py | janus_n17_repro_release/clean_replay/Janus_MoSSe_Current_ReproducibilityRelease_v2/source/validate_v12_outputs.py | janus_n2_gate/release/Janus_MoSSe_CanonicalUnguided_BaselineRelease/source/validate_v12_outputs.py | janus_n4_gate/release/Janus_MoSSe_CanonicalUnguided_BaselineRelease/source/validate_v12_outputs.py | janus_n8_gate/rigid_release/Janus_MoSSe_AuditResolved_ReproducibilityRelease/source/validate_v12_outputs.py
DUP-0733,d694af76263dd49cc778f8ec3e964efc4ea391d8b6171752861d2a34c57be70b,7,janus_n17_repro_release/Janus_MoSSe_Current_ReproducibilityRelease_v2/source/validate_v17_release.py,janus_baseline_gate/Janus_MoSSe_CanonicalUnguided_BaselineRelease/source/validate_v17_release.py | janus_baseline_gate/release/Janus_MoSSe_AuditResolved_ReproducibilityRelease/source/validate_v17_release.py | janus_n17_repro_release/Janus_MoSSe_Current_ReproducibilityRelease_v2/source/validate_v17_release.py | janus_n17_repro_release/clean_replay/Janus_MoSSe_Current_ReproducibilityRelease_v2/source/validate_v17_release.py | janus_n2_gate/release/Janus_MoSSe_CanonicalUnguided_BaselineRelease/source/validate_v17_release.py | janus_n4_gate/release/Janus_MoSSe_CanonicalUnguided_BaselineRelease/source/validate_v17_release.py | janus_n8_gate/rigid_release/Janus_MoSSe_AuditResolved_ReproducibilityRelease/source/validate_v17_release.py
DUP-0527,99960c866b3663a49cdfd0428c5aa52d0b848d9eea49cb04e7b47a80aeff4d14,7,janus_n17_repro_release/Janus_MoSSe_Current_ReproducibilityRelease_v2/source/validate_v18_release.py,janus_baseline_gate/Janus_MoSSe_CanonicalUnguided_BaselineRelease/source/validate_v18_release.py | janus_baseline_gate/release/Janus_MoSSe_AuditResolved_ReproducibilityRelease/source/validate_v18_release.py | janus_n17_repro_release/Janus_MoSSe_Current_ReproducibilityRelease_v2/source/validate_v18_release.py | janus_n17_repro_release/clean_replay/Janus_MoSSe_Current_ReproducibilityRelease_v2/source/validate_v18_release.py | janus_n2_gate/release/Janus_MoSSe_CanonicalUnguided_BaselineRelease/source/validate_v18_release.py | janus_n4_gate/release/Janus_MoSSe_CanonicalUnguided_BaselineRelease/source/validate_v18_release.py | janus_n8_gate/rigid_release/Janus_MoSSe_AuditResolved_ReproducibilityRelease/source/validate_v18_release.py
DUP-0453,81dee3d39f297d6444b9c7306bbd661a4de36575624f86c952e9698cebe52846,5,janus_n17_repro_release/Janus_MoSSe_Current_ReproducibilityRelease_v2/validate_canonical_baseline.py,janus_baseline_gate/Janus_MoSSe_CanonicalUnguided_BaselineRelease/validate_canonical_baseline.py | janus_n17_repro_release/Janus_MoSSe_Current_ReproducibilityRelease_v2/validate_canonical_baseline.py | janus_n17_repro_release/clean_replay/Janus_MoSSe_Current_ReproducibilityRelease_v2/validate_canonical_baseline.py | janus_n2_gate/release/Janus_MoSSe_CanonicalUnguided_BaselineRelease/validate_canonical_baseline.py | janus_n4_gate/release/Janus_MoSSe_CanonicalUnguided_BaselineRelease/validate_canonical_baseline.py
DUP-0344,62ab0fd35d6697c87bcda9758f050401fd4cb2e064cc0a8bb952a19b9aea6f6d,5,janus_n8_gate/rigid_release/Janus_MoSSe_AuditResolved_ReproducibilityRelease/validate_release.py,janus_baseline_gate/Janus_MoSSe_CanonicalUnguided_BaselineRelease/validate_release.py | janus_baseline_gate/release/Janus_MoSSe_AuditResolved_ReproducibilityRelease/validate_release.py | janus_n2_gate/release/Janus_MoSSe_CanonicalUnguided_BaselineRelease/validate_release.py | janus_n4_gate/release/Janus_MoSSe_CanonicalUnguided_BaselineRelease/validate_release.py | janus_n8_gate/rigid_release/Janus_MoSSe_AuditResolved_ReproducibilityRelease/validate_release.py
DUP-0577,aab51d38ba587bc7d1f95765be159740698d575c0a82c3906c4c863ff3bcdffc,2,janus_n2_gate/Janus_MoSSe_CanonicalUnguided_BaselineRelease.zip,janus_baseline_gate/Janus_MoSSe_CanonicalUnguided_BaselineRelease.zip | janus_n2_gate/Janus_MoSSe_CanonicalUnguided_BaselineRelease.zip
DUP-0769,e3b0c44298fc1c149afbf4c8996fb92427ae41e4649b934ca495991b7852b855,3,janus_n5_gate/n5_shooting_refinement.log,janus_baseline_gate/baseline_dependency_audit_run.txt | janus_n3_gate/n3_run.log | janus_n5_gate/n5_shooting_refinement.log
DUP-0040,0c50060b753d91a0c9bb9d871aed5c239e27e52eda88e78f140e777284dd5ea5,2,janus_n8_gate/rigid_release/Janus_MoSSe_AuditResolved_ReproducibilityRelease/README.md,janus_baseline_gate/release/Janus_MoSSe_AuditResolved_ReproducibilityRelease/README.md | janus_n8_gate/rigid_release/Janus_MoSSe_AuditResolved_ReproducibilityRelease/README.md
DUP-0042,0d02eb23ffedd61a17fedd746c7d211173b1ec5ae0bc67b30a1550a0277439fa,2,janus_n8_gate/rigid_release/Janus_MoSSe_AuditResolved_ReproducibilityRelease/SHA256SUMS.txt,janus_baseline_gate/release/Janus_MoSSe_AuditResolved_ReproducibilityRelease/SHA256SUMS.txt | janus_n8_gate/rigid_release/Janus_MoSSe_AuditResolved_ReproducibilityRelease/SHA256SUMS.txt
DUP-0466,85a902be0b3601d69acff2f9a6afb7664d583b993843671ee07886c0e0af5955,2,janus_symmetry_gate/continuous_prepared_branch_verification_fast.py,janus_branch_gate/continuous_prepared_branch_verification_fast.py | janus_symmetry_gate/continuous_prepared_branch_verification_fast.py
DUP-0840,fb274bbb7efcd99ed9f629155f94c4c711af0b41640ba383f8f1fbba02c2d9f9,4,janus_n17_repro_release/Janus_MoSSe_Current_ReproducibilityRelease_v2/data/canonical/redteam_force_direction_scan.csv,janus_branch_gate/redteam_force_direction_scan.csv | janus_n17_repro_release/Janus_MoSSe_Current_ReproducibilityRelease_v2/data/canonical/redteam_force_direction_scan.csv | janus_n17_repro_release/clean_replay/Janus_MoSSe_Current_ReproducibilityRelease_v2/data/canonical/redteam_force_direction_scan.csv | janus_redteam_gate/redteam_force_direction_scan.csv
DUP-0094,1c54e70a7cb921cdedee4b39aa5df5ffd688814fa93cee953ef9d6e050557e55,4,janus_n17_repro_release/Janus_MoSSe_Current_ReproducibilityRelease_v2/data/canonical/redteam_gsfe_parameter_sensitivity.csv,janus_branch_gate/redteam_gsfe_parameter_sensitivity.csv | janus_n17_repro_release/Janus_MoSSe_Current_ReproducibilityRelease_v2/data/canonical/redteam_gsfe_parameter_sensitivity.csv | janus_n17_repro_release/clean_replay/Janus_MoSSe_Current_ReproducibilityRelease_v2/data/canonical/redteam_gsfe_parameter_sensitivity.csv | janus_redteam_gate/redteam_gsfe_parameter_sensitivity.csv
DUP-0141,28423b11106788c81a278d14a41c702b8aec21bcfbf36bab52b3ba2fe9d66d0a,3,janus_n11_citation_novelty/render_main/page-10.png,janus_n10_rewrite/render_main/page-10.png | janus_n11_citation_novelty/render_main/page-10.png | janus_n11_citation_novelty/render_main_final/page-10.png
DUP-0852,fe3c0d88837bab35400357893083211bc702d2fafa52a1484cfdf3c09423875a,3,janus_n11_citation_novelty/render_main/page-8.png,janus_n10_rewrite/render_main/page-8.png | janus_n11_citation_novelty/render_main/page-8.png | janus_n11_citation_novelty/render_main_final/page-8.png
DUP-0163,2f428cace50ff2ef1a7aa659a7186751b4d01d37db356fc50e07fa0cb1a9c0f0,3,janus_n11_citation_novelty/render_main/page-9.png,janus_n10_rewrite/render_main/page-9.png | janus_n11_citation_novelty/render_main/page-9.png | janus_n11_citation_novelty/render_main_final/page-9.png
DUP-0552,a1ac8e0e56f2e2c2163eb29b3debce3deb099b061dcac9d1ddc476f5586c3dfc,2,janus_n11_citation_novelty/render_main/page-1.png,janus_n11_citation_novelty/render_main/page-1.png | janus_n11_citation_novelty/render_main_final/page-1.png
DUP-0756,e19467723a93760421e4b8995b69c0a7270f7eb9cdca27bd553895eb20653111,2,janus_n11_citation_novelty/render_main/page-11.png,janus_n11_citation_novelty/render_main/page-11.png | janus_n11_citation_novelty/render_main_final/page-11.png
DUP-0507,964c9bbef7a21544446ab7b73cdc67d68f726dd9cff8c56a63b5e8b09b7d42c2,2,janus_n11_citation_novelty/render_main/page-12.png,janus_n11_citation_novelty/render_main/page-12.png | janus_n11_citation_novelty/render_main_final/page-12.png
DUP-0395,714007c126c02f65dcb0f6d05378676d8da51e99f29075f0f7a0b1e50195db26,3,janus_n13_claim_figure_revision/render_main/page-2.png,janus_n11_citation_novelty/render_main/page-2.png | janus_n11_citation_novelty/render_main_final/page-2.png | janus_n13_claim_figure_revision/render_main/page-2.png
DUP-0713,d02542239e1ff7db0adb220f12215be014636b8c40a4f968bd2ba051bd14f3f1,3,janus_n13_claim_figure_revision/render_main/page-3.png,janus_n11_citation_novelty/render_main/page-3.png | janus_n11_citation_novelty/render_main_final/page-3.png | janus_n13_claim_figure_revision/render_main/page-3.png
DUP-0085,19a624b23b10c3d0c29531e2691b4f352377a11f7f0242203f5e8237531ef52d,2,janus_n11_citation_novelty/render_main/page-4.png,janus_n11_citation_novelty/render_main/page-4.png | janus_n11_citation_novelty/render_main_final/page-4.png
DUP-0194,367334897b758e423de0c80fa5828e92556f116d5d982e9f3c8cc2ae902298c3,2,janus_n11_citation_novelty/render_main/page-5.png,janus_n11_citation_novelty/render_main/page-5.png | janus_n11_citation_novelty/render_main_final/page-5.png
DUP-0761,e27bec81682c0e4c21745a8b26238ebba8b038adfc7e6d8b443c3626129b8613,2,janus_n11_citation_novelty/render_main/page-6.png,janus_n11_citation_novelty/render_main/page-6.png | janus_n11_citation_novelty/render_main_final/page-6.png
DUP-0780,e625ad777f91ed02cb0ae4a10798122e77eb8860a21f8b22af8f6126327d35cd,2,janus_n11_citation_novelty/render_main/page-7.png,janus_n11_citation_novelty/render_main/page-7.png | janus_n11_citation_novelty/render_main_final/page-7.png
DUP-0561,a45be46020c621a302c2102693178b91255b1b606ca2355bfd2df6eef566ab5c,5,janus_n19_acs_submission/render_si/page-1.png,janus_n11_citation_novelty/render_si/page-1.png | janus_n13_claim_figure_revision/render_si/page-1.png | janus_n13_claim_figure_revision/render_si2/page-1.png | janus_n15_targeted_revision/render_si/page-1.png | janus_n19_acs_submission/render_si/page-1.png
DUP-0379,6cccdf5c5abc449d2cf1f86314fbe56ef2fe6ae93674f444e1f37b155b957384,5,janus_n19_acs_submission/render_si/page-2.png,janus_n11_citation_novelty/render_si/page-2.png | janus_n13_claim_figure_revision/render_si/page-2.png | janus_n13_claim_figure_revision/render_si2/page-2.png | janus_n15_targeted_revision/render_si/page-2.png | janus_n19_acs_submission/render_si/page-2.png
DUP-0146,2b075ece2e3cce6348026a4dd30d6b2c0ce4842104b30c9a21a0cf7511b0f94e,4,janus_n17_repro_release/Janus_MoSSe_Current_ReproducibilityRelease_v2/figures/Figure_6_thermal_stationary_hierarchy.png,janus_n13_claim_figure_revision/Figure_6_thermal_stationary_hierarchy.png | janus_n17_repro_release/Janus_MoSSe_Current_ReproducibilityRelease_v2/figures/Figure_6_thermal_stationary_hierarchy.png | janus_n17_repro_release/clean_replay/Janus_MoSSe_Current_ReproducibilityRelease_v2/figures/Figure_6_thermal_stationary_hierarchy.png | janus_redteam_closure_check/main/word/media/image24.png
DUP-0133,25f50c5ad8f057f0df4e23f8950f58966bfbba726442a2f41a72fbdb0148c80b,3,janus_n17_repro_release/Janus_MoSSe_Current_ReproducibilityRelease_v2/manuscript/Janus_MoSSe_Current_Manuscript.docx,janus_n15_targeted_revision/Janus_MoSSe_FiveReviewerScoped_Manuscript_v5.docx | janus_n17_repro_release/Janus_MoSSe_Current_ReproducibilityRelease_v2/manuscript/Janus_MoSSe_Current_Manuscript.docx | janus_n17_repro_release/clean_replay/Janus_MoSSe_Current_ReproducibilityRelease_v2/manuscript/Janus_MoSSe_Current_Manuscript.docx
DUP-0157,2dc340174c4373977c21ff074b06246b7e3ed503519d9c04c77a09c6c61b2e7d,2,janus_n15_targeted_revision/Janus_MoSSe_RedTeamScoped_Manuscript_v4.docx,janus_n15_targeted_revision/Janus_MoSSe_RedTeamScoped_Manuscript_v4.docx | janus_n15_targeted_revision/Janus_MoSSe_RedTeamScoped_Manuscript_v4_preN16.docx
DUP-0013,04a5753b71bad758080496410969da740673a50b442fb50ed268a9257ad52f91,5,janus_n18_publication_figures/Janus_MoSSe_PublicationFigure_SI_v4.docx,janus_n15_targeted_revision/Janus_MoSSe_RedTeamScoped_SI_v4.docx | janus_n17_repro_release/Janus_MoSSe_Current_ReproducibilityRelease_v2/manuscript/Janus_MoSSe_Current_SupplementaryInformation.docx | janus_n17_repro_release/clean_replay/Janus_MoSSe_Current_ReproducibilityRelease_v2/manuscript/Janus_MoSSe_Current_SupplementaryInformation.docx | janus_n18_publication_figures/Janus_MoSSe_PublicationFigure_SI_v4.docx | janus_n19_acs_submission/qa/ACS_Nano_Supporting_Information_preQA.docx
DUP-0128,2596d5076eb2f55f9bf5613acf089a9038ccff3f93a4b1c24bbf2e36331cea0a,2,janus_n17_upstream_strengthening/N16_FIVE_REVIEWER_ACTION_REGISTER.csv,janus_n15_targeted_revision/N16_FIVE_REVIEWER_ACTION_REGISTER.csv | janus_n17_upstream_strengthening/N16_FIVE_REVIEWER_ACTION_REGISTER.csv
DUP-0100,1d7509513f2403769f0c9b003a41e08f64e1543096ee94e92fb116686f19eb8e,2,janus_n17_repro_release/clean_validate_baseline.txt,janus_n15_targeted_revision/canonical_baseline_validation.txt | janus_n17_repro_release/clean_validate_baseline.txt
DUP-0299,566fb0c299192261ba5bfceef96d878cd7a35249790975087aead578e60b31bd,5,janus_n18_publication_figures/render_v6/page-1.png,janus_n15_targeted_revision/render_main/page-1.png | janus_n15_targeted_revision/render_v5/page-1.png | janus_n17_upstream_strengthening/render_main/page-1.png | janus_n18_publication_figures/render_v6/page-1.png | janus_n18_publication_figures/render_v7/page-1.png
DUP-0386,6e879e4ccc36a2d0d02b9ea1a80256dbfb47623e697f048bbb6eba5e983c59a5,2,janus_n15_targeted_revision/render_v5/page-10.png,janus_n15_targeted_revision/render_main/page-10.png | janus_n15_targeted_revision/render_v5/page-10.png
DUP-0038,0ba93e974bb867fe9198b4a2e084a3e43cef3b3ee2613c1595b89b25944f8d5d,2,janus_n15_targeted_revision/render_v5/page-11.png,janus_n15_targeted_revision/render_main/page-11.png | janus_n15_targeted_revision/render_v5/page-11.png
DUP-0639,bc0001134729ba0f7016c2058c8a257fe5f37ba3ac1207a01e8196a619fe8874,3,janus_n18_publication_figures/render_v6/page-12.png,janus_n15_targeted_revision/render_main/page-12.png | janus_n15_targeted_revision/render_v5/page-12.png | janus_n18_publication_figures/render_v6/page-12.png
DUP-0838,fa25023a705fba8f2a4665e15ef99396ca4f43c06f35cd4185ee2c752d2bd9bd,4,janus_n18_publication_figures/render_v6/page-13.png,janus_n15_targeted_revision/render_main/page-13.png | janus_n15_targeted_revision/render_v5/page-13.png | janus_n18_publication_figures/render_v6/page-13.png | janus_n18_publication_figures/render_v7/page-13.png
DUP-0467,860822d72d5c308ac938022b0988454cc0bd934890b14a6794abbbdad4f5ba62,4,janus_n18_publication_figures/render_v6/page-14.png,janus_n15_targeted_revision/render_main/page-14.png | janus_n15_targeted_revision/render_v5/page-14.png | janus_n18_publication_figures/render_v6/page-14.png | janus_n18_publication_figures/render_v7/page-14.png
DUP-0793,ea50e58378d5860aed6e2bf295c3f31e27be6a8ab7d68c6ac2cb93917c823ca0,4,janus_n18_publication_figures/render_v6/page-15.png,janus_n15_targeted_revision/render_main/page-15.png | janus_n15_targeted_revision/render_v5/page-15.png | janus_n18_publication_figures/render_v6/page-15.png | janus_n18_publication_figures/render_v7/page-15.png
DUP-0476,89a634a395f7dab3fbd2cf24dcc3908efa8d41f598a4d83b5601c5624b62d754,4,janus_n18_publication_figures/render_v6/page-2.png,janus_n15_targeted_revision/render_main/page-2.png | janus_n15_targeted_revision/render_v5/page-2.png | janus_n18_publication_figures/render_v6/page-2.png | janus_n18_publication_figures/render_v7/page-2.png
DUP-0324,5e1ecdf50d6b359ad873fadaf83701019fc8d5b9077e0012ddca1004fc857bbd,4,janus_n18_publication_figures/render_v6/page-4.png,janus_n15_targeted_revision/render_main/page-4.png | janus_n15_targeted_revision/render_v5/page-4.png | janus_n18_publication_figures/render_v6/page-4.png | janus_n18_publication_figures/render_v7/page-4.png
DUP-0039,0bac437bb95224be8963cd158dac4769999ce6d6e0ecfda717d46f69c447f44d,2,janus_n15_targeted_revision/render_v5/page-6.png,janus_n15_targeted_revision/render_main/page-6.png | janus_n15_targeted_revision/render_v5/page-6.png
DUP-0062,131dfb1c0c5741daa2fa57d88a47428a5a734aa3e60b40657e5569a7af39336a,2,janus_n15_targeted_revision/render_v5/page-7.png,janus_n15_targeted_revision/render_main/page-7.png | janus_n15_targeted_revision/render_v5/page-7.png
DUP-0116,208c27860761dc39b87758845aa7634411e0113885bd038c5a61dd482db1ca1d,2,janus_n15_targeted_revision/render_v5/page-8.png,janus_n15_targeted_revision/render_main/page-8.png | janus_n15_targeted_revision/render_v5/page-8.png
DUP-0102,1e1f32119654e0d15f8764b946b37edb06e0988e281578bcf4384c0cb321913d,2,janus_n15_targeted_revision/render_v5/page-9.png,janus_n15_targeted_revision/render_main/page-9.png | janus_n15_targeted_revision/render_v5/page-9.png
DUP-0461,83ed18c0b652c3636bd896147ad618a9fc8864d3bf74e976ec1e51154045c827,2,janus_n19_acs_submission/render_si/page-3.png,janus_n15_targeted_revision/render_si/page-3.png | janus_n19_acs_submission/render_si/page-3.png
DUP-0747,dcf6c7cd1df316ac32b7eeb23432f75bb3c1f6851438f448a104af1be13e7bc1,3,janus_n19_acs_submission/render_si/page-4.png,janus_n15_targeted_revision/render_si/page-4.png | janus_n19_acs_submission/render_si/page-4.png | janus_n19_acs_submission/render_si2/page-4.png
DUP-0081,18f0e759a93732d11409d43c3789471ac5ea59ebc5647cfddb4eb06461c5ad16,3,janus_n19_acs_submission/render_si/page-5.png,janus_n15_targeted_revision/render_si/page-5.png | janus_n19_acs_submission/render_si/page-5.png | janus_n19_acs_submission/render_si2/page-5.png
DUP-0736,d7f24ce7839d6b16633daa8b171804b73f3feb1bbb6e6ba64911a6ec36fad46c,3,janus_n18_publication_figures/render_v6/page-3.png,janus_n15_targeted_revision/render_v5/page-3.png | janus_n18_publication_figures/render_v6/page-3.png | janus_n18_publication_figures/render_v7/page-3.png
DUP-0301,56f4e93b599676d0fde3a49f2d0303da4fe102e4f551bd3b45582cdcdf17c038,3,janus_n18_publication_figures/render_v6/page-5.png,janus_n15_targeted_revision/render_v5/page-5.png | janus_n18_publication_figures/render_v6/page-5.png | janus_n18_publication_figures/render_v7/page-5.png
DUP-0197,379f04b29da8c6e4e486890185cb357dcb09bb30e7cdd9494ab9a4b4748cc452,2,janus_n17_repro_release/Janus_MoSSe_Current_ReproducibilityRelease_v2/README.md,janus_n17_repro_release/Janus_MoSSe_Current_ReproducibilityRelease_v2/README.md | janus_n17_repro_release/clean_replay/Janus_MoSSe_Current_ReproducibilityRelease_v2/README.md
DUP-0470,86f38cbec12e0c34b9638525ba189ec82a16647879ee41746c99d122ac459d04,2,janus_n17_repro_release/Janus_MoSSe_Current_ReproducibilityRelease_v2/RUNNING_AUDITS.md,janus_n17_repro_release/Janus_MoSSe_Current_ReproducibilityRelease_v2/RUNNING_AUDITS.md | janus_n17_repro_release/clean_replay/Janus_MoSSe_Current_ReproducibilityRelease_v2/RUNNING_AUDITS.md
DUP-0528,99a0b783221b0024790844cbcc7dfee783a56ef205d23ce1ac66dba004634748,2,janus_n17_repro_release/Janus_MoSSe_Current_ReproducibilityRelease_v2/SHA256SUMS.txt,janus_n17_repro_release/Janus_MoSSe_Current_ReproducibilityRelease_v2/SHA256SUMS.txt | janus_n17_repro_release/clean_replay/Janus_MoSSe_Current_ReproducibilityRelease_v2/SHA256SUMS.txt
DUP-0519,98bc5249229ea0d33c5929ad7a274742c98c325ac966ad3dc37c47301a27adc9,3,janus_n17_repro_release/Janus_MoSSe_Current_ReproducibilityRelease_v2/data/canonical/highT_dt_pairwise_z.csv,janus_n17_repro_release/Janus_MoSSe_Current_ReproducibilityRelease_v2/data/canonical/highT_dt_pairwise_z.csv | janus_n17_repro_release/clean_replay/Janus_MoSSe_Current_ReproducibilityRelease_v2/data/canonical/highT_dt_pairwise_z.csv | janus_redteam_gate/rtb01/highT_dt_pairwise_z.csv
DUP-0686,c92faf5a93f099c5bd692b0a8957e93d9e5083641793af09f3822feb985b78a2,3,janus_n17_repro_release/Janus_MoSSe_Current_ReproducibilityRelease_v2/data/canonical/initial_state_memory_loss.csv,janus_n17_repro_release/Janus_MoSSe_Current_ReproducibilityRelease_v2/data/canonical/initial_state_memory_loss.csv | janus_n17_repro_release/clean_replay/Janus_MoSSe_Current_ReproducibilityRelease_v2/data/canonical/initial_state_memory_loss.csv | janus_redteam_gate/rtb01/initial_state_memory_loss.csv
DUP-0786,e86bbbd0e479ea2d3e597dfab22ff320f8bd03c40ffec7c39bced3a6d88968d7,3,janus_n17_repro_release/Janus_MoSSe_Current_ReproducibilityRelease_v2/data/canonical/late_block_drift_two_seed.csv,janus_n17_repro_release/Janus_MoSSe_Current_ReproducibilityRelease_v2/data/canonical/late_block_drift_two_seed.csv | janus_n17_repro_release/clean_replay/Janus_MoSSe_Current_ReproducibilityRelease_v2/data/canonical/late_block_drift_two_seed.csv | janus_redteam_gate/rtb01/late_block_drift_two_seed.csv
DUP-0414,76bfc9c0790f77b5f1a5598b025ca0939f891b9cc4ed1abd30f6d261684eee90,3,janus_n17_repro_release/Janus_MoSSe_Current_ReproducibilityRelease_v2/data/canonical/measurement_length_sensitivity.csv,janus_n17_repro_release/Janus_MoSSe_Current_ReproducibilityRelease_v2/data/canonical/measurement_length_sensitivity.csv | janus_n17_repro_release/clean_replay/Janus_MoSSe_Current_ReproducibilityRelease_v2/data/canonical/measurement_length_sensitivity.csv | janus_redteam_gate/rtb01/measurement_length_sensitivity.csv
DUP-0199,38eafdfd2d2d035faed0f7f815f5aaca87e64fca8fdfb302ae18b593eb2bc900,4,janus_n17_repro_release/Janus_MoSSe_Current_ReproducibilityRelease_v2/data/canonical/redteam_gamma_sweep.csv,janus_n17_repro_release/Janus_MoSSe_Current_ReproducibilityRelease_v2/data/canonical/redteam_gamma_sweep.csv | janus_n17_repro_release/clean_replay/Janus_MoSSe_Current_ReproducibilityRelease_v2/data/canonical/redteam_gamma_sweep.csv | janus_n5_gate/redteam_gamma_sweep.csv | janus_redteam_gate/redteam_gamma_sweep.csv
DUP-0819,f36726f1e688ee58942cef301fa8dc11c9dc26c277da771546ed69521a71aa82,4,janus_n17_repro_release/Janus_MoSSe_Current_ReproducibilityRelease_v2/data/canonical/redteam_phase_preparation_sweep.csv,janus_n17_repro_release/Janus_MoSSe_Current_ReproducibilityRelease_v2/data/canonical/redteam_phase_preparation_sweep.csv | janus_n17_repro_release/clean_replay/Janus_MoSSe_Current_ReproducibilityRelease_v2/data/canonical/redteam_phase_preparation_sweep.csv | janus_n5_gate/redteam_phase_preparation_sweep.csv | janus_redteam_gate/redteam_phase_preparation_sweep.csv
DUP-0400,728954c7ca271e58840548bcdade21e79c1bc1956d8a36fddc45c802d42e29d9,3,janus_n17_repro_release/Janus_MoSSe_Current_ReproducibilityRelease_v2/data/canonical/stationary_current_two_seed_pooled.csv,janus_n17_repro_release/Janus_MoSSe_Current_ReproducibilityRelease_v2/data/canonical/stationary_current_two_seed_pooled.csv | janus_n17_repro_release/clean_replay/Janus_MoSSe_Current_ReproducibilityRelease_v2/data/canonical/stationary_current_two_seed_pooled.csv | janus_redteam_gate/rtb01/stationary_current_two_seed_pooled.csv
DUP-0182,34e9f08eab5a519a73c4f239edc6b308a8777355ee1c3db7d8dfa550d9b6bc6e,3,janus_n17_repro_release/Janus_MoSSe_Current_ReproducibilityRelease_v2/data/canonical/stationary_sign_target_bootstrap.csv,janus_n17_repro_release/Janus_MoSSe_Current_ReproducibilityRelease_v2/data/canonical/stationary_sign_target_bootstrap.csv | janus_n17_repro_release/clean_replay/Janus_MoSSe_Current_ReproducibilityRelease_v2/data/canonical/stationary_sign_target_bootstrap.csv | janus_redteam_gate/rtb01/stationary_sign_target_bootstrap.csv
DUP-0806,f08ef0ad8135ef4c6293a8561648310a0cb66650c169125be2c673093385c225,3,janus_n17_repro_release/Janus_MoSSe_Current_ReproducibilityRelease_v2/data/canonical/stationary_thermal_bootstrap_50k.csv,janus_n17_repro_release/Janus_MoSSe_Current_ReproducibilityRelease_v2/data/canonical/stationary_thermal_bootstrap_50k.csv | janus_n17_repro_release/clean_replay/Janus_MoSSe_Current_ReproducibilityRelease_v2/data/canonical/stationary_thermal_bootstrap_50k.csv | janus_redteam_gate/rtb01/stationary_thermal_bootstrap_50k.csv
DUP-0124,2467b8258a41e0e3c9d8c8a2b0fc101986dac8f523a5aa3fc0eeccf9195910f3,2,janus_n17_repro_release/Janus_MoSSe_Current_ReproducibilityRelease_v2/data/canonical/thermal_stationary_canonical.csv,janus_n17_repro_release/Janus_MoSSe_Current_ReproducibilityRelease_v2/data/canonical/thermal_stationary_canonical.csv | janus_n17_repro_release/clean_replay/Janus_MoSSe_Current_ReproducibilityRelease_v2/data/canonical/thermal_stationary_canonical.csv
DUP-0657,c13fb88c3d084b86c5fac9b1c354d6edb66ef1825c4cf68e2d0ba91b6e7bd7c9,3,janus_n17_repro_release/Janus_MoSSe_Current_ReproducibilityRelease_v2/data/canonical/thermal_stationary_series_N500.csv,janus_n17_repro_release/Janus_MoSSe_Current_ReproducibilityRelease_v2/data/canonical/thermal_stationary_series_N500.csv | janus_n17_repro_release/clean_replay/Janus_MoSSe_Current_ReproducibilityRelease_v2/data/canonical/thermal_stationary_series_N500.csv | janus_redteam_gate/rtb01/thermal_stationary_series_N500.csv
DUP-0574,a96eac87ba714d33b79fab5310d06e81a6542551ed93feec211f43d4b42b5de5,3,janus_n17_repro_release/Janus_MoSSe_Current_ReproducibilityRelease_v2/data/raw_thermal_stationary/cycles_T0.02_N500_C160_orbit_seed2026091900.npz,janus_n17_repro_release/Janus_MoSSe_Current_ReproducibilityRelease_v2/data/raw_thermal_stationary/cycles_T0.02_N500_C160_orbit_seed2026091900.npz | janus_n17_repro_release/clean_replay/Janus_MoSSe_Current_ReproducibilityRelease_v2/data/raw_thermal_stationary/cycles_T0.02_N500_C160_orbit_seed2026091900.npz | janus_redteam_gate/rtb01/cycles_T0.02_N500_C160_orbit_seed2026091900.npz
DUP-0450,819cff0882443a6e8e6577b0b99bb54ce4e000a047e776f0c3d51cff59e4d92f,3,janus_n17_repro_release/Janus_MoSSe_Current_ReproducibilityRelease_v2/data/raw_thermal_stationary/cycles_T0.04_N500_C160_orbit_seed2026091900.npz,janus_n17_repro_release/Janus_MoSSe_Current_ReproducibilityRelease_v2/data/raw_thermal_stationary/cycles_T0.04_N500_C160_orbit_seed2026091900.npz | janus_n17_repro_release/clean_replay/Janus_MoSSe_Current_ReproducibilityRelease_v2/data/raw_thermal_stationary/cycles_T0.04_N500_C160_orbit_seed2026091900.npz | janus_redteam_gate/rtb01/cycles_T0.04_N500_C160_orbit_seed2026091900.npz
DUP-0479,8b64e74a7207a10b1588cbee6b3d1a04a70210c054e7c248a966d6176a7de3d8,3,janus_n17_repro_release/Janus_MoSSe_Current_ReproducibilityRelease_v2/data/raw_thermal_stationary/cycles_T0.06_N500_C160_orbit_seed2026091900.npz,janus_n17_repro_release/Janus_MoSSe_Current_ReproducibilityRelease_v2/data/raw_thermal_stationary/cycles_T0.06_N500_C160_orbit_seed2026091900.npz | janus_n17_repro_release/clean_replay/Janus_MoSSe_Current_ReproducibilityRelease_v2/data/raw_thermal_stationary/cycles_T0.06_N500_C160_orbit_seed2026091900.npz | janus_redteam_gate/rtb01/cycles_T0.06_N500_C160_orbit_seed2026091900.npz
DUP-0332,5fe48ee8eccddd9e238cc6070efadbdf7eeb03cc4a57cb0e40f3972e56a13b6c,3,janus_n17_repro_release/Janus_MoSSe_Current_ReproducibilityRelease_v2/data/raw_thermal_stationary/cycles_T0.10_N500_C160_orbit_seed2026091900.npz,janus_n17_repro_release/Janus_MoSSe_Current_ReproducibilityRelease_v2/data/raw_thermal_stationary/cycles_T0.10_N500_C160_orbit_seed2026091900.npz | janus_n17_repro_release/clean_replay/Janus_MoSSe_Current_ReproducibilityRelease_v2/data/raw_thermal_stationary/cycles_T0.10_N500_C160_orbit_seed2026091900.npz | janus_redteam_gate/rtb01/cycles_T0.10_N500_C160_orbit_seed2026091900.npz
DUP-0275,4eb331c36b666348f6f1d45305fcfbdcfb81aecc4daf4e2c75449b8407ece79a,3,janus_n17_repro_release/Janus_MoSSe_Current_ReproducibilityRelease_v2/data/raw_thermal_stationary/cycles_T0.16_N500_C160_orbit_seed2026091900.npz,janus_n17_repro_release/Janus_MoSSe_Current_ReproducibilityRelease_v2/data/raw_thermal_stationary/cycles_T0.16_N500_C160_orbit_seed2026091900.npz | janus_n17_repro_release/clean_replay/Janus_MoSSe_Current_ReproducibilityRelease_v2/data/raw_thermal_stationary/cycles_T0.16_N500_C160_orbit_seed2026091900.npz | janus_redteam_gate/rtb01/cycles_T0.16_N500_C160_orbit_seed2026091900.npz
DUP-0306,580ebcb9d5b683de81ed77851cd33e3314059fb123c556c8f8017080b0e1a270,3,janus_n17_repro_release/Janus_MoSSe_Current_ReproducibilityRelease_v2/data/raw_thermal_stationary/cycles_T0.24_N500_C160_orbit_seed2026091900.npz,janus_n17_repro_release/Janus_MoSSe_Current_ReproducibilityRelease_v2/data/raw_thermal_stationary/cycles_T0.24_N500_C160_orbit_seed2026091900.npz | janus_n17_repro_release/clean_replay/Janus_MoSSe_Current_ReproducibilityRelease_v2/data/raw_thermal_stationary/cycles_T0.24_N500_C160_orbit_seed2026091900.npz | janus_redteam_gate/rtb01/cycles_T0.24_N500_C160_orbit_seed2026091900.npz
DUP-0140,284062d5defea74e83058d288c719f47c20be4cf4726cc92eaf1514cce3f137c,3,janus_n17_repro_release/Janus_MoSSe_Current_ReproducibilityRelease_v2/data/raw_thermal_stationary/cycles_T0.32_N500_C160_orbit_seed2026091900.npz,janus_n17_repro_release/Janus_MoSSe_Current_ReproducibilityRelease_v2/data/raw_thermal_stationary/cycles_T0.32_N500_C160_orbit_seed2026091900.npz | janus_n17_repro_release/clean_replay/Janus_MoSSe_Current_ReproducibilityRelease_v2/data/raw_thermal_stationary/cycles_T0.32_N500_C160_orbit_seed2026091900.npz | janus_redteam_gate/rtb01/cycles_T0.32_N500_C160_orbit_seed2026091900.npz
DUP-0754,e119a7546ee26d0ba2eed6f2e49474e34a0d04635c5d496524e9b3b946a89376,3,janus_n17_repro_release/Janus_MoSSe_Current_ReproducibilityRelease_v2/data/raw_thermal_stationary/cycles_T0.50_N500_C160_orbit_seed2026091900.npz,janus_n17_repro_release/Janus_MoSSe_Current_ReproducibilityRelease_v2/data/raw_thermal_stationary/cycles_T0.50_N500_C160_orbit_seed2026091900.npz | janus_n17_repro_release/clean_replay/Janus_MoSSe_Current_ReproducibilityRelease_v2/data/raw_thermal_stationary/cycles_T0.50_N500_C160_orbit_seed2026091900.npz | janus_redteam_gate/rtb01/cycles_T0.50_N500_C160_orbit_seed2026091900.npz
DUP-0830,f784b3b6a5c3c09892129aca6ed992f5c156ad2e92dc778aadf94b1c012043d0,3,janus_n17_repro_release/Janus_MoSSe_Current_ReproducibilityRelease_v2/data/raw_thermal_stationary/cycles_T0.50_N500_C160_orbit_seed2026101900.npz,janus_n17_repro_release/Janus_MoSSe_Current_ReproducibilityRelease_v2/data/raw_thermal_stationary/cycles_T0.50_N500_C160_orbit_seed2026101900.npz | janus_n17_repro_release/clean_replay/Janus_MoSSe_Current_ReproducibilityRelease_v2/data/raw_thermal_stationary/cycles_T0.50_N500_C160_orbit_seed2026101900.npz | janus_redteam_gate/rtb01/cycles_T0.50_N500_C160_orbit_seed2026101900.npz
DUP-0530,9a51e07a7892d7a3e7803350176257ec803e9b9952339d3ee93691f623ed45da,3,janus_n17_repro_release/Janus_MoSSe_Current_ReproducibilityRelease_v2/data/raw_thermal_stationary/cycles_T0.55_N500_C160_orbit_seed2026091900.npz,janus_n17_repro_release/Janus_MoSSe_Current_ReproducibilityRelease_v2/data/raw_thermal_stationary/cycles_T0.55_N500_C160_orbit_seed2026091900.npz | janus_n17_repro_release/clean_replay/Janus_MoSSe_Current_ReproducibilityRelease_v2/data/raw_thermal_stationary/cycles_T0.55_N500_C160_orbit_seed2026091900.npz | janus_redteam_gate/rtb01/cycles_T0.55_N500_C160_orbit_seed2026091900.npz
DUP-0258,4b323320810b04b0185c9ad995be8b3069b6c52a538013097c51e5865f01778c,3,janus_n17_repro_release/Janus_MoSSe_Current_ReproducibilityRelease_v2/data/raw_thermal_stationary/cycles_T0.55_N500_C160_orbit_seed2026101900.npz,janus_n17_repro_release/Janus_MoSSe_Current_ReproducibilityRelease_v2/data/raw_thermal_stationary/cycles_T0.55_N500_C160_orbit_seed2026101900.npz | janus_n17_repro_release/clean_replay/Janus_MoSSe_Current_ReproducibilityRelease_v2/data/raw_thermal_stationary/cycles_T0.55_N500_C160_orbit_seed2026101900.npz | janus_redteam_gate/rtb01/cycles_T0.55_N500_C160_orbit_seed2026101900.npz
DUP-0343,628f55521a97b801b185817271dfce398a182654ec31a0773f80ed0d900f51ee,3,janus_n17_repro_release/Janus_MoSSe_Current_ReproducibilityRelease_v2/data/raw_thermal_stationary/cycles_T0.60_N500_C160_orbit_seed2026091900.npz,janus_n17_repro_release/Janus_MoSSe_Current_ReproducibilityRelease_v2/data/raw_thermal_stationary/cycles_T0.60_N500_C160_orbit_seed2026091900.npz | janus_n17_repro_release/clean_replay/Janus_MoSSe_Current_ReproducibilityRelease_v2/data/raw_thermal_stationary/cycles_T0.60_N500_C160_orbit_seed2026091900.npz | janus_redteam_gate/rtb01/cycles_T0.60_N500_C160_orbit_seed2026091900.npz
DUP-0512,972703a6235733491fbac1175cb0440f2db70ea89df51e3b64c8981c7c63a277,3,janus_n17_repro_release/Janus_MoSSe_Current_ReproducibilityRelease_v2/data/raw_thermal_stationary/cycles_T0.60_N500_C160_orbit_seed2026101900.npz,janus_n17_repro_release/Janus_MoSSe_Current_ReproducibilityRelease_v2/data/raw_thermal_stationary/cycles_T0.60_N500_C160_orbit_seed2026101900.npz | janus_n17_repro_release/clean_replay/Janus_MoSSe_Current_ReproducibilityRelease_v2/data/raw_thermal_stationary/cycles_T0.60_N500_C160_orbit_seed2026101900.npz | janus_redteam_gate/rtb01/cycles_T0.60_N500_C160_orbit_seed2026101900.npz
DUP-0606,b247e7109fe2fe08effcd6c2ff90038683e52fa80043aade89b6f3f9cb6860de,3,janus_n17_repro_release/Janus_MoSSe_Current_ReproducibilityRelease_v2/data/raw_thermal_stationary/cycles_T0.65_N500_C160_orbit_seed2026091900.npz,janus_n17_repro_release/Janus_MoSSe_Current_ReproducibilityRelease_v2/data/raw_thermal_stationary/cycles_T0.65_N500_C160_orbit_seed2026091900.npz | janus_n17_repro_release/clean_replay/Janus_MoSSe_Current_ReproducibilityRelease_v2/data/raw_thermal_stationary/cycles_T0.65_N500_C160_orbit_seed2026091900.npz | janus_redteam_gate/rtb01/cycles_T0.65_N500_C160_orbit_seed2026091900.npz
DUP-0341,61e19a74c56f75c6a943e754d2ceb4b470c7471cf79afab33e1bb8ce617572db,3,janus_n17_repro_release/Janus_MoSSe_Current_ReproducibilityRelease_v2/data/raw_thermal_stationary/cycles_T0.65_N500_C160_orbit_seed2026101900.npz,janus_n17_repro_release/Janus_MoSSe_Current_ReproducibilityRelease_v2/data/raw_thermal_stationary/cycles_T0.65_N500_C160_orbit_seed2026101900.npz | janus_n17_repro_release/clean_replay/Janus_MoSSe_Current_ReproducibilityRelease_v2/data/raw_thermal_stationary/cycles_T0.65_N500_C160_orbit_seed2026101900.npz | janus_redteam_gate/rtb01/cycles_T0.65_N500_C160_orbit_seed2026101900.npz
DUP-0455,826011643e691a8a4f50833753fcd079d318d7c051dcecd0626bd440032eb5e3,3,janus_n17_repro_release/Janus_MoSSe_Current_ReproducibilityRelease_v2/data/raw_thermal_stationary/cycles_T0.70_N500_C160_orbit_seed2026091900.npz,janus_n17_repro_release/Janus_MoSSe_Current_ReproducibilityRelease_v2/data/raw_thermal_stationary/cycles_T0.70_N500_C160_orbit_seed2026091900.npz | janus_n17_repro_release/clean_replay/Janus_MoSSe_Current_ReproducibilityRelease_v2/data/raw_thermal_stationary/cycles_T0.70_N500_C160_orbit_seed2026091900.npz | janus_redteam_gate/rtb01/cycles_T0.70_N500_C160_orbit_seed2026091900.npz
DUP-0415,7735c477c1f362248a67b1465760381697bb4498412725c6b034e7a2a83459ac,3,janus_n17_repro_release/Janus_MoSSe_Current_ReproducibilityRelease_v2/data/raw_thermal_stationary/cycles_T0.70_N500_C160_orbit_seed2026101900.npz,janus_n17_repro_release/Janus_MoSSe_Current_ReproducibilityRelease_v2/data/raw_thermal_stationary/cycles_T0.70_N500_C160_orbit_seed2026101900.npz | janus_n17_repro_release/clean_replay/Janus_MoSSe_Current_ReproducibilityRelease_v2/data/raw_thermal_stationary/cycles_T0.70_N500_C160_orbit_seed2026101900.npz | janus_redteam_gate/rtb01/cycles_T0.70_N500_C160_orbit_seed2026101900.npz
DUP-0827,f658d44610a06a8617ad807f8ddad30b182c043a817aedbe916e258252d62511,2,janus_n17_repro_release/Janus_MoSSe_Current_ReproducibilityRelease_v2/data/raw_thermal_stationary/stationary_thermal_trajectory_raw.csv,janus_n17_repro_release/Janus_MoSSe_Current_ReproducibilityRelease_v2/data/raw_thermal_stationary/stationary_thermal_trajectory_raw.csv | janus_n17_repro_release/clean_replay/Janus_MoSSe_Current_ReproducibilityRelease_v2/data/raw_thermal_stationary/stationary_thermal_trajectory_raw.csv
DUP-0431,7d121ae4c0d8d33566b41b572a1b415371ec69ea78960ab8fa9878a6aa4e7962,3,janus_n17_repro_release/Janus_MoSSe_Current_ReproducibilityRelease_v2/provenance_scripts/thermal_stationarity_analysis_provenance.py,janus_n17_repro_release/Janus_MoSSe_Current_ReproducibilityRelease_v2/provenance_scripts/thermal_stationarity_analysis_provenance.py | janus_n17_repro_release/clean_replay/Janus_MoSSe_Current_ReproducibilityRelease_v2/provenance_scripts/thermal_stationarity_analysis_provenance.py | janus_redteam_gate/rtb01_analyze_cycles.py
DUP-0658,c19d1798c42ad32c17474519613f726ee8f50bd71948edf95d33194665efc8b9,3,janus_n17_repro_release/Janus_MoSSe_Current_ReproducibilityRelease_v2/provenance_scripts/thermal_stationarity_sim_provenance.py,janus_n17_repro_release/Janus_MoSSe_Current_ReproducibilityRelease_v2/provenance_scripts/thermal_stationarity_sim_provenance.py | janus_n17_repro_release/clean_replay/Janus_MoSSe_Current_ReproducibilityRelease_v2/provenance_scripts/thermal_stationarity_sim_provenance.py | janus_redteam_gate/rtb01_sim_one.py
DUP-0211,3d12fce9718f47cc3e70ee81574b7e814d2c982cddc490c6fff5006a9731aba6,2,janus_n17_repro_release/Janus_MoSSe_Current_ReproducibilityRelease_v2/recompute_stationary_thermal.py,janus_n17_repro_release/Janus_MoSSe_Current_ReproducibilityRelease_v2/recompute_stationary_thermal.py | janus_n17_repro_release/clean_replay/Janus_MoSSe_Current_ReproducibilityRelease_v2/recompute_stationary_thermal.py
DUP-0333,5fe5b1423565417de70c87f094c0993c46d205482a4b0a3e685206208cf745d1,2,janus_n17_repro_release/Janus_MoSSe_Current_ReproducibilityRelease_v2/reports/AUDIT_RESOLUTION_REPORT.md,janus_n17_repro_release/Janus_MoSSe_Current_ReproducibilityRelease_v2/reports/AUDIT_RESOLUTION_REPORT.md | janus_n17_repro_release/clean_replay/Janus_MoSSe_Current_ReproducibilityRelease_v2/reports/AUDIT_RESOLUTION_REPORT.md
DUP-0007,01b591dcad6f4e74eb78e995f051694fa02789fc5a8c329c7733ba713c4b675e,2,janus_n17_repro_release/Janus_MoSSe_Current_ReproducibilityRelease_v2/validate_release.py,janus_n17_repro_release/Janus_MoSSe_Current_ReproducibilityRelease_v2/validate_release.py | janus_n17_repro_release/clean_replay/Janus_MoSSe_Current_ReproducibilityRelease_v2/validate_release.py
DUP-0848,fd2a151a9a9a39efe5a88b84eaa7173ef1097f57fe805d22d8bd5dc47cbac167,3,janus_n19_acs_submission/reproducibility/Janus_MoSSe_Current_ReproducibilityRelease_v2.zip,janus_n17_repro_release/Janus_MoSSe_Current_ReproducibilityRelease_v2.zip | janus_n19_acs_submission/delivery/reproducibility/Janus_MoSSe_Current_ReproducibilityRelease_v2.zip | janus_n19_acs_submission/reproducibility/Janus_MoSSe_Current_ReproducibilityRelease_v2.zip
DUP-0150,2c51fb25d9bb322468aa7aa8aedd4d138b37d9c66ea23810a56b9ef797497c84,4,janus_n17_upstream_strengthening/render_si/page-1.png,janus_n17_upstream_strengthening/render_si/page-1.png | janus_n17_upstream_strengthening/render_si_final/page-1.png | janus_n17_upstream_strengthening/render_si_final2/page-1.png | janus_n17_upstream_strengthening/render_si_fixed/page-1.png
DUP-0566,a59d10be1320a4b6d07ad809f1b02cac1f483328ce79b022807012835998c6c7,4,janus_n17_upstream_strengthening/render_si/page-2.png,janus_n17_upstream_strengthening/render_si/page-2.png | janus_n17_upstream_strengthening/render_si_final/page-2.png | janus_n17_upstream_strengthening/render_si_final2/page-2.png | janus_n17_upstream_strengthening/render_si_fixed/page-2.png
DUP-0203,3a8c1b537379f803b7ba36f7a3764af8962c59dd98649399667b5bef50838659,3,janus_n17_upstream_strengthening/render_si_final/page-3.png,janus_n17_upstream_strengthening/render_si_final/page-3.png | janus_n17_upstream_strengthening/render_si_final2/page-3.png | janus_n17_upstream_strengthening/render_si_fixed/page-3.png
DUP-0046,0d9a9ccf908ece2e0e043fac62a094c70452cbb2b119d698730eab21ba9a9f06,2,janus_n17_upstream_strengthening/render_si_final/page-4.png,janus_n17_upstream_strengthening/render_si_final/page-4.png | janus_n17_upstream_strengthening/render_si_final2/page-4.png
DUP-0765,e323a5241525b4174004378247969467e3769d7830d00ab47403cba7a61f7379,3,janus_n19_acs_submission/artwork/figures/Figure_1_symmetry_contracts.eps,janus_n18_publication_figures/figures/Figure_1_symmetry_contracts.eps | janus_n19_acs_submission/artwork/figures/Figure_1_symmetry_contracts.eps | janus_n19_acs_submission/delivery/artwork/figures/Figure_1_symmetry_contracts.eps
DUP-0418,78983e66b36f9d8e34b5b278c747dacc3853ddd74041d3d77f03baef32a71a78,3,janus_n19_acs_submission/artwork/figures/Figure_1_symmetry_contracts.png,janus_n18_publication_figures/figures/Figure_1_symmetry_contracts.png | janus_n19_acs_submission/artwork/figures/Figure_1_symmetry_contracts.png | janus_n19_acs_submission/delivery/artwork/figures/Figure_1_symmetry_contracts.png
DUP-0403,73701f66b5b6335819b7715eb8b993871f9e7325eb779f5265bf048e918a9fb3,3,janus_n19_acs_submission/artwork/figures/Figure_1_symmetry_contracts.svg,janus_n18_publication_figures/figures/Figure_1_symmetry_contracts.svg | janus_n19_acs_submission/artwork/figures/Figure_1_symmetry_contracts.svg | janus_n19_acs_submission/delivery/artwork/figures/Figure_1_symmetry_contracts.svg
DUP-0828,f76df52a0ade6a794b655eea93ffa9acd4e3b5aef68cc12bd28f6e9a94b07193,3,janus_n19_acs_submission/artwork/figures/Figure_1_symmetry_contracts.tif,janus_n18_publication_figures/figures/Figure_1_symmetry_contracts.tif | janus_n19_acs_submission/artwork/figures/Figure_1_symmetry_contracts.tif | janus_n19_acs_submission/delivery/artwork/figures/Figure_1_symmetry_contracts.tif
DUP-0390,702c7df4c95b846a7182cb851e2f32ef747bb1396a3f2fb512805fd1083b7476,3,janus_n19_acs_submission/artwork/figures/Figure_2_branch_resolved_depinning.eps,janus_n18_publication_figures/figures/Figure_2_branch_resolved_depinning.eps | janus_n19_acs_submission/artwork/figures/Figure_2_branch_resolved_depinning.eps | janus_n19_acs_submission/delivery/artwork/figures/Figure_2_branch_resolved_depinning.eps
DUP-0442,7fc2cc1849fdb34cc963bfdf8026efc8afc701d2ac661e64c04b06ec4ce789c5,3,janus_n19_acs_submission/artwork/figures/Figure_2_branch_resolved_depinning.png,janus_n18_publication_figures/figures/Figure_2_branch_resolved_depinning.png | janus_n19_acs_submission/artwork/figures/Figure_2_branch_resolved_depinning.png | janus_n19_acs_submission/delivery/artwork/figures/Figure_2_branch_resolved_depinning.png
DUP-0682,c82fd74dc6ed6253c6d11a992c616a9178b57c3caf39abc2981783930ad74dc2,3,janus_n19_acs_submission/artwork/figures/Figure_2_branch_resolved_depinning.svg,janus_n18_publication_figures/figures/Figure_2_branch_resolved_depinning.svg | janus_n19_acs_submission/artwork/figures/Figure_2_branch_resolved_depinning.svg | janus_n19_acs_submission/delivery/artwork/figures/Figure_2_branch_resolved_depinning.svg
DUP-0129,2598bb850125edcb56b7371fbffa43e1892d836dfc95fe39e0f9b5e303e25adc,3,janus_n19_acs_submission/artwork/figures/Figure_2_branch_resolved_depinning.tif,janus_n18_publication_figures/figures/Figure_2_branch_resolved_depinning.tif | janus_n19_acs_submission/artwork/figures/Figure_2_branch_resolved_depinning.tif | janus_n19_acs_submission/delivery/artwork/figures/Figure_2_branch_resolved_depinning.tif
DUP-0328,5f136d10b0fbc37d98d23ca95faf55b8290eba3256e43eb6451e31cef3bf919e,3,janus_n19_acs_submission/artwork/figures/Figure_3_extended_size_shape_similarity.eps,janus_n18_publication_figures/figures/Figure_3_extended_size_shape_similarity.eps | janus_n19_acs_submission/artwork/figures/Figure_3_extended_size_shape_similarity.eps | janus_n19_acs_submission/delivery/artwork/figures/Figure_3_extended_size_shape_similarity.eps
DUP-0514,9798acd7cc8752feb6af8d81bf5c4e917c79b9f87d7ec988eb1914b9d8361efe,3,janus_n19_acs_submission/artwork/figures/Figure_3_extended_size_shape_similarity.png,janus_n18_publication_figures/figures/Figure_3_extended_size_shape_similarity.png | janus_n19_acs_submission/artwork/figures/Figure_3_extended_size_shape_similarity.png | janus_n19_acs_submission/delivery/artwork/figures/Figure_3_extended_size_shape_similarity.png
DUP-0093,1c00a875ed0ac30f361ea7d8be76f6c917132c3d148c304e3869a27d84d2ae91,3,janus_n19_acs_submission/artwork/figures/Figure_3_extended_size_shape_similarity.svg,janus_n18_publication_figures/figures/Figure_3_extended_size_shape_similarity.svg | janus_n19_acs_submission/artwork/figures/Figure_3_extended_size_shape_similarity.svg | janus_n19_acs_submission/delivery/artwork/figures/Figure_3_extended_size_shape_similarity.svg
DUP-0772,e43840fb92eb42daee06f3635d45e3f33a6b3efdae775254a2bb45b2d8591a14,3,janus_n19_acs_submission/artwork/figures/Figure_3_extended_size_shape_similarity.tif,janus_n18_publication_figures/figures/Figure_3_extended_size_shape_similarity.tif | janus_n19_acs_submission/artwork/figures/Figure_3_extended_size_shape_similarity.tif | janus_n19_acs_submission/delivery/artwork/figures/Figure_3_extended_size_shape_similarity.tif
DUP-0235,4414efa5a28fdbf2d75551a31b6db7bdf2ac44aec8422e4ec5be6a5a97c40e59,3,janus_n19_acs_submission/artwork/figures/Figure_4_boundary_registry_switching.eps,janus_n18_publication_figures/figures/Figure_4_boundary_registry_switching.eps | janus_n19_acs_submission/artwork/figures/Figure_4_boundary_registry_switching.eps | janus_n19_acs_submission/delivery/artwork/figures/Figure_4_boundary_registry_switching.eps
DUP-0540,9eb4f2e7fbadc1dc3089ca72008430014657f440c8c606f0f976f9c630904b82,3,janus_n19_acs_submission/artwork/figures/Figure_4_boundary_registry_switching.png,janus_n18_publication_figures/figures/Figure_4_boundary_registry_switching.png | janus_n19_acs_submission/artwork/figures/Figure_4_boundary_registry_switching.png | janus_n19_acs_submission/delivery/artwork/figures/Figure_4_boundary_registry_switching.png
DUP-0547,9fe9726ae96a0db4b542d83cdede5e16f83dc2a65ef184de6a088fc791b05e47,3,janus_n19_acs_submission/artwork/figures/Figure_4_boundary_registry_switching.svg,janus_n18_publication_figures/figures/Figure_4_boundary_registry_switching.svg | janus_n19_acs_submission/artwork/figures/Figure_4_boundary_registry_switching.svg | janus_n19_acs_submission/delivery/artwork/figures/Figure_4_boundary_registry_switching.svg
DUP-0389,7001c846195872f65ad409c7147a0381efa90e25e83ae3486a2bd2a0cb89acf8,3,janus_n19_acs_submission/artwork/figures/Figure_4_boundary_registry_switching.tif,janus_n18_publication_figures/figures/Figure_4_boundary_registry_switching.tif | janus_n19_acs_submission/artwork/figures/Figure_4_boundary_registry_switching.tif | janus_n19_acs_submission/delivery/artwork/figures/Figure_4_boundary_registry_switching.tif
DUP-0410,7591fecc7a2dcdc33743e7f4ea51d5c2c2012c5efbe7de50a90ac166b572ade1,3,janus_n19_acs_submission/artwork/figures/Figure_5_vector_mode_map_floquet.eps,janus_n18_publication_figures/figures/Figure_5_vector_mode_map_floquet.eps | janus_n19_acs_submission/artwork/figures/Figure_5_vector_mode_map_floquet.eps | janus_n19_acs_submission/delivery/artwork/figures/Figure_5_vector_mode_map_floquet.eps
DUP-0273,4e20599f45316c220e8c773e2e02294b4972751a9c656351632d35a9bbd91657,3,janus_n19_acs_submission/artwork/figures/Figure_5_vector_mode_map_floquet.png,janus_n18_publication_figures/figures/Figure_5_vector_mode_map_floquet.png | janus_n19_acs_submission/artwork/figures/Figure_5_vector_mode_map_floquet.png | janus_n19_acs_submission/delivery/artwork/figures/Figure_5_vector_mode_map_floquet.png
DUP-0104,1e3671e015d0038f8e5b13dc26a1d087ce5a956603e9429d5ade81139e37d782,3,janus_n19_acs_submission/artwork/figures/Figure_5_vector_mode_map_floquet.svg,janus_n18_publication_figures/figures/Figure_5_vector_mode_map_floquet.svg | janus_n19_acs_submission/artwork/figures/Figure_5_vector_mode_map_floquet.svg | janus_n19_acs_submission/delivery/artwork/figures/Figure_5_vector_mode_map_floquet.svg
DUP-0605,b1bd679881357a41d15165c8d4381af288ec51e6015b36a098fd21394406ea0b,3,janus_n19_acs_submission/artwork/figures/Figure_5_vector_mode_map_floquet.tif,janus_n18_publication_figures/figures/Figure_5_vector_mode_map_floquet.tif | janus_n19_acs_submission/artwork/figures/Figure_5_vector_mode_map_floquet.tif | janus_n19_acs_submission/delivery/artwork/figures/Figure_5_vector_mode_map_floquet.tif
DUP-0508,964dd655fbcd2c8dfd01b00aae1782a417aae3a607db62b653b62436c5b94b3c,3,janus_n19_acs_submission/artwork/figures/Figure_6_thermal_stationary_hierarchy.eps,janus_n18_publication_figures/figures/Figure_6_thermal_stationary_hierarchy.eps | janus_n19_acs_submission/artwork/figures/Figure_6_thermal_stationary_hierarchy.eps | janus_n19_acs_submission/delivery/artwork/figures/Figure_6_thermal_stationary_hierarchy.eps
DUP-0295,558d1863a8d76cf9871a743cbde4a0f845b1a69553028239033f9d3a38190186,3,janus_n19_acs_submission/artwork/figures/Figure_6_thermal_stationary_hierarchy.png,janus_n18_publication_figures/figures/Figure_6_thermal_stationary_hierarchy.png | janus_n19_acs_submission/artwork/figures/Figure_6_thermal_stationary_hierarchy.png | janus_n19_acs_submission/delivery/artwork/figures/Figure_6_thermal_stationary_hierarchy.png
DUP-0351,6446da7297453fb26a7c2936802f6ae6fb67378bd359b7d6bb518ab63fd88050,3,janus_n19_acs_submission/artwork/figures/Figure_6_thermal_stationary_hierarchy.svg,janus_n18_publication_figures/figures/Figure_6_thermal_stationary_hierarchy.svg | janus_n19_acs_submission/artwork/figures/Figure_6_thermal_stationary_hierarchy.svg | janus_n19_acs_submission/delivery/artwork/figures/Figure_6_thermal_stationary_hierarchy.svg
DUP-0486,8ea58c142b0ea28cefbc06ded6a1a294c9959624aab43da250a41dccd931e496,3,janus_n19_acs_submission/artwork/figures/Figure_6_thermal_stationary_hierarchy.tif,janus_n18_publication_figures/figures/Figure_6_thermal_stationary_hierarchy.tif | janus_n19_acs_submission/artwork/figures/Figure_6_thermal_stationary_hierarchy.tif | janus_n19_acs_submission/delivery/artwork/figures/Figure_6_thermal_stationary_hierarchy.tif
DUP-0640,bc1ff9f77b8938242c443aa141e9b9f35b9a0b2eeea67a21eeb6442db6c9b277,2,janus_n18_publication_figures/render_v6/page-10.png,janus_n18_publication_figures/render_v6/page-10.png | janus_n18_publication_figures/render_v7/page-10.png
DUP-0696,cc7af07421e2ef229a44badebcc38778c193f4b01ef429271e474186e0e30096,2,janus_n18_publication_figures/render_v6/page-11.png,janus_n18_publication_figures/render_v6/page-11.png | janus_n18_publication_figures/render_v7/page-11.png
DUP-0367,6858ecde4504d48c0a2975639df0b0ed2e2e5121aee9feca2b84ae95ee2ebaf8,2,janus_n18_publication_figures/render_v6/page-6.png,janus_n18_publication_figures/render_v6/page-6.png | janus_n18_publication_figures/render_v7/page-6.png
DUP-0298,564055910be4986e5a6d5ed32ba3b688e6743b4edbbd7b19e91c4a75f7715ba3,2,janus_n18_publication_figures/render_v6/page-7.png,janus_n18_publication_figures/render_v6/page-7.png | janus_n18_publication_figures/render_v7/page-7.png
DUP-0522,98f4da954193c05d83cdfcaeca82bf5a795dab71c81b47d0c0c020aa427d7f85,2,janus_n18_publication_figures/render_v6/page-8.png,janus_n18_publication_figures/render_v6/page-8.png | janus_n18_publication_figures/render_v7/page-8.png
DUP-0668,c45cb95b2d087aa26c87d82f5e3abf62a79ad3e8d0fe7bb4a3966aca5cfccfab,2,janus_n18_publication_figures/render_v6/page-9.png,janus_n18_publication_figures/render_v6/page-9.png | janus_n18_publication_figures/render_v7/page-9.png
DUP-0616,b33049e120895ac4368c291fbfac3e3f3eb28f8b280728e2f8f7bc86d6e7862f,2,janus_n19_acs_submission/ACS_Nano_Initial_Submission_Manuscript.docx,janus_n19_acs_submission/ACS_Nano_Initial_Submission_Manuscript.docx | janus_n19_acs_submission/delivery/ACS_Nano_Initial_Submission_Manuscript.docx
DUP-0034,0ab24f532e49886c0145461bc68ecf71fde8d8efbeecc16bd3560810779348df,3,janus_n19_acs_submission/ACS_Nano_Initial_Submission_Manuscript.pdf,janus_n19_acs_submission/ACS_Nano_Initial_Submission_Manuscript.pdf | janus_n19_acs_submission/delivery/ACS_Nano_Initial_Submission_Manuscript.pdf | janus_n19_acs_submission/render_main3/ACS_Nano_Initial_Submission_Manuscript.pdf
DUP-0181,34d9cfa229f85747252bb011dd439e567d80fb725e85347ac0e98c65acb34d49,2,janus_n19_acs_submission/ACS_Nano_Supporting_Information.docx,janus_n19_acs_submission/ACS_Nano_Supporting_Information.docx | janus_n19_acs_submission/delivery/ACS_Nano_Supporting_Information.docx
DUP-0255,4aa9127333bf7b50def644d09584a82aade297cca0f0080064cf279a17b52ae4,3,janus_n19_acs_submission/ACS_Nano_Supporting_Information.pdf,janus_n19_acs_submission/ACS_Nano_Supporting_Information.pdf | janus_n19_acs_submission/delivery/ACS_Nano_Supporting_Information.pdf | janus_n19_acs_submission/render_si2/ACS_Nano_Supporting_Information.pdf
DUP-0271,4d5ac65adbb96989305bfa14938a6d79493ca3106e1a8156a3e4a3d30d9cec12,2,janus_n19_acs_submission/README_SUBMISSION_PACKAGE.md,janus_n19_acs_submission/README_SUBMISSION_PACKAGE.md | janus_n19_acs_submission/delivery/README_SUBMISSION_PACKAGE.md
DUP-0269,4d10427e13533214b985ef9f1a0e5dc8cd0a7a3e512425315e46da3e418d242d,2,janus_n19_acs_submission/SUBMISSION_METADATA_REQUIRED.md,janus_n19_acs_submission/SUBMISSION_METADATA_REQUIRED.md | janus_n19_acs_submission/delivery/SUBMISSION_METADATA_REQUIRED.md
DUP-0799,ed0006e7c46ed0bc5096020c6ea4a7d6518e7172573aeba999575d91c0cf06ec,3,janus_n19_acs_submission/toc/ACS_Nano_TOC_Graphic.eps,janus_n19_acs_submission/artwork/toc/ACS_Nano_TOC_Graphic.eps | janus_n19_acs_submission/delivery/artwork/toc/ACS_Nano_TOC_Graphic.eps | janus_n19_acs_submission/toc/ACS_Nano_TOC_Graphic.eps
DUP-0831,f81a559f0d9c75e4db976e9785c9b18cac0902ff8a57dc89f46a9f975ef908ec,2,janus_n19_acs_submission/toc/ACS_Nano_TOC_Graphic.png,janus_n19_acs_submission/artwork/toc/ACS_Nano_TOC_Graphic.png | janus_n19_acs_submission/toc/ACS_Nano_TOC_Graphic.png
DUP-0722,d1f039c6b3a3f1365d43a79d0ae4d08080dd3ab29365773e79874be722bf7bcc,3,janus_n19_acs_submission/toc/ACS_Nano_TOC_Graphic.tif,janus_n19_acs_submission/artwork/toc/ACS_Nano_TOC_Graphic.tif | janus_n19_acs_submission/delivery/artwork/toc/ACS_Nano_TOC_Graphic.tif | janus_n19_acs_submission/toc/ACS_Nano_TOC_Graphic.tif
DUP-0437,7f152f4022b253e6b50b26747d9b0488be932e21a753397b8dd344888afc3c63,2,janus_n19_acs_submission/cover_letter/ACS_Nano_Cover_Letter_DRAFT.docx,janus_n19_acs_submission/cover_letter/ACS_Nano_Cover_Letter_DRAFT.docx | janus_n19_acs_submission/delivery/cover_letter/ACS_Nano_Cover_Letter_DRAFT.docx
DUP-0176,345193a79fe9ba6db4d1b4cf65d56686aaac8b0c288bb0030f684fdf7a57ba5a,3,janus_n19_acs_submission/cover_letter/ACS_Nano_Cover_Letter_DRAFT.pdf,janus_n19_acs_submission/cover_letter/ACS_Nano_Cover_Letter_DRAFT.pdf | janus_n19_acs_submission/cover_letter/render2/ACS_Nano_Cover_Letter_DRAFT.pdf | janus_n19_acs_submission/delivery/cover_letter/ACS_Nano_Cover_Letter_DRAFT.pdf
DUP-0805,f052202d71dbec244578be153a03b500039dc34dfe6b855aee57efc7d01bf5b0,2,janus_n19_acs_submission/toc/TOC_GRAPHIC_PROVENANCE.md,janus_n19_acs_submission/delivery/artwork/toc/TOC_GRAPHIC_PROVENANCE.md | janus_n19_acs_submission/toc/TOC_GRAPHIC_PROVENANCE.md
DUP-0791,e9e743fdee963a1b0a389f6a091610ca8db9881f8b4855723bd9f909f677e966,2,janus_n19_acs_submission/qa/ACS_NANO_INITIAL_SUBMISSION_AUDIT_REPORT.md,janus_n19_acs_submission/delivery/qa/ACS_NANO_INITIAL_SUBMISSION_AUDIT_REPORT.md | janus_n19_acs_submission/qa/ACS_NANO_INITIAL_SUBMISSION_AUDIT_REPORT.md
DUP-0026,0831f5118d7ac67a428520fe939bfce71b28f5176ddd23be6225183026bb5723,2,janus_n19_acs_submission/qa/N19_GATE_SUMMARY.json,janus_n19_acs_submission/delivery/qa/N19_GATE_SUMMARY.json | janus_n19_acs_submission/qa/N19_GATE_SUMMARY.json
DUP-0676,c65c2fcf8b3fa3dde37b0167f5d2429ce2e992695d1bff33fc8f14451812ac1d,2,janus_n19_acs_submission/qa/deterministic_submission_audit.json,janus_n19_acs_submission/delivery/qa/deterministic_submission_audit.json | janus_n19_acs_submission/qa/deterministic_submission_audit.json
DUP-0647,bd93a9b59724e923383760675a469d747a69b25f07dc399c04468271395b5b07,2,janus_n19_acs_submission/qa/submission_manifest.json,janus_n19_acs_submission/delivery/qa/submission_manifest.json | janus_n19_acs_submission/qa/submission_manifest.json
DUP-0724,d29377d3cbf556fc9ce22975bac703cf9c2b4504d9e67365d5fc0a67de8bc1b3,2,janus_n19_acs_submission/qa/eq_9.png,janus_n19_acs_submission/qa/eq_9.png | janus_redteam_closure_check/main/word/media/image9.png
DUP-0233,43f1ff2dc57629e581226fb3fa701edc4455a192bc1eaa4040a9e2390245d318,2,janus_n19_acs_submission/render_main/page-1.png,janus_n19_acs_submission/render_main/page-1.png | janus_n19_acs_submission/render_main2/page-1.png
DUP-0582,abaeaf0112632e503b2284f6a658a01b5cd95d1c12c78a5b970c8d75ba9cbbd9,2,janus_n19_acs_submission/render_main/page-10.png,janus_n19_acs_submission/render_main/page-10.png | janus_n19_acs_submission/render_main2/page-10.png
DUP-0248,4857f204b86d85938e01eb95bb7c7217d7783b4b0e9472fb535c5482140022eb,2,janus_n19_acs_submission/render_main/page-11.png,janus_n19_acs_submission/render_main/page-11.png | janus_n19_acs_submission/render_main2/page-11.png
DUP-0326,5e82b83ba6e1189113d34314b58ef7508aae84cca61f6575a06230d48fc543c2,2,janus_n19_acs_submission/render_main/page-12.png,janus_n19_acs_submission/render_main/page-12.png | janus_n19_acs_submission/render_main2/page-12.png
DUP-0384,6de78238772ebcf37dce25875f0eb7d3dc6eb3d411a1e411a45bfc4c60c1ce9f,3,janus_n19_acs_submission/render_main/page-13.png,janus_n19_acs_submission/render_main/page-13.png | janus_n19_acs_submission/render_main2/page-13.png | janus_n19_acs_submission/render_main3/page-13.png
DUP-0373,6b3c09ecc1aa1274ce29b7081258966c9c28053d941f023a05bb0fce55b4654d,3,janus_n19_acs_submission/render_main/page-14.png,janus_n19_acs_submission/render_main/page-14.png | janus_n19_acs_submission/render_main2/page-14.png | janus_n19_acs_submission/render_main3/page-14.png
DUP-0693,cc13dfd15cc20422b9480518ef438e6548f78870b0ba4e2e86b666269e737889,3,janus_n19_acs_submission/render_main/page-15.png,janus_n19_acs_submission/render_main/page-15.png | janus_n19_acs_submission/render_main2/page-15.png | janus_n19_acs_submission/render_main3/page-15.png
DUP-0401,72fd5e868a9066d5e1ee784ca18a066001d7a863f1e4a2e90216affc35ba6c28,3,janus_n19_acs_submission/render_main/page-16.png,janus_n19_acs_submission/render_main/page-16.png | janus_n19_acs_submission/render_main2/page-16.png | janus_n19_acs_submission/render_main3/page-16.png
DUP-0238,4498607505ea84d49c682da47de38c2c66e8532707269e3b7b20c44c7ec882cd,3,janus_n19_acs_submission/render_main/page-2.png,janus_n19_acs_submission/render_main/page-2.png | janus_n19_acs_submission/render_main2/page-2.png | janus_n19_acs_submission/render_main3/page-2.png
DUP-0184,351a9935a7bad04affd4e5230f1c0c92c0ad89979726eaf0b4fb8c22485ae15f,3,janus_n19_acs_submission/render_main/page-4.png,janus_n19_acs_submission/render_main/page-4.png | janus_n19_acs_submission/render_main2/page-4.png | janus_n19_acs_submission/render_main3/page-4.png
DUP-0719,d13078b5cea15fd97ef7de62fafc42400a6bcd0921426e7fc53a1478701cbda7,3,janus_n19_acs_submission/render_main/page-6.png,janus_n19_acs_submission/render_main/page-6.png | janus_n19_acs_submission/render_main2/page-6.png | janus_n19_acs_submission/render_main3/page-6.png
DUP-0531,9ad2b2be320163850313df2ea7f02e4285bf37db58d13ba14c75327462767f86,3,janus_n19_acs_submission/render_main/page-7.png,janus_n19_acs_submission/render_main/page-7.png | janus_n19_acs_submission/render_main2/page-7.png | janus_n19_acs_submission/render_main3/page-7.png
DUP-0776,e561d6252da8cde536fa14a2fbe92047d432a2980d788f86c39e8738ff0bf7b4,3,janus_n19_acs_submission/render_main/page-8.png,janus_n19_acs_submission/render_main/page-8.png | janus_n19_acs_submission/render_main2/page-8.png | janus_n19_acs_submission/render_main3/page-8.png
DUP-0340,61868e4e098d8b0be075c90821a505b952597df72a1ca12a83740a838cacb28a,2,janus_n19_acs_submission/render_main/page-9.png,janus_n19_acs_submission/render_main/page-9.png | janus_n19_acs_submission/render_main2/page-9.png
DUP-0214,3d47b9a6e3c829785b7ffafcb3069bc35e0261a2d2f2f3515c88cb9e8e134f93,2,janus_n19_acs_submission/render_main2/page-5.png,janus_n19_acs_submission/render_main2/page-5.png | janus_n19_acs_submission/render_main3/page-5.png
DUP-0287,52f3fd4a438c31bb2b2d0e5170816924dd4f0410cff83271d39fea33e272b3e7,2,janus_n2_gate/n2_run.log,janus_n2_gate/n2_run.log | janus_n2_gate/n2_run2.log
DUP-0626,b6b4409f37e1f65e8cfdf95143264b559a81a64721cf4a581f9bf93ae7aec4c1,2,janus_redteam_gate/redteam_T0_baoab.csv,janus_n8_gate/redteam_T0_baoab.csv | janus_redteam_gate/redteam_T0_baoab.csv
DUP-0541,9ed8782e9d8085c201ef18d97a46ca667eefbf46e7d39af4c1f1c88b1b7b4f23,2,janus_redteam_gate/redteam_thermal_burn60_T055_joint.csv,janus_n8_gate/redteam_thermal_burn60_T055_joint.csv | janus_redteam_gate/redteam_thermal_burn60_T055_joint.csv
DUP-0063,13466cbb6ddf0598c0581e03f84a42ba31d314b3319d1d4e031f348b57af7269,2,janus_redteam_gate/redteam_thermal_burn60_T060_joint.csv,janus_n8_gate/redteam_thermal_burn60_T060_joint.csv | janus_redteam_gate/redteam_thermal_burn60_T060_joint.csv
DUP-0302,5743e11b01fd82c940b78dd28dc2c93ade241f9763480e1fb6c2b43b944e97cd,2,janus_redteam_gate/redteam_thermal_burn60_joint.csv,janus_n8_gate/redteam_thermal_burn60_joint.csv | janus_redteam_gate/redteam_thermal_burn60_joint.csv
DUP-0174,339a21675154916b524135f742944ee1526d63a8acd81046768f146936f550ea,2,janus_redteam_gate/redteam_thermal_burn_init.csv,janus_n8_gate/redteam_thermal_burn_init.csv | janus_redteam_gate/redteam_thermal_burn_init.csv
DUP-0576,a9ae57efe9186f07d48303bcac5d54c7e359bf3f503939c03ad2954e5c59a5c4,2,janus_redteam_closure_check/si/_rels/.rels,janus_redteam_closure_check/main/_rels/.rels | janus_redteam_closure_check/si/_rels/.rels
DUP-0095,1ca6c9a64edcebe24ee703a54403611b322d96da33371779e742d2d3f7ed7a6c,2,janus_redteam_closure_check/si/customXml/_rels/item1.xml.rels,janus_redteam_closure_check/main/customXml/_rels/item1.xml.rels | janus_redteam_closure_check/si/customXml/_rels/item1.xml.rels
DUP-0571,a86086ffc5d8e83ebd6c71a55d1d2efaa31b137977f5f3a752366e1023612144,2,janus_redteam_closure_check/si/customXml/item1.xml,janus_redteam_closure_check/main/customXml/item1.xml | janus_redteam_closure_check/si/customXml/item1.xml
DUP-0672,c542307b13ec29a8b546217bb37936ab4822e044b265d2952985ec3d6afed24e,2,janus_redteam_closure_check/si/customXml/itemProps1.xml,janus_redteam_closure_check/main/customXml/itemProps1.xml | janus_redteam_closure_check/si/customXml/itemProps1.xml
DUP-0650,be664981c3141cddfc59362beb287ebf20d0773660e2dd6faac5968a5930a081,2,janus_redteam_closure_check/si/docProps/app.xml,janus_redteam_closure_check/main/docProps/app.xml | janus_redteam_closure_check/si/docProps/app.xml
DUP-0720,d14be8284e406d14dc2a576b19f15e7f637b955f9e27a3d9ed871ec99606f7ba,2,janus_redteam_closure_check/si/docProps/core.xml,janus_redteam_closure_check/main/docProps/core.xml | janus_redteam_closure_check/si/docProps/core.xml
DUP-0506,96367138dc44ce09bf2c8f0f8e49348a1478d2c5c0af69bbc2bbc38b63cdcead,2,janus_redteam_closure_check/si/docProps/thumbnail.jpeg,janus_redteam_closure_check/main/docProps/thumbnail.jpeg | janus_redteam_closure_check/si/docProps/thumbnail.jpeg
DUP-0420,79385fb7f60247507ecaffc292e9ebd52ea0657b8634f629ba6fccc54011d6bb,2,janus_redteam_closure_check/si/word/fontTable.xml,janus_redteam_closure_check/main/word/fontTable.xml | janus_redteam_closure_check/si/word/fontTable.xml
DUP-0391,70976f19cbcd896e51890859fe6ecb3467a5a7ad0c040160fedc5a1993cb09ce,2,janus_redteam_closure_check/si/word/numbering.xml,janus_redteam_closure_check/main/word/numbering.xml | janus_redteam_closure_check/si/word/numbering.xml
DUP-0282,51a0d348fe85965c66e4748a03c3c0d055d78455514f03cb121c334af7d73689,2,janus_redteam_closure_check/si/word/settings.xml,janus_redteam_closure_check/main/word/settings.xml | janus_redteam_closure_check/si/word/settings.xml
DUP-0242,463ae0928cf0d84775dbf8cf18d6c3029f6707c81bf590f6d6dd8757a5e93f15,2,janus_redteam_closure_check/si/word/stylesWithEffects.xml,janus_redteam_closure_check/main/word/stylesWithEffects.xml | janus_redteam_closure_check/si/word/stylesWithEffects.xml
DUP-0768,e3a8ab7db9ca7afca56f5f2820a56e8b660016c647773555b060b0a02ac76941,2,janus_redteam_closure_check/si/word/theme/theme1.xml,janus_redteam_closure_check/main/word/theme/theme1.xml | janus_redteam_closure_check/si/word/theme/theme1.xml
DUP-0180,349d36de7434d09f86987ff671d8814964a0588c1e630c06e562cda7e75e9f95,2,janus_redteam_closure_check/si/word/webSettings.xml,janus_redteam_closure_check/main/word/webSettings.xml | janus_redteam_closure_check/si/word/webSettings.xml
