source_path,basename,extension,size_bytes,sha256,duplicate_group,duplicate_preferred,status,migration_action,repo_target,reason,size_risk
Janus_mechanical_rectification_v18_CompactMain_FigureAuditCorrected(2).pdf,Janus_mechanical_rectification_v18_CompactMain_FigureAuditCorrected(2).pdf,.pdf,1394733,ffafbc12d150c1f42e5c1e2f5b63709c63864455a89c0580db285965504ffb97,,True,SUPPORTING,KEEP,provenance/source-inputs/Janus_mechanical_rectification_v18_CompactMain_FigureAuditCorrected(2).pdf,"Research OS evidence, code, data, audit, or provenance artifact.",OK
MoSSe_2H_GSFE_inversion_linecut.png,MoSSe_2H_GSFE_inversion_linecut.png,.png,118506,bcddbfbb18b97585b1885ee42877e12095934fb810e7097296287cde3414c0bb,,True,SUPPORTING,KEEP,provenance/source-inputs/MoSSe_2H_GSFE_inversion_linecut.png,"Research OS evidence, code, data, audit, or provenance artifact.",OK
MoSSe_2H_GSFE_reconstruction.png,MoSSe_2H_GSFE_reconstruction.png,.png,213722,b2c796e4aadf92b060b4e4c82011feb3c8ec9eb9cab230d67441927ebe5c34d6,,True,SUPPORTING,KEEP,provenance/source-inputs/MoSSe_2H_GSFE_reconstruction.png,"Research OS evidence, code, data, audit, or provenance artifact.",OK
janus_acs_nano_venue/Janus_MoSSe_ACSNano_Structured_Manuscript_v6.docx,Janus_MoSSe_ACSNano_Structured_Manuscript_v6.docx,.docx,3855174,bb7cee70bf53fc4ab67626472c7d7c3f516566d623317692d98f44dfc9f35cb7,,True,LEGACY,ARCHIVE,archive/legacy/janus_acs_nano_venue/Janus_MoSSe_ACSNano_Structured_Manuscript_v6.docx,"Superseded draft/config/output retained for provenance, not current authority.",OK
janus_acs_nano_venue/Janus_MoSSe_ACSNano_Structured_Manuscript_v7.docx,Janus_MoSSe_ACSNano_Structured_Manuscript_v7.docx,.docx,3855349,8a1a810296a61b15462de4fedcc7de76ee37bb0812d0d2d775466aa148133b59,,True,SUPPORTING,KEEP,research-os/janus_acs_nano_venue/Janus_MoSSe_ACSNano_Structured_Manuscript_v7.docx,"Research OS evidence, code, data, audit, or provenance artifact.",OK
janus_acs_nano_venue/acs_nano_preformat_audit.txt,acs_nano_preformat_audit.txt,.txt,1047,19e029ca0755546b0525f04fd0ebfa8e177b58140251aa5a2d2c87c60c5962a3,,True,SUPPORTING,KEEP,research-os/janus_acs_nano_venue/acs_nano_preformat_audit.txt,"Research OS evidence, code, data, audit, or provenance artifact.",OK
janus_acs_nano_venue/acs_nano_submission_manifest_preformat.json,acs_nano_submission_manifest_preformat.json,.json,1976,440484ef9fcdd9b5c586bf88b23c2d7dabcee3a61bd67ccf7bfa23a598fee97c,,True,SUPPORTING,KEEP,research-os/janus_acs_nano_venue/acs_nano_submission_manifest_preformat.json,"Research OS evidence, code, data, audit, or provenance artifact.",OK
janus_acs_nano_venue/add_ai_acknowledgment.py,add_ai_acknowledgment.py,.py,1429,43b7624c159e321473d410ac4ed2b6e808a79841dcace6fb54e6a1fe128f547b,,True,SUPPORTING,KEEP,research-os/janus_acs_nano_venue/add_ai_acknowledgment.py,"Research OS evidence, code, data, audit, or provenance artifact.",OK
janus_acs_nano_venue/apply_acs_nano_structure.py,apply_acs_nano_structure.py,.py,3547,8ff5f6ab7582a79a8b6d31285349be044249a9c37988497b09834cbc88cc02be,,True,SUPPORTING,KEEP,research-os/janus_acs_nano_venue/apply_acs_nano_structure.py,"Research OS evidence, code, data, audit, or provenance artifact.",OK
janus_acs_nano_venue/render_v6/Janus_MoSSe_ACSNano_Structured_Manuscript_v6.pdf,Janus_MoSSe_ACSNano_Structured_Manuscript_v6.pdf,.pdf,1531159,326ee1a90cb56f896d8d5e0d1474df8cb311e7ad949f2733c24e81bd3fb02ca4,,True,EPHEMERAL_QA,EXCLUDE,,Rendered page/QA-only intermediate; reproducible from source document.,OK
janus_acs_nano_venue/render_v6/page-1.png,page-1.png,.png,631645,409d936f03269cf94ea0453280a4808be1985de8018375b68ef90c4d4e314dde,DUP-0222,True,EPHEMERAL_QA,EXCLUDE,,Rendered page/QA-only intermediate; reproducible from source document.,OK
janus_acs_nano_venue/render_v6/page-10.png,page-10.png,.png,661844,a8509fade13912e4504b26dd4800b1121833033d8a666e5542e87b3516e6778c,,True,EPHEMERAL_QA,EXCLUDE,,Rendered page/QA-only intermediate; reproducible from source document.,OK
janus_acs_nano_venue/render_v6/page-11.png,page-11.png,.png,557191,60c40c9e63a02569b7d17c1da3ee8d1ec8a7615da87d4e5d52dd984603b4f620,,True,EPHEMERAL_QA,EXCLUDE,,Rendered page/QA-only intermediate; reproducible from source document.,OK
janus_acs_nano_venue/render_v6/page-12.png,page-12.png,.png,560188,83f13857a2decafb290d73be016118b344c5eea658245121dfd0687aeb1bc4c1,,True,EPHEMERAL_QA,EXCLUDE,,Rendered page/QA-only intermediate; reproducible from source document.,OK
janus_acs_nano_venue/render_v6/page-13.png,page-13.png,.png,612551,95cdeb2c4450065ff4514baa4c6ddf671c04dae9b19ecdb47a28eaa7a71416fd,,True,EPHEMERAL_QA,EXCLUDE,,Rendered page/QA-only intermediate; reproducible from source document.,OK
janus_acs_nano_venue/render_v6/page-14.png,page-14.png,.png,432418,168563725601cf9e7c025d71445aad1c1d016f8008b67082a63989f643405742,,True,EPHEMERAL_QA,EXCLUDE,,Rendered page/QA-only intermediate; reproducible from source document.,OK
janus_acs_nano_venue/render_v6/page-15.png,page-15.png,.png,639935,b2af9142896b8f30913c26381f079acaf69ed3e661d721fed888671fcde68565,DUP-0611,True,EPHEMERAL_QA,EXCLUDE,,Rendered page/QA-only intermediate; reproducible from source document.,OK
janus_acs_nano_venue/render_v6/page-16.png,page-16.png,.png,397556,857e53f6da3cf104cf28b64d950cd8a26e97d43167235d02634a414c0bd4e02b,DUP-0465,False,EPHEMERAL_QA,EXCLUDE,,Rendered page/QA-only intermediate; reproducible from source document.,OK
janus_acs_nano_venue/render_v6/page-2.png,page-2.png,.png,770890,73ec6e9b80b2f05183ec44b4d15b0630e8417cd708a6c62388c6a64a401c8ca8,,True,EPHEMERAL_QA,EXCLUDE,,Rendered page/QA-only intermediate; reproducible from source document.,OK
janus_acs_nano_venue/render_v6/page-3.png,page-3.png,.png,381261,1edde5b807a598f69e2b176dc445a2ad1e8c9a02f0803914fd2ee6ea8e027cd9,,True,EPHEMERAL_QA,EXCLUDE,,Rendered page/QA-only intermediate; reproducible from source document.,OK
janus_acs_nano_venue/render_v6/page-4.png,page-4.png,.png,457047,e89dee88fa9e4d1f2cd5656b9965212c19555571367302ac048d1aa4494640e2,,True,EPHEMERAL_QA,EXCLUDE,,Rendered page/QA-only intermediate; reproducible from source document.,OK
janus_acs_nano_venue/render_v6/page-5.png,page-5.png,.png,637648,488e480a441289dfc7da01fb11fc3422f6f0df4d00d97416ed43ecffa1c35d02,,True,EPHEMERAL_QA,EXCLUDE,,Rendered page/QA-only intermediate; reproducible from source document.,OK
janus_acs_nano_venue/render_v6/page-6.png,page-6.png,.png,611984,4cf005bc5d32c55c322866da267dcb614e28178a4e7b62ad408d4aa2fa16ad7a,,True,EPHEMERAL_QA,EXCLUDE,,Rendered page/QA-only intermediate; reproducible from source document.,OK
janus_acs_nano_venue/render_v6/page-7.png,page-7.png,.png,563038,8f15cb386fe2227b7b50ec2618270a51533b0f481980789f42cadfada5f590d6,,True,EPHEMERAL_QA,EXCLUDE,,Rendered page/QA-only intermediate; reproducible from source document.,OK
janus_acs_nano_venue/render_v6/page-8.png,page-8.png,.png,494508,86e2b53efec4d1558a29b5707ba2f380d4f27eaafce9ad11d557ad81401b8f3b,DUP-0469,True,EPHEMERAL_QA,EXCLUDE,,Rendered page/QA-only intermediate; reproducible from source document.,OK
janus_acs_nano_venue/render_v6/page-9.png,page-9.png,.png,646886,fd283835ed4fcc9e4ea16abaceafcdff44043b0ebfc88a92273889355c39950c,,True,EPHEMERAL_QA,EXCLUDE,,Rendered page/QA-only intermediate; reproducible from source document.,OK
janus_acs_nano_venue/render_v6b/Janus_MoSSe_ACSNano_Structured_Manuscript_v6.pdf,Janus_MoSSe_ACSNano_Structured_Manuscript_v6.pdf,.pdf,1529437,7fa575897e21ee792fe66885911dacef76b9c078006f6495188eb3411796c7e3,,True,EPHEMERAL_QA,EXCLUDE,,Rendered page/QA-only intermediate; reproducible from source document.,OK
janus_acs_nano_venue/render_v6b/page-1.png,page-1.png,.png,631645,409d936f03269cf94ea0453280a4808be1985de8018375b68ef90c4d4e314dde,DUP-0222,False,EPHEMERAL_QA,EXCLUDE,,Rendered page/QA-only intermediate; reproducible from source document.,OK
janus_acs_nano_venue/render_v6b/page-10.png,page-10.png,.png,661984,5a3d4417edc469f67acc6002eb0a391c0fe33c2a98cb3fe0e982e582b456bf69,DUP-0313,False,EPHEMERAL_QA,EXCLUDE,,Rendered page/QA-only intermediate; reproducible from source document.,OK
janus_acs_nano_venue/render_v6b/page-11.png,page-11.png,.png,556054,4f844ee7b794f9542b46db7d29aee679e920850aa1771b78393efe9e9a198c43,DUP-0277,False,EPHEMERAL_QA,EXCLUDE,,Rendered page/QA-only intermediate; reproducible from source document.,OK
janus_acs_nano_venue/render_v6b/page-12.png,page-12.png,.png,559629,903da1d3140cb09038610d9a2582dca17a4f41405a1817dc580b58d84830b046,DUP-0495,False,EPHEMERAL_QA,EXCLUDE,,Rendered page/QA-only intermediate; reproducible from source document.,OK
janus_acs_nano_venue/render_v6b/page-13.png,page-13.png,.png,612816,17b7252103999093d243933aabbea8adfd89edcf73e8fc7982e86fb3de0099ba,DUP-0078,False,EPHEMERAL_QA,EXCLUDE,,Rendered page/QA-only intermediate; reproducible from source document.,OK
janus_acs_nano_venue/render_v6b/page-14.png,page-14.png,.png,431580,2ea8a7e8994ad25fccff5a5bb2a169c808a25347c2ddc23ce8915f4b40a710d0,DUP-0161,False,EPHEMERAL_QA,EXCLUDE,,Rendered page/QA-only intermediate; reproducible from source document.,OK
janus_acs_nano_venue/render_v6b/page-15.png,page-15.png,.png,639935,b2af9142896b8f30913c26381f079acaf69ed3e661d721fed888671fcde68565,DUP-0611,False,EPHEMERAL_QA,EXCLUDE,,Rendered page/QA-only intermediate; reproducible from source document.,OK
janus_acs_nano_venue/render_v6b/page-16.png,page-16.png,.png,397556,857e53f6da3cf104cf28b64d950cd8a26e97d43167235d02634a414c0bd4e02b,DUP-0465,False,EPHEMERAL_QA,EXCLUDE,,Rendered page/QA-only intermediate; reproducible from source document.,OK
janus_acs_nano_venue/render_v6b/page-2.png,page-2.png,.png,770941,c623c61039631eb2bb2f249b0adc95ec354491554fa03de2028d7106f49ded6b,DUP-0675,False,EPHEMERAL_QA,EXCLUDE,,Rendered page/QA-only intermediate; reproducible from source document.,OK
janus_acs_nano_venue/render_v6b/page-3.png,page-3.png,.png,381306,1f597bfada23113093074625d209c9c327b6f94eee331b38ad161b9f9a698c4e,DUP-0111,False,EPHEMERAL_QA,EXCLUDE,,Rendered page/QA-only intermediate; reproducible from source document.,OK
janus_acs_nano_venue/render_v6b/page-4.png,page-4.png,.png,456726,74a3c933dd2f1b83a67158f590bad69bd9f67e38e28e81ca8a33388aec9d307d,DUP-0408,False,EPHEMERAL_QA,EXCLUDE,,Rendered page/QA-only intermediate; reproducible from source document.,OK
janus_acs_nano_venue/render_v6b/page-5.png,page-5.png,.png,636610,cc8fdf77d7ad1180b2d1d3a15f078b6729a54adf12f0394f269c4c7caab61f86,DUP-0698,False,EPHEMERAL_QA,EXCLUDE,,Rendered page/QA-only intermediate; reproducible from source document.,OK
janus_acs_nano_venue/render_v6b/page-6.png,page-6.png,.png,611586,4ace615f87b8c99da7507f91e1cf35f2fbd5d004c61658cb727707533d6a28a6,DUP-0256,False,EPHEMERAL_QA,EXCLUDE,,Rendered page/QA-only intermediate; reproducible from source document.,OK
janus_acs_nano_venue/render_v6b/page-7.png,page-7.png,.png,562558,7f711a38e40f1d0157e4754ad612a5f4ca211b309c0bc3488e189bd145feb21d,DUP-0439,False,EPHEMERAL_QA,EXCLUDE,,Rendered page/QA-only intermediate; reproducible from source document.,OK
janus_acs_nano_venue/render_v6b/page-8.png,page-8.png,.png,494508,86e2b53efec4d1558a29b5707ba2f380d4f27eaafce9ad11d557ad81401b8f3b,DUP-0469,False,EPHEMERAL_QA,EXCLUDE,,Rendered page/QA-only intermediate; reproducible from source document.,OK
janus_acs_nano_venue/render_v6b/page-9.png,page-9.png,.png,645643,c70984760c49173e92b08d50035ed8030b4b9edbb63ff1c83ea5470c23d07bb5,DUP-0679,False,EPHEMERAL_QA,EXCLUDE,,Rendered page/QA-only intermediate; reproducible from source document.,OK
janus_acs_nano_venue/render_v7/Janus_MoSSe_ACSNano_Structured_Manuscript_v7.pdf,Janus_MoSSe_ACSNano_Structured_Manuscript_v7.pdf,.pdf,1530585,6cc435e2dcacdf8d2417c2306f39e834fbc4e93f2d52ac2f94d23669d1ce6256,,True,EPHEMERAL_QA,EXCLUDE,,Rendered page/QA-only intermediate; reproducible from source document.,OK
janus_acs_nano_venue/render_v7/page-1.png,page-1.png,.png,631645,409d936f03269cf94ea0453280a4808be1985de8018375b68ef90c4d4e314dde,DUP-0222,False,EPHEMERAL_QA,EXCLUDE,,Rendered page/QA-only intermediate; reproducible from source document.,OK
janus_acs_nano_venue/render_v7/page-10.png,page-10.png,.png,661984,5a3d4417edc469f67acc6002eb0a391c0fe33c2a98cb3fe0e982e582b456bf69,DUP-0313,True,EPHEMERAL_QA,EXCLUDE,,Rendered page/QA-only intermediate; reproducible from source document.,OK
janus_acs_nano_venue/render_v7/page-11.png,page-11.png,.png,556054,4f844ee7b794f9542b46db7d29aee679e920850aa1771b78393efe9e9a198c43,DUP-0277,True,EPHEMERAL_QA,EXCLUDE,,Rendered page/QA-only intermediate; reproducible from source document.,OK
janus_acs_nano_venue/render_v7/page-12.png,page-12.png,.png,559629,903da1d3140cb09038610d9a2582dca17a4f41405a1817dc580b58d84830b046,DUP-0495,True,EPHEMERAL_QA,EXCLUDE,,Rendered page/QA-only intermediate; reproducible from source document.,OK
janus_acs_nano_venue/render_v7/page-13.png,page-13.png,.png,612816,17b7252103999093d243933aabbea8adfd89edcf73e8fc7982e86fb3de0099ba,DUP-0078,True,EPHEMERAL_QA,EXCLUDE,,Rendered page/QA-only intermediate; reproducible from source document.,OK
janus_acs_nano_venue/render_v7/page-14.png,page-14.png,.png,431580,2ea8a7e8994ad25fccff5a5bb2a169c808a25347c2ddc23ce8915f4b40a710d0,DUP-0161,True,EPHEMERAL_QA,EXCLUDE,,Rendered page/QA-only intermediate; reproducible from source document.,OK
janus_acs_nano_venue/render_v7/page-15.png,page-15.png,.png,624995,4fa3d9bb02d0501051b3d4f4c155ce1d85c362ae691f2d59370ed4f09842d281,,True,EPHEMERAL_QA,EXCLUDE,,Rendered page/QA-only intermediate; reproducible from source document.,OK
janus_acs_nano_venue/render_v7/page-16.png,page-16.png,.png,461087,acb70f525b6f0262c0526c94710147fc947992595d2eb12da69600c8aeef258e,,True,EPHEMERAL_QA,EXCLUDE,,Rendered page/QA-only intermediate; reproducible from source document.,OK
janus_acs_nano_venue/render_v7/page-2.png,page-2.png,.png,770941,c623c61039631eb2bb2f249b0adc95ec354491554fa03de2028d7106f49ded6b,DUP-0675,True,EPHEMERAL_QA,EXCLUDE,,Rendered page/QA-only intermediate; reproducible from source document.,OK
janus_acs_nano_venue/render_v7/page-3.png,page-3.png,.png,381306,1f597bfada23113093074625d209c9c327b6f94eee331b38ad161b9f9a698c4e,DUP-0111,False,EPHEMERAL_QA,EXCLUDE,,Rendered page/QA-only intermediate; reproducible from source document.,OK
janus_acs_nano_venue/render_v7/page-4.png,page-4.png,.png,456726,74a3c933dd2f1b83a67158f590bad69bd9f67e38e28e81ca8a33388aec9d307d,DUP-0408,True,EPHEMERAL_QA,EXCLUDE,,Rendered page/QA-only intermediate; reproducible from source document.,OK
janus_acs_nano_venue/render_v7/page-5.png,page-5.png,.png,636610,cc8fdf77d7ad1180b2d1d3a15f078b6729a54adf12f0394f269c4c7caab61f86,DUP-0698,True,EPHEMERAL_QA,EXCLUDE,,Rendered page/QA-only intermediate; reproducible from source document.,OK
janus_acs_nano_venue/render_v7/page-6.png,page-6.png,.png,611586,4ace615f87b8c99da7507f91e1cf35f2fbd5d004c61658cb727707533d6a28a6,DUP-0256,True,EPHEMERAL_QA,EXCLUDE,,Rendered page/QA-only intermediate; reproducible from source document.,OK
janus_acs_nano_venue/render_v7/page-7.png,page-7.png,.png,562558,7f711a38e40f1d0157e4754ad612a5f4ca211b309c0bc3488e189bd145feb21d,DUP-0439,True,EPHEMERAL_QA,EXCLUDE,,Rendered page/QA-only intermediate; reproducible from source document.,OK
janus_acs_nano_venue/render_v7/page-8.png,page-8.png,.png,494508,86e2b53efec4d1558a29b5707ba2f380d4f27eaafce9ad11d557ad81401b8f3b,DUP-0469,False,EPHEMERAL_QA,EXCLUDE,,Rendered page/QA-only intermediate; reproducible from source document.,OK
janus_acs_nano_venue/render_v7/page-9.png,page-9.png,.png,645643,c70984760c49173e92b08d50035ed8030b4b9edbb63ff1c83ea5470c23d07bb5,DUP-0679,True,EPHEMERAL_QA,EXCLUDE,,Rendered page/QA-only intermediate; reproducible from source document.,OK
janus_audit/__pycache__/dft_guided_material_v12.cpython-313.pyc,dft_guided_material_v12.cpython-313.pyc,.cpython-313.pyc,20764,06fbe3f6c835c30a5305ce33ee0ff02865dc7e14e6c72a0e7f7376d182356dd5,,True,EPHEMERAL_QA,EXCLUDE,,Rendered page/QA-only intermediate; reproducible from source document.,OK
janus_audit/__pycache__/janus_fourier_landscapes_v12.cpython-313.pyc,janus_fourier_landscapes_v12.cpython-313.pyc,.cpython-313.pyc,12292,d0dfd17d090ffd0610b541ef7570f59018cfc2ecd00b4550349051d1f80a14d4,,True,EPHEMERAL_QA,EXCLUDE,,Rendered page/QA-only intermediate; reproducible from source document.,OK
janus_audit/angeli_differential_audit.json,angeli_differential_audit.json,.json,2980,6ddcdf43a3d4c3bf450de44e9e586dc797f16caa276f70ea2222916dd0c3ce33,,True,SUPPORTING,KEEP,research-os/janus_audit/angeli_differential_audit.json,"Research OS evidence, code, data, audit, or provenance artifact.",OK
janus_audit/audit_angeli_differential.py,audit_angeli_differential.py,.py,5113,26878fbbad21e54c6be79cc346bf859696338469b5dd471c619fddd60e57cb29,,True,SUPPORTING,KEEP,research-os/janus_audit/audit_angeli_differential.py,"Research OS evidence, code, data, audit, or provenance artifact.",OK
janus_audit/audit_full_hessian.py,audit_full_hessian.py,.py,4812,f5131eebc7b79308b3daec3c9ed4a72e3688386ba703232d0168b233f7b7a53d,DUP-0825,False,EXACT_DUPLICATE,EXCLUDE,,Exact SHA-256 duplicate; keep preferred copy in DUP-0825.,OK
janus_audit/dft_guided_material_v12.py,dft_guided_material_v12.py,.py,10403,3dbb2ef66165b519ee48de20e34ed855e319cb3877f2f5952e710adcff671356,DUP-0216,False,EXACT_DUPLICATE,EXCLUDE,,Exact SHA-256 duplicate; keep preferred copy in DUP-0216.,OK
janus_audit/full_hessian_audit.json,full_hessian_audit.json,.json,7811,9596551977d2cba08c8ae7e0e022f9659d8ab1b8ef6090d8368d8c37721bbbc0,DUP-0502,False,EXACT_DUPLICATE,EXCLUDE,,Exact SHA-256 duplicate; keep preferred copy in DUP-0502.,OK
janus_audit/janus_fourier_landscapes_v12.py,janus_fourier_landscapes_v12.py,.py,7446,f2b1ffc29da25d053fa534145d2d1896cdfb33441928d4b12a218961114942d9,DUP-0817,False,EXACT_DUPLICATE,EXCLUDE,,Exact SHA-256 duplicate; keep preferred copy in DUP-0817.,OK
janus_audit/run_dft_material_validation_v12.py,run_dft_material_validation_v12.py,.py,8442,51d7f4fc14d6598872f4620a3703ce50109c12b9aa9097a5d18d4a0db5b20674,DUP-0284,False,EXACT_DUPLICATE,EXCLUDE,,Exact SHA-256 duplicate; keep preferred copy in DUP-0284.,OK
janus_baseline_gate/CANONICAL_BASELINE_DEPENDENCY.csv,CANONICAL_BASELINE_DEPENDENCY.csv,.csv,1755,3921a9facbecb0f198c14b0fa559fa338f2fe41c76e0353a18dd51dba5308632,DUP-0200,False,EXACT_DUPLICATE,EXCLUDE,,Exact SHA-256 duplicate; keep preferred copy in DUP-0200.,OK
janus_baseline_gate/CANONICAL_BASELINE_REPORT.md,CANONICAL_BASELINE_REPORT.md,.md,5672,054d383db6ce999c1c443e033cdc867297edf9f427f40292d0b01951bf115d5e,DUP-0018,False,EXACT_DUPLICATE,EXCLUDE,,Exact SHA-256 duplicate; keep preferred copy in DUP-0018.,OK
janus_baseline_gate/Janus_MoSSe_AuditResolved_ReproducibilityRelease.zip,Janus_MoSSe_AuditResolved_ReproducibilityRelease.zip,.zip,5952036,fa39097305aa305fd11bb270ac2a21a96838214f09d2b54ab185515ba4b88fa2,DUP-0839,False,EXACT_DUPLICATE,EXCLUDE,,Exact SHA-256 duplicate; keep preferred copy in DUP-0839.,OK
janus_baseline_gate/Janus_MoSSe_CanonicalUnguided_BaselineRelease/ENVIRONMENT.md,ENVIRONMENT.md,.md,517,11879bf9bed82c5a7ca7e80b5868f9f62aacdf24438292b41e9b31446b116942,DUP-0056,False,EXACT_DUPLICATE,EXCLUDE,,Exact SHA-256 duplicate; keep preferred copy in DUP-0056.,OK
janus_baseline_gate/Janus_MoSSe_CanonicalUnguided_BaselineRelease/README.md,README.md,.md,4483,a4f23e4a2b97f979e6b27cb363fe1372f3ae599087b9c89b686ae9ae98303a8a,DUP-0564,False,EXACT_DUPLICATE,EXCLUDE,,Exact SHA-256 duplicate; keep preferred copy in DUP-0564.,OK
janus_baseline_gate/Janus_MoSSe_CanonicalUnguided_BaselineRelease/RUNNING_AUDITS.md,RUNNING_AUDITS.md,.md,1663,ec71a3fbff625b3fbe6514dc7c9081bd10d21def802f16861d770cf3975a539d,DUP-0796,False,EXACT_DUPLICATE,EXCLUDE,,Exact SHA-256 duplicate; keep preferred copy in DUP-0796.,OK
janus_baseline_gate/Janus_MoSSe_CanonicalUnguided_BaselineRelease/SHA256SUMS.txt,SHA256SUMS.txt,.txt,9053,3d1575ae05f53f11a2b5f13dff3bf1c8b8a277726618f07ef5d5572abbe8094e,DUP-0212,False,EXACT_DUPLICATE,EXCLUDE,,Exact SHA-256 duplicate; keep preferred copy in DUP-0212.,OK
janus_baseline_gate/Janus_MoSSe_CanonicalUnguided_BaselineRelease/audit_scripts/asymmetry_global_check.py,asymmetry_global_check.py,.py,1532,8f519e4b2fbd0dbf9d1659ba27c6d832e947a34d8c96f48cc113a3568fbf8bc1,DUP-0492,False,EXACT_DUPLICATE,EXCLUDE,,Exact SHA-256 duplicate; keep preferred copy in DUP-0492.,OK
janus_baseline_gate/Janus_MoSSe_CanonicalUnguided_BaselineRelease/audit_scripts/branch_audit.py,branch_audit.py,.py,4897,c29a6d2983ec9e50eb81a855018c084bc60a63cde414babffd502332aeaf7967,DUP-0661,False,EXACT_DUPLICATE,EXCLUDE,,Exact SHA-256 duplicate; keep preferred copy in DUP-0661.,OK
janus_baseline_gate/Janus_MoSSe_CanonicalUnguided_BaselineRelease/audit_scripts/edge_weight_ground_switch.py,edge_weight_ground_switch.py,.py,1443,1679b252671d84884a2a4a25b63b61498b62f3a7d77e05d39f456ffdbccca7bc,DUP-0074,False,EXACT_DUPLICATE,EXCLUDE,,Exact SHA-256 duplicate; keep preferred copy in DUP-0074.,OK
janus_baseline_gate/Janus_MoSSe_CanonicalUnguided_BaselineRelease/audit_scripts/edge_weight_sensitivity.py,edge_weight_sensitivity.py,.py,2567,51c683f848369352351818594b91e9bbe5fb7718d464e3bfbfbfd27d6799758d,DUP-0283,False,EXACT_DUPLICATE,EXCLUDE,,Exact SHA-256 duplicate; keep preferred copy in DUP-0283.,OK
janus_baseline_gate/Janus_MoSSe_CanonicalUnguided_BaselineRelease/audit_scripts/floquet_conditioning_audit.py,floquet_conditioning_audit.py,.py,3367,8ec21b53e8081f242ab249a5c911338055acbd766f84d69698f6507c90990d60,DUP-0488,False,EXACT_DUPLICATE,EXCLUDE,,Exact SHA-256 duplicate; keep preferred copy in DUP-0488.,OK
janus_baseline_gate/Janus_MoSSe_CanonicalUnguided_BaselineRelease/audit_scripts/make_resolved_figures.py,make_resolved_figures.py,.py,11731,4cbc229a21f49a5c947fcf2ed2cfd81ec1dbf68f8a1f9f9bdbb05f92f4e2ea53,DUP-0266,False,EXACT_DUPLICATE,EXCLUDE,,Exact SHA-256 duplicate; keep preferred copy in DUP-0266.,OK
janus_baseline_gate/Janus_MoSSe_CanonicalUnguided_BaselineRelease/audit_scripts/matched_symmetry_audit.py,matched_symmetry_audit.py,.py,6911,f8f93a3a2aabfe771af0efaef102483ecff0de61a58ed5f0c2312b6089aa5b6b,DUP-0834,False,EXACT_DUPLICATE,EXCLUDE,,Exact SHA-256 duplicate; keep preferred copy in DUP-0834.,OK
janus_baseline_gate/Janus_MoSSe_CanonicalUnguided_BaselineRelease/audit_scripts/matched_symmetry_final.py,matched_symmetry_final.py,.py,1752,8f063bb649d87dd8916ce8d84eaac5c73e65e2986456c1baca4932d0e2a3e82c,DUP-0489,False,EXACT_DUPLICATE,EXCLUDE,,Exact SHA-256 duplicate; keep preferred copy in DUP-0489.,OK
janus_baseline_gate/Janus_MoSSe_CanonicalUnguided_BaselineRelease/audit_scripts/resolve_branch_topology.py,resolve_branch_topology.py,.py,3644,6058c7d2b56959e98eb5b954a5ed4616f30024996e5ab963521146d6644f5fc1,DUP-0336,False,EXACT_DUPLICATE,EXCLUDE,,Exact SHA-256 duplicate; keep preferred copy in DUP-0336.,OK
janus_baseline_gate/Janus_MoSSe_CanonicalUnguided_BaselineRelease/audit_scripts/shape_scaling_audit.py,shape_scaling_audit.py,.py,3338,cfde0bcd4a006e03c37608d19035ac95320299a88136c00c7c368b8d77a5ee1c,DUP-0710,False,EXACT_DUPLICATE,EXCLUDE,,Exact SHA-256 duplicate; keep preferred copy in DUP-0710.,OK
janus_baseline_gate/Janus_MoSSe_CanonicalUnguided_BaselineRelease/audit_scripts/thermal_cluster_audit.py,thermal_cluster_audit.py,.py,7232,8eac340b189490c273d3211664608eef4bec8aa1fe5d80d13e4a69660e636470,DUP-0487,False,EXACT_DUPLICATE,EXCLUDE,,Exact SHA-256 duplicate; keep preferred copy in DUP-0487.,OK
janus_baseline_gate/Janus_MoSSe_CanonicalUnguided_BaselineRelease/audit_scripts/triangle_branch_audit.py,triangle_branch_audit.py,.py,3204,769d45772e8188e3eba280e222b785a0c1445b8a1b3e7a66d556841fb69a8ae6,DUP-0413,False,EXACT_DUPLICATE,EXCLUDE,,Exact SHA-256 duplicate; keep preferred copy in DUP-0413.,OK
janus_baseline_gate/Janus_MoSSe_CanonicalUnguided_BaselineRelease/audit_scripts/triangle_ground_switch.py,triangle_ground_switch.py,.py,2775,c3211a2020414a0984c2dd642ad09367cb803e91c3165ba771f134565fe9423c,DUP-0664,False,EXACT_DUPLICATE,EXCLUDE,,Exact SHA-256 duplicate; keep preferred copy in DUP-0664.,OK
janus_baseline_gate/Janus_MoSSe_CanonicalUnguided_BaselineRelease/audit_scripts/vector_mode_map.py,vector_mode_map.py,.py,3067,43c8229a9b1edd499f89686b306cecfcbea5e949e4d396ced24247476a4dd9ec,DUP-0231,False,EXACT_DUPLICATE,EXCLUDE,,Exact SHA-256 duplicate; keep preferred copy in DUP-0231.,OK
janus_baseline_gate/Janus_MoSSe_CanonicalUnguided_BaselineRelease/config/canonical_unguided.json,canonical_unguided.json,.json,2234,7360c00cf0f60c3a800dbc74629dd811a2335109dc804980f35556430423e2be,DUP-0402,False,EXACT_DUPLICATE,EXCLUDE,,Exact SHA-256 duplicate; keep preferred copy in DUP-0402.,OK
janus_baseline_gate/Janus_MoSSe_CanonicalUnguided_BaselineRelease/config/production.json,production.json,.json,3319,655c8eeef01037846dead3fe33349fe9314ef5f9c035596e7c71100876256239,DUP-0356,False,EXACT_DUPLICATE,EXCLUDE,,Exact SHA-256 duplicate; keep preferred copy in DUP-0356.,OK
janus_baseline_gate/Janus_MoSSe_CanonicalUnguided_BaselineRelease/data/canonical/CANONICAL_BASELINE_DEPENDENCY.csv,CANONICAL_BASELINE_DEPENDENCY.csv,.csv,1755,3921a9facbecb0f198c14b0fa559fa338f2fe41c76e0353a18dd51dba5308632,DUP-0200,False,EXACT_DUPLICATE,EXCLUDE,,Exact SHA-256 duplicate; keep preferred copy in DUP-0200.,OK
janus_baseline_gate/Janus_MoSSe_CanonicalUnguided_BaselineRelease/data/canonical/asymmetry_global_check.csv,asymmetry_global_check.csv,.csv,708,63ab8ddda974801d45062cb1772d10bddd2d03d5c09a2563ea904edd855b10e3,DUP-0348,False,EXACT_DUPLICATE,EXCLUDE,,Exact SHA-256 duplicate; keep preferred copy in DUP-0348.,OK
janus_baseline_gate/Janus_MoSSe_CanonicalUnguided_BaselineRelease/data/canonical/baseline_shape_branch_connectivity.csv,baseline_shape_branch_connectivity.csv,.csv,24171,c254d5a74f03cbdef7f09a4c64011348db06274f9bdf408b1fd2765dd0449ab6,DUP-0660,False,EXACT_DUPLICATE,EXCLUDE,,Exact SHA-256 duplicate; keep preferred copy in DUP-0660.,OK
janus_baseline_gate/Janus_MoSSe_CanonicalUnguided_BaselineRelease/data/canonical/baseline_shape_prepared_endpoint_check.csv,baseline_shape_prepared_endpoint_check.csv,.csv,4901,a5e11bc3971114368b191b8fdfe49cdcb652875268449c84a984e26b551173e4,DUP-0567,False,EXACT_DUPLICATE,EXCLUDE,,Exact SHA-256 duplicate; keep preferred copy in DUP-0567.,OK
janus_baseline_gate/Janus_MoSSe_CanonicalUnguided_BaselineRelease/data/canonical/baseline_triangle_stationary_check.csv,baseline_triangle_stationary_check.csv,.csv,1385,ad0b14d854265ac7a0d390b2759509357537ad661035ebbe4abe79e8b17669e4,DUP-0590,False,EXACT_DUPLICATE,EXCLUDE,,Exact SHA-256 duplicate; keep preferred copy in DUP-0590.,OK
janus_baseline_gate/Janus_MoSSe_CanonicalUnguided_BaselineRelease/data/canonical/branch_family_continuation.csv,branch_family_continuation.csv,.csv,9659,02415c64857c93945889fff43a78f678ae2a8aaadd4fe8100a23d637fbb59764,DUP-0008,False,EXACT_DUPLICATE,EXCLUDE,,Exact SHA-256 duplicate; keep preferred copy in DUP-0008.,OK
janus_baseline_gate/Janus_MoSSe_CanonicalUnguided_BaselineRelease/data/canonical/branch_family_summary.csv,branch_family_summary.csv,.csv,2573,0871709658d8ca369dd21a0584bf590c1cf2a8e2efc260f80b244255602d7d6d,DUP-0028,False,EXACT_DUPLICATE,EXCLUDE,,Exact SHA-256 duplicate; keep preferred copy in DUP-0028.,OK
janus_baseline_gate/Janus_MoSSe_CanonicalUnguided_BaselineRelease/data/canonical/branch_followed_thresholds.csv,branch_followed_thresholds.csv,.csv,1756,80207e27baa7feb317dd95891d99435d2a57a7bd5a737eeb7e5a0d2c4d292603,DUP-0443,False,EXACT_DUPLICATE,EXCLUDE,,Exact SHA-256 duplicate; keep preferred copy in DUP-0443.,OK
janus_baseline_gate/Janus_MoSSe_CanonicalUnguided_BaselineRelease/data/canonical/edge_weight_ground_switch.csv,edge_weight_ground_switch.csv,.csv,334,f3a8d30d4a46550eae49d4056d2795875430d6803f76a1742eee90d151e0070a,DUP-0822,False,EXACT_DUPLICATE,EXCLUDE,,Exact SHA-256 duplicate; keep preferred copy in DUP-0822.,OK
janus_baseline_gate/Janus_MoSSe_CanonicalUnguided_BaselineRelease/data/canonical/floquet_conditioning_check.csv,floquet_conditioning_check.csv,.csv,560,2d9ea344f79c7a3b7f8b1ee23477311a1dee0c59eb42915220b72afb898d214d,DUP-0155,False,EXACT_DUPLICATE,EXCLUDE,,Exact SHA-256 duplicate; keep preferred copy in DUP-0155.,OK
janus_baseline_gate/Janus_MoSSe_CanonicalUnguided_BaselineRelease/data/canonical/free_cusp_like_point.csv,free_cusp_like_point.csv,.csv,301,5e67c8c59e9d883997f506aa67bc2fa9353d984355cd8b7e6bde81c1655dd33e,DUP-0325,False,EXACT_DUPLICATE,EXCLUDE,,Exact SHA-256 duplicate; keep preferred copy in DUP-0325.,OK
janus_baseline_gate/Janus_MoSSe_CanonicalUnguided_BaselineRelease/data/canonical/free_fold_nondegeneracy.csv,free_fold_nondegeneracy.csv,.csv,118445,7b3a007338abbe2aca3cf8b482c056a4a48f09b8404ee03407fc4f0750e83607,DUP-0424,False,EXACT_DUPLICATE,EXCLUDE,,Exact SHA-256 duplicate; keep preferred copy in DUP-0424.,OK
janus_baseline_gate/Janus_MoSSe_CanonicalUnguided_BaselineRelease/data/canonical/free_thermal_cluster_ci_canonical.csv,free_thermal_cluster_ci_canonical.csv,.csv,2461,6d5ab6e46cdb1272c0b8627c36d761be427836acc507c310c49952eead91f8e7,DUP-0381,False,EXACT_DUPLICATE,EXCLUDE,,Exact SHA-256 duplicate; keep preferred copy in DUP-0381.,OK
janus_baseline_gate/Janus_MoSSe_CanonicalUnguided_BaselineRelease/data/canonical/free_thermal_cluster_ci_recomputed.csv,free_thermal_cluster_ci_recomputed.csv,.csv,1862,fc13c407274fca75f59c3c285736701ae84531034753f7ec092b00047bf117eb,DUP-0844,False,EXACT_DUPLICATE,EXCLUDE,,Exact SHA-256 duplicate; keep preferred copy in DUP-0844.,OK
janus_baseline_gate/Janus_MoSSe_CanonicalUnguided_BaselineRelease/data/canonical/matched_symmetry_final.csv,matched_symmetry_final.csv,.csv,1660,2aef9c57787f0aa0eee6848de1fdcc3223fb6161ea588c93aed6c5c5c54c5313,DUP-0145,False,EXACT_DUPLICATE,EXCLUDE,,Exact SHA-256 duplicate; keep preferred copy in DUP-0145.,OK
janus_baseline_gate/Janus_MoSSe_CanonicalUnguided_BaselineRelease/data/canonical/matched_symmetry_final_contracts.csv,matched_symmetry_final_contracts.csv,.csv,280,e7d84591f0b92febcb6bcd45980b6b6684cf47c48da5b8d6a967091e4c6c4169,DUP-0784,False,EXACT_DUPLICATE,EXCLUDE,,Exact SHA-256 duplicate; keep preferred copy in DUP-0784.,OK
janus_baseline_gate/Janus_MoSSe_CanonicalUnguided_BaselineRelease/data/canonical/shape_scaling_extended.csv,shape_scaling_extended.csv,.csv,6755,2deaacd57ebb582c817cd5c395f0fc6a198ce516372157933667a4cae0b4cdf0,DUP-0158,False,EXACT_DUPLICATE,EXCLUDE,,Exact SHA-256 duplicate; keep preferred copy in DUP-0158.,OK
janus_baseline_gate/Janus_MoSSe_CanonicalUnguided_BaselineRelease/data/canonical/shape_scaling_metrics.csv,shape_scaling_metrics.csv,.csv,1526,83810cfce0b829965ad2ef48f4cc9c250305a59decd2a75ac436acf6b4ea4b75,DUP-0460,False,EXACT_DUPLICATE,EXCLUDE,,Exact SHA-256 duplicate; keep preferred copy in DUP-0460.,OK
janus_baseline_gate/Janus_MoSSe_CanonicalUnguided_BaselineRelease/data/canonical/triangle_branch_families.csv,triangle_branch_families.csv,.csv,1581,1d0ff061405bb35eb03cb4c4d82e5bf55b724d41fc82c07196f269076e536480,DUP-0098,False,EXACT_DUPLICATE,EXCLUDE,,Exact SHA-256 duplicate; keep preferred copy in DUP-0098.,OK
janus_baseline_gate/Janus_MoSSe_CanonicalUnguided_BaselineRelease/data/canonical/triangle_ground_switch.csv,triangle_ground_switch.csv,.csv,2899,b2908ab9f20c3fffe2ef96e4d51eb8c8c758db938d60186f80380c8485393c0d,DUP-0610,False,EXACT_DUPLICATE,EXCLUDE,,Exact SHA-256 duplicate; keep preferred copy in DUP-0610.,OK
janus_baseline_gate/Janus_MoSSe_CanonicalUnguided_BaselineRelease/data/canonical/vector_mode_map_F0_period.csv,vector_mode_map_F0_period.csv,.csv,9433,fe9365f60cafa029fdf414cddf51ed490f7f98cd34cc2b967e706ab0c09cfcc1,DUP-0855,False,EXACT_DUPLICATE,EXCLUDE,,Exact SHA-256 duplicate; keep preferred copy in DUP-0855.,OK
janus_baseline_gate/Janus_MoSSe_CanonicalUnguided_BaselineRelease/data/raw_thermal/free_thermal_trajectory_raw_canonical.csv,free_thermal_trajectory_raw_canonical.csv,.csv,1121505,279cce7e3b9e80f03b94e4d345d85fc26ab8ed9ce0864f566ae1986a9f89db53,DUP-0136,False,EXACT_DUPLICATE,EXCLUDE,,Exact SHA-256 duplicate; keep preferred copy in DUP-0136.,OK
janus_baseline_gate/Janus_MoSSe_CanonicalUnguided_BaselineRelease/figures/Figure_1_symmetry_contracts.png,Figure_1_symmetry_contracts.png,.png,432290,cc37eeb43ae16b313b8306499b42dd20e1456c2672236f73b393afb7fd2d9013,DUP-0694,False,EXACT_DUPLICATE,EXCLUDE,,Exact SHA-256 duplicate; keep preferred copy in DUP-0694.,OK
janus_baseline_gate/Janus_MoSSe_CanonicalUnguided_BaselineRelease/figures/Figure_2_branch_resolved_depinning.png,Figure_2_branch_resolved_depinning.png,.png,355658,d485395e1e1cad111fefc981339d9ff973fa8ffe6251e462771d6f1696a2e2ca,DUP-0730,False,EXACT_DUPLICATE,EXCLUDE,,Exact SHA-256 duplicate; keep preferred copy in DUP-0730.,OK
janus_baseline_gate/Janus_MoSSe_CanonicalUnguided_BaselineRelease/figures/Figure_3_extended_size_shape_similarity.png,Figure_3_extended_size_shape_similarity.png,.png,439600,cb7582900f68c199563b0c8db5beba178d71865b857970dcbbfadf50662cfc40,DUP-0692,False,EXACT_DUPLICATE,EXCLUDE,,Exact SHA-256 duplicate; keep preferred copy in DUP-0692.,OK
janus_baseline_gate/Janus_MoSSe_CanonicalUnguided_BaselineRelease/figures/Figure_4_boundary_registry_switching.png,Figure_4_boundary_registry_switching.png,.png,397699,71598bbe3f865cf93187ce29e1e766c8f402f88a8e4a3ab1976e0bdd39d027c9,DUP-0396,False,EXACT_DUPLICATE,EXCLUDE,,Exact SHA-256 duplicate; keep preferred copy in DUP-0396.,OK
janus_baseline_gate/Janus_MoSSe_CanonicalUnguided_BaselineRelease/figures/Figure_5_vector_mode_map_floquet.png,Figure_5_vector_mode_map_floquet.png,.png,271416,84f44d721ff39ebe33b42e94cd8ca6aa3c06938b23ddf3d0762765afe73c33ea,DUP-0464,False,EXACT_DUPLICATE,EXCLUDE,,Exact SHA-256 duplicate; keep preferred copy in DUP-0464.,OK
janus_baseline_gate/Janus_MoSSe_CanonicalUnguided_BaselineRelease/figures/Figure_6_thermal_cluster_uncertainty.png,Figure_6_thermal_cluster_uncertainty.png,.png,205036,3565297c47a9e8d999db5c2e61e5cf29ba9e3ae433088511a02503238b083a22,DUP-0188,False,EXACT_DUPLICATE,EXCLUDE,,Exact SHA-256 duplicate; keep preferred copy in DUP-0188.,OK
janus_baseline_gate/Janus_MoSSe_CanonicalUnguided_BaselineRelease/manuscript/Janus_MoSSe_AuditResolved_SupplementaryInformation.docx,Janus_MoSSe_AuditResolved_SupplementaryInformation.docx,.docx,44981,c1f05ec628a69311debe72ba01912824d4ba72669ad91cbb082a7b44348d881d,DUP-0659,False,EXACT_DUPLICATE,EXCLUDE,,Exact SHA-256 duplicate; keep preferred copy in DUP-0659.,OK
janus_baseline_gate/Janus_MoSSe_CanonicalUnguided_BaselineRelease/manuscript/Janus_MoSSe_Reboot_Revalidated_Manuscript_AuditResolved.docx,Janus_MoSSe_Reboot_Revalidated_Manuscript_AuditResolved.docx,.docx,3459850,fdab21b00ac99b26341f8e2a576fb5c0d1034cdb99c8f4981daccaabff3a4c82,DUP-0851,False,EXACT_DUPLICATE,EXCLUDE,,Exact SHA-256 duplicate; keep preferred copy in DUP-0851.,OK
janus_baseline_gate/Janus_MoSSe_CanonicalUnguided_BaselineRelease/provenance_scripts/asymmetry_global_check.py,asymmetry_global_check.py,.py,1508,8d5a96342dbc9d89951255c7aab6a841c8ccebe5a5fde9645ebc8255b7e06f25,DUP-0482,False,EXACT_DUPLICATE,EXCLUDE,,Exact SHA-256 duplicate; keep preferred copy in DUP-0482.,OK
janus_baseline_gate/Janus_MoSSe_CanonicalUnguided_BaselineRelease/provenance_scripts/branch_audit.py,branch_audit.py,.py,4884,8fb18cbf9daedc3f2214e06beb55792081a7d3cafec566118681cc163a4e203e,DUP-0493,False,EXACT_DUPLICATE,EXCLUDE,,Exact SHA-256 duplicate; keep preferred copy in DUP-0493.,OK
janus_baseline_gate/Janus_MoSSe_CanonicalUnguided_BaselineRelease/provenance_scripts/edge_weight_ground_switch.py,edge_weight_ground_switch.py,.py,1419,7176e83e7df49f3a2af1f0d53ddb44385f4a6d7ff3ff510eb6dd308aaab4d116,DUP-0397,False,EXACT_DUPLICATE,EXCLUDE,,Exact SHA-256 duplicate; keep preferred copy in DUP-0397.,OK
janus_baseline_gate/Janus_MoSSe_CanonicalUnguided_BaselineRelease/provenance_scripts/edge_weight_sensitivity.py,edge_weight_sensitivity.py,.py,2596,ce8b8b7a68e882a9e961a4ba2bbce2799e5031451d3224085a8254d2f66f1f6f,DUP-0705,False,EXACT_DUPLICATE,EXCLUDE,,Exact SHA-256 duplicate; keep preferred copy in DUP-0705.,OK
janus_baseline_gate/Janus_MoSSe_CanonicalUnguided_BaselineRelease/provenance_scripts/floquet_conditioning_audit.py,floquet_conditioning_audit.py,.py,3343,c91aa58aa940538cd96684d3d26d8226f6b7ff9437aeb1123c0fd1f41625e374,DUP-0685,False,EXACT_DUPLICATE,EXCLUDE,,Exact SHA-256 duplicate; keep preferred copy in DUP-0685.,OK
janus_baseline_gate/Janus_MoSSe_CanonicalUnguided_BaselineRelease/provenance_scripts/make_resolved_figures.py,make_resolved_figures.py,.py,11587,a8f74a787b0af005f814cf1222b15ab04d15df072db0fadd88ceaea23c311db2,DUP-0573,False,EXACT_DUPLICATE,EXCLUDE,,Exact SHA-256 duplicate; keep preferred copy in DUP-0573.,OK
janus_baseline_gate/Janus_MoSSe_CanonicalUnguided_BaselineRelease/provenance_scripts/matched_symmetry_audit.py,matched_symmetry_audit.py,.py,6873,3ef780dbd6dfa7d788e98a30dc986d6e73998cf69448fcc812849ed5c3110be4,DUP-0219,False,EXACT_DUPLICATE,EXCLUDE,,Exact SHA-256 duplicate; keep preferred copy in DUP-0219.,OK
janus_baseline_gate/Janus_MoSSe_CanonicalUnguided_BaselineRelease/provenance_scripts/matched_symmetry_final.py,matched_symmetry_final.py,.py,1641,ffac41fcfaa977a47f39a3201bb079038a05c05df005f9e44d8c0605686a6d0c,DUP-0860,False,EXACT_DUPLICATE,EXCLUDE,,Exact SHA-256 duplicate; keep preferred copy in DUP-0860.,OK
janus_baseline_gate/Janus_MoSSe_CanonicalUnguided_BaselineRelease/provenance_scripts/resolve_branch_topology.py,resolve_branch_topology.py,.py,3606,550333a1ea3842e63a87d2750450a6bbb9d5d8aa9b58ec819359a955de9b14e9,DUP-0292,False,EXACT_DUPLICATE,EXCLUDE,,Exact SHA-256 duplicate; keep preferred copy in DUP-0292.,OK
janus_baseline_gate/Janus_MoSSe_CanonicalUnguided_BaselineRelease/provenance_scripts/shape_scaling_audit.py,shape_scaling_audit.py,.py,3300,79757a4815644d7ff67824595611db079d76f1d516fb50542b1c8111d19f6a21,DUP-0422,False,EXACT_DUPLICATE,EXCLUDE,,Exact SHA-256 duplicate; keep preferred copy in DUP-0422.,OK
janus_baseline_gate/Janus_MoSSe_CanonicalUnguided_BaselineRelease/provenance_scripts/thermal_cluster_audit.py,thermal_cluster_audit.py,.py,7162,1813606a131d67f182a7f39935642c9b2e628d3648320dc592626eed89e00d01,DUP-0079,False,EXACT_DUPLICATE,EXCLUDE,,Exact SHA-256 duplicate; keep preferred copy in DUP-0079.,OK
janus_baseline_gate/Janus_MoSSe_CanonicalUnguided_BaselineRelease/provenance_scripts/triangle_branch_audit.py,triangle_branch_audit.py,.py,3180,9bbdafc7f55490a1bf34328d1fe38d168f70837a31610a201d507a454cec1725,DUP-0534,False,EXACT_DUPLICATE,EXCLUDE,,Exact SHA-256 duplicate; keep preferred copy in DUP-0534.,OK
janus_baseline_gate/Janus_MoSSe_CanonicalUnguided_BaselineRelease/provenance_scripts/triangle_ground_switch.py,triangle_ground_switch.py,.py,2751,9f336c5d16c29cde253d49e3a3712c051aba03ad0909347cd5b65691e7865e74,DUP-0544,False,EXACT_DUPLICATE,EXCLUDE,,Exact SHA-256 duplicate; keep preferred copy in DUP-0544.,OK
janus_baseline_gate/Janus_MoSSe_CanonicalUnguided_BaselineRelease/provenance_scripts/vector_mode_map.py,vector_mode_map.py,.py,3043,5593ccf03a3ef70d26e40a74d037e4dd97c12139bb454ad44d1f08fc4359a335,DUP-0296,False,EXACT_DUPLICATE,EXCLUDE,,Exact SHA-256 duplicate; keep preferred copy in DUP-0296.,OK
janus_baseline_gate/Janus_MoSSe_CanonicalUnguided_BaselineRelease/recompute_thermal_summary.py,recompute_thermal_summary.py,.py,1183,97042cadb931934cf36ad2d85b5d4c71c716e1b6146146d06bdbf385f335c935,DUP-0511,False,EXACT_DUPLICATE,EXCLUDE,,Exact SHA-256 duplicate; keep preferred copy in DUP-0511.,OK
janus_baseline_gate/Janus_MoSSe_CanonicalUnguided_BaselineRelease/reports/AUDIT_RESOLUTION_REPORT.md,AUDIT_RESOLUTION_REPORT.md,.md,14718,be745c21b7e7d5ef3a1f9c67f364f0497ffd72c4126064f403cb962cef81bcfa,DUP-0651,False,EXACT_DUPLICATE,EXCLUDE,,Exact SHA-256 duplicate; keep preferred copy in DUP-0651.,OK
janus_baseline_gate/Janus_MoSSe_CanonicalUnguided_BaselineRelease/reports/CANONICAL_BASELINE_REPORT.md,CANONICAL_BASELINE_REPORT.md,.md,5672,054d383db6ce999c1c443e033cdc867297edf9f427f40292d0b01951bf115d5e,DUP-0018,False,EXACT_DUPLICATE,EXCLUDE,,Exact SHA-256 duplicate; keep preferred copy in DUP-0018.,OK
janus_baseline_gate/Janus_MoSSe_CanonicalUnguided_BaselineRelease/requirements.txt,requirements.txt,.txt,74,463b51d2d4f031011d652b9af93e6427c081d78254e200a28edeff1f967773f0,DUP-0243,False,EXACT_DUPLICATE,EXCLUDE,,Exact SHA-256 duplicate; keep preferred copy in DUP-0243.,OK
janus_baseline_gate/Janus_MoSSe_CanonicalUnguided_BaselineRelease/source/__pycache__/dft_guided_material_v12.cpython-313.pyc,dft_guided_material_v12.cpython-313.pyc,.cpython-313.pyc,20836,4a661f504711af7b318c9b381207fccc0052a01ab94760526986e7eadbe82f6b,DUP-0254,False,EPHEMERAL_QA,EXCLUDE,,Rendered page/QA-only intermediate; reproducible from source document.,OK
janus_baseline_gate/Janus_MoSSe_CanonicalUnguided_BaselineRelease/source/__pycache__/janus_fourier_landscapes_v12.cpython-313.pyc,janus_fourier_landscapes_v12.cpython-313.pyc,.cpython-313.pyc,12364,9e9f06d235768820635cae6490905cb560a8e1fd55c9c4992832ad6abdeb59c4,DUP-0539,False,EPHEMERAL_QA,EXCLUDE,,Rendered page/QA-only intermediate; reproducible from source document.,OK
janus_baseline_gate/Janus_MoSSe_CanonicalUnguided_BaselineRelease/source/__pycache__/new_physics_v18.cpython-313.pyc,new_physics_v18.cpython-313.pyc,.cpython-313.pyc,34065,d47dc9e583b24aa76c94d2293cd04505fea3072fcc76bb0cb6e5b32c558e8fec,DUP-0729,False,EPHEMERAL_QA,EXCLUDE,,Rendered page/QA-only intermediate; reproducible from source document.,OK
janus_baseline_gate/Janus_MoSSe_CanonicalUnguided_BaselineRelease/source/canonical_analysis_v17.py,canonical_analysis_v17.py,.py,21837,01627a2ee2cd29ba8ae80ea0cf2828cd98a9162c6b332f1ffaf4a1f320d75067,DUP-0003,False,EXACT_DUPLICATE,EXCLUDE,,Exact SHA-256 duplicate; keep preferred copy in DUP-0003.,OK
janus_baseline_gate/Janus_MoSSe_CanonicalUnguided_BaselineRelease/source/dft_guided_material_v12.py,dft_guided_material_v12.py,.py,10403,3dbb2ef66165b519ee48de20e34ed855e319cb3877f2f5952e710adcff671356,DUP-0216,False,EXACT_DUPLICATE,EXCLUDE,,Exact SHA-256 duplicate; keep preferred copy in DUP-0216.,OK
janus_baseline_gate/Janus_MoSSe_CanonicalUnguided_BaselineRelease/source/janus_fourier_landscapes_v12.py,janus_fourier_landscapes_v12.py,.py,7446,f2b1ffc29da25d053fa534145d2d1896cdfb33441928d4b12a218961114942d9,DUP-0817,False,EXACT_DUPLICATE,EXCLUDE,,Exact SHA-256 duplicate; keep preferred copy in DUP-0817.,OK
janus_baseline_gate/Janus_MoSSe_CanonicalUnguided_BaselineRelease/source/make_figure7_v17.py,make_figure7_v17.py,.py,4240,ff6b2cbd040613f8bf8ab7e8ff0847e805d62265a1341264e25468c52011f0f5,DUP-0859,False,EXACT_DUPLICATE,EXCLUDE,,Exact SHA-256 duplicate; keep preferred copy in DUP-0859.,OK
janus_baseline_gate/Janus_MoSSe_CanonicalUnguided_BaselineRelease/source/make_figure8_v17.py,make_figure8_v17.py,.py,5501,0e5d2eb929e892ab8952aafe8d7d7b34ca2e77cbf7d955edf2b9f2e3037ef1c8,DUP-0048,False,EXACT_DUPLICATE,EXCLUDE,,Exact SHA-256 duplicate; keep preferred copy in DUP-0048.,OK
janus_baseline_gate/Janus_MoSSe_CanonicalUnguided_BaselineRelease/source/make_figure9_v18.py,make_figure9_v18.py,.py,3981,7247a4e5057973a73c85075ba1ac48b9b0910dd4a485f31b0ed19c9423488f17,DUP-0399,False,EXACT_DUPLICATE,EXCLUDE,,Exact SHA-256 duplicate; keep preferred copy in DUP-0399.,OK
janus_baseline_gate/Janus_MoSSe_CanonicalUnguided_BaselineRelease/source/new_physics_v18.py,new_physics_v18.py,.py,17736,88277be504516ebd14ed95273b25e894ba1a059696728616c94ad30e4b68d993,DUP-0473,False,EXACT_DUPLICATE,EXCLUDE,,Exact SHA-256 duplicate; keep preferred copy in DUP-0473.,OK
janus_baseline_gate/Janus_MoSSe_CanonicalUnguided_BaselineRelease/source/run_dft_material_validation_v12.py,run_dft_material_validation_v12.py,.py,8442,51d7f4fc14d6598872f4620a3703ce50109c12b9aa9097a5d18d4a0db5b20674,DUP-0284,False,EXACT_DUPLICATE,EXCLUDE,,Exact SHA-256 duplicate; keep preferred copy in DUP-0284.,OK
janus_baseline_gate/Janus_MoSSe_CanonicalUnguided_BaselineRelease/source/validate_v12_outputs.py,validate_v12_outputs.py,.py,4461,3248297073e8618733aed92574283318eec85b71ccebd9f022c2cd341ddfc232,DUP-0169,False,EXACT_DUPLICATE,EXCLUDE,,Exact SHA-256 duplicate; keep preferred copy in DUP-0169.,OK
janus_baseline_gate/Janus_MoSSe_CanonicalUnguided_BaselineRelease/source/validate_v17_release.py,validate_v17_release.py,.py,5099,d694af76263dd49cc778f8ec3e964efc4ea391d8b6171752861d2a34c57be70b,DUP-0733,False,EXACT_DUPLICATE,EXCLUDE,,Exact SHA-256 duplicate; keep preferred copy in DUP-0733.,OK
janus_baseline_gate/Janus_MoSSe_CanonicalUnguided_BaselineRelease/source/validate_v18_release.py,validate_v18_release.py,.py,2818,99960c866b3663a49cdfd0428c5aa52d0b848d9eea49cb04e7b47a80aeff4d14,DUP-0527,False,EXACT_DUPLICATE,EXCLUDE,,Exact SHA-256 duplicate; keep preferred copy in DUP-0527.,OK
janus_baseline_gate/Janus_MoSSe_CanonicalUnguided_BaselineRelease/validate_canonical_baseline.py,validate_canonical_baseline.py,.py,3023,81dee3d39f297d6444b9c7306bbd661a4de36575624f86c952e9698cebe52846,DUP-0453,False,EXACT_DUPLICATE,EXCLUDE,,Exact SHA-256 duplicate; keep preferred copy in DUP-0453.,OK
janus_baseline_gate/Janus_MoSSe_CanonicalUnguided_BaselineRelease/validate_release.py,validate_release.py,.py,5030,62ab0fd35d6697c87bcda9758f050401fd4cb2e064cc0a8bb952a19b9aea6f6d,DUP-0344,False,EXACT_DUPLICATE,EXCLUDE,,Exact SHA-256 duplicate; keep preferred copy in DUP-0344.,OK
janus_baseline_gate/Janus_MoSSe_CanonicalUnguided_BaselineRelease.zip,Janus_MoSSe_CanonicalUnguided_BaselineRelease.zip,.zip,6008071,aab51d38ba587bc7d1f95765be159740698d575c0a82c3906c4c863ff3bcdffc,DUP-0577,False,EXACT_DUPLICATE,EXCLUDE,,Exact SHA-256 duplicate; keep preferred copy in DUP-0577.,OK
janus_baseline_gate/Janus_MoSSe_CanonicalUnguided_BaselineRelease.zip.sha256,Janus_MoSSe_CanonicalUnguided_BaselineRelease.zip.sha256,.zip.sha256,116,f234d369d0d528f8a817aa47aa089dbf46a78d32ef5655777de75a3870d4e17f,,True,SUPPORTING,KEEP,research-os/janus_baseline_gate/Janus_MoSSe_CanonicalUnguided_BaselineRelease.zip.sha256,"Research OS evidence, code, data, audit, or provenance artifact.",OK
janus_baseline_gate/baseline_dependency_audit.py,baseline_dependency_audit.py,.py,6868,acd5c659d4feec046d289646120ea0d8b3323d8c5c034995eade41623fbec21c,,True,SUPPORTING,KEEP,research-os/janus_baseline_gate/baseline_dependency_audit.py,"Research OS evidence, code, data, audit, or provenance artifact.",OK
janus_baseline_gate/baseline_dependency_audit_run.txt,baseline_dependency_audit_run.txt,.txt,0,e3b0c44298fc1c149afbf4c8996fb92427ae41e4649b934ca495991b7852b855,DUP-0769,False,EXACT_DUPLICATE,EXCLUDE,,Exact SHA-256 duplicate; keep preferred copy in DUP-0769.,OK
janus_baseline_gate/baseline_dependency_audit_summary.json,baseline_dependency_audit_summary.json,.json,637,df04d40c45076d714dcf32ccb82c08339a16cc2fdc42b98621f6313793cc099f,,True,SUPPORTING,KEEP,research-os/janus_baseline_gate/baseline_dependency_audit_summary.json,"Research OS evidence, code, data, audit, or provenance artifact.",OK
janus_baseline_gate/canonical_baseline.patch,canonical_baseline.patch,.patch,7402,25abb40031f48747fb5ac2558917d543117e40f780f07cc655c5da2fb67ccc0c,,True,SUPPORTING,KEEP,research-os/janus_baseline_gate/canonical_baseline.patch,"Research OS evidence, code, data, audit, or provenance artifact.",OK
janus_baseline_gate/canonical_unguided.json,canonical_unguided.json,.json,2234,7360c00cf0f60c3a800dbc74629dd811a2335109dc804980f35556430423e2be,DUP-0402,False,EXACT_DUPLICATE,EXCLUDE,,Exact SHA-256 duplicate; keep preferred copy in DUP-0402.,OK
janus_baseline_gate/investigate_disk_R8.py,investigate_disk_R8.py,.py,4085,9fcaaad0be0a33c62b49f6daea354147015b5a94e2e1b4ee538b93854cf4e4a7,,True,SUPPORTING,KEEP,research-os/janus_baseline_gate/investigate_disk_R8.py,"Research OS evidence, code, data, audit, or provenance artifact.",OK
janus_baseline_gate/release/Janus_MoSSe_AuditResolved_ReproducibilityRelease/ENVIRONMENT.md,ENVIRONMENT.md,.md,517,11879bf9bed82c5a7ca7e80b5868f9f62aacdf24438292b41e9b31446b116942,DUP-0056,False,EXACT_DUPLICATE,EXCLUDE,,Exact SHA-256 duplicate; keep preferred copy in DUP-0056.,OK
janus_baseline_gate/release/Janus_MoSSe_AuditResolved_ReproducibilityRelease/README.md,README.md,.md,3907,0c50060b753d91a0c9bb9d871aed5c239e27e52eda88e78f140e777284dd5ea5,DUP-0040,False,EXACT_DUPLICATE,EXCLUDE,,Exact SHA-256 duplicate; keep preferred copy in DUP-0040.,OK
janus_baseline_gate/release/Janus_MoSSe_AuditResolved_ReproducibilityRelease/RUNNING_AUDITS.md,RUNNING_AUDITS.md,.md,1663,ec71a3fbff625b3fbe6514dc7c9081bd10d21def802f16861d770cf3975a539d,DUP-0796,False,EXACT_DUPLICATE,EXCLUDE,,Exact SHA-256 duplicate; keep preferred copy in DUP-0796.,OK
janus_baseline_gate/release/Janus_MoSSe_AuditResolved_ReproducibilityRelease/SHA256SUMS.txt,SHA256SUMS.txt,.txt,7739,0d02eb23ffedd61a17fedd746c7d211173b1ec5ae0bc67b30a1550a0277439fa,DUP-0042,False,EXACT_DUPLICATE,EXCLUDE,,Exact SHA-256 duplicate; keep preferred copy in DUP-0042.,OK
janus_baseline_gate/release/Janus_MoSSe_AuditResolved_ReproducibilityRelease/audit_scripts/asymmetry_global_check.py,asymmetry_global_check.py,.py,1532,8f519e4b2fbd0dbf9d1659ba27c6d832e947a34d8c96f48cc113a3568fbf8bc1,DUP-0492,False,EXACT_DUPLICATE,EXCLUDE,,Exact SHA-256 duplicate; keep preferred copy in DUP-0492.,OK
janus_baseline_gate/release/Janus_MoSSe_AuditResolved_ReproducibilityRelease/audit_scripts/branch_audit.py,branch_audit.py,.py,4897,c29a6d2983ec9e50eb81a855018c084bc60a63cde414babffd502332aeaf7967,DUP-0661,False,EXACT_DUPLICATE,EXCLUDE,,Exact SHA-256 duplicate; keep preferred copy in DUP-0661.,OK
janus_baseline_gate/release/Janus_MoSSe_AuditResolved_ReproducibilityRelease/audit_scripts/edge_weight_ground_switch.py,edge_weight_ground_switch.py,.py,1443,1679b252671d84884a2a4a25b63b61498b62f3a7d77e05d39f456ffdbccca7bc,DUP-0074,False,EXACT_DUPLICATE,EXCLUDE,,Exact SHA-256 duplicate; keep preferred copy in DUP-0074.,OK
janus_baseline_gate/release/Janus_MoSSe_AuditResolved_ReproducibilityRelease/audit_scripts/edge_weight_sensitivity.py,edge_weight_sensitivity.py,.py,2567,51c683f848369352351818594b91e9bbe5fb7718d464e3bfbfbfd27d6799758d,DUP-0283,False,EXACT_DUPLICATE,EXCLUDE,,Exact SHA-256 duplicate; keep preferred copy in DUP-0283.,OK
janus_baseline_gate/release/Janus_MoSSe_AuditResolved_ReproducibilityRelease/audit_scripts/floquet_conditioning_audit.py,floquet_conditioning_audit.py,.py,3367,8ec21b53e8081f242ab249a5c911338055acbd766f84d69698f6507c90990d60,DUP-0488,False,EXACT_DUPLICATE,EXCLUDE,,Exact SHA-256 duplicate; keep preferred copy in DUP-0488.,OK
janus_baseline_gate/release/Janus_MoSSe_AuditResolved_ReproducibilityRelease/audit_scripts/make_resolved_figures.py,make_resolved_figures.py,.py,11731,4cbc229a21f49a5c947fcf2ed2cfd81ec1dbf68f8a1f9f9bdbb05f92f4e2ea53,DUP-0266,False,EXACT_DUPLICATE,EXCLUDE,,Exact SHA-256 duplicate; keep preferred copy in DUP-0266.,OK
janus_baseline_gate/release/Janus_MoSSe_AuditResolved_ReproducibilityRelease/audit_scripts/matched_symmetry_audit.py,matched_symmetry_audit.py,.py,6911,f8f93a3a2aabfe771af0efaef102483ecff0de61a58ed5f0c2312b6089aa5b6b,DUP-0834,False,EXACT_DUPLICATE,EXCLUDE,,Exact SHA-256 duplicate; keep preferred copy in DUP-0834.,OK
janus_baseline_gate/release/Janus_MoSSe_AuditResolved_ReproducibilityRelease/audit_scripts/matched_symmetry_final.py,matched_symmetry_final.py,.py,1752,8f063bb649d87dd8916ce8d84eaac5c73e65e2986456c1baca4932d0e2a3e82c,DUP-0489,False,EXACT_DUPLICATE,EXCLUDE,,Exact SHA-256 duplicate; keep preferred copy in DUP-0489.,OK
janus_baseline_gate/release/Janus_MoSSe_AuditResolved_ReproducibilityRelease/audit_scripts/resolve_branch_topology.py,resolve_branch_topology.py,.py,3644,6058c7d2b56959e98eb5b954a5ed4616f30024996e5ab963521146d6644f5fc1,DUP-0336,False,EXACT_DUPLICATE,EXCLUDE,,Exact SHA-256 duplicate; keep preferred copy in DUP-0336.,OK
janus_baseline_gate/release/Janus_MoSSe_AuditResolved_ReproducibilityRelease/audit_scripts/shape_scaling_audit.py,shape_scaling_audit.py,.py,3338,cfde0bcd4a006e03c37608d19035ac95320299a88136c00c7c368b8d77a5ee1c,DUP-0710,False,EXACT_DUPLICATE,EXCLUDE,,Exact SHA-256 duplicate; keep preferred copy in DUP-0710.,OK
janus_baseline_gate/release/Janus_MoSSe_AuditResolved_ReproducibilityRelease/audit_scripts/thermal_cluster_audit.py,thermal_cluster_audit.py,.py,7232,8eac340b189490c273d3211664608eef4bec8aa1fe5d80d13e4a69660e636470,DUP-0487,False,EXACT_DUPLICATE,EXCLUDE,,Exact SHA-256 duplicate; keep preferred copy in DUP-0487.,OK
janus_baseline_gate/release/Janus_MoSSe_AuditResolved_ReproducibilityRelease/audit_scripts/triangle_branch_audit.py,triangle_branch_audit.py,.py,3204,769d45772e8188e3eba280e222b785a0c1445b8a1b3e7a66d556841fb69a8ae6,DUP-0413,False,EXACT_DUPLICATE,EXCLUDE,,Exact SHA-256 duplicate; keep preferred copy in DUP-0413.,OK
janus_baseline_gate/release/Janus_MoSSe_AuditResolved_ReproducibilityRelease/audit_scripts/triangle_ground_switch.py,triangle_ground_switch.py,.py,2775,c3211a2020414a0984c2dd642ad09367cb803e91c3165ba771f134565fe9423c,DUP-0664,False,EXACT_DUPLICATE,EXCLUDE,,Exact SHA-256 duplicate; keep preferred copy in DUP-0664.,OK
janus_baseline_gate/release/Janus_MoSSe_AuditResolved_ReproducibilityRelease/audit_scripts/vector_mode_map.py,vector_mode_map.py,.py,3067,43c8229a9b1edd499f89686b306cecfcbea5e949e4d396ced24247476a4dd9ec,DUP-0231,False,EXACT_DUPLICATE,EXCLUDE,,Exact SHA-256 duplicate; keep preferred copy in DUP-0231.,OK
janus_baseline_gate/release/Janus_MoSSe_AuditResolved_ReproducibilityRelease/config/production.json,production.json,.json,3319,655c8eeef01037846dead3fe33349fe9314ef5f9c035596e7c71100876256239,DUP-0356,False,EXACT_DUPLICATE,EXCLUDE,,Exact SHA-256 duplicate; keep preferred copy in DUP-0356.,OK
janus_baseline_gate/release/Janus_MoSSe_AuditResolved_ReproducibilityRelease/data/canonical/asymmetry_global_check.csv,asymmetry_global_check.csv,.csv,708,63ab8ddda974801d45062cb1772d10bddd2d03d5c09a2563ea904edd855b10e3,DUP-0348,False,EXACT_DUPLICATE,EXCLUDE,,Exact SHA-256 duplicate; keep preferred copy in DUP-0348.,OK
janus_baseline_gate/release/Janus_MoSSe_AuditResolved_ReproducibilityRelease/data/canonical/branch_family_continuation.csv,branch_family_continuation.csv,.csv,9659,02415c64857c93945889fff43a78f678ae2a8aaadd4fe8100a23d637fbb59764,DUP-0008,False,EXACT_DUPLICATE,EXCLUDE,,Exact SHA-256 duplicate; keep preferred copy in DUP-0008.,OK
janus_baseline_gate/release/Janus_MoSSe_AuditResolved_ReproducibilityRelease/data/canonical/branch_family_summary.csv,branch_family_summary.csv,.csv,2573,0871709658d8ca369dd21a0584bf590c1cf2a8e2efc260f80b244255602d7d6d,DUP-0028,False,EXACT_DUPLICATE,EXCLUDE,,Exact SHA-256 duplicate; keep preferred copy in DUP-0028.,OK
janus_baseline_gate/release/Janus_MoSSe_AuditResolved_ReproducibilityRelease/data/canonical/branch_followed_thresholds.csv,branch_followed_thresholds.csv,.csv,1756,80207e27baa7feb317dd95891d99435d2a57a7bd5a737eeb7e5a0d2c4d292603,DUP-0443,False,EXACT_DUPLICATE,EXCLUDE,,Exact SHA-256 duplicate; keep preferred copy in DUP-0443.,OK
janus_baseline_gate/release/Janus_MoSSe_AuditResolved_ReproducibilityRelease/data/canonical/edge_weight_ground_switch.csv,edge_weight_ground_switch.csv,.csv,334,f3a8d30d4a46550eae49d4056d2795875430d6803f76a1742eee90d151e0070a,DUP-0822,False,EXACT_DUPLICATE,EXCLUDE,,Exact SHA-256 duplicate; keep preferred copy in DUP-0822.,OK
janus_baseline_gate/release/Janus_MoSSe_AuditResolved_ReproducibilityRelease/data/canonical/floquet_conditioning_check.csv,floquet_conditioning_check.csv,.csv,560,2d9ea344f79c7a3b7f8b1ee23477311a1dee0c59eb42915220b72afb898d214d,DUP-0155,False,EXACT_DUPLICATE,EXCLUDE,,Exact SHA-256 duplicate; keep preferred copy in DUP-0155.,OK
janus_baseline_gate/release/Janus_MoSSe_AuditResolved_ReproducibilityRelease/data/canonical/free_cusp_like_point.csv,free_cusp_like_point.csv,.csv,301,5e67c8c59e9d883997f506aa67bc2fa9353d984355cd8b7e6bde81c1655dd33e,DUP-0325,False,EXACT_DUPLICATE,EXCLUDE,,Exact SHA-256 duplicate; keep preferred copy in DUP-0325.,OK
janus_baseline_gate/release/Janus_MoSSe_AuditResolved_ReproducibilityRelease/data/canonical/free_fold_nondegeneracy.csv,free_fold_nondegeneracy.csv,.csv,118445,7b3a007338abbe2aca3cf8b482c056a4a48f09b8404ee03407fc4f0750e83607,DUP-0424,False,EXACT_DUPLICATE,EXCLUDE,,Exact SHA-256 duplicate; keep preferred copy in DUP-0424.,OK
janus_baseline_gate/release/Janus_MoSSe_AuditResolved_ReproducibilityRelease/data/canonical/free_thermal_cluster_ci_canonical.csv,free_thermal_cluster_ci_canonical.csv,.csv,2461,6d5ab6e46cdb1272c0b8627c36d761be427836acc507c310c49952eead91f8e7,DUP-0381,False,EXACT_DUPLICATE,EXCLUDE,,Exact SHA-256 duplicate; keep preferred copy in DUP-0381.,OK
janus_baseline_gate/release/Janus_MoSSe_AuditResolved_ReproducibilityRelease/data/canonical/free_thermal_cluster_ci_recomputed.csv,free_thermal_cluster_ci_recomputed.csv,.csv,1862,fc13c407274fca75f59c3c285736701ae84531034753f7ec092b00047bf117eb,DUP-0844,False,EXACT_DUPLICATE,EXCLUDE,,Exact SHA-256 duplicate; keep preferred copy in DUP-0844.,OK
janus_baseline_gate/release/Janus_MoSSe_AuditResolved_ReproducibilityRelease/data/canonical/matched_symmetry_final.csv,matched_symmetry_final.csv,.csv,1660,2aef9c57787f0aa0eee6848de1fdcc3223fb6161ea588c93aed6c5c5c54c5313,DUP-0145,False,EXACT_DUPLICATE,EXCLUDE,,Exact SHA-256 duplicate; keep preferred copy in DUP-0145.,OK
janus_baseline_gate/release/Janus_MoSSe_AuditResolved_ReproducibilityRelease/data/canonical/matched_symmetry_final_contracts.csv,matched_symmetry_final_contracts.csv,.csv,280,e7d84591f0b92febcb6bcd45980b6b6684cf47c48da5b8d6a967091e4c6c4169,DUP-0784,False,EXACT_DUPLICATE,EXCLUDE,,Exact SHA-256 duplicate; keep preferred copy in DUP-0784.,OK
janus_baseline_gate/release/Janus_MoSSe_AuditResolved_ReproducibilityRelease/data/canonical/shape_scaling_extended.csv,shape_scaling_extended.csv,.csv,6755,2deaacd57ebb582c817cd5c395f0fc6a198ce516372157933667a4cae0b4cdf0,DUP-0158,False,EXACT_DUPLICATE,EXCLUDE,,Exact SHA-256 duplicate; keep preferred copy in DUP-0158.,OK
janus_baseline_gate/release/Janus_MoSSe_AuditResolved_ReproducibilityRelease/data/canonical/shape_scaling_metrics.csv,shape_scaling_metrics.csv,.csv,1526,83810cfce0b829965ad2ef48f4cc9c250305a59decd2a75ac436acf6b4ea4b75,DUP-0460,False,EXACT_DUPLICATE,EXCLUDE,,Exact SHA-256 duplicate; keep preferred copy in DUP-0460.,OK
janus_baseline_gate/release/Janus_MoSSe_AuditResolved_ReproducibilityRelease/data/canonical/triangle_branch_families.csv,triangle_branch_families.csv,.csv,1581,1d0ff061405bb35eb03cb4c4d82e5bf55b724d41fc82c07196f269076e536480,DUP-0098,False,EXACT_DUPLICATE,EXCLUDE,,Exact SHA-256 duplicate; keep preferred copy in DUP-0098.,OK
janus_baseline_gate/release/Janus_MoSSe_AuditResolved_ReproducibilityRelease/data/canonical/triangle_ground_switch.csv,triangle_ground_switch.csv,.csv,2899,b2908ab9f20c3fffe2ef96e4d51eb8c8c758db938d60186f80380c8485393c0d,DUP-0610,False,EXACT_DUPLICATE,EXCLUDE,,Exact SHA-256 duplicate; keep preferred copy in DUP-0610.,OK
janus_baseline_gate/release/Janus_MoSSe_AuditResolved_ReproducibilityRelease/data/canonical/vector_mode_map_F0_period.csv,vector_mode_map_F0_period.csv,.csv,9433,fe9365f60cafa029fdf414cddf51ed490f7f98cd34cc2b967e706ab0c09cfcc1,DUP-0855,False,EXACT_DUPLICATE,EXCLUDE,,Exact SHA-256 duplicate; keep preferred copy in DUP-0855.,OK
janus_baseline_gate/release/Janus_MoSSe_AuditResolved_ReproducibilityRelease/data/raw_thermal/free_thermal_trajectory_raw_canonical.csv,free_thermal_trajectory_raw_canonical.csv,.csv,1121505,279cce7e3b9e80f03b94e4d345d85fc26ab8ed9ce0864f566ae1986a9f89db53,DUP-0136,False,EXACT_DUPLICATE,EXCLUDE,,Exact SHA-256 duplicate; keep preferred copy in DUP-0136.,OK
janus_baseline_gate/release/Janus_MoSSe_AuditResolved_ReproducibilityRelease/figures/Figure_1_symmetry_contracts.png,Figure_1_symmetry_contracts.png,.png,432290,cc37eeb43ae16b313b8306499b42dd20e1456c2672236f73b393afb7fd2d9013,DUP-0694,False,EXACT_DUPLICATE,EXCLUDE,,Exact SHA-256 duplicate; keep preferred copy in DUP-0694.,OK
janus_baseline_gate/release/Janus_MoSSe_AuditResolved_ReproducibilityRelease/figures/Figure_2_branch_resolved_depinning.png,Figure_2_branch_resolved_depinning.png,.png,355658,d485395e1e1cad111fefc981339d9ff973fa8ffe6251e462771d6f1696a2e2ca,DUP-0730,False,EXACT_DUPLICATE,EXCLUDE,,Exact SHA-256 duplicate; keep preferred copy in DUP-0730.,OK
janus_baseline_gate/release/Janus_MoSSe_AuditResolved_ReproducibilityRelease/figures/Figure_3_extended_size_shape_similarity.png,Figure_3_extended_size_shape_similarity.png,.png,439600,cb7582900f68c199563b0c8db5beba178d71865b857970dcbbfadf50662cfc40,DUP-0692,False,EXACT_DUPLICATE,EXCLUDE,,Exact SHA-256 duplicate; keep preferred copy in DUP-0692.,OK
janus_baseline_gate/release/Janus_MoSSe_AuditResolved_ReproducibilityRelease/figures/Figure_4_boundary_registry_switching.png,Figure_4_boundary_registry_switching.png,.png,397699,71598bbe3f865cf93187ce29e1e766c8f402f88a8e4a3ab1976e0bdd39d027c9,DUP-0396,False,EXACT_DUPLICATE,EXCLUDE,,Exact SHA-256 duplicate; keep preferred copy in DUP-0396.,OK
janus_baseline_gate/release/Janus_MoSSe_AuditResolved_ReproducibilityRelease/figures/Figure_5_vector_mode_map_floquet.png,Figure_5_vector_mode_map_floquet.png,.png,271416,84f44d721ff39ebe33b42e94cd8ca6aa3c06938b23ddf3d0762765afe73c33ea,DUP-0464,False,EXACT_DUPLICATE,EXCLUDE,,Exact SHA-256 duplicate; keep preferred copy in DUP-0464.,OK
janus_baseline_gate/release/Janus_MoSSe_AuditResolved_ReproducibilityRelease/figures/Figure_6_thermal_cluster_uncertainty.png,Figure_6_thermal_cluster_uncertainty.png,.png,205036,3565297c47a9e8d999db5c2e61e5cf29ba9e3ae433088511a02503238b083a22,DUP-0188,False,EXACT_DUPLICATE,EXCLUDE,,Exact SHA-256 duplicate; keep preferred copy in DUP-0188.,OK
janus_baseline_gate/release/Janus_MoSSe_AuditResolved_ReproducibilityRelease/manuscript/Janus_MoSSe_AuditResolved_SupplementaryInformation.docx,Janus_MoSSe_AuditResolved_SupplementaryInformation.docx,.docx,44981,c1f05ec628a69311debe72ba01912824d4ba72669ad91cbb082a7b44348d881d,DUP-0659,False,EXACT_DUPLICATE,EXCLUDE,,Exact SHA-256 duplicate; keep preferred copy in DUP-0659.,OK
janus_baseline_gate/release/Janus_MoSSe_AuditResolved_ReproducibilityRelease/manuscript/Janus_MoSSe_Reboot_Revalidated_Manuscript_AuditResolved.docx,Janus_MoSSe_Reboot_Revalidated_Manuscript_AuditResolved.docx,.docx,3459850,fdab21b00ac99b26341f8e2a576fb5c0d1034cdb99c8f4981daccaabff3a4c82,DUP-0851,False,EXACT_DUPLICATE,EXCLUDE,,Exact SHA-256 duplicate; keep preferred copy in DUP-0851.,OK
janus_baseline_gate/release/Janus_MoSSe_AuditResolved_ReproducibilityRelease/provenance_scripts/asymmetry_global_check.py,asymmetry_global_check.py,.py,1508,8d5a96342dbc9d89951255c7aab6a841c8ccebe5a5fde9645ebc8255b7e06f25,DUP-0482,False,EXACT_DUPLICATE,EXCLUDE,,Exact SHA-256 duplicate; keep preferred copy in DUP-0482.,OK
janus_baseline_gate/release/Janus_MoSSe_AuditResolved_ReproducibilityRelease/provenance_scripts/branch_audit.py,branch_audit.py,.py,4884,8fb18cbf9daedc3f2214e06beb55792081a7d3cafec566118681cc163a4e203e,DUP-0493,False,EXACT_DUPLICATE,EXCLUDE,,Exact SHA-256 duplicate; keep preferred copy in DUP-0493.,OK
janus_baseline_gate/release/Janus_MoSSe_AuditResolved_ReproducibilityRelease/provenance_scripts/edge_weight_ground_switch.py,edge_weight_ground_switch.py,.py,1419,7176e83e7df49f3a2af1f0d53ddb44385f4a6d7ff3ff510eb6dd308aaab4d116,DUP-0397,False,EXACT_DUPLICATE,EXCLUDE,,Exact SHA-256 duplicate; keep preferred copy in DUP-0397.,OK
janus_baseline_gate/release/Janus_MoSSe_AuditResolved_ReproducibilityRelease/provenance_scripts/edge_weight_sensitivity.py,edge_weight_sensitivity.py,.py,2596,ce8b8b7a68e882a9e961a4ba2bbce2799e5031451d3224085a8254d2f66f1f6f,DUP-0705,False,EXACT_DUPLICATE,EXCLUDE,,Exact SHA-256 duplicate; keep preferred copy in DUP-0705.,OK
janus_baseline_gate/release/Janus_MoSSe_AuditResolved_ReproducibilityRelease/provenance_scripts/floquet_conditioning_audit.py,floquet_conditioning_audit.py,.py,3343,c91aa58aa940538cd96684d3d26d8226f6b7ff9437aeb1123c0fd1f41625e374,DUP-0685,False,EXACT_DUPLICATE,EXCLUDE,,Exact SHA-256 duplicate; keep preferred copy in DUP-0685.,OK
janus_baseline_gate/release/Janus_MoSSe_AuditResolved_ReproducibilityRelease/provenance_scripts/make_resolved_figures.py,make_resolved_figures.py,.py,11587,a8f74a787b0af005f814cf1222b15ab04d15df072db0fadd88ceaea23c311db2,DUP-0573,False,EXACT_DUPLICATE,EXCLUDE,,Exact SHA-256 duplicate; keep preferred copy in DUP-0573.,OK
janus_baseline_gate/release/Janus_MoSSe_AuditResolved_ReproducibilityRelease/provenance_scripts/matched_symmetry_audit.py,matched_symmetry_audit.py,.py,6873,3ef780dbd6dfa7d788e98a30dc986d6e73998cf69448fcc812849ed5c3110be4,DUP-0219,False,EXACT_DUPLICATE,EXCLUDE,,Exact SHA-256 duplicate; keep preferred copy in DUP-0219.,OK
janus_baseline_gate/release/Janus_MoSSe_AuditResolved_ReproducibilityRelease/provenance_scripts/matched_symmetry_final.py,matched_symmetry_final.py,.py,1641,ffac41fcfaa977a47f39a3201bb079038a05c05df005f9e44d8c0605686a6d0c,DUP-0860,False,EXACT_DUPLICATE,EXCLUDE,,Exact SHA-256 duplicate; keep preferred copy in DUP-0860.,OK
janus_baseline_gate/release/Janus_MoSSe_AuditResolved_ReproducibilityRelease/provenance_scripts/resolve_branch_topology.py,resolve_branch_topology.py,.py,3606,550333a1ea3842e63a87d2750450a6bbb9d5d8aa9b58ec819359a955de9b14e9,DUP-0292,False,EXACT_DUPLICATE,EXCLUDE,,Exact SHA-256 duplicate; keep preferred copy in DUP-0292.,OK
janus_baseline_gate/release/Janus_MoSSe_AuditResolved_ReproducibilityRelease/provenance_scripts/shape_scaling_audit.py,shape_scaling_audit.py,.py,3300,79757a4815644d7ff67824595611db079d76f1d516fb50542b1c8111d19f6a21,DUP-0422,False,EXACT_DUPLICATE,EXCLUDE,,Exact SHA-256 duplicate; keep preferred copy in DUP-0422.,OK
janus_baseline_gate/release/Janus_MoSSe_AuditResolved_ReproducibilityRelease/provenance_scripts/thermal_cluster_audit.py,thermal_cluster_audit.py,.py,7162,1813606a131d67f182a7f39935642c9b2e628d3648320dc592626eed89e00d01,DUP-0079,False,EXACT_DUPLICATE,EXCLUDE,,Exact SHA-256 duplicate; keep preferred copy in DUP-0079.,OK
janus_baseline_gate/release/Janus_MoSSe_AuditResolved_ReproducibilityRelease/provenance_scripts/triangle_branch_audit.py,triangle_branch_audit.py,.py,3180,9bbdafc7f55490a1bf34328d1fe38d168f70837a31610a201d507a454cec1725,DUP-0534,False,EXACT_DUPLICATE,EXCLUDE,,Exact SHA-256 duplicate; keep preferred copy in DUP-0534.,OK
janus_baseline_gate/release/Janus_MoSSe_AuditResolved_ReproducibilityRelease/provenance_scripts/triangle_ground_switch.py,triangle_ground_switch.py,.py,2751,9f336c5d16c29cde253d49e3a3712c051aba03ad0909347cd5b65691e7865e74,DUP-0544,False,EXACT_DUPLICATE,EXCLUDE,,Exact SHA-256 duplicate; keep preferred copy in DUP-0544.,OK
janus_baseline_gate/release/Janus_MoSSe_AuditResolved_ReproducibilityRelease/provenance_scripts/vector_mode_map.py,vector_mode_map.py,.py,3043,5593ccf03a3ef70d26e40a74d037e4dd97c12139bb454ad44d1f08fc4359a335,DUP-0296,False,EXACT_DUPLICATE,EXCLUDE,,Exact SHA-256 duplicate; keep preferred copy in DUP-0296.,OK
janus_baseline_gate/release/Janus_MoSSe_AuditResolved_ReproducibilityRelease/recompute_thermal_summary.py,recompute_thermal_summary.py,.py,1183,97042cadb931934cf36ad2d85b5d4c71c716e1b6146146d06bdbf385f335c935,DUP-0511,False,EXACT_DUPLICATE,EXCLUDE,,Exact SHA-256 duplicate; keep preferred copy in DUP-0511.,OK
janus_baseline_gate/release/Janus_MoSSe_AuditResolved_ReproducibilityRelease/reports/AUDIT_RESOLUTION_REPORT.md,AUDIT_RESOLUTION_REPORT.md,.md,14718,be745c21b7e7d5ef3a1f9c67f364f0497ffd72c4126064f403cb962cef81bcfa,DUP-0651,False,EXACT_DUPLICATE,EXCLUDE,,Exact SHA-256 duplicate; keep preferred copy in DUP-0651.,OK
janus_baseline_gate/release/Janus_MoSSe_AuditResolved_ReproducibilityRelease/requirements.txt,requirements.txt,.txt,74,463b51d2d4f031011d652b9af93e6427c081d78254e200a28edeff1f967773f0,DUP-0243,False,EXACT_DUPLICATE,EXCLUDE,,Exact SHA-256 duplicate; keep preferred copy in DUP-0243.,OK
janus_baseline_gate/release/Janus_MoSSe_AuditResolved_ReproducibilityRelease/source/__pycache__/dft_guided_material_v12.cpython-313.pyc,dft_guided_material_v12.cpython-313.pyc,.cpython-313.pyc,20836,4a661f504711af7b318c9b381207fccc0052a01ab94760526986e7eadbe82f6b,DUP-0254,False,EPHEMERAL_QA,EXCLUDE,,Rendered page/QA-only intermediate; reproducible from source document.,OK
janus_baseline_gate/release/Janus_MoSSe_AuditResolved_ReproducibilityRelease/source/__pycache__/janus_fourier_landscapes_v12.cpython-313.pyc,janus_fourier_landscapes_v12.cpython-313.pyc,.cpython-313.pyc,12364,9e9f06d235768820635cae6490905cb560a8e1fd55c9c4992832ad6abdeb59c4,DUP-0539,False,EPHEMERAL_QA,EXCLUDE,,Rendered page/QA-only intermediate; reproducible from source document.,OK
janus_baseline_gate/release/Janus_MoSSe_AuditResolved_ReproducibilityRelease/source/__pycache__/new_physics_v18.cpython-313.pyc,new_physics_v18.cpython-313.pyc,.cpython-313.pyc,34065,d47dc9e583b24aa76c94d2293cd04505fea3072fcc76bb0cb6e5b32c558e8fec,DUP-0729,False,EPHEMERAL_QA,EXCLUDE,,Rendered page/QA-only intermediate; reproducible from source document.,OK
janus_baseline_gate/release/Janus_MoSSe_AuditResolved_ReproducibilityRelease/source/canonical_analysis_v17.py,canonical_analysis_v17.py,.py,21837,01627a2ee2cd29ba8ae80ea0cf2828cd98a9162c6b332f1ffaf4a1f320d75067,DUP-0003,False,EXACT_DUPLICATE,EXCLUDE,,Exact SHA-256 duplicate; keep preferred copy in DUP-0003.,OK
janus_baseline_gate/release/Janus_MoSSe_AuditResolved_ReproducibilityRelease/source/dft_guided_material_v12.py,dft_guided_material_v12.py,.py,10403,3dbb2ef66165b519ee48de20e34ed855e319cb3877f2f5952e710adcff671356,DUP-0216,False,EXACT_DUPLICATE,EXCLUDE,,Exact SHA-256 duplicate; keep preferred copy in DUP-0216.,OK
janus_baseline_gate/release/Janus_MoSSe_AuditResolved_ReproducibilityRelease/source/janus_fourier_landscapes_v12.py,janus_fourier_landscapes_v12.py,.py,7446,f2b1ffc29da25d053fa534145d2d1896cdfb33441928d4b12a218961114942d9,DUP-0817,False,EXACT_DUPLICATE,EXCLUDE,,Exact SHA-256 duplicate; keep preferred copy in DUP-0817.,OK
janus_baseline_gate/release/Janus_MoSSe_AuditResolved_ReproducibilityRelease/source/make_figure7_v17.py,make_figure7_v17.py,.py,4240,ff6b2cbd040613f8bf8ab7e8ff0847e805d62265a1341264e25468c52011f0f5,DUP-0859,False,EXACT_DUPLICATE,EXCLUDE,,Exact SHA-256 duplicate; keep preferred copy in DUP-0859.,OK
janus_baseline_gate/release/Janus_MoSSe_AuditResolved_ReproducibilityRelease/source/make_figure8_v17.py,make_figure8_v17.py,.py,5501,0e5d2eb929e892ab8952aafe8d7d7b34ca2e77cbf7d955edf2b9f2e3037ef1c8,DUP-0048,False,EXACT_DUPLICATE,EXCLUDE,,Exact SHA-256 duplicate; keep preferred copy in DUP-0048.,OK
janus_baseline_gate/release/Janus_MoSSe_AuditResolved_ReproducibilityRelease/source/make_figure9_v18.py,make_figure9_v18.py,.py,3981,7247a4e5057973a73c85075ba1ac48b9b0910dd4a485f31b0ed19c9423488f17,DUP-0399,False,EXACT_DUPLICATE,EXCLUDE,,Exact SHA-256 duplicate; keep preferred copy in DUP-0399.,OK
janus_baseline_gate/release/Janus_MoSSe_AuditResolved_ReproducibilityRelease/source/new_physics_v18.py,new_physics_v18.py,.py,17736,88277be504516ebd14ed95273b25e894ba1a059696728616c94ad30e4b68d993,DUP-0473,False,EXACT_DUPLICATE,EXCLUDE,,Exact SHA-256 duplicate; keep preferred copy in DUP-0473.,OK
janus_baseline_gate/release/Janus_MoSSe_AuditResolved_ReproducibilityRelease/source/run_dft_material_validation_v12.py,run_dft_material_validation_v12.py,.py,8442,51d7f4fc14d6598872f4620a3703ce50109c12b9aa9097a5d18d4a0db5b20674,DUP-0284,False,EXACT_DUPLICATE,EXCLUDE,,Exact SHA-256 duplicate; keep preferred copy in DUP-0284.,OK
janus_baseline_gate/release/Janus_MoSSe_AuditResolved_ReproducibilityRelease/source/validate_v12_outputs.py,validate_v12_outputs.py,.py,4461,3248297073e8618733aed92574283318eec85b71ccebd9f022c2cd341ddfc232,DUP-0169,False,EXACT_DUPLICATE,EXCLUDE,,Exact SHA-256 duplicate; keep preferred copy in DUP-0169.,OK
janus_baseline_gate/release/Janus_MoSSe_AuditResolved_ReproducibilityRelease/source/validate_v17_release.py,validate_v17_release.py,.py,5099,d694af76263dd49cc778f8ec3e964efc4ea391d8b6171752861d2a34c57be70b,DUP-0733,False,EXACT_DUPLICATE,EXCLUDE,,Exact SHA-256 duplicate; keep preferred copy in DUP-0733.,OK
janus_baseline_gate/release/Janus_MoSSe_AuditResolved_ReproducibilityRelease/source/validate_v18_release.py,validate_v18_release.py,.py,2818,99960c866b3663a49cdfd0428c5aa52d0b848d9eea49cb04e7b47a80aeff4d14,DUP-0527,False,EXACT_DUPLICATE,EXCLUDE,,Exact SHA-256 duplicate; keep preferred copy in DUP-0527.,OK
janus_baseline_gate/release/Janus_MoSSe_AuditResolved_ReproducibilityRelease/validate_release.py,validate_release.py,.py,5030,62ab0fd35d6697c87bcda9758f050401fd4cb2e064cc0a8bb952a19b9aea6f6d,DUP-0344,False,EXACT_DUPLICATE,EXCLUDE,,Exact SHA-256 duplicate; keep preferred copy in DUP-0344.,OK
janus_baseline_gate/shape_branch_connectivity.csv,shape_branch_connectivity.csv,.csv,24171,c254d5a74f03cbdef7f09a4c64011348db06274f9bdf408b1fd2765dd0449ab6,DUP-0660,False,EXACT_DUPLICATE,EXCLUDE,,Exact SHA-256 duplicate; keep preferred copy in DUP-0660.,OK
janus_baseline_gate/shape_branch_connectivity_audit.py,shape_branch_connectivity_audit.py,.py,5657,961a573044e370c956ba4f183d8ca95b7c1b231730cb2133e48dc1ef2a11f09b,,True,SUPPORTING,KEEP,research-os/janus_baseline_gate/shape_branch_connectivity_audit.py,"Research OS evidence, code, data, audit, or provenance artifact.",OK
janus_baseline_gate/shape_branch_connectivity_summary.json,shape_branch_connectivity_summary.json,.json,274,99811898c86bad9dcb4f6cde41f01339984c4f1c075d974200102bbb7a07eb1d,,True,SUPPORTING,KEEP,research-os/janus_baseline_gate/shape_branch_connectivity_summary.json,"Research OS evidence, code, data, audit, or provenance artifact.",OK
janus_baseline_gate/shape_prepared_baseline_check.csv,shape_prepared_baseline_check.csv,.csv,4901,a5e11bc3971114368b191b8fdfe49cdcb652875268449c84a984e26b551173e4,DUP-0567,False,EXACT_DUPLICATE,EXCLUDE,,Exact SHA-256 duplicate; keep preferred copy in DUP-0567.,OK
janus_baseline_gate/triangle_stationary_baseline_check.csv,triangle_stationary_baseline_check.csv,.csv,1385,ad0b14d854265ac7a0d390b2759509357537ad661035ebbe4abe79e8b17669e4,DUP-0590,False,EXACT_DUPLICATE,EXCLUDE,,Exact SHA-256 duplicate; keep preferred copy in DUP-0590.,OK
janus_baseline_gate/validate_canonical_baseline.py,validate_canonical_baseline.py,.py,2784,03de496cd8bb66c196f4bee0d67bce8dc6619b847a7f1decf29d8cad116380b4,,True,SUPPORTING,KEEP,research-os/janus_baseline_gate/validate_canonical_baseline.py,"Research OS evidence, code, data, audit, or provenance artifact.",OK
janus_branch_gate/CONTINUOUS_SHA256SUMS.txt,CONTINUOUS_SHA256SUMS.txt,.txt,541,4bf16f8f869c52a7f0a819f5e82323199088b2fa7838648fd956e85b864ad863,,True,SUPPORTING,KEEP,research-os/janus_branch_gate/CONTINUOUS_SHA256SUMS.txt,"Research OS evidence, code, data, audit, or provenance artifact.",OK
janus_branch_gate/N1_CONTINUOUS_INTERVAL_VERIFICATION_REPORT.md,N1_CONTINUOUS_INTERVAL_VERIFICATION_REPORT.md,.md,3528,0b5d53cecdd09c5f9a04bfed383c9a2a554db07e7abdc37c070b066474f0acae,,True,SUPPORTING,KEEP,research-os/janus_branch_gate/N1_CONTINUOUS_INTERVAL_VERIFICATION_REPORT.md,"Research OS evidence, code, data, audit, or provenance artifact.",OK
janus_branch_gate/N1_PREPARED_BRANCH_GATE_REPORT.md,N1_PREPARED_BRANCH_GATE_REPORT.md,.md,5292,4b7dfa8de942f6390fd862499813ae0ec441b39bdcc58e8155b0367b8c281990,,True,SUPPORTING,KEEP,research-os/janus_branch_gate/N1_PREPARED_BRANCH_GATE_REPORT.md,"Research OS evidence, code, data, audit, or provenance artifact.",OK
janus_branch_gate/SHA256SUMS.txt,SHA256SUMS.txt,.txt,507,35b40bfb6554f1bdcfb20f4957c0d67cae0539d65b38d15f0570fd64913b4e92,,True,SUPPORTING,KEEP,research-os/janus_branch_gate/SHA256SUMS.txt,"Research OS evidence, code, data, audit, or provenance artifact.",OK
janus_branch_gate/audit_full_hessian.py,audit_full_hessian.py,.py,4812,f5131eebc7b79308b3daec3c9ed4a72e3688386ba703232d0168b233f7b7a53d,DUP-0825,True,SUPPORTING,KEEP,research-os/janus_branch_gate/audit_full_hessian.py,"Research OS evidence, code, data, audit, or provenance artifact.",OK
janus_branch_gate/audit_run.log,audit_run.log,.log,4252,4c4cfd47d417f1b6ed23a946e0349963bd881a955cfc440fa6a3226a9e6ded3c,,True,EPHEMERAL_QA,EXCLUDE,,Rendered page/QA-only intermediate; reproducible from source document.,OK
janus_branch_gate/branch_folds_independent.csv,branch_folds_independent.csv,.csv,13114,b37fc35aae6771b6710f5452452ab30237d5893f0ad0ac15f1f699b815f6560f,,True,SUPPORTING,KEEP,research-os/janus_branch_gate/branch_folds_independent.csv,"Research OS evidence, code, data, audit, or provenance artifact.",OK
janus_branch_gate/branch_gate_summary.json,branch_gate_summary.json,.json,681,aad700bb59d9174de023f17588933126f592459f3b065586d8cfc15919602cb6,,True,SUPPORTING,KEEP,research-os/janus_branch_gate/branch_gate_summary.json,"Research OS evidence, code, data, audit, or provenance artifact.",OK
janus_branch_gate/continuous_branch_verification_summary.json,continuous_branch_verification_summary.json,.json,1824,cf14775eb16f4a8a6c35b2ca1a711d63126c3d1d998a72c9218605052201d547,,True,SUPPORTING,KEEP,research-os/janus_branch_gate/continuous_branch_verification_summary.json,"Research OS evidence, code, data, audit, or provenance artifact.",OK
janus_branch_gate/continuous_fast.log,continuous_fast.log,.log,2221,5851bf478d82e13d5f8f1193fa155ac6bb5d7d1a1a5d1d45f8428ba6928f80d8,,True,EPHEMERAL_QA,EXCLUDE,,Rendered page/QA-only intermediate; reproducible from source document.,OK
janus_branch_gate/continuous_margin_DeltaFminus.png,continuous_margin_DeltaFminus.png,.png,55512,3976888b1f6d63411c62c0bf6f37b0f63339c51191645d4241621b4d60854ae9,,True,SUPPORTING,KEEP,research-os/janus_branch_gate/continuous_margin_DeltaFminus.png,"Research OS evidence, code, data, audit, or provenance artifact.",OK
janus_branch_gate/continuous_margin_DeltaFplus.png,continuous_margin_DeltaFplus.png,.png,53744,1bf5edb8eb812312e40c5ccf0ebf41e3018a757c912c3c35e6da4d64c863ecdd,,True,SUPPORTING,KEEP,research-os/janus_branch_gate/continuous_margin_DeltaFplus.png,"Research OS evidence, code, data, audit, or provenance artifact.",OK
janus_branch_gate/continuous_margin_DeltaU.png,continuous_margin_DeltaU.png,.png,61257,ee0c91a97a5b4af4f3220defd8b4671d1a8239c04f36bb252a52213170633299,,True,SUPPORTING,KEEP,research-os/janus_branch_gate/continuous_margin_DeltaU.png,"Research OS evidence, code, data, audit, or provenance artifact.",OK
janus_branch_gate/continuous_prepared_branch_dense.csv,continuous_prepared_branch_dense.csv,.csv,190442,ae03666e733a9b753e8f577be14fca23be75bc9413b5b5506d89dcb99c49c021,,True,SUPPORTING,KEEP,research-os/janus_branch_gate/continuous_prepared_branch_dense.csv,"Research OS evidence, code, data, audit, or provenance artifact.",OK
janus_branch_gate/continuous_prepared_branch_verification.py,continuous_prepared_branch_verification.py,.py,11464,e1aa2872030f12885c28867f561aea1d3f2c8133fd255f94371f19c4789e1722,,True,SUPPORTING,KEEP,research-os/janus_branch_gate/continuous_prepared_branch_verification.py,"Research OS evidence, code, data, audit, or provenance artifact.",OK
janus_branch_gate/continuous_prepared_branch_verification_fast.py,continuous_prepared_branch_verification_fast.py,.py,7725,85a902be0b3601d69acff2f9a6afb7664d583b993843671ee07886c0e0af5955,DUP-0466,False,EXACT_DUPLICATE,EXCLUDE,,Exact SHA-256 duplicate; keep preferred copy in DUP-0466.,OK
janus_branch_gate/continuous_run.log,continuous_run.log,.log,111,0d9929afb7fef3b9db0bb21b3cd9ad9a46347cc78d7346f26a22440d3f99811f,,True,EPHEMERAL_QA,EXCLUDE,,Rendered page/QA-only intermediate; reproducible from source document.,OK
janus_branch_gate/continuous_stationary_checkpoints.csv,continuous_stationary_checkpoints.csv,.csv,1682,b25cfe65eeb0121d833a03197d00495e6d65595af60ad969db9b0874c023ee51,,True,SUPPORTING,KEEP,research-os/janus_branch_gate/continuous_stationary_checkpoints.csv,"Research OS evidence, code, data, audit, or provenance artifact.",OK
janus_branch_gate/continuous_vs_prior_025deg.csv,continuous_vs_prior_025deg.csv,.csv,1548,111b1fd39c17dd8673a480ef8bb2711031dfb664635784ac898dced3db49014d,,True,SUPPORTING,KEEP,research-os/janus_branch_gate/continuous_vs_prior_025deg.csv,"Research OS evidence, code, data, audit, or provenance artifact.",OK
janus_branch_gate/core/__pycache__/janus_fourier_landscapes_v12.cpython-313.pyc,janus_fourier_landscapes_v12.cpython-313.pyc,.cpython-313.pyc,12303,0d80972c0618235dc943c1faad52eda4d48c21e722770d3e50918c1a97db1f00,,True,EPHEMERAL_QA,EXCLUDE,,Rendered page/QA-only intermediate; reproducible from source document.,OK
janus_branch_gate/core/dft_guided_material_v12.py,dft_guided_material_v12.py,.py,10403,3dbb2ef66165b519ee48de20e34ed855e319cb3877f2f5952e710adcff671356,DUP-0216,False,EXACT_DUPLICATE,EXCLUDE,,Exact SHA-256 duplicate; keep preferred copy in DUP-0216.,OK
janus_branch_gate/core/janus_fourier_landscapes_v12.py,janus_fourier_landscapes_v12.py,.py,7446,f2b1ffc29da25d053fa534145d2d1896cdfb33441928d4b12a218961114942d9,DUP-0817,False,EXACT_DUPLICATE,EXCLUDE,,Exact SHA-256 duplicate; keep preferred copy in DUP-0817.,OK
janus_branch_gate/debug_theta3.py,debug_theta3.py,.py,1368,ea024aded9ec67c29a19e3a564ca6093e4ceb33f06684d3327fdcbf7502c27da,,True,SUPPORTING,KEEP,research-os/janus_branch_gate/debug_theta3.py,"Research OS evidence, code, data, audit, or provenance artifact.",OK
janus_branch_gate/full_hessian_audit.json,full_hessian_audit.json,.json,7811,9596551977d2cba08c8ae7e0e022f9659d8ab1b8ef6090d8368d8c37721bbbc0,DUP-0502,True,SUPPORTING,KEEP,research-os/janus_branch_gate/full_hessian_audit.json,"Research OS evidence, code, data, audit, or provenance artifact.",OK
janus_branch_gate/global_envelope_spotcheck.csv,global_envelope_spotcheck.csv,.csv,642,06fa9aa40a5b7aed3a5a2f86202cbfa83f38d79ff21d76029d75ed93cf816292,,True,SUPPORTING,KEEP,research-os/janus_branch_gate/global_envelope_spotcheck.csv,"Research OS evidence, code, data, audit, or provenance artifact.",OK
janus_branch_gate/independent_prepared_branch_audit.py,independent_prepared_branch_audit.py,.py,10589,4c69e170876e7fb76f726d343a649ac14ca993e0dd911553a4d4c5100ca17c88,,True,SUPPORTING,KEEP,research-os/janus_branch_gate/independent_prepared_branch_audit.py,"Research OS evidence, code, data, audit, or provenance artifact.",OK
janus_branch_gate/nongeneric_point_audit.json,nongeneric_point_audit.json,.json,1393,1ef40cf8aece6b4b0f5728dbc95b27ab908a56b60caae73922a58431437bd29a,,True,SUPPORTING,KEEP,research-os/janus_branch_gate/nongeneric_point_audit.json,"Research OS evidence, code, data, audit, or provenance artifact.",OK
janus_branch_gate/nongeneric_point_audit.py,nongeneric_point_audit.py,.py,3005,5a55bb40c29b028f2d5efd36d070ff57e69d3b07b4820534c4e30ceb1e1d75f3,,True,SUPPORTING,KEEP,research-os/janus_branch_gate/nongeneric_point_audit.py,"Research OS evidence, code, data, audit, or provenance artifact.",OK
janus_branch_gate/nongeneric_point_stability_check.csv,nongeneric_point_stability_check.csv,.csv,217,cb194ad69e6aaa4fabe48f24c10160f08f17185e434e3c416e17f2145176ccad,,True,SUPPORTING,KEEP,research-os/janus_branch_gate/nongeneric_point_stability_check.csv,"Research OS evidence, code, data, audit, or provenance artifact.",OK
janus_branch_gate/nongeneric_run.log,nongeneric_run.log,.log,1394,e875d8f3172ff1225ba6ff3f1c6a1fe26db4452afaf89b1f40750566a8d54b8d,,True,EPHEMERAL_QA,EXCLUDE,,Rendered page/QA-only intermediate; reproducible from source document.,OK
janus_branch_gate/prepared_vs_global_summary.csv,prepared_vs_global_summary.csv,.csv,2618,206828ba872f4e956f0cacba9fb30c65804a2a1bd83f4be51a7a1595b76d1c32,,True,SUPPORTING,KEEP,research-os/janus_branch_gate/prepared_vs_global_summary.csv,"Research OS evidence, code, data, audit, or provenance artifact.",OK
janus_branch_gate/redteam_force_direction_scan.csv,redteam_force_direction_scan.csv,.csv,1923,fb274bbb7efcd99ed9f629155f94c4c711af0b41640ba383f8f1fbba02c2d9f9,DUP-0840,False,EXACT_DUPLICATE,EXCLUDE,,Exact SHA-256 duplicate; keep preferred copy in DUP-0840.,OK
janus_branch_gate/redteam_force_direction_scan.py,redteam_force_direction_scan.py,.py,2939,354ac66c9badf17399e831b253a394bf980c9ab57a85704cb858f4beffdfc03b,,True,SUPPORTING,KEEP,research-os/janus_branch_gate/redteam_force_direction_scan.py,"Research OS evidence, code, data, audit, or provenance artifact.",OK
janus_branch_gate/redteam_gsfe_parameter_sensitivity.csv,redteam_gsfe_parameter_sensitivity.csv,.csv,2586,1c54e70a7cb921cdedee4b39aa5df5ffd688814fa93cee953ef9d6e050557e55,DUP-0094,False,EXACT_DUPLICATE,EXCLUDE,,Exact SHA-256 duplicate; keep preferred copy in DUP-0094.,OK
janus_branch_gate/redteam_gsfe_parameter_sensitivity.py,redteam_gsfe_parameter_sensitivity.py,.py,3327,432b9f2676d52dbf595c6fcaaf4636a8f1988fa3073b031222155a10cde17a79,,True,SUPPORTING,KEEP,research-os/janus_branch_gate/redteam_gsfe_parameter_sensitivity.py,"Research OS evidence, code, data, audit, or provenance artifact.",OK
janus_branch_gate/special_branch_link.json,special_branch_link.json,.json,339,40a86b1dafb88a9fbcbee490d0d34fc59ece4362b389c066a3a171a3f7dcb4b9,,True,SUPPORTING,KEEP,research-os/janus_branch_gate/special_branch_link.json,"Research OS evidence, code, data, audit, or provenance artifact.",OK
janus_branch_gate/special_branch_link.py,special_branch_link.py,.py,2132,d8fe41a8b8b5a7e4b758feac33470a6660fd2b7def8e56ae2ef2b444a9c7fec3,,True,SUPPORTING,KEEP,research-os/janus_branch_gate/special_branch_link.py,"Research OS evidence, code, data, audit, or provenance artifact.",OK
janus_branch_gate/stationary_points_21x21.csv,stationary_points_21x21.csv,.csv,8136,dee61eff7b746016215fa7f9654d1817facfa21b7849edb896dc669175c24dfb,,True,SUPPORTING,KEEP,research-os/janus_branch_gate/stationary_points_21x21.csv,"Research OS evidence, code, data, audit, or provenance artifact.",OK
janus_dependency_audit/DEPENDENCY_AUDIT_REPORT.md,DEPENDENCY_AUDIT_REPORT.md,.md,6423,bce56ef247caac69b3c7b280bf6e395f200bfd7c2a5eed351751960bf12c07e6,,True,SUPPORTING,KEEP,research-os/janus_dependency_audit/DEPENDENCY_AUDIT_REPORT.md,"Research OS evidence, code, data, audit, or provenance artifact.",OK
janus_dependency_audit/__pycache__/dft_guided_material_v12.cpython-313.pyc,dft_guided_material_v12.cpython-313.pyc,.cpython-313.pyc,20775,ef68f91dc68240f7b30cfe9ba9a10a662c4d8a8130d2b6be08f0732dd108b826,,True,EPHEMERAL_QA,EXCLUDE,,Rendered page/QA-only intermediate; reproducible from source document.,OK
janus_dependency_audit/__pycache__/janus_fourier_landscapes_v12.cpython-313.pyc,janus_fourier_landscapes_v12.cpython-313.pyc,.cpython-313.pyc,12303,4f845a028465e6cedfc36314f5d244b8452085ba9f675488f013d31b58ca8ae8,,True,EPHEMERAL_QA,EXCLUDE,,Rendered page/QA-only intermediate; reproducible from source document.,OK
janus_dependency_audit/__pycache__/run_dft_material_validation_v12_exactroot.cpython-313.pyc,run_dft_material_validation_v12_exactroot.cpython-313.pyc,.cpython-313.pyc,17388,38aebd240d4e6e0e9f8e9089892e8a1c7307ac0dec40fe2f5569aff9401f6210,,True,EPHEMERAL_QA,EXCLUDE,,Rendered page/QA-only intermediate; reproducible from source document.,OK
janus_dependency_audit/dependency_audit_exact_roots.json,dependency_audit_exact_roots.json,.json,4549,80f58e3a27ce119ec3936c3af07c51f4d5c1d8ef0c85ca1b0ee8fb0f917850e7,,True,SUPPORTING,KEEP,research-os/janus_dependency_audit/dependency_audit_exact_roots.json,"Research OS evidence, code, data, audit, or provenance artifact.",OK
janus_dependency_audit/dependency_audit_exact_roots.py,dependency_audit_exact_roots.py,.py,13137,f5a46aa98a1e6bc5fab4f9745a4c51fcf4672f4feee7211d3139ef7a486eb7f8,,True,SUPPORTING,KEEP,research-os/janus_dependency_audit/dependency_audit_exact_roots.py,"Research OS evidence, code, data, audit, or provenance artifact.",OK
janus_dependency_audit/dependency_audit_run.log,dependency_audit_run.log,.log,7230,88b0ffd9bd9d9a85caf725199057fe980a4d07e9f2985965a886acce66309ed1,,True,EPHEMERAL_QA,EXCLUDE,,Rendered page/QA-only intermediate; reproducible from source document.,OK
janus_dependency_audit/dependency_audit_summary.json,dependency_audit_summary.json,.json,2535,6cbdd8bdff4b9418e052395413eea1c1add0b71526f7d4c80adaf53eeb3a1510,,True,SUPPORTING,KEEP,research-os/janus_dependency_audit/dependency_audit_summary.json,"Research OS evidence, code, data, audit, or provenance artifact.",OK
janus_dependency_audit/dft_guided_material_v12.py,dft_guided_material_v12.py,.py,10403,3dbb2ef66165b519ee48de20e34ed855e319cb3877f2f5952e710adcff671356,DUP-0216,False,EXACT_DUPLICATE,EXCLUDE,,Exact SHA-256 duplicate; keep preferred copy in DUP-0216.,OK
janus_dependency_audit/edge_reconstruction_recomputed.csv,edge_reconstruction_recomputed.csv,.csv,15050,36e10247a69819a382bdeb80c1f7e6bea0b4787b7142430f7206d5f454463e46,,True,SUPPORTING,KEEP,research-os/janus_dependency_audit/edge_reconstruction_recomputed.csv,"Research OS evidence, code, data, audit, or provenance artifact.",OK
janus_dependency_audit/exact_endpoint_solver.patch,exact_endpoint_solver.patch,.patch,2090,1319f030538ba5a5717437b41758c485de6809c41fea9ea6cca916788aadfb7b,,True,SUPPORTING,KEEP,research-os/janus_dependency_audit/exact_endpoint_solver.patch,"Research OS evidence, code, data, audit, or provenance artifact.",OK
janus_dependency_audit/factorization_recomputed.csv,factorization_recomputed.csv,.csv,8112,04b985c61f4baf9b505dfbd43944977cb0800106ead54e3b2517ea54eed6e8e5,,True,SUPPORTING,KEEP,research-os/janus_dependency_audit/factorization_recomputed.csv,"Research OS evidence, code, data, audit, or provenance artifact.",OK
janus_dependency_audit/janus_fourier_landscapes_v12.py,janus_fourier_landscapes_v12.py,.py,7446,f2b1ffc29da25d053fa534145d2d1896cdfb33441928d4b12a218961114942d9,DUP-0817,False,EXACT_DUPLICATE,EXCLUDE,,Exact SHA-256 duplicate; keep preferred copy in DUP-0817.,OK
janus_dependency_audit/odd_sector_recomputed.csv,odd_sector_recomputed.csv,.csv,18345,7c545521fe63adc27f004dae32120bdce3a47440733938ac8abda7a5b6f0f24e,,True,SUPPORTING,KEEP,research-os/janus_dependency_audit/odd_sector_recomputed.csv,"Research OS evidence, code, data, audit, or provenance artifact.",OK
janus_dependency_audit/run_dft_material_validation_v12.py,run_dft_material_validation_v12.py,.py,8442,51d7f4fc14d6598872f4620a3703ce50109c12b9aa9097a5d18d4a0db5b20674,DUP-0284,False,EXACT_DUPLICATE,EXCLUDE,,Exact SHA-256 duplicate; keep preferred copy in DUP-0284.,OK
janus_dependency_audit/run_dft_material_validation_v12_exactroot.py,run_dft_material_validation_v12_exactroot.py,.py,9103,ac0c6ebb7171e91c70bb9fbfe55a94b9308d384830eac39338be94dbf9028ac2,,True,SUPPORTING,KEEP,research-os/janus_dependency_audit/run_dft_material_validation_v12_exactroot.py,"Research OS evidence, code, data, audit, or provenance artifact.",OK
janus_dependency_audit/size_scaling_old_vs_exact.csv,size_scaling_old_vs_exact.csv,.csv,1910,219fd7ecdfb6cf212385ebf9611b3540d69f35f38cca76c949ab0a7255639081,,True,LEGACY,ARCHIVE,archive/legacy/janus_dependency_audit/size_scaling_old_vs_exact.csv,"Superseded draft/config/output retained for provenance, not current authority.",OK
janus_dependency_audit/thermal_midpoint_dependency.json,thermal_midpoint_dependency.json,.json,478,3abd5a18cf4217887d15b7e0d155f7b885a64da6afe6e59597c9e564850cfb88,,True,SUPPORTING,KEEP,research-os/janus_dependency_audit/thermal_midpoint_dependency.json,"Research OS evidence, code, data, audit, or provenance artifact.",OK
janus_dependency_audit/thermal_midpoint_dependency.log,thermal_midpoint_dependency.log,.log,1214,e19180b2ae77e64daae2d2f3de1bbbc5805f2e9cb01b793ee7787f1d4d78f5e0,,True,EPHEMERAL_QA,EXCLUDE,,Rendered page/QA-only intermediate; reproducible from source document.,OK
janus_dependency_audit/thermal_midpoint_dependency.py,thermal_midpoint_dependency.py,.py,2458,036cea57df652004bf66f0881b2c057152f747268214f70113b8f6d8bbb4206f,,True,SUPPORTING,KEEP,research-os/janus_dependency_audit/thermal_midpoint_dependency.py,"Research OS evidence, code, data, audit, or provenance artifact.",OK
janus_dependency_audit/thermal_midpoint_old_vs_exact.csv,thermal_midpoint_old_vs_exact.csv,.csv,520,ed513b6ae7098c0942043ef7a755385d4377898ea29be590c16e7f2bba11f4f1,,True,LEGACY,ARCHIVE,archive/legacy/janus_dependency_audit/thermal_midpoint_old_vs_exact.csv,"Superseded draft/config/output retained for provenance, not current authority.",OK
janus_n10_rewrite/Figure_6_thermal_vector_hierarchy.png,Figure_6_thermal_vector_hierarchy.png,.png,253860,6efb0883dfe814de02c9caf51e8d551030cb20540fa1b3fe2ea3d868fbbc28fd,,True,SUPPORTING,KEEP,research-os/janus_n10_rewrite/Figure_6_thermal_vector_hierarchy.png,"Research OS evidence, code, data, audit, or provenance artifact.",OK
janus_n10_rewrite/Janus_MoSSe_ClaimFrozen_Manuscript_v1.docx,Janus_MoSSe_ClaimFrozen_Manuscript_v1.docx,.docx,3683205,e5cec3040d8910e140a8479fc8ee2f06fd72164507e68b7a98b6f2f90e1ab9a3,,True,LEGACY,ARCHIVE,archive/legacy/janus_n10_rewrite/Janus_MoSSe_ClaimFrozen_Manuscript_v1.docx,"Superseded draft/config/output retained for provenance, not current authority.",OK
janus_n10_rewrite/Janus_MoSSe_ClaimFrozen_SI_v1.docx,Janus_MoSSe_ClaimFrozen_SI_v1.docx,.docx,50105,26e97bb0b6645e64d0e443701bf29c00115736430e37a38748fc34f886fb0dd7,,True,LEGACY,ARCHIVE,archive/legacy/janus_n10_rewrite/Janus_MoSSe_ClaimFrozen_SI_v1.docx,"Superseded draft/config/output retained for provenance, not current authority.",OK
janus_n10_rewrite/N10_ClaimFrozen_ManuscriptBundle.zip,N10_ClaimFrozen_ManuscriptBundle.zip,.zip,3958286,be9a06c941ecdb7a5e415c796511745e8a764e2894baefb62523a4996d053ec0,,True,LEGACY,ARCHIVE,archive/legacy/janus_n10_rewrite/N10_ClaimFrozen_ManuscriptBundle.zip,"Superseded draft/config/output retained for provenance, not current authority.",OK
janus_n10_rewrite/N10_FULL_MANUSCRIPT_REWRITE_REPORT.md,N10_FULL_MANUSCRIPT_REWRITE_REPORT.md,.md,3073,1ef183dab6880717520323e84c1b19d0ade1dc6d170d03d803523805f874f697,,True,SUPPORTING,KEEP,research-os/janus_n10_rewrite/N10_FULL_MANUSCRIPT_REWRITE_REPORT.md,"Research OS evidence, code, data, audit, or provenance artifact.",OK
janus_n10_rewrite/free_thermal_trajectory_raw_canonical.csv,free_thermal_trajectory_raw_canonical.csv,.csv,1121505,279cce7e3b9e80f03b94e4d345d85fc26ab8ed9ce0864f566ae1986a9f89db53,DUP-0136,True,SUPPORTING,KEEP,research-os/janus_n10_rewrite/free_thermal_trajectory_raw_canonical.csv,"Research OS evidence, code, data, audit, or provenance artifact.",OK
janus_n10_rewrite/make_thermal_figure.py,make_thermal_figure.py,.py,2888,306722a23532cd6fe6c817d14c6ec7e10ea2662ec6d8b89cdfc356b052f69414,,True,SUPPORTING,KEEP,research-os/janus_n10_rewrite/make_thermal_figure.py,"Research OS evidence, code, data, audit, or provenance artifact.",OK
janus_n10_rewrite/manuscript_plain.txt,manuscript_plain.txt,.txt,49716,70bd1e9fe94f56be3f0fbc87e05399c3db2008c896c2ac93fee8a4c46ea2acf3,,True,SUPPORTING,KEEP,research-os/janus_n10_rewrite/manuscript_plain.txt,"Research OS evidence, code, data, audit, or provenance artifact.",OK
janus_n10_rewrite/patch_si.py,patch_si.py,.py,2476,5be6114a67e6037ab65ab2e4a0a61a1611e6b5d6edcee7a62e4c92974dffb209,,True,SUPPORTING,KEEP,research-os/janus_n10_rewrite/patch_si.py,"Research OS evidence, code, data, audit, or provenance artifact.",OK
janus_n10_rewrite/render_main/Janus_MoSSe_ClaimFrozen_Manuscript_v1.pdf,Janus_MoSSe_ClaimFrozen_Manuscript_v1.pdf,.pdf,1521951,a278a9a839de7939786fc30248f5873c5af4817fd70947ce00d05b6e1a3eb965,,True,EPHEMERAL_QA,EXCLUDE,,Rendered page/QA-only intermediate; reproducible from source document.,OK
janus_n10_rewrite/render_main/page-1.png,page-1.png,.png,593370,1f643a9b4e58f615b33dcc64e4ee4b232817b6a7dbda465e10e30af17e70690b,,True,EPHEMERAL_QA,EXCLUDE,,Rendered page/QA-only intermediate; reproducible from source document.,OK
janus_n10_rewrite/render_main/page-10.png,page-10.png,.png,484758,28423b11106788c81a278d14a41c702b8aec21bcfbf36bab52b3ba2fe9d66d0a,DUP-0141,False,EPHEMERAL_QA,EXCLUDE,,Rendered page/QA-only intermediate; reproducible from source document.,OK
janus_n10_rewrite/render_main/page-11.png,page-11.png,.png,502039,2521683d57d9e424a481c6f6f9a2391005f01d743157b7683cb123328e38aa02,,True,EPHEMERAL_QA,EXCLUDE,,Rendered page/QA-only intermediate; reproducible from source document.,OK
janus_n10_rewrite/render_main/page-12.png,page-12.png,.png,629540,f1af8226dc3a61ba033139f76b6e5438297fe77b6b44bc052a16fb045d497561,,True,EPHEMERAL_QA,EXCLUDE,,Rendered page/QA-only intermediate; reproducible from source document.,OK
janus_n10_rewrite/render_main/page-13.png,page-13.png,.png,601100,be889a55632e4fefd2da59ab490379578827c7b08380dc36c9ea53f511b826fb,,True,EPHEMERAL_QA,EXCLUDE,,Rendered page/QA-only intermediate; reproducible from source document.,OK
janus_n10_rewrite/render_main/page-14.png,page-14.png,.png,483508,2d755a2036b00c96247034b22dc132079eec264880ddc0afb68ef56ac737aaef,,True,EPHEMERAL_QA,EXCLUDE,,Rendered page/QA-only intermediate; reproducible from source document.,OK
janus_n10_rewrite/render_main/page-2.png,page-2.png,.png,543794,bac81ad2f53d487801292bbb664fb9aafac43c11c0e32b4e2a6c9dddca040a19,,True,EPHEMERAL_QA,EXCLUDE,,Rendered page/QA-only intermediate; reproducible from source document.,OK
janus_n10_rewrite/render_main/page-3.png,page-3.png,.png,610599,09276661592fc55819d1f71af138139ddde1c5d351790621acd90fd8d41e2ebf,,True,EPHEMERAL_QA,EXCLUDE,,Rendered page/QA-only intermediate; reproducible from source document.,OK
janus_n10_rewrite/render_main/page-4.png,page-4.png,.png,581255,35f3e785caa7e3a68bbe3d4743f74578518f80b63feae18248c3928c6df7f179,,True,EPHEMERAL_QA,EXCLUDE,,Rendered page/QA-only intermediate; reproducible from source document.,OK
janus_n10_rewrite/render_main/page-5.png,page-5.png,.png,506527,a4640caef87ac3f7778395bd55f4029187ebe5d27f4bc4392dab5ef6b034d7df,,True,EPHEMERAL_QA,EXCLUDE,,Rendered page/QA-only intermediate; reproducible from source document.,OK
janus_n10_rewrite/render_main/page-6.png,page-6.png,.png,738450,5ab21b01dfb248d23fd1859b4203a2d4d8c261f035ed81f04c6e610efbe60b35,,True,EPHEMERAL_QA,EXCLUDE,,Rendered page/QA-only intermediate; reproducible from source document.,OK
janus_n10_rewrite/render_main/page-7.png,page-7.png,.png,540262,62e0a6f27ed467b507dee271e83f0b0c28e95918ad911996dc0f285b05930c58,,True,EPHEMERAL_QA,EXCLUDE,,Rendered page/QA-only intermediate; reproducible from source document.,OK
janus_n10_rewrite/render_main/page-8.png,page-8.png,.png,621298,fe3c0d88837bab35400357893083211bc702d2fafa52a1484cfdf3c09423875a,DUP-0852,False,EPHEMERAL_QA,EXCLUDE,,Rendered page/QA-only intermediate; reproducible from source document.,OK
janus_n10_rewrite/render_main/page-9.png,page-9.png,.png,612356,2f428cace50ff2ef1a7aa659a7186751b4d01d37db356fc50e07fa0cb1a9c0f0,DUP-0163,False,EPHEMERAL_QA,EXCLUDE,,Rendered page/QA-only intermediate; reproducible from source document.,OK
janus_n10_rewrite/render_si/Janus_MoSSe_ClaimFrozen_SI_v1.pdf,Janus_MoSSe_ClaimFrozen_SI_v1.pdf,.pdf,296650,3dab9f771d3ca782687e5deb239d1763b562bba18a95732540bd0122a60f8d8f,,True,EPHEMERAL_QA,EXCLUDE,,Rendered page/QA-only intermediate; reproducible from source document.,OK
janus_n10_rewrite/render_si/page-1.png,page-1.png,.png,559025,af5879a5add57cfa3368d8e622b14616ae140c9f65803a794401b617256bcff9,,True,EPHEMERAL_QA,EXCLUDE,,Rendered page/QA-only intermediate; reproducible from source document.,OK
janus_n10_rewrite/render_si/page-2.png,page-2.png,.png,492886,0fea520ff6523c9eb578b42e6df1aa7a17c5b1f244ee1b91fdfbf7329c975d62,,True,EPHEMERAL_QA,EXCLUDE,,Rendered page/QA-only intermediate; reproducible from source document.,OK
janus_n10_rewrite/render_si/page-3.png,page-3.png,.png,544783,6de20b1cc797c27d728cdd14233c6b96e3b09b3bdd8948d30385aa1811af70a0,,True,EPHEMERAL_QA,EXCLUDE,,Rendered page/QA-only intermediate; reproducible from source document.,OK
janus_n10_rewrite/render_si/page-4.png,page-4.png,.png,578807,b8cf29c10d7e5eede6bc93c69ee467d76412ea181924704669bfebe3b50d8f14,,True,EPHEMERAL_QA,EXCLUDE,,Rendered page/QA-only intermediate; reproducible from source document.,OK
janus_n10_rewrite/render_si/page-5.png,page-5.png,.png,165662,7ed60f9afa1e522d0f1f6a0805c5469fc320ea66c623522ef7c0178f92b20e1e,,True,EPHEMERAL_QA,EXCLUDE,,Rendered page/QA-only intermediate; reproducible from source document.,OK
janus_n10_rewrite/rewrite_manuscript.py,rewrite_manuscript.py,.py,51377,967992bbcbf12b4b668dab3ab367dc8f969270f448687c0b6c57497e6d6714ba,,True,SUPPORTING,KEEP,research-os/janus_n10_rewrite/rewrite_manuscript.py,"Research OS evidence, code, data, audit, or provenance artifact.",OK
janus_n10_rewrite/thermal_summary_for_figure.csv,thermal_summary_for_figure.csv,.csv,2808,b5e193ed07fdada5b090b2b92838c9487720bc7c18952224e3c121674fc60f2a,,True,SUPPORTING,KEEP,research-os/janus_n10_rewrite/thermal_summary_for_figure.csv,"Research OS evidence, code, data, audit, or provenance artifact.",OK
janus_n11_citation_novelty/ANGELI_GSFE_PROVENANCE_CORRECTION.md,ANGELI_GSFE_PROVENANCE_CORRECTION.md,.md,1902,ca72b7a0ebc393fdb9375271cd9e61be32be6c977805bfacd2a90f7b7411142d,,True,SUPPORTING,KEEP,research-os/janus_n11_citation_novelty/ANGELI_GSFE_PROVENANCE_CORRECTION.md,"Research OS evidence, code, data, audit, or provenance artifact.",OK
janus_n11_citation_novelty/CITATION_SUPPORT_AUDIT.csv,CITATION_SUPPORT_AUDIT.csv,.csv,3589,e51fa93546d439b31e29a243b4d0952f1220e76399677feca25cfff980e91023,,True,SUPPORTING,KEEP,research-os/janus_n11_citation_novelty/CITATION_SUPPORT_AUDIT.csv,"Research OS evidence, code, data, audit, or provenance artifact.",OK
janus_n11_citation_novelty/Janus_MoSSe_CitationAudited_Manuscript_v2.docx,Janus_MoSSe_CitationAudited_Manuscript_v2.docx,.docx,3684054,a6251cf4e7b2b921303d85ff5643769e34f898ad6b45400c64feba7477b1f12f,,True,LEGACY,ARCHIVE,archive/legacy/janus_n11_citation_novelty/Janus_MoSSe_CitationAudited_Manuscript_v2.docx,"Superseded draft/config/output retained for provenance, not current authority.",OK
janus_n11_citation_novelty/Janus_MoSSe_CitationAudited_Manuscript_v2.txt,Janus_MoSSe_CitationAudited_Manuscript_v2.txt,.txt,55742,fd8cf6387b3732554503b3ee2adc7d3173c0108695f1cb5ad7eccb94d3235423,,True,LEGACY,ARCHIVE,archive/legacy/janus_n11_citation_novelty/Janus_MoSSe_CitationAudited_Manuscript_v2.txt,"Superseded draft/config/output retained for provenance, not current authority.",OK
janus_n11_citation_novelty/Janus_MoSSe_CitationAudited_SI_v2.docx,Janus_MoSSe_CitationAudited_SI_v2.docx,.docx,50304,3747c7dd81ddac225d1e61976353a452b3b971ab1957c396f9cfe34053948456,,True,LEGACY,ARCHIVE,archive/legacy/janus_n11_citation_novelty/Janus_MoSSe_CitationAudited_SI_v2.docx,"Superseded draft/config/output retained for provenance, not current authority.",OK
janus_n11_citation_novelty/Janus_MoSSe_CitationAudited_SI_v2.txt,Janus_MoSSe_CitationAudited_SI_v2.txt,.txt,23033,5a0d25057ab2ad7ff183aa9984ec1f47b796efe54a982bb38303571cd094781e,,True,LEGACY,ARCHIVE,archive/legacy/janus_n11_citation_novelty/Janus_MoSSe_CitationAudited_SI_v2.txt,"Superseded draft/config/output retained for provenance, not current authority.",OK
janus_n11_citation_novelty/N11_CitationNovelty_AuditBundle.zip,N11_CitationNovelty_AuditBundle.zip,.zip,3746508,8aa58c5292fae2ac7e21609748feec8ea7863fc1b2b6e69902e1832e96158801,,True,ARCHIVE_BUNDLE,ARCHIVE,research-os/janus_n11_citation_novelty/N11_CitationNovelty_AuditBundle.zip,Historical bundle; contents may also exist unpacked.,OK
janus_n11_citation_novelty/N11_FINAL_CITATION_NOVELTY_AUDIT_REPORT.md,N11_FINAL_CITATION_NOVELTY_AUDIT_REPORT.md,.md,4229,439401cbb6c0bed826f09df3e2455135d2463a3b79734f099d1bf9239396157a,,True,SUPPORTING,KEEP,research-os/janus_n11_citation_novelty/N11_FINAL_CITATION_NOVELTY_AUDIT_REPORT.md,"Research OS evidence, code, data, audit, or provenance artifact.",OK
janus_n11_citation_novelty/NEW_REFERENCES_22_26.bib,NEW_REFERENCES_22_26.bib,.bib,1800,f78035c78d2e61f175f2d61f4866b96584842259e1b1177660b47c86d42aaa03,,True,SUPPORTING,KEEP,research-os/janus_n11_citation_novelty/NEW_REFERENCES_22_26.bib,"Research OS evidence, code, data, audit, or provenance artifact.",OK
janus_n11_citation_novelty/NEW_REFERENCES_22_26.txt,NEW_REFERENCES_22_26.txt,.txt,1200,b869f8d60144174d917e44477b8a23f2917990acd7f7830fe7cb6cff0071295e,,True,SUPPORTING,KEEP,research-os/janus_n11_citation_novelty/NEW_REFERENCES_22_26.txt,"Research OS evidence, code, data, audit, or provenance artifact.",OK
janus_n11_citation_novelty/NOVELTY_REVERSE_SEARCH_MATRIX.csv,NOVELTY_REVERSE_SEARCH_MATRIX.csv,.csv,2331,c7d36f0ee21fd1a541d174790db508a913d4652aeae9872de087ccbd74bc59bd,,True,SUPPORTING,KEEP,research-os/janus_n11_citation_novelty/NOVELTY_REVERSE_SEARCH_MATRIX.csv,"Research OS evidence, code, data, audit, or provenance artifact.",OK
janus_n11_citation_novelty/angeli_phase_provenance_correction.patch,angeli_phase_provenance_correction.patch,.patch,3085,869a4a9a93c5b1f1532c51c1586f640dd7943a30521bc621412b44c62c452c83,,True,SUPPORTING,KEEP,research-os/janus_n11_citation_novelty/angeli_phase_provenance_correction.patch,"Research OS evidence, code, data, audit, or provenance artifact.",OK
janus_n11_citation_novelty/make_n11_outputs.py,make_n11_outputs.py,.py,39364,71058ffb62a425a29247cd6fea14af90b84155ab59106dfdebf0dca3b95f8af7,,True,SUPPORTING,KEEP,research-os/janus_n11_citation_novelty/make_n11_outputs.py,"Research OS evidence, code, data, audit, or provenance artifact.",OK
janus_n11_citation_novelty/render_main/Janus_MoSSe_CitationAudited_Manuscript_v2.pdf,Janus_MoSSe_CitationAudited_Manuscript_v2.pdf,.pdf,1524416,44fd3ed511c807448299a9c9ca936b25abdd556a417f49dd41f5e378cb88f42e,,True,EPHEMERAL_QA,EXCLUDE,,Rendered page/QA-only intermediate; reproducible from source document.,OK
janus_n11_citation_novelty/render_main/page-1.png,page-1.png,.png,605500,a1ac8e0e56f2e2c2163eb29b3debce3deb099b061dcac9d1ddc476f5586c3dfc,DUP-0552,True,EPHEMERAL_QA,EXCLUDE,,Rendered page/QA-only intermediate; reproducible from source document.,OK
janus_n11_citation_novelty/render_main/page-10.png,page-10.png,.png,484758,28423b11106788c81a278d14a41c702b8aec21bcfbf36bab52b3ba2fe9d66d0a,DUP-0141,True,EPHEMERAL_QA,EXCLUDE,,Rendered page/QA-only intermediate; reproducible from source document.,OK
janus_n11_citation_novelty/render_main/page-11.png,page-11.png,.png,503153,e19467723a93760421e4b8995b69c0a7270f7eb9cdca27bd553895eb20653111,DUP-0756,True,EPHEMERAL_QA,EXCLUDE,,Rendered page/QA-only intermediate; reproducible from source document.,OK
janus_n11_citation_novelty/render_main/page-12.png,page-12.png,.png,631015,964c9bbef7a21544446ab7b73cdc67d68f726dd9cff8c56a63b5e8b09b7d42c2,DUP-0507,True,EPHEMERAL_QA,EXCLUDE,,Rendered page/QA-only intermediate; reproducible from source document.,OK
janus_n11_citation_novelty/render_main/page-13.png,page-13.png,.png,621111,f2feaff06580264f11f01bbbd2f3515239bd0b762382792729617e8ad781c3b0,,True,EPHEMERAL_QA,EXCLUDE,,Rendered page/QA-only intermediate; reproducible from source document.,OK
janus_n11_citation_novelty/render_main/page-14.png,page-14.png,.png,650794,57918297c5efaaa20bbeff0c1e1a89ff752e38b4f3675e901dc68747c8932f10,,True,EPHEMERAL_QA,EXCLUDE,,Rendered page/QA-only intermediate; reproducible from source document.,OK
janus_n11_citation_novelty/render_main/page-2.png,page-2.png,.png,536444,714007c126c02f65dcb0f6d05378676d8da51e99f29075f0f7a0b1e50195db26,DUP-0395,False,EPHEMERAL_QA,EXCLUDE,,Rendered page/QA-only intermediate; reproducible from source document.,OK
janus_n11_citation_novelty/render_main/page-3.png,page-3.png,.png,603497,d02542239e1ff7db0adb220f12215be014636b8c40a4f968bd2ba051bd14f3f1,DUP-0713,False,EPHEMERAL_QA,EXCLUDE,,Rendered page/QA-only intermediate; reproducible from source document.,OK
janus_n11_citation_novelty/render_main/page-4.png,page-4.png,.png,578552,19a624b23b10c3d0c29531e2691b4f352377a11f7f0242203f5e8237531ef52d,DUP-0085,True,EPHEMERAL_QA,EXCLUDE,,Rendered page/QA-only intermediate; reproducible from source document.,OK
janus_n11_citation_novelty/render_main/page-5.png,page-5.png,.png,500631,367334897b758e423de0c80fa5828e92556f116d5d982e9f3c8cc2ae902298c3,DUP-0194,True,EPHEMERAL_QA,EXCLUDE,,Rendered page/QA-only intermediate; reproducible from source document.,OK
janus_n11_citation_novelty/render_main/page-6.png,page-6.png,.png,720261,e27bec81682c0e4c21745a8b26238ebba8b038adfc7e6d8b443c3626129b8613,DUP-0761,True,EPHEMERAL_QA,EXCLUDE,,Rendered page/QA-only intermediate; reproducible from source document.,OK
janus_n11_citation_novelty/render_main/page-7.png,page-7.png,.png,597504,e625ad777f91ed02cb0ae4a10798122e77eb8860a21f8b22af8f6126327d35cd,DUP-0780,True,EPHEMERAL_QA,EXCLUDE,,Rendered page/QA-only intermediate; reproducible from source document.,OK
janus_n11_citation_novelty/render_main/page-8.png,page-8.png,.png,621298,fe3c0d88837bab35400357893083211bc702d2fafa52a1484cfdf3c09423875a,DUP-0852,True,EPHEMERAL_QA,EXCLUDE,,Rendered page/QA-only intermediate; reproducible from source document.,OK
janus_n11_citation_novelty/render_main/page-9.png,page-9.png,.png,612356,2f428cace50ff2ef1a7aa659a7186751b4d01d37db356fc50e07fa0cb1a9c0f0,DUP-0163,True,EPHEMERAL_QA,EXCLUDE,,Rendered page/QA-only intermediate; reproducible from source document.,OK
janus_n11_citation_novelty/render_main_final/Janus_MoSSe_CitationAudited_Manuscript_v2.pdf,Janus_MoSSe_CitationAudited_Manuscript_v2.pdf,.pdf,1524752,43c6d50ddbd72d7fcbbe3d89b3dc4f6b20e0b427078adbfc9c39028752c57d6e,,True,EPHEMERAL_QA,EXCLUDE,,Rendered page/QA-only intermediate; reproducible from source document.,OK
janus_n11_citation_novelty/render_main_final/page-1.png,page-1.png,.png,605500,a1ac8e0e56f2e2c2163eb29b3debce3deb099b061dcac9d1ddc476f5586c3dfc,DUP-0552,False,EPHEMERAL_QA,EXCLUDE,,Rendered page/QA-only intermediate; reproducible from source document.,OK
janus_n11_citation_novelty/render_main_final/page-10.png,page-10.png,.png,484758,28423b11106788c81a278d14a41c702b8aec21bcfbf36bab52b3ba2fe9d66d0a,DUP-0141,False,EPHEMERAL_QA,EXCLUDE,,Rendered page/QA-only intermediate; reproducible from source document.,OK
janus_n11_citation_novelty/render_main_final/page-11.png,page-11.png,.png,503153,e19467723a93760421e4b8995b69c0a7270f7eb9cdca27bd553895eb20653111,DUP-0756,False,EPHEMERAL_QA,EXCLUDE,,Rendered page/QA-only intermediate; reproducible from source document.,OK
janus_n11_citation_novelty/render_main_final/page-12.png,page-12.png,.png,631015,964c9bbef7a21544446ab7b73cdc67d68f726dd9cff8c56a63b5e8b09b7d42c2,DUP-0507,False,EPHEMERAL_QA,EXCLUDE,,Rendered page/QA-only intermediate; reproducible from source document.,OK
janus_n11_citation_novelty/render_main_final/page-13.png,page-13.png,.png,625580,e22d229bcaaff74fb963e2c98caadfe60cbc952f3ff9924ae5d4d599786315d7,,True,EPHEMERAL_QA,EXCLUDE,,Rendered page/QA-only intermediate; reproducible from source document.,OK
janus_n11_citation_novelty/render_main_final/page-14.png,page-14.png,.png,677975,be2a544da2ae6ea580ddfb8542e10f4c9d6dde8f86879a225ed595fb4f185e3e,,True,EPHEMERAL_QA,EXCLUDE,,Rendered page/QA-only intermediate; reproducible from source document.,OK
janus_n11_citation_novelty/render_main_final/page-2.png,page-2.png,.png,536444,714007c126c02f65dcb0f6d05378676d8da51e99f29075f0f7a0b1e50195db26,DUP-0395,False,EPHEMERAL_QA,EXCLUDE,,Rendered page/QA-only intermediate; reproducible from source document.,OK
janus_n11_citation_novelty/render_main_final/page-3.png,page-3.png,.png,603497,d02542239e1ff7db0adb220f12215be014636b8c40a4f968bd2ba051bd14f3f1,DUP-0713,False,EPHEMERAL_QA,EXCLUDE,,Rendered page/QA-only intermediate; reproducible from source document.,OK
janus_n11_citation_novelty/render_main_final/page-4.png,page-4.png,.png,578552,19a624b23b10c3d0c29531e2691b4f352377a11f7f0242203f5e8237531ef52d,DUP-0085,False,EPHEMERAL_QA,EXCLUDE,,Rendered page/QA-only intermediate; reproducible from source document.,OK
janus_n11_citation_novelty/render_main_final/page-5.png,page-5.png,.png,500631,367334897b758e423de0c80fa5828e92556f116d5d982e9f3c8cc2ae902298c3,DUP-0194,False,EPHEMERAL_QA,EXCLUDE,,Rendered page/QA-only intermediate; reproducible from source document.,OK
janus_n11_citation_novelty/render_main_final/page-6.png,page-6.png,.png,720261,e27bec81682c0e4c21745a8b26238ebba8b038adfc7e6d8b443c3626129b8613,DUP-0761,False,EPHEMERAL_QA,EXCLUDE,,Rendered page/QA-only intermediate; reproducible from source document.,OK
janus_n11_citation_novelty/render_main_final/page-7.png,page-7.png,.png,597504,e625ad777f91ed02cb0ae4a10798122e77eb8860a21f8b22af8f6126327d35cd,DUP-0780,False,EPHEMERAL_QA,EXCLUDE,,Rendered page/QA-only intermediate; reproducible from source document.,OK
janus_n11_citation_novelty/render_main_final/page-8.png,page-8.png,.png,621298,fe3c0d88837bab35400357893083211bc702d2fafa52a1484cfdf3c09423875a,DUP-0852,False,EPHEMERAL_QA,EXCLUDE,,Rendered page/QA-only intermediate; reproducible from source document.,OK
janus_n11_citation_novelty/render_main_final/page-9.png,page-9.png,.png,612356,2f428cace50ff2ef1a7aa659a7186751b4d01d37db356fc50e07fa0cb1a9c0f0,DUP-0163,False,EPHEMERAL_QA,EXCLUDE,,Rendered page/QA-only intermediate; reproducible from source document.,OK
janus_n11_citation_novelty/render_si/Janus_MoSSe_CitationAudited_SI_v2.pdf,Janus_MoSSe_CitationAudited_SI_v2.pdf,.pdf,297329,81615babef144496740a7ce758509fa5e6b6e323cb82e1603a67f61af950825b,,True,EPHEMERAL_QA,EXCLUDE,,Rendered page/QA-only intermediate; reproducible from source document.,OK
janus_n11_citation_novelty/render_si/page-1.png,page-1.png,.png,585041,a45be46020c621a302c2102693178b91255b1b606ca2355bfd2df6eef566ab5c,DUP-0561,False,EPHEMERAL_QA,EXCLUDE,,Rendered page/QA-only intermediate; reproducible from source document.,OK
janus_n11_citation_novelty/render_si/page-2.png,page-2.png,.png,494759,6cccdf5c5abc449d2cf1f86314fbe56ef2fe6ae93674f444e1f37b155b957384,DUP-0379,False,EPHEMERAL_QA,EXCLUDE,,Rendered page/QA-only intermediate; reproducible from source document.,OK
janus_n11_citation_novelty/render_si/page-3.png,page-3.png,.png,532159,66324702d6f9eeae323ed1c4139adae65bfef05810febd8b956d702fee85a4a5,,True,EPHEMERAL_QA,EXCLUDE,,Rendered page/QA-only intermediate; reproducible from source document.,OK
janus_n11_citation_novelty/render_si/page-4.png,page-4.png,.png,579576,f42021859ce34aa394b50ad2188591fc7bd379fbbc7d776ba7b2041674a0f2cb,,True,EPHEMERAL_QA,EXCLUDE,,Rendered page/QA-only intermediate; reproducible from source document.,OK
janus_n11_citation_novelty/render_si/page-5.png,page-5.png,.png,195074,71083e1cdfc9876dbc1129a6274313ed52d542ddc2bcc435e7a5f365e9d88432,,True,EPHEMERAL_QA,EXCLUDE,,Rendered page/QA-only intermediate; reproducible from source document.,OK
janus_n11_citation_novelty/source_provenance_corrected/__pycache__/dft_guided_material_v12.cpython-313.pyc,dft_guided_material_v12.cpython-313.pyc,.cpython-313.pyc,20960,d57c6af73f016f5c40409183e04c6e7fcd2328421ae05be5d08cb79538b1a5ce,,True,EPHEMERAL_QA,EXCLUDE,,Rendered page/QA-only intermediate; reproducible from source document.,OK
janus_n11_citation_novelty/source_provenance_corrected/__pycache__/janus_fourier_landscapes_v12.cpython-313.pyc,janus_fourier_landscapes_v12.cpython-313.pyc,.cpython-313.pyc,12732,364ee00f48e9f1bcfd0b6da20ffdfefd691462fed368d1b27481498ee358b4a2,,True,EPHEMERAL_QA,EXCLUDE,,Rendered page/QA-only intermediate; reproducible from source document.,OK
janus_n11_citation_novelty/source_provenance_corrected/dft_guided_material_v12.py,dft_guided_material_v12.py,.py,10556,1d35a1a48165322478cbfcd3c207311279ee07b99ff581f6141be454ef4d6525,,True,SUPPORTING,KEEP,research-os/janus_n11_citation_novelty/source_provenance_corrected/dft_guided_material_v12.py,"Research OS evidence, code, data, audit, or provenance artifact.",OK
janus_n11_citation_novelty/source_provenance_corrected/janus_fourier_landscapes_v12.py,janus_fourier_landscapes_v12.py,.py,7879,98bb923bf3412cfc24614d80ba7a18dc8dfb1f365970216e2bc576fd1fc85030,,True,SUPPORTING,KEEP,research-os/janus_n11_citation_novelty/source_provenance_corrected/janus_fourier_landscapes_v12.py,"Research OS evidence, code, data, audit, or provenance artifact.",OK
janus_n13_claim_figure_revision/ACS_NANO_FIGURE6_PREFLIGHT.md,ACS_NANO_FIGURE6_PREFLIGHT.md,.md,4135,3e327cad36defffaa8113131174958720a9bb5222ce946499af9d1f7a099540f,,True,SUPPORTING,KEEP,research-os/janus_n13_claim_figure_revision/ACS_NANO_FIGURE6_PREFLIGHT.md,"Research OS evidence, code, data, audit, or provenance artifact.",OK
janus_n13_claim_figure_revision/CLAIM_EVIDENCE_MATRIX_v2.csv,CLAIM_EVIDENCE_MATRIX_v2.csv,.csv,23062,300c4f7848853be2687098cbd40e2929d40ec70cf8bd8b616aa81d8415567e60,,True,SUPPORTING,KEEP,research-os/janus_n13_claim_figure_revision/CLAIM_EVIDENCE_MATRIX_v2.csv,"Research OS evidence, code, data, audit, or provenance artifact.",OK
janus_n13_claim_figure_revision/CLAIM_EVIDENCE_MATRIX_v2.json,CLAIM_EVIDENCE_MATRIX_v2.json,.json,32180,cd554d788579cd9cb7601a1f76a3c715234705af34deaf15269a5cbe2f8ebde8,,True,SUPPORTING,KEEP,research-os/janus_n13_claim_figure_revision/CLAIM_EVIDENCE_MATRIX_v2.json,"Research OS evidence, code, data, audit, or provenance artifact.",OK
janus_n13_claim_figure_revision/CLAIM_EVIDENCE_MATRIX_v2.md,CLAIM_EVIDENCE_MATRIX_v2.md,.md,7804,d2dac6ed2fc8acac4d85868665a7cc86f3ddd1454ed306e849a0a2f4c8030b71,,True,SUPPORTING,KEEP,research-os/janus_n13_claim_figure_revision/CLAIM_EVIDENCE_MATRIX_v2.md,"Research OS evidence, code, data, audit, or provenance artifact.",OK
janus_n13_claim_figure_revision/Figure_6_panel_a_data.csv,Figure_6_panel_a_data.csv,.csv,1719,6306adc4df8db1891d4c1ef1d0d710b2704a22b677b3e204648c3cc5b62bfed0,,True,SUPPORTING,KEEP,research-os/janus_n13_claim_figure_revision/Figure_6_panel_a_data.csv,"Research OS evidence, code, data, audit, or provenance artifact.",OK
janus_n13_claim_figure_revision/Figure_6_panel_b_data.csv,Figure_6_panel_b_data.csv,.csv,322,a43627400fe6f4c32f24b1882380042da642bf7487968ef2446a38bbee2fd1c5,,True,SUPPORTING,KEEP,research-os/janus_n13_claim_figure_revision/Figure_6_panel_b_data.csv,"Research OS evidence, code, data, audit, or provenance artifact.",OK
janus_n13_claim_figure_revision/Figure_6_panel_c_data.csv,Figure_6_panel_c_data.csv,.csv,530,3d26e6bf9fa1c572b03756c1f8b200f4ebb78cab950040bbb9e70d01b4222fe5,,True,SUPPORTING,KEEP,research-os/janus_n13_claim_figure_revision/Figure_6_panel_c_data.csv,"Research OS evidence, code, data, audit, or provenance artifact.",OK
janus_n13_claim_figure_revision/Figure_6_thermal_stationary_hierarchy.eps,Figure_6_thermal_stationary_hierarchy.eps,.eps,95757,e34ba83461e08ef1ea12779a9ef995ee3031ac6bd073fc4d6f4483b71d92b885,,True,SUPPORTING,KEEP,research-os/janus_n13_claim_figure_revision/Figure_6_thermal_stationary_hierarchy.eps,"Research OS evidence, code, data, audit, or provenance artifact.",OK
janus_n13_claim_figure_revision/Figure_6_thermal_stationary_hierarchy.png,Figure_6_thermal_stationary_hierarchy.png,.png,412125,2b075ece2e3cce6348026a4dd30d6b2c0ce4842104b30c9a21a0cf7511b0f94e,DUP-0146,False,EXACT_DUPLICATE,EXCLUDE,,Exact SHA-256 duplicate; keep preferred copy in DUP-0146.,OK
janus_n13_claim_figure_revision/Figure_6_thermal_stationary_hierarchy.svg,Figure_6_thermal_stationary_hierarchy.svg,.svg,54637,177e98ec5265af766afca5bde45ce9f13ff5dfd85f69415de01a07d91bb6d4b3,,True,SUPPORTING,KEEP,research-os/janus_n13_claim_figure_revision/Figure_6_thermal_stationary_hierarchy.svg,"Research OS evidence, code, data, audit, or provenance artifact.",OK
janus_n13_claim_figure_revision/Figure_6_thermal_stationary_hierarchy.tif,Figure_6_thermal_stationary_hierarchy.tif,.tif,480300,81d0d00a87a8e3ef1347076958c2baaf43e7ad2b1ff908bbb066bce006ff3f75,,True,SUPPORTING,KEEP,research-os/janus_n13_claim_figure_revision/Figure_6_thermal_stationary_hierarchy.tif,"Research OS evidence, code, data, audit, or provenance artifact.",OK
janus_n13_claim_figure_revision/Figure_6_thermal_stationary_hierarchy_hi.png,Figure_6_thermal_stationary_hierarchy_hi.png,.png,271610,8e19e8c0a2e10e19602ddf048a7e117f44400eb5b7ef4d7c146b3ab4b868bf3d,,True,SUPPORTING,KEEP,research-os/janus_n13_claim_figure_revision/Figure_6_thermal_stationary_hierarchy_hi.png,"Research OS evidence, code, data, audit, or provenance artifact.",OK
janus_n13_claim_figure_revision/Janus_MoSSe_ClaimEvidenceMatrix_v2.xlsx,Janus_MoSSe_ClaimEvidenceMatrix_v2.xlsx,.xlsx,23369,817115983dd6bb11594c2de57e34410263f19d961a80234ca6730149b19cb13f,,True,SUPPORTING,KEEP,research-os/janus_n13_claim_figure_revision/Janus_MoSSe_ClaimEvidenceMatrix_v2.xlsx,"Research OS evidence, code, data, audit, or provenance artifact.",OK
janus_n13_claim_figure_revision/Janus_MoSSe_ThermalStationary_Manuscript_v3.docx,Janus_MoSSe_ThermalStationary_Manuscript_v3.docx,.docx,3853368,c772f18769c0da998aa51de36fa47d8492f4161761a7fc708acc30edf5f2e75e,,True,LEGACY,ARCHIVE,archive/legacy/janus_n13_claim_figure_revision/Janus_MoSSe_ThermalStationary_Manuscript_v3.docx,"Superseded draft/config/output retained for provenance, not current authority.",OK
janus_n13_claim_figure_revision/Janus_MoSSe_ThermalStationary_Manuscript_v3.txt,Janus_MoSSe_ThermalStationary_Manuscript_v3.txt,.txt,56958,529b26a9062794be4cddcd60677bcf70fde37ab22ee64189019fdcbfeb3cd6ff,,True,LEGACY,ARCHIVE,archive/legacy/janus_n13_claim_figure_revision/Janus_MoSSe_ThermalStationary_Manuscript_v3.txt,"Superseded draft/config/output retained for provenance, not current authority.",OK
janus_n13_claim_figure_revision/Janus_MoSSe_ThermalStationary_SI_v3.docx,Janus_MoSSe_ThermalStationary_SI_v3.docx,.docx,50314,87a2d23e4d275be3c6dfa6835bf038f58aa1a73ddc7656b3f3a669f0b9108e6b,,True,LEGACY,ARCHIVE,archive/legacy/janus_n13_claim_figure_revision/Janus_MoSSe_ThermalStationary_SI_v3.docx,"Superseded draft/config/output retained for provenance, not current authority.",OK
janus_n13_claim_figure_revision/Janus_MoSSe_ThermalStationary_SI_v3.txt,Janus_MoSSe_ThermalStationary_SI_v3.txt,.txt,23070,1eba1396b262e2d086daa14009b7b5343fa5dc2cd7255b6557df620604b0a12a,,True,LEGACY,ARCHIVE,archive/legacy/janus_n13_claim_figure_revision/Janus_MoSSe_ThermalStationary_SI_v3.txt,"Superseded draft/config/output retained for provenance, not current authority.",OK
janus_n13_claim_figure_revision/MANUSCRIPT_ACTION_REGISTER_v2.md,MANUSCRIPT_ACTION_REGISTER_v2.md,.md,4099,7ba21061a42952fac9225aa8f60d8ffab8593fc1849b45052b50a8ffce2b1bfc,,True,SUPPORTING,KEEP,research-os/janus_n13_claim_figure_revision/MANUSCRIPT_ACTION_REGISTER_v2.md,"Research OS evidence, code, data, audit, or provenance artifact.",OK
janus_n13_claim_figure_revision/N13_CLAIM_FIGURE_THERMAL_REVISION_REPORT.md,N13_CLAIM_FIGURE_THERMAL_REVISION_REPORT.md,.md,6658,b37547c5a6d2a548de1bedcd3de1aebf66c11b82d0e053cb7875bed386a7c770,,True,SUPPORTING,KEEP,research-os/janus_n13_claim_figure_revision/N13_CLAIM_FIGURE_THERMAL_REVISION_REPORT.md,"Research OS evidence, code, data, audit, or provenance artifact.",OK
janus_n13_claim_figure_revision/N13_ClaimFigureThermalRevision_Bundle.zip,N13_ClaimFigureThermalRevision_Bundle.zip,.zip,4743507,1668fb81906cc5f6187339176a5a41334c2581d4d6d550a00dc7cdd7c37bf92d,,True,ARCHIVE_BUNDLE,ARCHIVE,research-os/janus_n13_claim_figure_revision/N13_ClaimFigureThermalRevision_Bundle.zip,Historical bundle; contents may also exist unpacked.,OK
janus_n13_claim_figure_revision/N13_GATE_SUMMARY.json,N13_GATE_SUMMARY.json,.json,834,2149573e38ca297af0cf45724293c4b812b21069c7bc5eed3f577a5703d28d7d,,True,SUPPORTING,KEEP,research-os/janus_n13_claim_figure_revision/N13_GATE_SUMMARY.json,"Research OS evidence, code, data, audit, or provenance artifact.",OK
janus_n13_claim_figure_revision/make_thermal_figure.py,make_thermal_figure.py,.py,6107,101e4a135ef76276ad36af5cb037104167a0288ddb5414851e89041d7c17c84d,,True,SUPPORTING,KEEP,research-os/janus_n13_claim_figure_revision/make_thermal_figure.py,"Research OS evidence, code, data, audit, or provenance artifact.",OK
janus_n13_claim_figure_revision/render_main/Janus_MoSSe_ThermalStationary_Manuscript_v3.pdf,Janus_MoSSe_ThermalStationary_Manuscript_v3.pdf,.pdf,1524031,b4cff73ff6b3815d4b5ea84aa8b08fbcef66013fd20663205ca3881e8401d033,,True,EPHEMERAL_QA,EXCLUDE,,Rendered page/QA-only intermediate; reproducible from source document.,OK
janus_n13_claim_figure_revision/render_main/page-1.png,page-1.png,.png,608841,15135b35c161941097f969bd810e158e9e193207c0ac4a9dd5738b2dd836fe0f,,True,EPHEMERAL_QA,EXCLUDE,,Rendered page/QA-only intermediate; reproducible from source document.,OK
janus_n13_claim_figure_revision/render_main/page-10.png,page-10.png,.png,553841,c56a55083083282d99012bf9618fa0e3779221a2615c43ac4ad85b6a34211904,,True,EPHEMERAL_QA,EXCLUDE,,Rendered page/QA-only intermediate; reproducible from source document.,OK
janus_n13_claim_figure_revision/render_main/page-11.png,page-11.png,.png,510699,7f291e987ca314ad06832762c55d68066b20762907aeffcbaeb8d4ad3716156b,,True,EPHEMERAL_QA,EXCLUDE,,Rendered page/QA-only intermediate; reproducible from source document.,OK
janus_n13_claim_figure_revision/render_main/page-12.png,page-12.png,.png,647638,d6d937fae6bff8fd5ffab78cb614050060b54769288af5ca4034811bb9f2d217,,True,EPHEMERAL_QA,EXCLUDE,,Rendered page/QA-only intermediate; reproducible from source document.,OK
janus_n13_claim_figure_revision/render_main/page-13.png,page-13.png,.png,597847,481de60fd47b91c2b86645014cc1d38510417c62a4e1730f38612541a707caa5,,True,EPHEMERAL_QA,EXCLUDE,,Rendered page/QA-only intermediate; reproducible from source document.,OK
janus_n13_claim_figure_revision/render_main/page-14.png,page-14.png,.png,710964,c43d2d074b8adf76e0d55ac333d381c2834a161791c506ed0b0826e343f8d9d1,,True,EPHEMERAL_QA,EXCLUDE,,Rendered page/QA-only intermediate; reproducible from source document.,OK
janus_n13_claim_figure_revision/render_main/page-15.png,page-15.png,.png,80519,d0e0955867e80db002f19c02f550345d33801b13a7a519bf4574b3af9ab14298,,True,EPHEMERAL_QA,EXCLUDE,,Rendered page/QA-only intermediate; reproducible from source document.,OK
janus_n13_claim_figure_revision/render_main/page-2.png,page-2.png,.png,536444,714007c126c02f65dcb0f6d05378676d8da51e99f29075f0f7a0b1e50195db26,DUP-0395,True,EPHEMERAL_QA,EXCLUDE,,Rendered page/QA-only intermediate; reproducible from source document.,OK
janus_n13_claim_figure_revision/render_main/page-3.png,page-3.png,.png,603497,d02542239e1ff7db0adb220f12215be014636b8c40a4f968bd2ba051bd14f3f1,DUP-0713,True,EPHEMERAL_QA,EXCLUDE,,Rendered page/QA-only intermediate; reproducible from source document.,OK
janus_n13_claim_figure_revision/render_main/page-4.png,page-4.png,.png,580706,1e4749c385eb20354f149ba00af6e30ef6a9a728830e29ec859a3c4fd3f47d1e,,True,EPHEMERAL_QA,EXCLUDE,,Rendered page/QA-only intermediate; reproducible from source document.,OK
janus_n13_claim_figure_revision/render_main/page-5.png,page-5.png,.png,473355,4c83221f40b4a8be2009a5aafcf61d8e2776167910d0ad8b7e07bd0f9a14101f,,True,EPHEMERAL_QA,EXCLUDE,,Rendered page/QA-only intermediate; reproducible from source document.,OK
janus_n13_claim_figure_revision/render_main/page-6.png,page-6.png,.png,726761,b33ab23a26f365cfa9d9e7fc5a46ac03f65a0105318e6b2c8ea2e8489e0cd55a,,True,EPHEMERAL_QA,EXCLUDE,,Rendered page/QA-only intermediate; reproducible from source document.,OK
janus_n13_claim_figure_revision/render_main/page-7.png,page-7.png,.png,613177,2deea323ec07faffdbbdf3ecfd2e70c0a10adade7b248af498598a10be0e883f,,True,EPHEMERAL_QA,EXCLUDE,,Rendered page/QA-only intermediate; reproducible from source document.,OK
janus_n13_claim_figure_revision/render_main/page-8.png,page-8.png,.png,630825,1f157549dbc37a6cd31d3b1b90bace422ce6eecc3565acae6d53b6a151c34eef,,True,EPHEMERAL_QA,EXCLUDE,,Rendered page/QA-only intermediate; reproducible from source document.,OK
janus_n13_claim_figure_revision/render_main/page-9.png,page-9.png,.png,617682,c6e3ac52dd39daa588ca7264da30465d56c6ab37b557903252b97a659fc6942f,,True,EPHEMERAL_QA,EXCLUDE,,Rendered page/QA-only intermediate; reproducible from source document.,OK
janus_n13_claim_figure_revision/render_si/Janus_MoSSe_ThermalStationary_SI_v3.pdf,Janus_MoSSe_ThermalStationary_SI_v3.pdf,.pdf,302711,90b7769b255a368976dcf44e28ef145698ddd2b7adf81ea4d66a010d2c7458c9,,True,EPHEMERAL_QA,EXCLUDE,,Rendered page/QA-only intermediate; reproducible from source document.,OK
janus_n13_claim_figure_revision/render_si/page-1.png,page-1.png,.png,585041,a45be46020c621a302c2102693178b91255b1b606ca2355bfd2df6eef566ab5c,DUP-0561,False,EPHEMERAL_QA,EXCLUDE,,Rendered page/QA-only intermediate; reproducible from source document.,OK
janus_n13_claim_figure_revision/render_si/page-2.png,page-2.png,.png,494759,6cccdf5c5abc449d2cf1f86314fbe56ef2fe6ae93674f444e1f37b155b957384,DUP-0379,False,EPHEMERAL_QA,EXCLUDE,,Rendered page/QA-only intermediate; reproducible from source document.,OK
janus_n13_claim_figure_revision/render_si/page-3.png,page-3.png,.png,482875,5b73111b790ec099317ca5791d87bccd6550ba9cfed5f08cfdd74fc6a1213535,,True,EPHEMERAL_QA,EXCLUDE,,Rendered page/QA-only intermediate; reproducible from source document.,OK
janus_n13_claim_figure_revision/render_si/page-4.png,page-4.png,.png,577010,563f0f58a75b806e535d94d61519798b5d2966b22493a1942e5d3998bbb5d6da,,True,EPHEMERAL_QA,EXCLUDE,,Rendered page/QA-only intermediate; reproducible from source document.,OK
janus_n13_claim_figure_revision/render_si/page-5.png,page-5.png,.png,330760,fcc0e468a4af930bdee138509200886f7af5cfd6ffb6b4bcc8b21871c51b732d,,True,EPHEMERAL_QA,EXCLUDE,,Rendered page/QA-only intermediate; reproducible from source document.,OK
janus_n13_claim_figure_revision/render_si2/page-1.png,page-1.png,.png,585041,a45be46020c621a302c2102693178b91255b1b606ca2355bfd2df6eef566ab5c,DUP-0561,False,EPHEMERAL_QA,EXCLUDE,,Rendered page/QA-only intermediate; reproducible from source document.,OK
janus_n13_claim_figure_revision/render_si2/page-2.png,page-2.png,.png,494759,6cccdf5c5abc449d2cf1f86314fbe56ef2fe6ae93674f444e1f37b155b957384,DUP-0379,False,EPHEMERAL_QA,EXCLUDE,,Rendered page/QA-only intermediate; reproducible from source document.,OK
janus_n13_claim_figure_revision/render_si2/page-3.png,page-3.png,.png,452986,b4ffeb453022b527ffc932aad4acba34df7b8dcfb4dfe3d08185abf8bc8811f8,,True,EPHEMERAL_QA,EXCLUDE,,Rendered page/QA-only intermediate; reproducible from source document.,OK
janus_n13_claim_figure_revision/render_si2/page-4.png,page-4.png,.png,556708,cd14e567b501c6153e119439e11738c152c08a79b5c5705e21fe929f79792ed9,,True,EPHEMERAL_QA,EXCLUDE,,Rendered page/QA-only intermediate; reproducible from source document.,OK
janus_n13_claim_figure_revision/render_si2/page-5.png,page-5.png,.png,382175,1f80e5340b4be92701c8c42823ea49cd05e2168bf075adba7e0a2ff163e12df6,,True,EPHEMERAL_QA,EXCLUDE,,Rendered page/QA-only intermediate; reproducible from source document.,OK
janus_n13_claim_figure_revision/revise_manuscript_thermal.py,revise_manuscript_thermal.py,.py,16375,820f68f88a1b92738e6c8a5e816887f34180b97f0ad180e4e466ff5ccee2e19f,,True,SUPPORTING,KEEP,research-os/janus_n13_claim_figure_revision/revise_manuscript_thermal.py,"Research OS evidence, code, data, audit, or provenance artifact.",OK
janus_n13_claim_figure_revision/update_claim_matrix.py,update_claim_matrix.py,.py,13959,352ead19d4bb85caf10a4ac3f682e513b4b0e13dbe573ec42f0f6a5aee03f409,,True,SUPPORTING,KEEP,research-os/janus_n13_claim_figure_revision/update_claim_matrix.py,"Research OS evidence, code, data, audit, or provenance artifact.",OK
janus_n15_targeted_revision/Janus_MoSSe_FiveReviewerScoped_Manuscript_v5.docx,Janus_MoSSe_FiveReviewerScoped_Manuscript_v5.docx,.docx,3854416,25f50c5ad8f057f0df4e23f8950f58966bfbba726442a2f41a72fbdb0148c80b,DUP-0133,False,EXACT_DUPLICATE,EXCLUDE,,Exact SHA-256 duplicate; keep preferred copy in DUP-0133.,OK
janus_n15_targeted_revision/Janus_MoSSe_RedTeamScoped_Manuscript_v4.docx,Janus_MoSSe_RedTeamScoped_Manuscript_v4.docx,.docx,3854414,2dc340174c4373977c21ff074b06246b7e3ed503519d9c04c77a09c6c61b2e7d,DUP-0157,True,LEGACY,ARCHIVE,archive/legacy/janus_n15_targeted_revision/Janus_MoSSe_RedTeamScoped_Manuscript_v4.docx,"Superseded draft/config/output retained for provenance, not current authority.",OK
janus_n15_targeted_revision/Janus_MoSSe_RedTeamScoped_Manuscript_v4.txt,Janus_MoSSe_RedTeamScoped_Manuscript_v4.txt,.txt,55678,161ab285fe1d4694d5fd7775c6aeaea5c584d8b9771c89b1e2a14f89e0c793ee,,True,LEGACY,ARCHIVE,archive/legacy/janus_n15_targeted_revision/Janus_MoSSe_RedTeamScoped_Manuscript_v4.txt,"Superseded draft/config/output retained for provenance, not current authority.",OK
janus_n15_targeted_revision/Janus_MoSSe_RedTeamScoped_Manuscript_v4_preN16.docx,Janus_MoSSe_RedTeamScoped_Manuscript_v4_preN16.docx,.docx,3854414,2dc340174c4373977c21ff074b06246b7e3ed503519d9c04c77a09c6c61b2e7d,DUP-0157,False,EXACT_DUPLICATE,EXCLUDE,,Exact SHA-256 duplicate; keep preferred copy in DUP-0157.,OK
janus_n15_targeted_revision/Janus_MoSSe_RedTeamScoped_SI_v4.docx,Janus_MoSSe_RedTeamScoped_SI_v4.docx,.docx,50606,04a5753b71bad758080496410969da740673a50b442fb50ed268a9257ad52f91,DUP-0013,False,EXACT_DUPLICATE,EXCLUDE,,Exact SHA-256 duplicate; keep preferred copy in DUP-0013.,OK
janus_n15_targeted_revision/Janus_MoSSe_RedTeamScoped_SI_v4.txt,Janus_MoSSe_RedTeamScoped_SI_v4.txt,.txt,17376,a37f499080ae21bc7ad67a7ba48d0bccbaa61bf70d6b2feedcf1014e5bc6d23a,,True,LEGACY,ARCHIVE,archive/legacy/janus_n15_targeted_revision/Janus_MoSSe_RedTeamScoped_SI_v4.txt,"Superseded draft/config/output retained for provenance, not current authority.",OK
janus_n15_targeted_revision/N15_CLOSURE_CHECKS.json,N15_CLOSURE_CHECKS.json,.json,455,f155ffafa70083207282c17af629b8f81348cc794770ef05a45a5ef7de2de4e9,,True,SUPPORTING,KEEP,research-os/janus_n15_targeted_revision/N15_CLOSURE_CHECKS.json,"Research OS evidence, code, data, audit, or provenance artifact.",OK
janus_n15_targeted_revision/N15_CLOSURE_ISSUE_REGISTER.csv,N15_CLOSURE_ISSUE_REGISTER.csv,.csv,1364,5f95d30c20eaa9b8e7bb63ad0c9d8ecd732a56962d63ee55c868f70a76320a46,,True,SUPPORTING,KEEP,research-os/janus_n15_targeted_revision/N15_CLOSURE_ISSUE_REGISTER.csv,"Research OS evidence, code, data, audit, or provenance artifact.",OK
janus_n15_targeted_revision/N15_GATE_SUMMARY.json,N15_GATE_SUMMARY.json,.json,120,a46abe759bd647a731e8eccd06d16bb9abb75ca2ddb64d7b99589f4b950d9a34,,True,SUPPORTING,KEEP,research-os/janus_n15_targeted_revision/N15_GATE_SUMMARY.json,"Research OS evidence, code, data, audit, or provenance artifact.",OK
janus_n15_targeted_revision/N15_RED_TEAM_CLOSURE_REPORT.md,N15_RED_TEAM_CLOSURE_REPORT.md,.md,4229,4ef1cedc31587048602a5d83fe190891392327b028936db0045e9fcfd1293784,,True,SUPPORTING,KEEP,research-os/janus_n15_targeted_revision/N15_RED_TEAM_CLOSURE_REPORT.md,"Research OS evidence, code, data, audit, or provenance artifact.",OK
janus_n15_targeted_revision/N15_RedTeamClosure_Bundle.zip,N15_RedTeamClosure_Bundle.zip,.zip,3904403,fef1250d0230ef4665ca178ee43e212917ec1ce2e02dfdeda7b558f5a3a0164a,,True,ARCHIVE_BUNDLE,ARCHIVE,research-os/janus_n15_targeted_revision/N15_RedTeamClosure_Bundle.zip,Historical bundle; contents may also exist unpacked.,OK
janus_n15_targeted_revision/N15_SHORT_CLOSURE_CHECKS.json,N15_SHORT_CLOSURE_CHECKS.json,.json,2443,17a0c7de2ddae374eff6945e2ae8f5300ec149854859c3f8219c2552a5df3601,,True,SUPPORTING,KEEP,research-os/janus_n15_targeted_revision/N15_SHORT_CLOSURE_CHECKS.json,"Research OS evidence, code, data, audit, or provenance artifact.",OK
janus_n15_targeted_revision/N15_SHORT_RED_TEAM_CLOSURE_REPORT.md,N15_SHORT_RED_TEAM_CLOSURE_REPORT.md,.md,1566,5be69fdfaa3b1e0f073a12cbd528204c0ce446cfa7532e9274cab143092652cf,,True,CURRENT,KEEP,research-os/janus_n15_targeted_revision/N15_SHORT_RED_TEAM_CLOSURE_REPORT.md,Current submission/publication authority or current QA record.,OK
janus_n15_targeted_revision/N16_FIVE_REVIEWER_ACTION_REGISTER.csv,N16_FIVE_REVIEWER_ACTION_REGISTER.csv,.csv,922,2596d5076eb2f55f9bf5613acf089a9038ccff3f93a4b1c24bbf2e36331cea0a,DUP-0128,False,EXACT_DUPLICATE,EXCLUDE,,Exact SHA-256 duplicate; keep preferred copy in DUP-0128.,OK
janus_n15_targeted_revision/N16_FIVE_REVIEWER_PAPER_AUDIT.md,N16_FIVE_REVIEWER_PAPER_AUDIT.md,.md,33131,c4fa3ce9287bb174d36569fa9e8423f1f59a31ad240e5b37a28083eac3f22c30,,True,CURRENT,KEEP,research-os/janus_n15_targeted_revision/N16_FIVE_REVIEWER_PAPER_AUDIT.md,Current submission/publication authority or current QA record.,OK
janus_n15_targeted_revision/N16_FiveReviewerAudit_Bundle.zip,N16_FiveReviewerAudit_Bundle.zip,.zip,3914017,e79f7c3b82d8d98b23249bc493301612d37171f2ba5f5666fe9a014eee1e9ec3,,True,ARCHIVE_BUNDLE,ARCHIVE,research-os/janus_n15_targeted_revision/N16_FiveReviewerAudit_Bundle.zip,Historical bundle; contents may also exist unpacked.,OK
janus_n15_targeted_revision/N16_GATE_SUMMARY.json,N16_GATE_SUMMARY.json,.json,263,cd2f7d502f2962be09b0ee064aa8ada67e3dd036b7a7b8de4348d4b5b6435200,,True,SUPPORTING,KEEP,research-os/janus_n15_targeted_revision/N16_GATE_SUMMARY.json,"Research OS evidence, code, data, audit, or provenance artifact.",OK
janus_n15_targeted_revision/N16_POST_REVIEW_TARGETED_REVISION_REPORT.md,N16_POST_REVIEW_TARGETED_REVISION_REPORT.md,.md,2845,6bc161e3b4fc640b23d05dd79d3269744b5041ea04876f3f26f9783102355090,,True,SUPPORTING,KEEP,research-os/janus_n15_targeted_revision/N16_POST_REVIEW_TARGETED_REVISION_REPORT.md,"Research OS evidence, code, data, audit, or provenance artifact.",OK
janus_n15_targeted_revision/N16_REVIEW_ISSUE_REGISTER.csv,N16_REVIEW_ISSUE_REGISTER.csv,.csv,522,08c05b880c7abbadbdf4a4fd4dbeef2b5be12c6de9d01a81032e86e8976f7031,,True,SUPPORTING,KEEP,research-os/janus_n15_targeted_revision/N16_REVIEW_ISSUE_REGISTER.csv,"Research OS evidence, code, data, audit, or provenance artifact.",OK
janus_n15_targeted_revision/N16_ReviewClosure_TargetedRevision_Bundle.zip,N16_ReviewClosure_TargetedRevision_Bundle.zip,.zip,3917436,54c82cdb6a1b48e5fa7475cbfa346b8d286d595a1474f802b17de1c3082f8812,,True,ARCHIVE_BUNDLE,ARCHIVE,research-os/janus_n15_targeted_revision/N16_ReviewClosure_TargetedRevision_Bundle.zip,Historical bundle; contents may also exist unpacked.,OK
janus_n15_targeted_revision/canonical_baseline_validation.txt,canonical_baseline_validation.txt,.txt,182,1d7509513f2403769f0c9b003a41e08f64e1543096ee94e92fb116686f19eb8e,DUP-0100,False,EXACT_DUPLICATE,EXCLUDE,,Exact SHA-256 duplicate; keep preferred copy in DUP-0100.,OK
janus_n15_targeted_revision/closure_stdout.txt,closure_stdout.txt,.txt,2444,42a840c286f5cb8229b20801f0cee269d048aae91d0334cdccffedd997b3e9ae,,True,SUPPORTING,KEEP,research-os/janus_n15_targeted_revision/closure_stdout.txt,"Research OS evidence, code, data, audit, or provenance artifact.",OK
janus_n15_targeted_revision/main_layout.txt,main_layout.txt,.txt,66173,777a62cb125b9737dfae4a0107d3663d03c4d48e2815dfaae5a808346732c62c,,True,SUPPORTING,KEEP,research-os/janus_n15_targeted_revision/main_layout.txt,"Research OS evidence, code, data, audit, or provenance artifact.",OK
janus_n15_targeted_revision/main_layout_p1.txt,main_layout_p1.txt,.txt,5279,71c2fa754621d262dceea02d9588f379f5425e9c0ffcf1eca83c22a4ac40ffab,,True,SUPPORTING,KEEP,research-os/janus_n15_targeted_revision/main_layout_p1.txt,"Research OS evidence, code, data, audit, or provenance artifact.",OK
janus_n15_targeted_revision/main_layout_p10.txt,main_layout_p10.txt,.txt,3311,762ce9e232c7183659d34f3ced4304617fdc9c1c76a2c136937e25c908eb3b34,,True,SUPPORTING,KEEP,research-os/janus_n15_targeted_revision/main_layout_p10.txt,"Research OS evidence, code, data, audit, or provenance artifact.",OK
janus_n15_targeted_revision/main_layout_p11.txt,main_layout_p11.txt,.txt,4208,a23f1f98844e5077c269f80e1e566f6f53353403b3480e1c59a4f5d6eb834702,,True,SUPPORTING,KEEP,research-os/janus_n15_targeted_revision/main_layout_p11.txt,"Research OS evidence, code, data, audit, or provenance artifact.",OK
janus_n15_targeted_revision/main_layout_p12.txt,main_layout_p12.txt,.txt,5515,f39896e59bac9b5e79be7f20f8a5753e67e058f303e853340946607a392854f4,,True,SUPPORTING,KEEP,research-os/janus_n15_targeted_revision/main_layout_p12.txt,"Research OS evidence, code, data, audit, or provenance artifact.",OK
janus_n15_targeted_revision/main_layout_p13.txt,main_layout_p13.txt,.txt,5724,25a4eb57d9525d1dcfef1971072eec15cf06eb25d7ddf4b09e6e400a46299fe5,,True,SUPPORTING,KEEP,research-os/janus_n15_targeted_revision/main_layout_p13.txt,"Research OS evidence, code, data, audit, or provenance artifact.",OK
janus_n15_targeted_revision/main_layout_p14.txt,main_layout_p14.txt,.txt,5078,e35172f9a4c1e6458ec60bff12f786cd6ef05585b859dbd319458b0f97598a49,,True,SUPPORTING,KEEP,research-os/janus_n15_targeted_revision/main_layout_p14.txt,"Research OS evidence, code, data, audit, or provenance artifact.",OK
janus_n15_targeted_revision/main_layout_p15.txt,main_layout_p15.txt,.txt,3244,f40d6ac7a41189b49c5c816a525a014d71bb13d3d79fcfc9dd917354a3d86b44,,True,SUPPORTING,KEEP,research-os/janus_n15_targeted_revision/main_layout_p15.txt,"Research OS evidence, code, data, audit, or provenance artifact.",OK
janus_n15_targeted_revision/main_layout_p2.txt,main_layout_p2.txt,.txt,5000,3545064f94788477ead13dac4cb141a17bae522a1c80c63f0ab1ebf3409674cc,,True,SUPPORTING,KEEP,research-os/janus_n15_targeted_revision/main_layout_p2.txt,"Research OS evidence, code, data, audit, or provenance artifact.",OK
janus_n15_targeted_revision/main_layout_p3.txt,main_layout_p3.txt,.txt,5337,a21c993e866086df394aeb28e76e50c3fb12ceca05f26bac7e08d4817282cb10,,True,SUPPORTING,KEEP,research-os/janus_n15_targeted_revision/main_layout_p3.txt,"Research OS evidence, code, data, audit, or provenance artifact.",OK
janus_n15_targeted_revision/main_layout_p4.txt,main_layout_p4.txt,.txt,5068,ecc48afbdd1d0c991c2642ffdae1aa1e43e2c611a4c6abdb0d223f2ebe0702e0,,True,SUPPORTING,KEEP,research-os/janus_n15_targeted_revision/main_layout_p4.txt,"Research OS evidence, code, data, audit, or provenance artifact.",OK
janus_n15_targeted_revision/main_layout_p5.txt,main_layout_p5.txt,.txt,5539,4c431cf00d2223f4e1a04f24ce3fb055e1c932376301bd3f01eda72bf6eea87e,,True,SUPPORTING,KEEP,research-os/janus_n15_targeted_revision/main_layout_p5.txt,"Research OS evidence, code, data, audit, or provenance artifact.",OK
janus_n15_targeted_revision/main_layout_p6.txt,main_layout_p6.txt,.txt,3026,341dcec50f05067faf0f23df501b3d9944a8fe597e8e04bb03c147b9358f4645,,True,SUPPORTING,KEEP,research-os/janus_n15_targeted_revision/main_layout_p6.txt,"Research OS evidence, code, data, audit, or provenance artifact.",OK
janus_n15_targeted_revision/main_layout_p7.txt,main_layout_p7.txt,.txt,3110,7e381c69853e0b3c8e12c7eb3f94dc0df84446f28e0ee50e3e86ead2091157d9,,True,SUPPORTING,KEEP,research-os/janus_n15_targeted_revision/main_layout_p7.txt,"Research OS evidence, code, data, audit, or provenance artifact.",OK
janus_n15_targeted_revision/main_layout_p8.txt,main_layout_p8.txt,.txt,3314,255f3718da6885f2fc752a8bd022d0bcd09352f7f708f9b7cda9bc6b128b6ebb,,True,SUPPORTING,KEEP,research-os/janus_n15_targeted_revision/main_layout_p8.txt,"Research OS evidence, code, data, audit, or provenance artifact.",OK
janus_n15_targeted_revision/main_layout_p9.txt,main_layout_p9.txt,.txt,3405,fe7a41ea8a30d5bc2d98cc48901c2cfe0191599c06a730f060ef9c73b525628d,,True,SUPPORTING,KEEP,research-os/janus_n15_targeted_revision/main_layout_p9.txt,"Research OS evidence, code, data, audit, or provenance artifact.",OK
janus_n15_targeted_revision/render_main/Janus_MoSSe_RedTeamScoped_Manuscript_v4.pdf,Janus_MoSSe_RedTeamScoped_Manuscript_v4.pdf,.pdf,1553879,f8416ee215779bfed247b9f57537af6b1ba2756bfe04e87f20209d351d781199,,True,EPHEMERAL_QA,EXCLUDE,,Rendered page/QA-only intermediate; reproducible from source document.,OK
janus_n15_targeted_revision/render_main/page-1.png,page-1.png,.png,604248,566fb0c299192261ba5bfceef96d878cd7a35249790975087aead578e60b31bd,DUP-0299,False,EPHEMERAL_QA,EXCLUDE,,Rendered page/QA-only intermediate; reproducible from source document.,OK
janus_n15_targeted_revision/render_main/page-10.png,page-10.png,.png,560200,6e879e4ccc36a2d0d02b9ea1a80256dbfb47623e697f048bbb6eba5e983c59a5,DUP-0386,False,EPHEMERAL_QA,EXCLUDE,,Rendered page/QA-only intermediate; reproducible from source document.,OK
janus_n15_targeted_revision/render_main/page-11.png,page-11.png,.png,542591,0ba93e974bb867fe9198b4a2e084a3e43cef3b3ee2613c1595b89b25944f8d5d,DUP-0038,False,EPHEMERAL_QA,EXCLUDE,,Rendered page/QA-only intermediate; reproducible from source document.,OK
janus_n15_targeted_revision/render_main/page-12.png,page-12.png,.png,555405,bc0001134729ba0f7016c2058c8a257fe5f37ba3ac1207a01e8196a619fe8874,DUP-0639,False,EPHEMERAL_QA,EXCLUDE,,Rendered page/QA-only intermediate; reproducible from source document.,OK
janus_n15_targeted_revision/render_main/page-13.png,page-13.png,.png,655947,fa25023a705fba8f2a4665e15ef99396ca4f43c06f35cd4185ee2c752d2bd9bd,DUP-0838,False,EPHEMERAL_QA,EXCLUDE,,Rendered page/QA-only intermediate; reproducible from source document.,OK
janus_n15_targeted_revision/render_main/page-14.png,page-14.png,.png,647920,860822d72d5c308ac938022b0988454cc0bd934890b14a6794abbbdad4f5ba62,DUP-0467,False,EPHEMERAL_QA,EXCLUDE,,Rendered page/QA-only intermediate; reproducible from source document.,OK
janus_n15_targeted_revision/render_main/page-15.png,page-15.png,.png,460932,ea50e58378d5860aed6e2bf295c3f31e27be6a8ab7d68c6ac2cb93917c823ca0,DUP-0793,False,EPHEMERAL_QA,EXCLUDE,,Rendered page/QA-only intermediate; reproducible from source document.,OK
janus_n15_targeted_revision/render_main/page-2.png,page-2.png,.png,562242,89a634a395f7dab3fbd2cf24dcc3908efa8d41f598a4d83b5601c5624b62d754,DUP-0476,False,EPHEMERAL_QA,EXCLUDE,,Rendered page/QA-only intermediate; reproducible from source document.,OK
janus_n15_targeted_revision/render_main/page-3.png,page-3.png,.png,591303,5d2554c51efa225c89b98f0c4fb23eadc5ec68610bf77b8aae06962b0dd9d7e8,,True,EPHEMERAL_QA,EXCLUDE,,Rendered page/QA-only intermediate; reproducible from source document.,OK
janus_n15_targeted_revision/render_main/page-4.png,page-4.png,.png,591854,5e1ecdf50d6b359ad873fadaf83701019fc8d5b9077e0012ddca1004fc857bbd,DUP-0324,False,EPHEMERAL_QA,EXCLUDE,,Rendered page/QA-only intermediate; reproducible from source document.,OK
janus_n15_targeted_revision/render_main/page-5.png,page-5.png,.png,451055,e40e8deb12537e98f84b7ba745d5a4e5c182f92c45ae1f01b30083acca7e6030,,True,EPHEMERAL_QA,EXCLUDE,,Rendered page/QA-only intermediate; reproducible from source document.,OK
janus_n15_targeted_revision/render_main/page-6.png,page-6.png,.png,731467,0bac437bb95224be8963cd158dac4769999ce6d6e0ecfda717d46f69c447f44d,DUP-0039,False,EPHEMERAL_QA,EXCLUDE,,Rendered page/QA-only intermediate; reproducible from source document.,OK
janus_n15_targeted_revision/render_main/page-7.png,page-7.png,.png,581803,131dfb1c0c5741daa2fa57d88a47428a5a734aa3e60b40657e5569a7af39336a,DUP-0062,False,EPHEMERAL_QA,EXCLUDE,,Rendered page/QA-only intermediate; reproducible from source document.,OK
janus_n15_targeted_revision/render_main/page-8.png,page-8.png,.png,659533,208c27860761dc39b87758845aa7634411e0113885bd038c5a61dd482db1ca1d,DUP-0116,False,EPHEMERAL_QA,EXCLUDE,,Rendered page/QA-only intermediate; reproducible from source document.,OK
janus_n15_targeted_revision/render_main/page-9.png,page-9.png,.png,615123,1e1f32119654e0d15f8764b946b37edb06e0988e281578bcf4384c0cb321913d,DUP-0102,False,EPHEMERAL_QA,EXCLUDE,,Rendered page/QA-only intermediate; reproducible from source document.,OK
janus_n15_targeted_revision/render_si/Janus_MoSSe_RedTeamScoped_SI_v4.pdf,Janus_MoSSe_RedTeamScoped_SI_v4.pdf,.pdf,303181,0a2cec6929c29b374294e6358b759dac84eee0e6c1e07d7cf1552a02428f1d00,,True,EPHEMERAL_QA,EXCLUDE,,Rendered page/QA-only intermediate; reproducible from source document.,OK
janus_n15_targeted_revision/render_si/page-1.png,page-1.png,.png,585041,a45be46020c621a302c2102693178b91255b1b606ca2355bfd2df6eef566ab5c,DUP-0561,False,EPHEMERAL_QA,EXCLUDE,,Rendered page/QA-only intermediate; reproducible from source document.,OK
janus_n15_targeted_revision/render_si/page-2.png,page-2.png,.png,494759,6cccdf5c5abc449d2cf1f86314fbe56ef2fe6ae93674f444e1f37b155b957384,DUP-0379,False,EPHEMERAL_QA,EXCLUDE,,Rendered page/QA-only intermediate; reproducible from source document.,OK
janus_n15_targeted_revision/render_si/page-3.png,page-3.png,.png,509279,83ed18c0b652c3636bd896147ad618a9fc8864d3bf74e976ec1e51154045c827,DUP-0461,False,EPHEMERAL_QA,EXCLUDE,,Rendered page/QA-only intermediate; reproducible from source document.,OK
janus_n15_targeted_revision/render_si/page-4.png,page-4.png,.png,552704,dcf6c7cd1df316ac32b7eeb23432f75bb3c1f6851438f448a104af1be13e7bc1,DUP-0747,False,EPHEMERAL_QA,EXCLUDE,,Rendered page/QA-only intermediate; reproducible from source document.,OK
janus_n15_targeted_revision/render_si/page-5.png,page-5.png,.png,396737,18f0e759a93732d11409d43c3789471ac5ea59ebc5647cfddb4eb06461c5ad16,DUP-0081,False,EPHEMERAL_QA,EXCLUDE,,Rendered page/QA-only intermediate; reproducible from source document.,OK
janus_n15_targeted_revision/render_v5/Janus_MoSSe_FiveReviewerScoped_Manuscript_v5.pdf,Janus_MoSSe_FiveReviewerScoped_Manuscript_v5.pdf,.pdf,1528773,f95993a2d5fd022f7dcce0986d46dfc99a0a2532d9325f822a1cb265873bbb0c,,True,EPHEMERAL_QA,EXCLUDE,,Rendered page/QA-only intermediate; reproducible from source document.,OK
janus_n15_targeted_revision/render_v5/page-1.png,page-1.png,.png,604248,566fb0c299192261ba5bfceef96d878cd7a35249790975087aead578e60b31bd,DUP-0299,False,EPHEMERAL_QA,EXCLUDE,,Rendered page/QA-only intermediate; reproducible from source document.,OK
janus_n15_targeted_revision/render_v5/page-10.png,page-10.png,.png,560200,6e879e4ccc36a2d0d02b9ea1a80256dbfb47623e697f048bbb6eba5e983c59a5,DUP-0386,True,EPHEMERAL_QA,EXCLUDE,,Rendered page/QA-only intermediate; reproducible from source document.,OK
janus_n15_targeted_revision/render_v5/page-11.png,page-11.png,.png,542591,0ba93e974bb867fe9198b4a2e084a3e43cef3b3ee2613c1595b89b25944f8d5d,DUP-0038,True,EPHEMERAL_QA,EXCLUDE,,Rendered page/QA-only intermediate; reproducible from source document.,OK
janus_n15_targeted_revision/render_v5/page-12.png,page-12.png,.png,555405,bc0001134729ba0f7016c2058c8a257fe5f37ba3ac1207a01e8196a619fe8874,DUP-0639,False,EPHEMERAL_QA,EXCLUDE,,Rendered page/QA-only intermediate; reproducible from source document.,OK
janus_n15_targeted_revision/render_v5/page-13.png,page-13.png,.png,655947,fa25023a705fba8f2a4665e15ef99396ca4f43c06f35cd4185ee2c752d2bd9bd,DUP-0838,False,EPHEMERAL_QA,EXCLUDE,,Rendered page/QA-only intermediate; reproducible from source document.,OK
janus_n15_targeted_revision/render_v5/page-14.png,page-14.png,.png,647920,860822d72d5c308ac938022b0988454cc0bd934890b14a6794abbbdad4f5ba62,DUP-0467,False,EPHEMERAL_QA,EXCLUDE,,Rendered page/QA-only intermediate; reproducible from source document.,OK
janus_n15_targeted_revision/render_v5/page-15.png,page-15.png,.png,460932,ea50e58378d5860aed6e2bf295c3f31e27be6a8ab7d68c6ac2cb93917c823ca0,DUP-0793,False,EPHEMERAL_QA,EXCLUDE,,Rendered page/QA-only intermediate; reproducible from source document.,OK
janus_n15_targeted_revision/render_v5/page-2.png,page-2.png,.png,562242,89a634a395f7dab3fbd2cf24dcc3908efa8d41f598a4d83b5601c5624b62d754,DUP-0476,False,EPHEMERAL_QA,EXCLUDE,,Rendered page/QA-only intermediate; reproducible from source document.,OK
janus_n15_targeted_revision/render_v5/page-3.png,page-3.png,.png,590069,d7f24ce7839d6b16633daa8b171804b73f3feb1bbb6e6ba64911a6ec36fad46c,DUP-0736,False,EPHEMERAL_QA,EXCLUDE,,Rendered page/QA-only intermediate; reproducible from source document.,OK
janus_n15_targeted_revision/render_v5/page-4.png,page-4.png,.png,591854,5e1ecdf50d6b359ad873fadaf83701019fc8d5b9077e0012ddca1004fc857bbd,DUP-0324,False,EPHEMERAL_QA,EXCLUDE,,Rendered page/QA-only intermediate; reproducible from source document.,OK
janus_n15_targeted_revision/render_v5/page-5.png,page-5.png,.png,453015,56f4e93b599676d0fde3a49f2d0303da4fe102e4f551bd3b45582cdcdf17c038,DUP-0301,False,EPHEMERAL_QA,EXCLUDE,,Rendered page/QA-only intermediate; reproducible from source document.,OK
janus_n15_targeted_revision/render_v5/page-6.png,page-6.png,.png,731467,0bac437bb95224be8963cd158dac4769999ce6d6e0ecfda717d46f69c447f44d,DUP-0039,True,EPHEMERAL_QA,EXCLUDE,,Rendered page/QA-only intermediate; reproducible from source document.,OK
janus_n15_targeted_revision/render_v5/page-7.png,page-7.png,.png,581803,131dfb1c0c5741daa2fa57d88a47428a5a734aa3e60b40657e5569a7af39336a,DUP-0062,True,EPHEMERAL_QA,EXCLUDE,,Rendered page/QA-only intermediate; reproducible from source document.,OK
janus_n15_targeted_revision/render_v5/page-8.png,page-8.png,.png,659533,208c27860761dc39b87758845aa7634411e0113885bd038c5a61dd482db1ca1d,DUP-0116,True,EPHEMERAL_QA,EXCLUDE,,Rendered page/QA-only intermediate; reproducible from source document.,OK
janus_n15_targeted_revision/render_v5/page-9.png,page-9.png,.png,615123,1e1f32119654e0d15f8764b946b37edb06e0988e281578bcf4384c0cb321913d,DUP-0102,True,EPHEMERAL_QA,EXCLUDE,,Rendered page/QA-only intermediate; reproducible from source document.,OK
janus_n15_targeted_revision/run_short_closure.py,run_short_closure.py,.py,4460,32363278a6cc8aeccf45c14b780c4891981ab669b25d8bd4a9acdf369a83c5cb,,True,SUPPORTING,KEEP,research-os/janus_n15_targeted_revision/run_short_closure.py,"Research OS evidence, code, data, audit, or provenance artifact.",OK
janus_n15_targeted_revision/si_layout.txt,si_layout.txt,.txt,32078,10641f96c67e2c9b762fa52eb492f4f17e2e332f9045bc71a3cbbb1990363bf6,,True,SUPPORTING,KEEP,research-os/janus_n15_targeted_revision/si_layout.txt,"Research OS evidence, code, data, audit, or provenance artifact.",OK
janus_n15_targeted_revision/si_layout_p1.txt,si_layout_p1.txt,.txt,6580,3258e21616c14b5c3e51f4dff5e6911532c50490b0cd5667c5396f9ff48b8961,,True,SUPPORTING,KEEP,research-os/janus_n15_targeted_revision/si_layout_p1.txt,"Research OS evidence, code, data, audit, or provenance artifact.",OK
janus_n15_targeted_revision/si_layout_p2.txt,si_layout_p2.txt,.txt,7465,767357bf2bb09c50cea745b2320b7210968a3e42aa192c803443907bd2fff27d,,True,SUPPORTING,KEEP,research-os/janus_n15_targeted_revision/si_layout_p2.txt,"Research OS evidence, code, data, audit, or provenance artifact.",OK
janus_n15_targeted_revision/si_layout_p3.txt,si_layout_p3.txt,.txt,6971,d7ca7fb3c471295efc0530fda87051e6da28d736b936e13473f09fdfc92c1c50,,True,SUPPORTING,KEEP,research-os/janus_n15_targeted_revision/si_layout_p3.txt,"Research OS evidence, code, data, audit, or provenance artifact.",OK
janus_n15_targeted_revision/si_layout_p4.txt,si_layout_p4.txt,.txt,6863,cdd1e3b7a4507ebcd24de4fa09f2874db5834485e92c0833f408f96a5cdf840a,,True,SUPPORTING,KEEP,research-os/janus_n15_targeted_revision/si_layout_p4.txt,"Research OS evidence, code, data, audit, or provenance artifact.",OK
janus_n15_targeted_revision/si_layout_p5.txt,si_layout_p5.txt,.txt,4194,98f0e5a9a1c3d5dd7cd848d58305a990ae47df9181c4e0ae301441eccc9c6cd6,,True,SUPPORTING,KEEP,research-os/janus_n15_targeted_revision/si_layout_p5.txt,"Research OS evidence, code, data, audit, or provenance artifact.",OK
janus_n17_repro_release/Janus_MoSSe_Current_ReproducibilityRelease_v2/ENVIRONMENT.md,ENVIRONMENT.md,.md,517,11879bf9bed82c5a7ca7e80b5868f9f62aacdf24438292b41e9b31446b116942,DUP-0056,True,SUPPORTING,KEEP,reproducibility/Janus_MoSSe_Current_ReproducibilityRelease_v2/ENVIRONMENT.md,"Research OS evidence, code, data, audit, or provenance artifact.",OK
janus_n17_repro_release/Janus_MoSSe_Current_ReproducibilityRelease_v2/README.md,README.md,.md,1526,379f04b29da8c6e4e486890185cb357dcb09bb30e7cdd9494ab9a4b4748cc452,DUP-0197,True,SUPPORTING,KEEP,reproducibility/Janus_MoSSe_Current_ReproducibilityRelease_v2/README.md,"Research OS evidence, code, data, audit, or provenance artifact.",OK
janus_n17_repro_release/Janus_MoSSe_Current_ReproducibilityRelease_v2/RUNNING_AUDITS.md,RUNNING_AUDITS.md,.md,550,86f38cbec12e0c34b9638525ba189ec82a16647879ee41746c99d122ac459d04,DUP-0470,True,SUPPORTING,KEEP,reproducibility/Janus_MoSSe_Current_ReproducibilityRelease_v2/RUNNING_AUDITS.md,"Research OS evidence, code, data, audit, or provenance artifact.",OK
janus_n17_repro_release/Janus_MoSSe_Current_ReproducibilityRelease_v2/SHA256SUMS.txt,SHA256SUMS.txt,.txt,13006,99a0b783221b0024790844cbcc7dfee783a56ef205d23ce1ac66dba004634748,DUP-0528,True,SUPPORTING,KEEP,reproducibility/Janus_MoSSe_Current_ReproducibilityRelease_v2/SHA256SUMS.txt,"Research OS evidence, code, data, audit, or provenance artifact.",OK
janus_n17_repro_release/Janus_MoSSe_Current_ReproducibilityRelease_v2/audit_scripts/asymmetry_global_check.py,asymmetry_global_check.py,.py,1532,8f519e4b2fbd0dbf9d1659ba27c6d832e947a34d8c96f48cc113a3568fbf8bc1,DUP-0492,True,SUPPORTING,KEEP,reproducibility/Janus_MoSSe_Current_ReproducibilityRelease_v2/audit_scripts/asymmetry_global_check.py,"Research OS evidence, code, data, audit, or provenance artifact.",OK
janus_n17_repro_release/Janus_MoSSe_Current_ReproducibilityRelease_v2/audit_scripts/branch_audit.py,branch_audit.py,.py,4897,c29a6d2983ec9e50eb81a855018c084bc60a63cde414babffd502332aeaf7967,DUP-0661,True,SUPPORTING,KEEP,reproducibility/Janus_MoSSe_Current_ReproducibilityRelease_v2/audit_scripts/branch_audit.py,"Research OS evidence, code, data, audit, or provenance artifact.",OK
janus_n17_repro_release/Janus_MoSSe_Current_ReproducibilityRelease_v2/audit_scripts/edge_weight_ground_switch.py,edge_weight_ground_switch.py,.py,1443,1679b252671d84884a2a4a25b63b61498b62f3a7d77e05d39f456ffdbccca7bc,DUP-0074,True,SUPPORTING,KEEP,reproducibility/Janus_MoSSe_Current_ReproducibilityRelease_v2/audit_scripts/edge_weight_ground_switch.py,"Research OS evidence, code, data, audit, or provenance artifact.",OK
janus_n17_repro_release/Janus_MoSSe_Current_ReproducibilityRelease_v2/audit_scripts/edge_weight_sensitivity.py,edge_weight_sensitivity.py,.py,2567,51c683f848369352351818594b91e9bbe5fb7718d464e3bfbfbfd27d6799758d,DUP-0283,True,SUPPORTING,KEEP,reproducibility/Janus_MoSSe_Current_ReproducibilityRelease_v2/audit_scripts/edge_weight_sensitivity.py,"Research OS evidence, code, data, audit, or provenance artifact.",OK
janus_n17_repro_release/Janus_MoSSe_Current_ReproducibilityRelease_v2/audit_scripts/floquet_conditioning_audit.py,floquet_conditioning_audit.py,.py,3367,8ec21b53e8081f242ab249a5c911338055acbd766f84d69698f6507c90990d60,DUP-0488,True,SUPPORTING,KEEP,reproducibility/Janus_MoSSe_Current_ReproducibilityRelease_v2/audit_scripts/floquet_conditioning_audit.py,"Research OS evidence, code, data, audit, or provenance artifact.",OK
janus_n17_repro_release/Janus_MoSSe_Current_ReproducibilityRelease_v2/audit_scripts/make_resolved_figures.py,make_resolved_figures.py,.py,11731,4cbc229a21f49a5c947fcf2ed2cfd81ec1dbf68f8a1f9f9bdbb05f92f4e2ea53,DUP-0266,True,SUPPORTING,KEEP,reproducibility/Janus_MoSSe_Current_ReproducibilityRelease_v2/audit_scripts/make_resolved_figures.py,"Research OS evidence, code, data, audit, or provenance artifact.",OK
janus_n17_repro_release/Janus_MoSSe_Current_ReproducibilityRelease_v2/audit_scripts/matched_symmetry_audit.py,matched_symmetry_audit.py,.py,6911,f8f93a3a2aabfe771af0efaef102483ecff0de61a58ed5f0c2312b6089aa5b6b,DUP-0834,True,SUPPORTING,KEEP,reproducibility/Janus_MoSSe_Current_ReproducibilityRelease_v2/audit_scripts/matched_symmetry_audit.py,"Research OS evidence, code, data, audit, or provenance artifact.",OK
janus_n17_repro_release/Janus_MoSSe_Current_ReproducibilityRelease_v2/audit_scripts/matched_symmetry_final.py,matched_symmetry_final.py,.py,1752,8f063bb649d87dd8916ce8d84eaac5c73e65e2986456c1baca4932d0e2a3e82c,DUP-0489,True,SUPPORTING,KEEP,reproducibility/Janus_MoSSe_Current_ReproducibilityRelease_v2/audit_scripts/matched_symmetry_final.py,"Research OS evidence, code, data, audit, or provenance artifact.",OK
janus_n17_repro_release/Janus_MoSSe_Current_ReproducibilityRelease_v2/audit_scripts/resolve_branch_topology.py,resolve_branch_topology.py,.py,3644,6058c7d2b56959e98eb5b954a5ed4616f30024996e5ab963521146d6644f5fc1,DUP-0336,True,SUPPORTING,KEEP,reproducibility/Janus_MoSSe_Current_ReproducibilityRelease_v2/audit_scripts/resolve_branch_topology.py,"Research OS evidence, code, data, audit, or provenance artifact.",OK
janus_n17_repro_release/Janus_MoSSe_Current_ReproducibilityRelease_v2/audit_scripts/shape_scaling_audit.py,shape_scaling_audit.py,.py,3338,cfde0bcd4a006e03c37608d19035ac95320299a88136c00c7c368b8d77a5ee1c,DUP-0710,True,SUPPORTING,KEEP,reproducibility/Janus_MoSSe_Current_ReproducibilityRelease_v2/audit_scripts/shape_scaling_audit.py,"Research OS evidence, code, data, audit, or provenance artifact.",OK
janus_n17_repro_release/Janus_MoSSe_Current_ReproducibilityRelease_v2/audit_scripts/thermal_cluster_audit.py,thermal_cluster_audit.py,.py,7232,8eac340b189490c273d3211664608eef4bec8aa1fe5d80d13e4a69660e636470,DUP-0487,True,SUPPORTING,KEEP,reproducibility/Janus_MoSSe_Current_ReproducibilityRelease_v2/audit_scripts/thermal_cluster_audit.py,"Research OS evidence, code, data, audit, or provenance artifact.",OK
janus_n17_repro_release/Janus_MoSSe_Current_ReproducibilityRelease_v2/audit_scripts/triangle_branch_audit.py,triangle_branch_audit.py,.py,3204,769d45772e8188e3eba280e222b785a0c1445b8a1b3e7a66d556841fb69a8ae6,DUP-0413,True,SUPPORTING,KEEP,reproducibility/Janus_MoSSe_Current_ReproducibilityRelease_v2/audit_scripts/triangle_branch_audit.py,"Research OS evidence, code, data, audit, or provenance artifact.",OK
janus_n17_repro_release/Janus_MoSSe_Current_ReproducibilityRelease_v2/audit_scripts/triangle_ground_switch.py,triangle_ground_switch.py,.py,2775,c3211a2020414a0984c2dd642ad09367cb803e91c3165ba771f134565fe9423c,DUP-0664,True,SUPPORTING,KEEP,reproducibility/Janus_MoSSe_Current_ReproducibilityRelease_v2/audit_scripts/triangle_ground_switch.py,"Research OS evidence, code, data, audit, or provenance artifact.",OK
janus_n17_repro_release/Janus_MoSSe_Current_ReproducibilityRelease_v2/audit_scripts/vector_mode_map.py,vector_mode_map.py,.py,3067,43c8229a9b1edd499f89686b306cecfcbea5e949e4d396ced24247476a4dd9ec,DUP-0231,True,SUPPORTING,KEEP,reproducibility/Janus_MoSSe_Current_ReproducibilityRelease_v2/audit_scripts/vector_mode_map.py,"Research OS evidence, code, data, audit, or provenance artifact.",OK
janus_n17_repro_release/Janus_MoSSe_Current_ReproducibilityRelease_v2/config/canonical_unguided.json,canonical_unguided.json,.json,2234,7360c00cf0f60c3a800dbc74629dd811a2335109dc804980f35556430423e2be,DUP-0402,True,SUPPORTING,KEEP,reproducibility/Janus_MoSSe_Current_ReproducibilityRelease_v2/config/canonical_unguided.json,"Research OS evidence, code, data, audit, or provenance artifact.",OK
janus_n17_repro_release/Janus_MoSSe_Current_ReproducibilityRelease_v2/config/production.json,production.json,.json,3319,655c8eeef01037846dead3fe33349fe9314ef5f9c035596e7c71100876256239,DUP-0356,True,LEGACY,ARCHIVE,reproducibility/Janus_MoSSe_Current_ReproducibilityRelease_v2/config/production.json,"Superseded draft/config/output retained for provenance, not current authority.",OK
janus_n17_repro_release/Janus_MoSSe_Current_ReproducibilityRelease_v2/data/canonical/CANONICAL_BASELINE_DEPENDENCY.csv,CANONICAL_BASELINE_DEPENDENCY.csv,.csv,1755,3921a9facbecb0f198c14b0fa559fa338f2fe41c76e0353a18dd51dba5308632,DUP-0200,True,SUPPORTING,KEEP,reproducibility/Janus_MoSSe_Current_ReproducibilityRelease_v2/data/canonical/CANONICAL_BASELINE_DEPENDENCY.csv,"Research OS evidence, code, data, audit, or provenance artifact.",OK
janus_n17_repro_release/Janus_MoSSe_Current_ReproducibilityRelease_v2/data/canonical/asymmetry_global_check.csv,asymmetry_global_check.csv,.csv,708,63ab8ddda974801d45062cb1772d10bddd2d03d5c09a2563ea904edd855b10e3,DUP-0348,True,SUPPORTING,KEEP,reproducibility/Janus_MoSSe_Current_ReproducibilityRelease_v2/data/canonical/asymmetry_global_check.csv,"Research OS evidence, code, data, audit, or provenance artifact.",OK
janus_n17_repro_release/Janus_MoSSe_Current_ReproducibilityRelease_v2/data/canonical/baseline_shape_branch_connectivity.csv,baseline_shape_branch_connectivity.csv,.csv,24171,c254d5a74f03cbdef7f09a4c64011348db06274f9bdf408b1fd2765dd0449ab6,DUP-0660,True,SUPPORTING,KEEP,reproducibility/Janus_MoSSe_Current_ReproducibilityRelease_v2/data/canonical/baseline_shape_branch_connectivity.csv,"Research OS evidence, code, data, audit, or provenance artifact.",OK
janus_n17_repro_release/Janus_MoSSe_Current_ReproducibilityRelease_v2/data/canonical/baseline_shape_prepared_endpoint_check.csv,baseline_shape_prepared_endpoint_check.csv,.csv,4901,a5e11bc3971114368b191b8fdfe49cdcb652875268449c84a984e26b551173e4,DUP-0567,True,SUPPORTING,KEEP,reproducibility/Janus_MoSSe_Current_ReproducibilityRelease_v2/data/canonical/baseline_shape_prepared_endpoint_check.csv,"Research OS evidence, code, data, audit, or provenance artifact.",OK
janus_n17_repro_release/Janus_MoSSe_Current_ReproducibilityRelease_v2/data/canonical/baseline_triangle_stationary_check.csv,baseline_triangle_stationary_check.csv,.csv,1385,ad0b14d854265ac7a0d390b2759509357537ad661035ebbe4abe79e8b17669e4,DUP-0590,True,SUPPORTING,KEEP,reproducibility/Janus_MoSSe_Current_ReproducibilityRelease_v2/data/canonical/baseline_triangle_stationary_check.csv,"Research OS evidence, code, data, audit, or provenance artifact.",OK
janus_n17_repro_release/Janus_MoSSe_Current_ReproducibilityRelease_v2/data/canonical/branch_family_continuation.csv,branch_family_continuation.csv,.csv,9659,02415c64857c93945889fff43a78f678ae2a8aaadd4fe8100a23d637fbb59764,DUP-0008,True,SUPPORTING,KEEP,reproducibility/Janus_MoSSe_Current_ReproducibilityRelease_v2/data/canonical/branch_family_continuation.csv,"Research OS evidence, code, data, audit, or provenance artifact.",OK
janus_n17_repro_release/Janus_MoSSe_Current_ReproducibilityRelease_v2/data/canonical/branch_family_summary.csv,branch_family_summary.csv,.csv,2573,0871709658d8ca369dd21a0584bf590c1cf2a8e2efc260f80b244255602d7d6d,DUP-0028,True,SUPPORTING,KEEP,reproducibility/Janus_MoSSe_Current_ReproducibilityRelease_v2/data/canonical/branch_family_summary.csv,"Research OS evidence, code, data, audit, or provenance artifact.",OK
janus_n17_repro_release/Janus_MoSSe_Current_ReproducibilityRelease_v2/data/canonical/branch_followed_thresholds.csv,branch_followed_thresholds.csv,.csv,1756,80207e27baa7feb317dd95891d99435d2a57a7bd5a737eeb7e5a0d2c4d292603,DUP-0443,True,SUPPORTING,KEEP,reproducibility/Janus_MoSSe_Current_ReproducibilityRelease_v2/data/canonical/branch_followed_thresholds.csv,"Research OS evidence, code, data, audit, or provenance artifact.",OK
janus_n17_repro_release/Janus_MoSSe_Current_ReproducibilityRelease_v2/data/canonical/edge_weight_ground_switch.csv,edge_weight_ground_switch.csv,.csv,334,f3a8d30d4a46550eae49d4056d2795875430d6803f76a1742eee90d151e0070a,DUP-0822,True,SUPPORTING,KEEP,reproducibility/Janus_MoSSe_Current_ReproducibilityRelease_v2/data/canonical/edge_weight_ground_switch.csv,"Research OS evidence, code, data, audit, or provenance artifact.",OK
janus_n17_repro_release/Janus_MoSSe_Current_ReproducibilityRelease_v2/data/canonical/floquet_conditioning_check.csv,floquet_conditioning_check.csv,.csv,560,2d9ea344f79c7a3b7f8b1ee23477311a1dee0c59eb42915220b72afb898d214d,DUP-0155,True,SUPPORTING,KEEP,reproducibility/Janus_MoSSe_Current_ReproducibilityRelease_v2/data/canonical/floquet_conditioning_check.csv,"Research OS evidence, code, data, audit, or provenance artifact.",OK
janus_n17_repro_release/Janus_MoSSe_Current_ReproducibilityRelease_v2/data/canonical/free_cusp_like_point.csv,free_cusp_like_point.csv,.csv,301,5e67c8c59e9d883997f506aa67bc2fa9353d984355cd8b7e6bde81c1655dd33e,DUP-0325,True,SUPPORTING,KEEP,reproducibility/Janus_MoSSe_Current_ReproducibilityRelease_v2/data/canonical/free_cusp_like_point.csv,"Research OS evidence, code, data, audit, or provenance artifact.",OK
janus_n17_repro_release/Janus_MoSSe_Current_ReproducibilityRelease_v2/data/canonical/free_fold_nondegeneracy.csv,free_fold_nondegeneracy.csv,.csv,118445,7b3a007338abbe2aca3cf8b482c056a4a48f09b8404ee03407fc4f0750e83607,DUP-0424,True,SUPPORTING,KEEP,reproducibility/Janus_MoSSe_Current_ReproducibilityRelease_v2/data/canonical/free_fold_nondegeneracy.csv,"Research OS evidence, code, data, audit, or provenance artifact.",OK
janus_n17_repro_release/Janus_MoSSe_Current_ReproducibilityRelease_v2/data/canonical/highT_dt_pairwise_z.csv,highT_dt_pairwise_z.csv,.csv,496,98bc5249229ea0d33c5929ad7a274742c98c325ac966ad3dc37c47301a27adc9,DUP-0519,True,SUPPORTING,KEEP,reproducibility/Janus_MoSSe_Current_ReproducibilityRelease_v2/data/canonical/highT_dt_pairwise_z.csv,"Research OS evidence, code, data, audit, or provenance artifact.",OK
janus_n17_repro_release/Janus_MoSSe_Current_ReproducibilityRelease_v2/data/canonical/initial_state_memory_loss.csv,initial_state_memory_loss.csv,.csv,1415,c92faf5a93f099c5bd692b0a8957e93d9e5083641793af09f3822feb985b78a2,DUP-0686,True,SUPPORTING,KEEP,reproducibility/Janus_MoSSe_Current_ReproducibilityRelease_v2/data/canonical/initial_state_memory_loss.csv,"Research OS evidence, code, data, audit, or provenance artifact.",OK
janus_n17_repro_release/Janus_MoSSe_Current_ReproducibilityRelease_v2/data/canonical/late_block_drift_two_seed.csv,late_block_drift_two_seed.csv,.csv,3675,e86bbbd0e479ea2d3e597dfab22ff320f8bd03c40ffec7c39bced3a6d88968d7,DUP-0786,True,SUPPORTING,KEEP,reproducibility/Janus_MoSSe_Current_ReproducibilityRelease_v2/data/canonical/late_block_drift_two_seed.csv,"Research OS evidence, code, data, audit, or provenance artifact.",OK
janus_n17_repro_release/Janus_MoSSe_Current_ReproducibilityRelease_v2/data/canonical/matched_symmetry_final.csv,matched_symmetry_final.csv,.csv,1660,2aef9c57787f0aa0eee6848de1fdcc3223fb6161ea588c93aed6c5c5c54c5313,DUP-0145,True,SUPPORTING,KEEP,reproducibility/Janus_MoSSe_Current_ReproducibilityRelease_v2/data/canonical/matched_symmetry_final.csv,"Research OS evidence, code, data, audit, or provenance artifact.",OK
janus_n17_repro_release/Janus_MoSSe_Current_ReproducibilityRelease_v2/data/canonical/matched_symmetry_final_contracts.csv,matched_symmetry_final_contracts.csv,.csv,280,e7d84591f0b92febcb6bcd45980b6b6684cf47c48da5b8d6a967091e4c6c4169,DUP-0784,True,SUPPORTING,KEEP,reproducibility/Janus_MoSSe_Current_ReproducibilityRelease_v2/data/canonical/matched_symmetry_final_contracts.csv,"Research OS evidence, code, data, audit, or provenance artifact.",OK
janus_n17_repro_release/Janus_MoSSe_Current_ReproducibilityRelease_v2/data/canonical/measurement_length_sensitivity.csv,measurement_length_sensitivity.csv,.csv,8344,76bfc9c0790f77b5f1a5598b025ca0939f891b9cc4ed1abd30f6d261684eee90,DUP-0414,True,SUPPORTING,KEEP,reproducibility/Janus_MoSSe_Current_ReproducibilityRelease_v2/data/canonical/measurement_length_sensitivity.csv,"Research OS evidence, code, data, audit, or provenance artifact.",OK
janus_n17_repro_release/Janus_MoSSe_Current_ReproducibilityRelease_v2/data/canonical/redteam_force_direction_scan.csv,redteam_force_direction_scan.csv,.csv,1923,fb274bbb7efcd99ed9f629155f94c4c711af0b41640ba383f8f1fbba02c2d9f9,DUP-0840,True,SUPPORTING,KEEP,reproducibility/Janus_MoSSe_Current_ReproducibilityRelease_v2/data/canonical/redteam_force_direction_scan.csv,"Research OS evidence, code, data, audit, or provenance artifact.",OK
janus_n17_repro_release/Janus_MoSSe_Current_ReproducibilityRelease_v2/data/canonical/redteam_gamma_sweep.csv,redteam_gamma_sweep.csv,.csv,951,38eafdfd2d2d035faed0f7f815f5aaca87e64fca8fdfb302ae18b593eb2bc900,DUP-0199,True,SUPPORTING,KEEP,reproducibility/Janus_MoSSe_Current_ReproducibilityRelease_v2/data/canonical/redteam_gamma_sweep.csv,"Research OS evidence, code, data, audit, or provenance artifact.",OK
janus_n17_repro_release/Janus_MoSSe_Current_ReproducibilityRelease_v2/data/canonical/redteam_gsfe_parameter_sensitivity.csv,redteam_gsfe_parameter_sensitivity.csv,.csv,2586,1c54e70a7cb921cdedee4b39aa5df5ffd688814fa93cee953ef9d6e050557e55,DUP-0094,True,SUPPORTING,KEEP,reproducibility/Janus_MoSSe_Current_ReproducibilityRelease_v2/data/canonical/redteam_gsfe_parameter_sensitivity.csv,"Research OS evidence, code, data, audit, or provenance artifact.",OK
janus_n17_repro_release/Janus_MoSSe_Current_ReproducibilityRelease_v2/data/canonical/redteam_phase_preparation_sweep.csv,redteam_phase_preparation_sweep.csv,.csv,17477,f36726f1e688ee58942cef301fa8dc11c9dc26c277da771546ed69521a71aa82,DUP-0819,True,SUPPORTING,KEEP,reproducibility/Janus_MoSSe_Current_ReproducibilityRelease_v2/data/canonical/redteam_phase_preparation_sweep.csv,"Research OS evidence, code, data, audit, or provenance artifact.",OK
janus_n17_repro_release/Janus_MoSSe_Current_ReproducibilityRelease_v2/data/canonical/shape_scaling_extended.csv,shape_scaling_extended.csv,.csv,6755,2deaacd57ebb582c817cd5c395f0fc6a198ce516372157933667a4cae0b4cdf0,DUP-0158,True,SUPPORTING,KEEP,reproducibility/Janus_MoSSe_Current_ReproducibilityRelease_v2/data/canonical/shape_scaling_extended.csv,"Research OS evidence, code, data, audit, or provenance artifact.",OK
janus_n17_repro_release/Janus_MoSSe_Current_ReproducibilityRelease_v2/data/canonical/shape_scaling_metrics.csv,shape_scaling_metrics.csv,.csv,1526,83810cfce0b829965ad2ef48f4cc9c250305a59decd2a75ac436acf6b4ea4b75,DUP-0460,True,SUPPORTING,KEEP,reproducibility/Janus_MoSSe_Current_ReproducibilityRelease_v2/data/canonical/shape_scaling_metrics.csv,"Research OS evidence, code, data, audit, or provenance artifact.",OK
janus_n17_repro_release/Janus_MoSSe_Current_ReproducibilityRelease_v2/data/canonical/stationary_current_two_seed_pooled.csv,stationary_current_two_seed_pooled.csv,.csv,2567,728954c7ca271e58840548bcdade21e79c1bc1956d8a36fddc45c802d42e29d9,DUP-0400,True,SUPPORTING,KEEP,reproducibility/Janus_MoSSe_Current_ReproducibilityRelease_v2/data/canonical/stationary_current_two_seed_pooled.csv,"Research OS evidence, code, data, audit, or provenance artifact.",OK
janus_n17_repro_release/Janus_MoSSe_Current_ReproducibilityRelease_v2/data/canonical/stationary_sign_target_bootstrap.csv,stationary_sign_target_bootstrap.csv,.csv,474,34e9f08eab5a519a73c4f239edc6b308a8777355ee1c3db7d8dfa550d9b6bc6e,DUP-0182,True,SUPPORTING,KEEP,reproducibility/Janus_MoSSe_Current_ReproducibilityRelease_v2/data/canonical/stationary_sign_target_bootstrap.csv,"Research OS evidence, code, data, audit, or provenance artifact.",OK
janus_n17_repro_release/Janus_MoSSe_Current_ReproducibilityRelease_v2/data/canonical/stationary_thermal_bootstrap_50k.csv,stationary_thermal_bootstrap_50k.csv,.csv,951,f08ef0ad8135ef4c6293a8561648310a0cb66650c169125be2c673093385c225,DUP-0806,True,SUPPORTING,KEEP,reproducibility/Janus_MoSSe_Current_ReproducibilityRelease_v2/data/canonical/stationary_thermal_bootstrap_50k.csv,"Research OS evidence, code, data, audit, or provenance artifact.",OK
janus_n17_repro_release/Janus_MoSSe_Current_ReproducibilityRelease_v2/data/canonical/thermal_stationary_canonical.csv,thermal_stationary_canonical.csv,.csv,3598,2467b8258a41e0e3c9d8c8a2b0fc101986dac8f523a5aa3fc0eeccf9195910f3,DUP-0124,True,SUPPORTING,KEEP,reproducibility/Janus_MoSSe_Current_ReproducibilityRelease_v2/data/canonical/thermal_stationary_canonical.csv,"Research OS evidence, code, data, audit, or provenance artifact.",OK
janus_n17_repro_release/Janus_MoSSe_Current_ReproducibilityRelease_v2/data/canonical/thermal_stationary_series_N500.csv,thermal_stationary_series_N500.csv,.csv,4230,c13fb88c3d084b86c5fac9b1c354d6edb66ef1825c4cf68e2d0ba91b6e7bd7c9,DUP-0657,True,SUPPORTING,KEEP,reproducibility/Janus_MoSSe_Current_ReproducibilityRelease_v2/data/canonical/thermal_stationary_series_N500.csv,"Research OS evidence, code, data, audit, or provenance artifact.",OK
janus_n17_repro_release/Janus_MoSSe_Current_ReproducibilityRelease_v2/data/canonical/triangle_branch_families.csv,triangle_branch_families.csv,.csv,1581,1d0ff061405bb35eb03cb4c4d82e5bf55b724d41fc82c07196f269076e536480,DUP-0098,True,SUPPORTING,KEEP,reproducibility/Janus_MoSSe_Current_ReproducibilityRelease_v2/data/canonical/triangle_branch_families.csv,"Research OS evidence, code, data, audit, or provenance artifact.",OK
janus_n17_repro_release/Janus_MoSSe_Current_ReproducibilityRelease_v2/data/canonical/triangle_ground_switch.csv,triangle_ground_switch.csv,.csv,2899,b2908ab9f20c3fffe2ef96e4d51eb8c8c758db938d60186f80380c8485393c0d,DUP-0610,True,SUPPORTING,KEEP,reproducibility/Janus_MoSSe_Current_ReproducibilityRelease_v2/data/canonical/triangle_ground_switch.csv,"Research OS evidence, code, data, audit, or provenance artifact.",OK
janus_n17_repro_release/Janus_MoSSe_Current_ReproducibilityRelease_v2/data/canonical/vector_mode_map_F0_period.csv,vector_mode_map_F0_period.csv,.csv,9433,fe9365f60cafa029fdf414cddf51ed490f7f98cd34cc2b967e706ab0c09cfcc1,DUP-0855,True,SUPPORTING,KEEP,reproducibility/Janus_MoSSe_Current_ReproducibilityRelease_v2/data/canonical/vector_mode_map_F0_period.csv,"Research OS evidence, code, data, audit, or provenance artifact.",OK
janus_n17_repro_release/Janus_MoSSe_Current_ReproducibilityRelease_v2/data/raw_thermal_stationary/cycles_T0.02_N500_C160_orbit_seed2026091900.npz,cycles_T0.02_N500_C160_orbit_seed2026091900.npz,.02_n500_c160_orbit_seed2026091900.npz,1214402,a96eac87ba714d33b79fab5310d06e81a6542551ed93feec211f43d4b42b5de5,DUP-0574,True,SUPPORTING,KEEP,reproducibility/Janus_MoSSe_Current_ReproducibilityRelease_v2/data/raw_thermal_stationary/cycles_T0.02_N500_C160_orbit_seed2026091900.npz,"Research OS evidence, code, data, audit, or provenance artifact.",OK
janus_n17_repro_release/Janus_MoSSe_Current_ReproducibilityRelease_v2/data/raw_thermal_stationary/cycles_T0.04_N500_C160_orbit_seed2026091900.npz,cycles_T0.04_N500_C160_orbit_seed2026091900.npz,.04_n500_c160_orbit_seed2026091900.npz,1224223,819cff0882443a6e8e6577b0b99bb54ce4e000a047e776f0c3d51cff59e4d92f,DUP-0450,True,SUPPORTING,KEEP,reproducibility/Janus_MoSSe_Current_ReproducibilityRelease_v2/data/raw_thermal_stationary/cycles_T0.04_N500_C160_orbit_seed2026091900.npz,"Research OS evidence, code, data, audit, or provenance artifact.",OK
janus_n17_repro_release/Janus_MoSSe_Current_ReproducibilityRelease_v2/data/raw_thermal_stationary/cycles_T0.06_N500_C160_orbit_seed2026091900.npz,cycles_T0.06_N500_C160_orbit_seed2026091900.npz,.06_n500_c160_orbit_seed2026091900.npz,1229331,8b64e74a7207a10b1588cbee6b3d1a04a70210c054e7c248a966d6176a7de3d8,DUP-0479,True,SUPPORTING,KEEP,reproducibility/Janus_MoSSe_Current_ReproducibilityRelease_v2/data/raw_thermal_stationary/cycles_T0.06_N500_C160_orbit_seed2026091900.npz,"Research OS evidence, code, data, audit, or provenance artifact.",OK
janus_n17_repro_release/Janus_MoSSe_Current_ReproducibilityRelease_v2/data/raw_thermal_stationary/cycles_T0.10_N500_C160_orbit_seed2026091900.npz,cycles_T0.10_N500_C160_orbit_seed2026091900.npz,.10_n500_c160_orbit_seed2026091900.npz,1235001,5fe48ee8eccddd9e238cc6070efadbdf7eeb03cc4a57cb0e40f3972e56a13b6c,DUP-0332,True,SUPPORTING,KEEP,reproducibility/Janus_MoSSe_Current_ReproducibilityRelease_v2/data/raw_thermal_stationary/cycles_T0.10_N500_C160_orbit_seed2026091900.npz,"Research OS evidence, code, data, audit, or provenance artifact.",OK
janus_n17_repro_release/Janus_MoSSe_Current_ReproducibilityRelease_v2/data/raw_thermal_stationary/cycles_T0.16_N500_C160_orbit_seed2026091900.npz,cycles_T0.16_N500_C160_orbit_seed2026091900.npz,.16_n500_c160_orbit_seed2026091900.npz,1239269,4eb331c36b666348f6f1d45305fcfbdcfb81aecc4daf4e2c75449b8407ece79a,DUP-0275,True,SUPPORTING,KEEP,reproducibility/Janus_MoSSe_Current_ReproducibilityRelease_v2/data/raw_thermal_stationary/cycles_T0.16_N500_C160_orbit_seed2026091900.npz,"Research OS evidence, code, data, audit, or provenance artifact.",OK
janus_n17_repro_release/Janus_MoSSe_Current_ReproducibilityRelease_v2/data/raw_thermal_stationary/cycles_T0.24_N500_C160_orbit_seed2026091900.npz,cycles_T0.24_N500_C160_orbit_seed2026091900.npz,.24_n500_c160_orbit_seed2026091900.npz,1241968,580ebcb9d5b683de81ed77851cd33e3314059fb123c556c8f8017080b0e1a270,DUP-0306,True,SUPPORTING,KEEP,reproducibility/Janus_MoSSe_Current_ReproducibilityRelease_v2/data/raw_thermal_stationary/cycles_T0.24_N500_C160_orbit_seed2026091900.npz,"Research OS evidence, code, data, audit, or provenance artifact.",OK
janus_n17_repro_release/Janus_MoSSe_Current_ReproducibilityRelease_v2/data/raw_thermal_stationary/cycles_T0.32_N500_C160_orbit_seed2026091900.npz,cycles_T0.32_N500_C160_orbit_seed2026091900.npz,.32_n500_c160_orbit_seed2026091900.npz,1242680,284062d5defea74e83058d288c719f47c20be4cf4726cc92eaf1514cce3f137c,DUP-0140,True,SUPPORTING,KEEP,reproducibility/Janus_MoSSe_Current_ReproducibilityRelease_v2/data/raw_thermal_stationary/cycles_T0.32_N500_C160_orbit_seed2026091900.npz,"Research OS evidence, code, data, audit, or provenance artifact.",OK
janus_n17_repro_release/Janus_MoSSe_Current_ReproducibilityRelease_v2/data/raw_thermal_stationary/cycles_T0.50_N500_C160_orbit_seed2026091900.npz,cycles_T0.50_N500_C160_orbit_seed2026091900.npz,.50_n500_c160_orbit_seed2026091900.npz,1242825,e119a7546ee26d0ba2eed6f2e49474e34a0d04635c5d496524e9b3b946a89376,DUP-0754,True,SUPPORTING,KEEP,reproducibility/Janus_MoSSe_Current_ReproducibilityRelease_v2/data/raw_thermal_stationary/cycles_T0.50_N500_C160_orbit_seed2026091900.npz,"Research OS evidence, code, data, audit, or provenance artifact.",OK
janus_n17_repro_release/Janus_MoSSe_Current_ReproducibilityRelease_v2/data/raw_thermal_stationary/cycles_T0.50_N500_C160_orbit_seed2026101900.npz,cycles_T0.50_N500_C160_orbit_seed2026101900.npz,.50_n500_c160_orbit_seed2026101900.npz,1242776,f784b3b6a5c3c09892129aca6ed992f5c156ad2e92dc778aadf94b1c012043d0,DUP-0830,True,SUPPORTING,KEEP,reproducibility/Janus_MoSSe_Current_ReproducibilityRelease_v2/data/raw_thermal_stationary/cycles_T0.50_N500_C160_orbit_seed2026101900.npz,"Research OS evidence, code, data, audit, or provenance artifact.",OK
janus_n17_repro_release/Janus_MoSSe_Current_ReproducibilityRelease_v2/data/raw_thermal_stationary/cycles_T0.55_N500_C160_orbit_seed2026091900.npz,cycles_T0.55_N500_C160_orbit_seed2026091900.npz,.55_n500_c160_orbit_seed2026091900.npz,1242756,9a51e07a7892d7a3e7803350176257ec803e9b9952339d3ee93691f623ed45da,DUP-0530,True,SUPPORTING,KEEP,reproducibility/Janus_MoSSe_Current_ReproducibilityRelease_v2/data/raw_thermal_stationary/cycles_T0.55_N500_C160_orbit_seed2026091900.npz,"Research OS evidence, code, data, audit, or provenance artifact.",OK
janus_n17_repro_release/Janus_MoSSe_Current_ReproducibilityRelease_v2/data/raw_thermal_stationary/cycles_T0.55_N500_C160_orbit_seed2026101900.npz,cycles_T0.55_N500_C160_orbit_seed2026101900.npz,.55_n500_c160_orbit_seed2026101900.npz,1242820,4b323320810b04b0185c9ad995be8b3069b6c52a538013097c51e5865f01778c,DUP-0258,True,SUPPORTING,KEEP,reproducibility/Janus_MoSSe_Current_ReproducibilityRelease_v2/data/raw_thermal_stationary/cycles_T0.55_N500_C160_orbit_seed2026101900.npz,"Research OS evidence, code, data, audit, or provenance artifact.",OK
janus_n17_repro_release/Janus_MoSSe_Current_ReproducibilityRelease_v2/data/raw_thermal_stationary/cycles_T0.60_N500_C160_orbit_seed2026091900.npz,cycles_T0.60_N500_C160_orbit_seed2026091900.npz,.60_n500_c160_orbit_seed2026091900.npz,1242991,628f55521a97b801b185817271dfce398a182654ec31a0773f80ed0d900f51ee,DUP-0343,True,SUPPORTING,KEEP,reproducibility/Janus_MoSSe_Current_ReproducibilityRelease_v2/data/raw_thermal_stationary/cycles_T0.60_N500_C160_orbit_seed2026091900.npz,"Research OS evidence, code, data, audit, or provenance artifact.",OK
janus_n17_repro_release/Janus_MoSSe_Current_ReproducibilityRelease_v2/data/raw_thermal_stationary/cycles_T0.60_N500_C160_orbit_seed2026101900.npz,cycles_T0.60_N500_C160_orbit_seed2026101900.npz,.60_n500_c160_orbit_seed2026101900.npz,1242761,972703a6235733491fbac1175cb0440f2db70ea89df51e3b64c8981c7c63a277,DUP-0512,True,SUPPORTING,KEEP,reproducibility/Janus_MoSSe_Current_ReproducibilityRelease_v2/data/raw_thermal_stationary/cycles_T0.60_N500_C160_orbit_seed2026101900.npz,"Research OS evidence, code, data, audit, or provenance artifact.",OK
janus_n17_repro_release/Janus_MoSSe_Current_ReproducibilityRelease_v2/data/raw_thermal_stationary/cycles_T0.65_N500_C160_orbit_seed2026091900.npz,cycles_T0.65_N500_C160_orbit_seed2026091900.npz,.65_n500_c160_orbit_seed2026091900.npz,1242749,b247e7109fe2fe08effcd6c2ff90038683e52fa80043aade89b6f3f9cb6860de,DUP-0606,True,SUPPORTING,KEEP,reproducibility/Janus_MoSSe_Current_ReproducibilityRelease_v2/data/raw_thermal_stationary/cycles_T0.65_N500_C160_orbit_seed2026091900.npz,"Research OS evidence, code, data, audit, or provenance artifact.",OK
janus_n17_repro_release/Janus_MoSSe_Current_ReproducibilityRelease_v2/data/raw_thermal_stationary/cycles_T0.65_N500_C160_orbit_seed2026101900.npz,cycles_T0.65_N500_C160_orbit_seed2026101900.npz,.65_n500_c160_orbit_seed2026101900.npz,1242712,61e19a74c56f75c6a943e754d2ceb4b470c7471cf79afab33e1bb8ce617572db,DUP-0341,True,SUPPORTING,KEEP,reproducibility/Janus_MoSSe_Current_ReproducibilityRelease_v2/data/raw_thermal_stationary/cycles_T0.65_N500_C160_orbit_seed2026101900.npz,"Research OS evidence, code, data, audit, or provenance artifact.",OK
janus_n17_repro_release/Janus_MoSSe_Current_ReproducibilityRelease_v2/data/raw_thermal_stationary/cycles_T0.70_N500_C160_orbit_seed2026091900.npz,cycles_T0.70_N500_C160_orbit_seed2026091900.npz,.70_n500_c160_orbit_seed2026091900.npz,1242838,826011643e691a8a4f50833753fcd079d318d7c051dcecd0626bd440032eb5e3,DUP-0455,True,SUPPORTING,KEEP,reproducibility/Janus_MoSSe_Current_ReproducibilityRelease_v2/data/raw_thermal_stationary/cycles_T0.70_N500_C160_orbit_seed2026091900.npz,"Research OS evidence, code, data, audit, or provenance artifact.",OK
janus_n17_repro_release/Janus_MoSSe_Current_ReproducibilityRelease_v2/data/raw_thermal_stationary/cycles_T0.70_N500_C160_orbit_seed2026101900.npz,cycles_T0.70_N500_C160_orbit_seed2026101900.npz,.70_n500_c160_orbit_seed2026101900.npz,1242811,7735c477c1f362248a67b1465760381697bb4498412725c6b034e7a2a83459ac,DUP-0415,True,SUPPORTING,KEEP,reproducibility/Janus_MoSSe_Current_ReproducibilityRelease_v2/data/raw_thermal_stationary/cycles_T0.70_N500_C160_orbit_seed2026101900.npz,"Research OS evidence, code, data, audit, or provenance artifact.",OK
janus_n17_repro_release/Janus_MoSSe_Current_ReproducibilityRelease_v2/data/raw_thermal_stationary/stationary_thermal_trajectory_raw.csv,stationary_thermal_trajectory_raw.csv,.csv,749736,f658d44610a06a8617ad807f8ddad30b182c043a817aedbe916e258252d62511,DUP-0827,True,SUPPORTING,KEEP,reproducibility/Janus_MoSSe_Current_ReproducibilityRelease_v2/data/raw_thermal_stationary/stationary_thermal_trajectory_raw.csv,"Research OS evidence, code, data, audit, or provenance artifact.",OK
janus_n17_repro_release/Janus_MoSSe_Current_ReproducibilityRelease_v2/figures/Figure_1_symmetry_contracts.png,Figure_1_symmetry_contracts.png,.png,432290,cc37eeb43ae16b313b8306499b42dd20e1456c2672236f73b393afb7fd2d9013,DUP-0694,True,SUPPORTING,KEEP,reproducibility/Janus_MoSSe_Current_ReproducibilityRelease_v2/figures/Figure_1_symmetry_contracts.png,"Research OS evidence, code, data, audit, or provenance artifact.",OK
janus_n17_repro_release/Janus_MoSSe_Current_ReproducibilityRelease_v2/figures/Figure_2_branch_resolved_depinning.png,Figure_2_branch_resolved_depinning.png,.png,355658,d485395e1e1cad111fefc981339d9ff973fa8ffe6251e462771d6f1696a2e2ca,DUP-0730,True,SUPPORTING,KEEP,reproducibility/Janus_MoSSe_Current_ReproducibilityRelease_v2/figures/Figure_2_branch_resolved_depinning.png,"Research OS evidence, code, data, audit, or provenance artifact.",OK
janus_n17_repro_release/Janus_MoSSe_Current_ReproducibilityRelease_v2/figures/Figure_3_extended_size_shape_similarity.png,Figure_3_extended_size_shape_similarity.png,.png,439600,cb7582900f68c199563b0c8db5beba178d71865b857970dcbbfadf50662cfc40,DUP-0692,True,SUPPORTING,KEEP,reproducibility/Janus_MoSSe_Current_ReproducibilityRelease_v2/figures/Figure_3_extended_size_shape_similarity.png,"Research OS evidence, code, data, audit, or provenance artifact.",OK
janus_n17_repro_release/Janus_MoSSe_Current_ReproducibilityRelease_v2/figures/Figure_4_boundary_registry_switching.png,Figure_4_boundary_registry_switching.png,.png,397699,71598bbe3f865cf93187ce29e1e766c8f402f88a8e4a3ab1976e0bdd39d027c9,DUP-0396,True,SUPPORTING,KEEP,reproducibility/Janus_MoSSe_Current_ReproducibilityRelease_v2/figures/Figure_4_boundary_registry_switching.png,"Research OS evidence, code, data, audit, or provenance artifact.",OK
janus_n17_repro_release/Janus_MoSSe_Current_ReproducibilityRelease_v2/figures/Figure_5_vector_mode_map_floquet.png,Figure_5_vector_mode_map_floquet.png,.png,271416,84f44d721ff39ebe33b42e94cd8ca6aa3c06938b23ddf3d0762765afe73c33ea,DUP-0464,True,SUPPORTING,KEEP,reproducibility/Janus_MoSSe_Current_ReproducibilityRelease_v2/figures/Figure_5_vector_mode_map_floquet.png,"Research OS evidence, code, data, audit, or provenance artifact.",OK
janus_n17_repro_release/Janus_MoSSe_Current_ReproducibilityRelease_v2/figures/Figure_6_thermal_stationary_hierarchy.png,Figure_6_thermal_stationary_hierarchy.png,.png,412125,2b075ece2e3cce6348026a4dd30d6b2c0ce4842104b30c9a21a0cf7511b0f94e,DUP-0146,True,SUPPORTING,KEEP,reproducibility/Janus_MoSSe_Current_ReproducibilityRelease_v2/figures/Figure_6_thermal_stationary_hierarchy.png,"Research OS evidence, code, data, audit, or provenance artifact.",OK
janus_n17_repro_release/Janus_MoSSe_Current_ReproducibilityRelease_v2/manuscript/Janus_MoSSe_Current_Manuscript.docx,Janus_MoSSe_Current_Manuscript.docx,.docx,3854416,25f50c5ad8f057f0df4e23f8950f58966bfbba726442a2f41a72fbdb0148c80b,DUP-0133,True,SUPPORTING,KEEP,reproducibility/Janus_MoSSe_Current_ReproducibilityRelease_v2/manuscript/Janus_MoSSe_Current_Manuscript.docx,"Research OS evidence, code, data, audit, or provenance artifact.",OK
janus_n17_repro_release/Janus_MoSSe_Current_ReproducibilityRelease_v2/manuscript/Janus_MoSSe_Current_SupplementaryInformation.docx,Janus_MoSSe_Current_SupplementaryInformation.docx,.docx,50606,04a5753b71bad758080496410969da740673a50b442fb50ed268a9257ad52f91,DUP-0013,False,EXACT_DUPLICATE,EXCLUDE,,Exact SHA-256 duplicate; keep preferred copy in DUP-0013.,OK
janus_n17_repro_release/Janus_MoSSe_Current_ReproducibilityRelease_v2/provenance_scripts/asymmetry_global_check.py,asymmetry_global_check.py,.py,1508,8d5a96342dbc9d89951255c7aab6a841c8ccebe5a5fde9645ebc8255b7e06f25,DUP-0482,True,SUPPORTING,KEEP,reproducibility/Janus_MoSSe_Current_ReproducibilityRelease_v2/provenance_scripts/asymmetry_global_check.py,"Research OS evidence, code, data, audit, or provenance artifact.",OK
janus_n17_repro_release/Janus_MoSSe_Current_ReproducibilityRelease_v2/provenance_scripts/branch_audit.py,branch_audit.py,.py,4884,8fb18cbf9daedc3f2214e06beb55792081a7d3cafec566118681cc163a4e203e,DUP-0493,True,SUPPORTING,KEEP,reproducibility/Janus_MoSSe_Current_ReproducibilityRelease_v2/provenance_scripts/branch_audit.py,"Research OS evidence, code, data, audit, or provenance artifact.",OK
janus_n17_repro_release/Janus_MoSSe_Current_ReproducibilityRelease_v2/provenance_scripts/edge_weight_ground_switch.py,edge_weight_ground_switch.py,.py,1419,7176e83e7df49f3a2af1f0d53ddb44385f4a6d7ff3ff510eb6dd308aaab4d116,DUP-0397,True,SUPPORTING,KEEP,reproducibility/Janus_MoSSe_Current_ReproducibilityRelease_v2/provenance_scripts/edge_weight_ground_switch.py,"Research OS evidence, code, data, audit, or provenance artifact.",OK
janus_n17_repro_release/Janus_MoSSe_Current_ReproducibilityRelease_v2/provenance_scripts/edge_weight_sensitivity.py,edge_weight_sensitivity.py,.py,2596,ce8b8b7a68e882a9e961a4ba2bbce2799e5031451d3224085a8254d2f66f1f6f,DUP-0705,True,SUPPORTING,KEEP,reproducibility/Janus_MoSSe_Current_ReproducibilityRelease_v2/provenance_scripts/edge_weight_sensitivity.py,"Research OS evidence, code, data, audit, or provenance artifact.",OK
janus_n17_repro_release/Janus_MoSSe_Current_ReproducibilityRelease_v2/provenance_scripts/floquet_conditioning_audit.py,floquet_conditioning_audit.py,.py,3343,c91aa58aa940538cd96684d3d26d8226f6b7ff9437aeb1123c0fd1f41625e374,DUP-0685,True,SUPPORTING,KEEP,reproducibility/Janus_MoSSe_Current_ReproducibilityRelease_v2/provenance_scripts/floquet_conditioning_audit.py,"Research OS evidence, code, data, audit, or provenance artifact.",OK
janus_n17_repro_release/Janus_MoSSe_Current_ReproducibilityRelease_v2/provenance_scripts/make_resolved_figures.py,make_resolved_figures.py,.py,11587,a8f74a787b0af005f814cf1222b15ab04d15df072db0fadd88ceaea23c311db2,DUP-0573,True,SUPPORTING,KEEP,reproducibility/Janus_MoSSe_Current_ReproducibilityRelease_v2/provenance_scripts/make_resolved_figures.py,"Research OS evidence, code, data, audit, or provenance artifact.",OK
janus_n17_repro_release/Janus_MoSSe_Current_ReproducibilityRelease_v2/provenance_scripts/matched_symmetry_audit.py,matched_symmetry_audit.py,.py,6873,3ef780dbd6dfa7d788e98a30dc986d6e73998cf69448fcc812849ed5c3110be4,DUP-0219,True,SUPPORTING,KEEP,reproducibility/Janus_MoSSe_Current_ReproducibilityRelease_v2/provenance_scripts/matched_symmetry_audit.py,"Research OS evidence, code, data, audit, or provenance artifact.",OK
janus_n17_repro_release/Janus_MoSSe_Current_ReproducibilityRelease_v2/provenance_scripts/matched_symmetry_final.py,matched_symmetry_final.py,.py,1641,ffac41fcfaa977a47f39a3201bb079038a05c05df005f9e44d8c0605686a6d0c,DUP-0860,True,SUPPORTING,KEEP,reproducibility/Janus_MoSSe_Current_ReproducibilityRelease_v2/provenance_scripts/matched_symmetry_final.py,"Research OS evidence, code, data, audit, or provenance artifact.",OK
janus_n17_repro_release/Janus_MoSSe_Current_ReproducibilityRelease_v2/provenance_scripts/resolve_branch_topology.py,resolve_branch_topology.py,.py,3606,550333a1ea3842e63a87d2750450a6bbb9d5d8aa9b58ec819359a955de9b14e9,DUP-0292,True,SUPPORTING,KEEP,reproducibility/Janus_MoSSe_Current_ReproducibilityRelease_v2/provenance_scripts/resolve_branch_topology.py,"Research OS evidence, code, data, audit, or provenance artifact.",OK
janus_n17_repro_release/Janus_MoSSe_Current_ReproducibilityRelease_v2/provenance_scripts/shape_scaling_audit.py,shape_scaling_audit.py,.py,3300,79757a4815644d7ff67824595611db079d76f1d516fb50542b1c8111d19f6a21,DUP-0422,True,SUPPORTING,KEEP,reproducibility/Janus_MoSSe_Current_ReproducibilityRelease_v2/provenance_scripts/shape_scaling_audit.py,"Research OS evidence, code, data, audit, or provenance artifact.",OK
janus_n17_repro_release/Janus_MoSSe_Current_ReproducibilityRelease_v2/provenance_scripts/thermal_cluster_audit.py,thermal_cluster_audit.py,.py,7162,1813606a131d67f182a7f39935642c9b2e628d3648320dc592626eed89e00d01,DUP-0079,True,SUPPORTING,KEEP,reproducibility/Janus_MoSSe_Current_ReproducibilityRelease_v2/provenance_scripts/thermal_cluster_audit.py,"Research OS evidence, code, data, audit, or provenance artifact.",OK
janus_n17_repro_release/Janus_MoSSe_Current_ReproducibilityRelease_v2/provenance_scripts/thermal_stationarity_analysis_provenance.py,thermal_stationarity_analysis_provenance.py,.py,2462,7d121ae4c0d8d33566b41b572a1b415371ec69ea78960ab8fa9878a6aa4e7962,DUP-0431,True,SUPPORTING,KEEP,reproducibility/Janus_MoSSe_Current_ReproducibilityRelease_v2/provenance_scripts/thermal_stationarity_analysis_provenance.py,"Research OS evidence, code, data, audit, or provenance artifact.",OK
janus_n17_repro_release/Janus_MoSSe_Current_ReproducibilityRelease_v2/provenance_scripts/thermal_stationarity_sim_provenance.py,thermal_stationarity_sim_provenance.py,.py,3660,c19d1798c42ad32c17474519613f726ee8f50bd71948edf95d33194665efc8b9,DUP-0658,True,SUPPORTING,KEEP,reproducibility/Janus_MoSSe_Current_ReproducibilityRelease_v2/provenance_scripts/thermal_stationarity_sim_provenance.py,"Research OS evidence, code, data, audit, or provenance artifact.",OK
janus_n17_repro_release/Janus_MoSSe_Current_ReproducibilityRelease_v2/provenance_scripts/triangle_branch_audit.py,triangle_branch_audit.py,.py,3180,9bbdafc7f55490a1bf34328d1fe38d168f70837a31610a201d507a454cec1725,DUP-0534,True,SUPPORTING,KEEP,reproducibility/Janus_MoSSe_Current_ReproducibilityRelease_v2/provenance_scripts/triangle_branch_audit.py,"Research OS evidence, code, data, audit, or provenance artifact.",OK
janus_n17_repro_release/Janus_MoSSe_Current_ReproducibilityRelease_v2/provenance_scripts/triangle_ground_switch.py,triangle_ground_switch.py,.py,2751,9f336c5d16c29cde253d49e3a3712c051aba03ad0909347cd5b65691e7865e74,DUP-0544,True,SUPPORTING,KEEP,reproducibility/Janus_MoSSe_Current_ReproducibilityRelease_v2/provenance_scripts/triangle_ground_switch.py,"Research OS evidence, code, data, audit, or provenance artifact.",OK
janus_n17_repro_release/Janus_MoSSe_Current_ReproducibilityRelease_v2/provenance_scripts/vector_mode_map.py,vector_mode_map.py,.py,3043,5593ccf03a3ef70d26e40a74d037e4dd97c12139bb454ad44d1f08fc4359a335,DUP-0296,True,SUPPORTING,KEEP,reproducibility/Janus_MoSSe_Current_ReproducibilityRelease_v2/provenance_scripts/vector_mode_map.py,"Research OS evidence, code, data, audit, or provenance artifact.",OK
janus_n17_repro_release/Janus_MoSSe_Current_ReproducibilityRelease_v2/recompute_stationary_thermal.py,recompute_stationary_thermal.py,.py,878,3d12fce9718f47cc3e70ee81574b7e814d2c982cddc490c6fff5006a9731aba6,DUP-0211,True,SUPPORTING,KEEP,reproducibility/Janus_MoSSe_Current_ReproducibilityRelease_v2/recompute_stationary_thermal.py,"Research OS evidence, code, data, audit, or provenance artifact.",OK
janus_n17_repro_release/Janus_MoSSe_Current_ReproducibilityRelease_v2/reports/AUDIT_RESOLUTION_REPORT.md,AUDIT_RESOLUTION_REPORT.md,.md,861,5fe5b1423565417de70c87f094c0993c46d205482a4b0a3e685206208cf745d1,DUP-0333,True,SUPPORTING,KEEP,reproducibility/Janus_MoSSe_Current_ReproducibilityRelease_v2/reports/AUDIT_RESOLUTION_REPORT.md,"Research OS evidence, code, data, audit, or provenance artifact.",OK
janus_n17_repro_release/Janus_MoSSe_Current_ReproducibilityRelease_v2/reports/CANONICAL_BASELINE_REPORT.md,CANONICAL_BASELINE_REPORT.md,.md,5672,054d383db6ce999c1c443e033cdc867297edf9f427f40292d0b01951bf115d5e,DUP-0018,True,SUPPORTING,KEEP,reproducibility/Janus_MoSSe_Current_ReproducibilityRelease_v2/reports/CANONICAL_BASELINE_REPORT.md,"Research OS evidence, code, data, audit, or provenance artifact.",OK
janus_n17_repro_release/Janus_MoSSe_Current_ReproducibilityRelease_v2/requirements.txt,requirements.txt,.txt,74,463b51d2d4f031011d652b9af93e6427c081d78254e200a28edeff1f967773f0,DUP-0243,True,SUPPORTING,KEEP,reproducibility/Janus_MoSSe_Current_ReproducibilityRelease_v2/requirements.txt,"Research OS evidence, code, data, audit, or provenance artifact.",OK
janus_n17_repro_release/Janus_MoSSe_Current_ReproducibilityRelease_v2/source/__pycache__/dft_guided_material_v12.cpython-313.pyc,dft_guided_material_v12.cpython-313.pyc,.cpython-313.pyc,20836,4a661f504711af7b318c9b381207fccc0052a01ab94760526986e7eadbe82f6b,DUP-0254,True,EPHEMERAL_QA,EXCLUDE,,Rendered page/QA-only intermediate; reproducible from source document.,OK
janus_n17_repro_release/Janus_MoSSe_Current_ReproducibilityRelease_v2/source/__pycache__/janus_fourier_landscapes_v12.cpython-313.pyc,janus_fourier_landscapes_v12.cpython-313.pyc,.cpython-313.pyc,12364,9e9f06d235768820635cae6490905cb560a8e1fd55c9c4992832ad6abdeb59c4,DUP-0539,True,EPHEMERAL_QA,EXCLUDE,,Rendered page/QA-only intermediate; reproducible from source document.,OK
janus_n17_repro_release/Janus_MoSSe_Current_ReproducibilityRelease_v2/source/__pycache__/new_physics_v18.cpython-313.pyc,new_physics_v18.cpython-313.pyc,.cpython-313.pyc,34065,d47dc9e583b24aa76c94d2293cd04505fea3072fcc76bb0cb6e5b32c558e8fec,DUP-0729,True,EPHEMERAL_QA,EXCLUDE,,Rendered page/QA-only intermediate; reproducible from source document.,OK
janus_n17_repro_release/Janus_MoSSe_Current_ReproducibilityRelease_v2/source/canonical_analysis_v17.py,canonical_analysis_v17.py,.py,21837,01627a2ee2cd29ba8ae80ea0cf2828cd98a9162c6b332f1ffaf4a1f320d75067,DUP-0003,True,SUPPORTING,KEEP,reproducibility/Janus_MoSSe_Current_ReproducibilityRelease_v2/source/canonical_analysis_v17.py,"Research OS evidence, code, data, audit, or provenance artifact.",OK
janus_n17_repro_release/Janus_MoSSe_Current_ReproducibilityRelease_v2/source/dft_guided_material_v12.py,dft_guided_material_v12.py,.py,10403,3dbb2ef66165b519ee48de20e34ed855e319cb3877f2f5952e710adcff671356,DUP-0216,True,SUPPORTING,KEEP,reproducibility/Janus_MoSSe_Current_ReproducibilityRelease_v2/source/dft_guided_material_v12.py,"Research OS evidence, code, data, audit, or provenance artifact.",OK
janus_n17_repro_release/Janus_MoSSe_Current_ReproducibilityRelease_v2/source/janus_fourier_landscapes_v12.py,janus_fourier_landscapes_v12.py,.py,7446,f2b1ffc29da25d053fa534145d2d1896cdfb33441928d4b12a218961114942d9,DUP-0817,True,SUPPORTING,KEEP,reproducibility/Janus_MoSSe_Current_ReproducibilityRelease_v2/source/janus_fourier_landscapes_v12.py,"Research OS evidence, code, data, audit, or provenance artifact.",OK
janus_n17_repro_release/Janus_MoSSe_Current_ReproducibilityRelease_v2/source/make_figure7_v17.py,make_figure7_v17.py,.py,4240,ff6b2cbd040613f8bf8ab7e8ff0847e805d62265a1341264e25468c52011f0f5,DUP-0859,True,SUPPORTING,KEEP,reproducibility/Janus_MoSSe_Current_ReproducibilityRelease_v2/source/make_figure7_v17.py,"Research OS evidence, code, data, audit, or provenance artifact.",OK
janus_n17_repro_release/Janus_MoSSe_Current_ReproducibilityRelease_v2/source/make_figure8_v17.py,make_figure8_v17.py,.py,5501,0e5d2eb929e892ab8952aafe8d7d7b34ca2e77cbf7d955edf2b9f2e3037ef1c8,DUP-0048,True,SUPPORTING,KEEP,reproducibility/Janus_MoSSe_Current_ReproducibilityRelease_v2/source/make_figure8_v17.py,"Research OS evidence, code, data, audit, or provenance artifact.",OK
janus_n17_repro_release/Janus_MoSSe_Current_ReproducibilityRelease_v2/source/make_figure9_v18.py,make_figure9_v18.py,.py,3981,7247a4e5057973a73c85075ba1ac48b9b0910dd4a485f31b0ed19c9423488f17,DUP-0399,True,SUPPORTING,KEEP,reproducibility/Janus_MoSSe_Current_ReproducibilityRelease_v2/source/make_figure9_v18.py,"Research OS evidence, code, data, audit, or provenance artifact.",OK
janus_n17_repro_release/Janus_MoSSe_Current_ReproducibilityRelease_v2/source/new_physics_v18.py,new_physics_v18.py,.py,17736,88277be504516ebd14ed95273b25e894ba1a059696728616c94ad30e4b68d993,DUP-0473,True,SUPPORTING,KEEP,reproducibility/Janus_MoSSe_Current_ReproducibilityRelease_v2/source/new_physics_v18.py,"Research OS evidence, code, data, audit, or provenance artifact.",OK
janus_n17_repro_release/Janus_MoSSe_Current_ReproducibilityRelease_v2/source/run_dft_material_validation_v12.py,run_dft_material_validation_v12.py,.py,8442,51d7f4fc14d6598872f4620a3703ce50109c12b9aa9097a5d18d4a0db5b20674,DUP-0284,True,SUPPORTING,KEEP,reproducibility/Janus_MoSSe_Current_ReproducibilityRelease_v2/source/run_dft_material_validation_v12.py,"Research OS evidence, code, data, audit, or provenance artifact.",OK
janus_n17_repro_release/Janus_MoSSe_Current_ReproducibilityRelease_v2/source/validate_v12_outputs.py,validate_v12_outputs.py,.py,4461,3248297073e8618733aed92574283318eec85b71ccebd9f022c2cd341ddfc232,DUP-0169,True,SUPPORTING,KEEP,reproducibility/Janus_MoSSe_Current_ReproducibilityRelease_v2/source/validate_v12_outputs.py,"Research OS evidence, code, data, audit, or provenance artifact.",OK
janus_n17_repro_release/Janus_MoSSe_Current_ReproducibilityRelease_v2/source/validate_v17_release.py,validate_v17_release.py,.py,5099,d694af76263dd49cc778f8ec3e964efc4ea391d8b6171752861d2a34c57be70b,DUP-0733,True,SUPPORTING,KEEP,reproducibility/Janus_MoSSe_Current_ReproducibilityRelease_v2/source/validate_v17_release.py,"Research OS evidence, code, data, audit, or provenance artifact.",OK
janus_n17_repro_release/Janus_MoSSe_Current_ReproducibilityRelease_v2/source/validate_v18_release.py,validate_v18_release.py,.py,2818,99960c866b3663a49cdfd0428c5aa52d0b848d9eea49cb04e7b47a80aeff4d14,DUP-0527,True,SUPPORTING,KEEP,reproducibility/Janus_MoSSe_Current_ReproducibilityRelease_v2/source/validate_v18_release.py,"Research OS evidence, code, data, audit, or provenance artifact.",OK
janus_n17_repro_release/Janus_MoSSe_Current_ReproducibilityRelease_v2/validate_canonical_baseline.py,validate_canonical_baseline.py,.py,3023,81dee3d39f297d6444b9c7306bbd661a4de36575624f86c952e9698cebe52846,DUP-0453,True,SUPPORTING,KEEP,reproducibility/Janus_MoSSe_Current_ReproducibilityRelease_v2/validate_canonical_baseline.py,"Research OS evidence, code, data, audit, or provenance artifact.",OK
janus_n17_repro_release/Janus_MoSSe_Current_ReproducibilityRelease_v2/validate_release.py,validate_release.py,.py,5767,01b591dcad6f4e74eb78e995f051694fa02789fc5a8c329c7733ba713c4b675e,DUP-0007,True,SUPPORTING,KEEP,reproducibility/Janus_MoSSe_Current_ReproducibilityRelease_v2/validate_release.py,"Research OS evidence, code, data, audit, or provenance artifact.",OK
janus_n17_repro_release/Janus_MoSSe_Current_ReproducibilityRelease_v2.zip,Janus_MoSSe_Current_ReproducibilityRelease_v2.zip,.zip,27492335,fd2a151a9a9a39efe5a88b84eaa7173ef1097f57fe805d22d8bd5dc47cbac167,DUP-0848,False,EXACT_DUPLICATE,EXCLUDE,,Exact SHA-256 duplicate; keep preferred copy in DUP-0848.,NOTICE_GT25MB
janus_n17_repro_release/N17_CURRENT_REPRODUCIBILITY_RELEASE_REPORT.md,N17_CURRENT_REPRODUCIBILITY_RELEASE_REPORT.md,.md,1972,da911306815794274eeba9a9e9a99db525c09c018d244602fd6a7f0daec34bb9,,True,SUPPORTING,KEEP,reproducibility/N17_CURRENT_REPRODUCIBILITY_RELEASE_REPORT.md,"Research OS evidence, code, data, audit, or provenance artifact.",OK
janus_n17_repro_release/N17_GATE_SUMMARY.json,N17_GATE_SUMMARY.json,.json,296,58be541d3675f5b1c6c007f0f62828b7a737c1d1807cb89d342b647f3911ca41,,True,SUPPORTING,KEEP,reproducibility/N17_GATE_SUMMARY.json,"Research OS evidence, code, data, audit, or provenance artifact.",OK
janus_n17_repro_release/clean_recompute_stationary_thermal.csv,clean_recompute_stationary_thermal.csv,.csv,1021,14213eb745833b86204d2ccf57eaa5864c03aca84aaaebbb14f827845fc67a69,,True,SUPPORTING,KEEP,reproducibility/clean_recompute_stationary_thermal.csv,"Research OS evidence, code, data, audit, or provenance artifact.",OK
janus_n17_repro_release/clean_replay/Janus_MoSSe_Current_ReproducibilityRelease_v2/ENVIRONMENT.md,ENVIRONMENT.md,.md,517,11879bf9bed82c5a7ca7e80b5868f9f62aacdf24438292b41e9b31446b116942,DUP-0056,False,EXACT_DUPLICATE,EXCLUDE,,Exact SHA-256 duplicate; keep preferred copy in DUP-0056.,OK
janus_n17_repro_release/clean_replay/Janus_MoSSe_Current_ReproducibilityRelease_v2/README.md,README.md,.md,1526,379f04b29da8c6e4e486890185cb357dcb09bb30e7cdd9494ab9a4b4748cc452,DUP-0197,False,EXACT_DUPLICATE,EXCLUDE,,Exact SHA-256 duplicate; keep preferred copy in DUP-0197.,OK
janus_n17_repro_release/clean_replay/Janus_MoSSe_Current_ReproducibilityRelease_v2/RUNNING_AUDITS.md,RUNNING_AUDITS.md,.md,550,86f38cbec12e0c34b9638525ba189ec82a16647879ee41746c99d122ac459d04,DUP-0470,False,EXACT_DUPLICATE,EXCLUDE,,Exact SHA-256 duplicate; keep preferred copy in DUP-0470.,OK
janus_n17_repro_release/clean_replay/Janus_MoSSe_Current_ReproducibilityRelease_v2/SHA256SUMS.txt,SHA256SUMS.txt,.txt,13006,99a0b783221b0024790844cbcc7dfee783a56ef205d23ce1ac66dba004634748,DUP-0528,False,EXACT_DUPLICATE,EXCLUDE,,Exact SHA-256 duplicate; keep preferred copy in DUP-0528.,OK
janus_n17_repro_release/clean_replay/Janus_MoSSe_Current_ReproducibilityRelease_v2/audit_scripts/asymmetry_global_check.py,asymmetry_global_check.py,.py,1532,8f519e4b2fbd0dbf9d1659ba27c6d832e947a34d8c96f48cc113a3568fbf8bc1,DUP-0492,False,EXACT_DUPLICATE,EXCLUDE,,Exact SHA-256 duplicate; keep preferred copy in DUP-0492.,OK
janus_n17_repro_release/clean_replay/Janus_MoSSe_Current_ReproducibilityRelease_v2/audit_scripts/branch_audit.py,branch_audit.py,.py,4897,c29a6d2983ec9e50eb81a855018c084bc60a63cde414babffd502332aeaf7967,DUP-0661,False,EXACT_DUPLICATE,EXCLUDE,,Exact SHA-256 duplicate; keep preferred copy in DUP-0661.,OK
janus_n17_repro_release/clean_replay/Janus_MoSSe_Current_ReproducibilityRelease_v2/audit_scripts/edge_weight_ground_switch.py,edge_weight_ground_switch.py,.py,1443,1679b252671d84884a2a4a25b63b61498b62f3a7d77e05d39f456ffdbccca7bc,DUP-0074,False,EXACT_DUPLICATE,EXCLUDE,,Exact SHA-256 duplicate; keep preferred copy in DUP-0074.,OK
janus_n17_repro_release/clean_replay/Janus_MoSSe_Current_ReproducibilityRelease_v2/audit_scripts/edge_weight_sensitivity.py,edge_weight_sensitivity.py,.py,2567,51c683f848369352351818594b91e9bbe5fb7718d464e3bfbfbfd27d6799758d,DUP-0283,False,EXACT_DUPLICATE,EXCLUDE,,Exact SHA-256 duplicate; keep preferred copy in DUP-0283.,OK
janus_n17_repro_release/clean_replay/Janus_MoSSe_Current_ReproducibilityRelease_v2/audit_scripts/floquet_conditioning_audit.py,floquet_conditioning_audit.py,.py,3367,8ec21b53e8081f242ab249a5c911338055acbd766f84d69698f6507c90990d60,DUP-0488,False,EXACT_DUPLICATE,EXCLUDE,,Exact SHA-256 duplicate; keep preferred copy in DUP-0488.,OK
janus_n17_repro_release/clean_replay/Janus_MoSSe_Current_ReproducibilityRelease_v2/audit_scripts/make_resolved_figures.py,make_resolved_figures.py,.py,11731,4cbc229a21f49a5c947fcf2ed2cfd81ec1dbf68f8a1f9f9bdbb05f92f4e2ea53,DUP-0266,False,EXACT_DUPLICATE,EXCLUDE,,Exact SHA-256 duplicate; keep preferred copy in DUP-0266.,OK
janus_n17_repro_release/clean_replay/Janus_MoSSe_Current_ReproducibilityRelease_v2/audit_scripts/matched_symmetry_audit.py,matched_symmetry_audit.py,.py,6911,f8f93a3a2aabfe771af0efaef102483ecff0de61a58ed5f0c2312b6089aa5b6b,DUP-0834,False,EXACT_DUPLICATE,EXCLUDE,,Exact SHA-256 duplicate; keep preferred copy in DUP-0834.,OK
janus_n17_repro_release/clean_replay/Janus_MoSSe_Current_ReproducibilityRelease_v2/audit_scripts/matched_symmetry_final.py,matched_symmetry_final.py,.py,1752,8f063bb649d87dd8916ce8d84eaac5c73e65e2986456c1baca4932d0e2a3e82c,DUP-0489,False,EXACT_DUPLICATE,EXCLUDE,,Exact SHA-256 duplicate; keep preferred copy in DUP-0489.,OK
janus_n17_repro_release/clean_replay/Janus_MoSSe_Current_ReproducibilityRelease_v2/audit_scripts/resolve_branch_topology.py,resolve_branch_topology.py,.py,3644,6058c7d2b56959e98eb5b954a5ed4616f30024996e5ab963521146d6644f5fc1,DUP-0336,False,EXACT_DUPLICATE,EXCLUDE,,Exact SHA-256 duplicate; keep preferred copy in DUP-0336.,OK
janus_n17_repro_release/clean_replay/Janus_MoSSe_Current_ReproducibilityRelease_v2/audit_scripts/shape_scaling_audit.py,shape_scaling_audit.py,.py,3338,cfde0bcd4a006e03c37608d19035ac95320299a88136c00c7c368b8d77a5ee1c,DUP-0710,False,EXACT_DUPLICATE,EXCLUDE,,Exact SHA-256 duplicate; keep preferred copy in DUP-0710.,OK
janus_n17_repro_release/clean_replay/Janus_MoSSe_Current_ReproducibilityRelease_v2/audit_scripts/thermal_cluster_audit.py,thermal_cluster_audit.py,.py,7232,8eac340b189490c273d3211664608eef4bec8aa1fe5d80d13e4a69660e636470,DUP-0487,False,EXACT_DUPLICATE,EXCLUDE,,Exact SHA-256 duplicate; keep preferred copy in DUP-0487.,OK
janus_n17_repro_release/clean_replay/Janus_MoSSe_Current_ReproducibilityRelease_v2/audit_scripts/triangle_branch_audit.py,triangle_branch_audit.py,.py,3204,769d45772e8188e3eba280e222b785a0c1445b8a1b3e7a66d556841fb69a8ae6,DUP-0413,False,EXACT_DUPLICATE,EXCLUDE,,Exact SHA-256 duplicate; keep preferred copy in DUP-0413.,OK
janus_n17_repro_release/clean_replay/Janus_MoSSe_Current_ReproducibilityRelease_v2/audit_scripts/triangle_ground_switch.py,triangle_ground_switch.py,.py,2775,c3211a2020414a0984c2dd642ad09367cb803e91c3165ba771f134565fe9423c,DUP-0664,False,EXACT_DUPLICATE,EXCLUDE,,Exact SHA-256 duplicate; keep preferred copy in DUP-0664.,OK
janus_n17_repro_release/clean_replay/Janus_MoSSe_Current_ReproducibilityRelease_v2/audit_scripts/vector_mode_map.py,vector_mode_map.py,.py,3067,43c8229a9b1edd499f89686b306cecfcbea5e949e4d396ced24247476a4dd9ec,DUP-0231,False,EXACT_DUPLICATE,EXCLUDE,,Exact SHA-256 duplicate; keep preferred copy in DUP-0231.,OK
janus_n17_repro_release/clean_replay/Janus_MoSSe_Current_ReproducibilityRelease_v2/config/canonical_unguided.json,canonical_unguided.json,.json,2234,7360c00cf0f60c3a800dbc74629dd811a2335109dc804980f35556430423e2be,DUP-0402,False,EXACT_DUPLICATE,EXCLUDE,,Exact SHA-256 duplicate; keep preferred copy in DUP-0402.,OK
janus_n17_repro_release/clean_replay/Janus_MoSSe_Current_ReproducibilityRelease_v2/config/production.json,production.json,.json,3319,655c8eeef01037846dead3fe33349fe9314ef5f9c035596e7c71100876256239,DUP-0356,False,EXACT_DUPLICATE,EXCLUDE,,Exact SHA-256 duplicate; keep preferred copy in DUP-0356.,OK
janus_n17_repro_release/clean_replay/Janus_MoSSe_Current_ReproducibilityRelease_v2/data/canonical/CANONICAL_BASELINE_DEPENDENCY.csv,CANONICAL_BASELINE_DEPENDENCY.csv,.csv,1755,3921a9facbecb0f198c14b0fa559fa338f2fe41c76e0353a18dd51dba5308632,DUP-0200,False,EXACT_DUPLICATE,EXCLUDE,,Exact SHA-256 duplicate; keep preferred copy in DUP-0200.,OK
janus_n17_repro_release/clean_replay/Janus_MoSSe_Current_ReproducibilityRelease_v2/data/canonical/asymmetry_global_check.csv,asymmetry_global_check.csv,.csv,708,63ab8ddda974801d45062cb1772d10bddd2d03d5c09a2563ea904edd855b10e3,DUP-0348,False,EXACT_DUPLICATE,EXCLUDE,,Exact SHA-256 duplicate; keep preferred copy in DUP-0348.,OK
janus_n17_repro_release/clean_replay/Janus_MoSSe_Current_ReproducibilityRelease_v2/data/canonical/baseline_shape_branch_connectivity.csv,baseline_shape_branch_connectivity.csv,.csv,24171,c254d5a74f03cbdef7f09a4c64011348db06274f9bdf408b1fd2765dd0449ab6,DUP-0660,False,EXACT_DUPLICATE,EXCLUDE,,Exact SHA-256 duplicate; keep preferred copy in DUP-0660.,OK
janus_n17_repro_release/clean_replay/Janus_MoSSe_Current_ReproducibilityRelease_v2/data/canonical/baseline_shape_prepared_endpoint_check.csv,baseline_shape_prepared_endpoint_check.csv,.csv,4901,a5e11bc3971114368b191b8fdfe49cdcb652875268449c84a984e26b551173e4,DUP-0567,False,EXACT_DUPLICATE,EXCLUDE,,Exact SHA-256 duplicate; keep preferred copy in DUP-0567.,OK
janus_n17_repro_release/clean_replay/Janus_MoSSe_Current_ReproducibilityRelease_v2/data/canonical/baseline_triangle_stationary_check.csv,baseline_triangle_stationary_check.csv,.csv,1385,ad0b14d854265ac7a0d390b2759509357537ad661035ebbe4abe79e8b17669e4,DUP-0590,False,EXACT_DUPLICATE,EXCLUDE,,Exact SHA-256 duplicate; keep preferred copy in DUP-0590.,OK
janus_n17_repro_release/clean_replay/Janus_MoSSe_Current_ReproducibilityRelease_v2/data/canonical/branch_family_continuation.csv,branch_family_continuation.csv,.csv,9659,02415c64857c93945889fff43a78f678ae2a8aaadd4fe8100a23d637fbb59764,DUP-0008,False,EXACT_DUPLICATE,EXCLUDE,,Exact SHA-256 duplicate; keep preferred copy in DUP-0008.,OK
janus_n17_repro_release/clean_replay/Janus_MoSSe_Current_ReproducibilityRelease_v2/data/canonical/branch_family_summary.csv,branch_family_summary.csv,.csv,2573,0871709658d8ca369dd21a0584bf590c1cf2a8e2efc260f80b244255602d7d6d,DUP-0028,False,EXACT_DUPLICATE,EXCLUDE,,Exact SHA-256 duplicate; keep preferred copy in DUP-0028.,OK
janus_n17_repro_release/clean_replay/Janus_MoSSe_Current_ReproducibilityRelease_v2/data/canonical/branch_followed_thresholds.csv,branch_followed_thresholds.csv,.csv,1756,80207e27baa7feb317dd95891d99435d2a57a7bd5a737eeb7e5a0d2c4d292603,DUP-0443,False,EXACT_DUPLICATE,EXCLUDE,,Exact SHA-256 duplicate; keep preferred copy in DUP-0443.,OK
janus_n17_repro_release/clean_replay/Janus_MoSSe_Current_ReproducibilityRelease_v2/data/canonical/edge_weight_ground_switch.csv,edge_weight_ground_switch.csv,.csv,334,f3a8d30d4a46550eae49d4056d2795875430d6803f76a1742eee90d151e0070a,DUP-0822,False,EXACT_DUPLICATE,EXCLUDE,,Exact SHA-256 duplicate; keep preferred copy in DUP-0822.,OK
janus_n17_repro_release/clean_replay/Janus_MoSSe_Current_ReproducibilityRelease_v2/data/canonical/floquet_conditioning_check.csv,floquet_conditioning_check.csv,.csv,560,2d9ea344f79c7a3b7f8b1ee23477311a1dee0c59eb42915220b72afb898d214d,DUP-0155,False,EXACT_DUPLICATE,EXCLUDE,,Exact SHA-256 duplicate; keep preferred copy in DUP-0155.,OK
janus_n17_repro_release/clean_replay/Janus_MoSSe_Current_ReproducibilityRelease_v2/data/canonical/free_cusp_like_point.csv,free_cusp_like_point.csv,.csv,301,5e67c8c59e9d883997f506aa67bc2fa9353d984355cd8b7e6bde81c1655dd33e,DUP-0325,False,EXACT_DUPLICATE,EXCLUDE,,Exact SHA-256 duplicate; keep preferred copy in DUP-0325.,OK
janus_n17_repro_release/clean_replay/Janus_MoSSe_Current_ReproducibilityRelease_v2/data/canonical/free_fold_nondegeneracy.csv,free_fold_nondegeneracy.csv,.csv,118445,7b3a007338abbe2aca3cf8b482c056a4a48f09b8404ee03407fc4f0750e83607,DUP-0424,False,EXACT_DUPLICATE,EXCLUDE,,Exact SHA-256 duplicate; keep preferred copy in DUP-0424.,OK
janus_n17_repro_release/clean_replay/Janus_MoSSe_Current_ReproducibilityRelease_v2/data/canonical/highT_dt_pairwise_z.csv,highT_dt_pairwise_z.csv,.csv,496,98bc5249229ea0d33c5929ad7a274742c98c325ac966ad3dc37c47301a27adc9,DUP-0519,False,EXACT_DUPLICATE,EXCLUDE,,Exact SHA-256 duplicate; keep preferred copy in DUP-0519.,OK
janus_n17_repro_release/clean_replay/Janus_MoSSe_Current_ReproducibilityRelease_v2/data/canonical/initial_state_memory_loss.csv,initial_state_memory_loss.csv,.csv,1415,c92faf5a93f099c5bd692b0a8957e93d9e5083641793af09f3822feb985b78a2,DUP-0686,False,EXACT_DUPLICATE,EXCLUDE,,Exact SHA-256 duplicate; keep preferred copy in DUP-0686.,OK
janus_n17_repro_release/clean_replay/Janus_MoSSe_Current_ReproducibilityRelease_v2/data/canonical/late_block_drift_two_seed.csv,late_block_drift_two_seed.csv,.csv,3675,e86bbbd0e479ea2d3e597dfab22ff320f8bd03c40ffec7c39bced3a6d88968d7,DUP-0786,False,EXACT_DUPLICATE,EXCLUDE,,Exact SHA-256 duplicate; keep preferred copy in DUP-0786.,OK
janus_n17_repro_release/clean_replay/Janus_MoSSe_Current_ReproducibilityRelease_v2/data/canonical/matched_symmetry_final.csv,matched_symmetry_final.csv,.csv,1660,2aef9c57787f0aa0eee6848de1fdcc3223fb6161ea588c93aed6c5c5c54c5313,DUP-0145,False,EXACT_DUPLICATE,EXCLUDE,,Exact SHA-256 duplicate; keep preferred copy in DUP-0145.,OK
janus_n17_repro_release/clean_replay/Janus_MoSSe_Current_ReproducibilityRelease_v2/data/canonical/matched_symmetry_final_contracts.csv,matched_symmetry_final_contracts.csv,.csv,280,e7d84591f0b92febcb6bcd45980b6b6684cf47c48da5b8d6a967091e4c6c4169,DUP-0784,False,EXACT_DUPLICATE,EXCLUDE,,Exact SHA-256 duplicate; keep preferred copy in DUP-0784.,OK
janus_n17_repro_release/clean_replay/Janus_MoSSe_Current_ReproducibilityRelease_v2/data/canonical/measurement_length_sensitivity.csv,measurement_length_sensitivity.csv,.csv,8344,76bfc9c0790f77b5f1a5598b025ca0939f891b9cc4ed1abd30f6d261684eee90,DUP-0414,False,EXACT_DUPLICATE,EXCLUDE,,Exact SHA-256 duplicate; keep preferred copy in DUP-0414.,OK
janus_n17_repro_release/clean_replay/Janus_MoSSe_Current_ReproducibilityRelease_v2/data/canonical/redteam_force_direction_scan.csv,redteam_force_direction_scan.csv,.csv,1923,fb274bbb7efcd99ed9f629155f94c4c711af0b41640ba383f8f1fbba02c2d9f9,DUP-0840,False,EXACT_DUPLICATE,EXCLUDE,,Exact SHA-256 duplicate; keep preferred copy in DUP-0840.,OK
janus_n17_repro_release/clean_replay/Janus_MoSSe_Current_ReproducibilityRelease_v2/data/canonical/redteam_gamma_sweep.csv,redteam_gamma_sweep.csv,.csv,951,38eafdfd2d2d035faed0f7f815f5aaca87e64fca8fdfb302ae18b593eb2bc900,DUP-0199,False,EXACT_DUPLICATE,EXCLUDE,,Exact SHA-256 duplicate; keep preferred copy in DUP-0199.,OK
janus_n17_repro_release/clean_replay/Janus_MoSSe_Current_ReproducibilityRelease_v2/data/canonical/redteam_gsfe_parameter_sensitivity.csv,redteam_gsfe_parameter_sensitivity.csv,.csv,2586,1c54e70a7cb921cdedee4b39aa5df5ffd688814fa93cee953ef9d6e050557e55,DUP-0094,False,EXACT_DUPLICATE,EXCLUDE,,Exact SHA-256 duplicate; keep preferred copy in DUP-0094.,OK
janus_n17_repro_release/clean_replay/Janus_MoSSe_Current_ReproducibilityRelease_v2/data/canonical/redteam_phase_preparation_sweep.csv,redteam_phase_preparation_sweep.csv,.csv,17477,f36726f1e688ee58942cef301fa8dc11c9dc26c277da771546ed69521a71aa82,DUP-0819,False,EXACT_DUPLICATE,EXCLUDE,,Exact SHA-256 duplicate; keep preferred copy in DUP-0819.,OK
janus_n17_repro_release/clean_replay/Janus_MoSSe_Current_ReproducibilityRelease_v2/data/canonical/shape_scaling_extended.csv,shape_scaling_extended.csv,.csv,6755,2deaacd57ebb582c817cd5c395f0fc6a198ce516372157933667a4cae0b4cdf0,DUP-0158,False,EXACT_DUPLICATE,EXCLUDE,,Exact SHA-256 duplicate; keep preferred copy in DUP-0158.,OK
janus_n17_repro_release/clean_replay/Janus_MoSSe_Current_ReproducibilityRelease_v2/data/canonical/shape_scaling_metrics.csv,shape_scaling_metrics.csv,.csv,1526,83810cfce0b829965ad2ef48f4cc9c250305a59decd2a75ac436acf6b4ea4b75,DUP-0460,False,EXACT_DUPLICATE,EXCLUDE,,Exact SHA-256 duplicate; keep preferred copy in DUP-0460.,OK
janus_n17_repro_release/clean_replay/Janus_MoSSe_Current_ReproducibilityRelease_v2/data/canonical/stationary_current_two_seed_pooled.csv,stationary_current_two_seed_pooled.csv,.csv,2567,728954c7ca271e58840548bcdade21e79c1bc1956d8a36fddc45c802d42e29d9,DUP-0400,False,EXACT_DUPLICATE,EXCLUDE,,Exact SHA-256 duplicate; keep preferred copy in DUP-0400.,OK
janus_n17_repro_release/clean_replay/Janus_MoSSe_Current_ReproducibilityRelease_v2/data/canonical/stationary_sign_target_bootstrap.csv,stationary_sign_target_bootstrap.csv,.csv,474,34e9f08eab5a519a73c4f239edc6b308a8777355ee1c3db7d8dfa550d9b6bc6e,DUP-0182,False,EXACT_DUPLICATE,EXCLUDE,,Exact SHA-256 duplicate; keep preferred copy in DUP-0182.,OK
janus_n17_repro_release/clean_replay/Janus_MoSSe_Current_ReproducibilityRelease_v2/data/canonical/stationary_thermal_bootstrap_50k.csv,stationary_thermal_bootstrap_50k.csv,.csv,951,f08ef0ad8135ef4c6293a8561648310a0cb66650c169125be2c673093385c225,DUP-0806,False,EXACT_DUPLICATE,EXCLUDE,,Exact SHA-256 duplicate; keep preferred copy in DUP-0806.,OK
janus_n17_repro_release/clean_replay/Janus_MoSSe_Current_ReproducibilityRelease_v2/data/canonical/thermal_stationary_canonical.csv,thermal_stationary_canonical.csv,.csv,3598,2467b8258a41e0e3c9d8c8a2b0fc101986dac8f523a5aa3fc0eeccf9195910f3,DUP-0124,False,EXACT_DUPLICATE,EXCLUDE,,Exact SHA-256 duplicate; keep preferred copy in DUP-0124.,OK
janus_n17_repro_release/clean_replay/Janus_MoSSe_Current_ReproducibilityRelease_v2/data/canonical/thermal_stationary_series_N500.csv,thermal_stationary_series_N500.csv,.csv,4230,c13fb88c3d084b86c5fac9b1c354d6edb66ef1825c4cf68e2d0ba91b6e7bd7c9,DUP-0657,False,EXACT_DUPLICATE,EXCLUDE,,Exact SHA-256 duplicate; keep preferred copy in DUP-0657.,OK
janus_n17_repro_release/clean_replay/Janus_MoSSe_Current_ReproducibilityRelease_v2/data/canonical/triangle_branch_families.csv,triangle_branch_families.csv,.csv,1581,1d0ff061405bb35eb03cb4c4d82e5bf55b724d41fc82c07196f269076e536480,DUP-0098,False,EXACT_DUPLICATE,EXCLUDE,,Exact SHA-256 duplicate; keep preferred copy in DUP-0098.,OK
janus_n17_repro_release/clean_replay/Janus_MoSSe_Current_ReproducibilityRelease_v2/data/canonical/triangle_ground_switch.csv,triangle_ground_switch.csv,.csv,2899,b2908ab9f20c3fffe2ef96e4d51eb8c8c758db938d60186f80380c8485393c0d,DUP-0610,False,EXACT_DUPLICATE,EXCLUDE,,Exact SHA-256 duplicate; keep preferred copy in DUP-0610.,OK
janus_n17_repro_release/clean_replay/Janus_MoSSe_Current_ReproducibilityRelease_v2/data/canonical/vector_mode_map_F0_period.csv,vector_mode_map_F0_period.csv,.csv,9433,fe9365f60cafa029fdf414cddf51ed490f7f98cd34cc2b967e706ab0c09cfcc1,DUP-0855,False,EXACT_DUPLICATE,EXCLUDE,,Exact SHA-256 duplicate; keep preferred copy in DUP-0855.,OK
janus_n17_repro_release/clean_replay/Janus_MoSSe_Current_ReproducibilityRelease_v2/data/raw_thermal_stationary/cycles_T0.02_N500_C160_orbit_seed2026091900.npz,cycles_T0.02_N500_C160_orbit_seed2026091900.npz,.02_n500_c160_orbit_seed2026091900.npz,1214402,a96eac87ba714d33b79fab5310d06e81a6542551ed93feec211f43d4b42b5de5,DUP-0574,False,EXACT_DUPLICATE,EXCLUDE,,Exact SHA-256 duplicate; keep preferred copy in DUP-0574.,OK
janus_n17_repro_release/clean_replay/Janus_MoSSe_Current_ReproducibilityRelease_v2/data/raw_thermal_stationary/cycles_T0.04_N500_C160_orbit_seed2026091900.npz,cycles_T0.04_N500_C160_orbit_seed2026091900.npz,.04_n500_c160_orbit_seed2026091900.npz,1224223,819cff0882443a6e8e6577b0b99bb54ce4e000a047e776f0c3d51cff59e4d92f,DUP-0450,False,EXACT_DUPLICATE,EXCLUDE,,Exact SHA-256 duplicate; keep preferred copy in DUP-0450.,OK
janus_n17_repro_release/clean_replay/Janus_MoSSe_Current_ReproducibilityRelease_v2/data/raw_thermal_stationary/cycles_T0.06_N500_C160_orbit_seed2026091900.npz,cycles_T0.06_N500_C160_orbit_seed2026091900.npz,.06_n500_c160_orbit_seed2026091900.npz,1229331,8b64e74a7207a10b1588cbee6b3d1a04a70210c054e7c248a966d6176a7de3d8,DUP-0479,False,EXACT_DUPLICATE,EXCLUDE,,Exact SHA-256 duplicate; keep preferred copy in DUP-0479.,OK
janus_n17_repro_release/clean_replay/Janus_MoSSe_Current_ReproducibilityRelease_v2/data/raw_thermal_stationary/cycles_T0.10_N500_C160_orbit_seed2026091900.npz,cycles_T0.10_N500_C160_orbit_seed2026091900.npz,.10_n500_c160_orbit_seed2026091900.npz,1235001,5fe48ee8eccddd9e238cc6070efadbdf7eeb03cc4a57cb0e40f3972e56a13b6c,DUP-0332,False,EXACT_DUPLICATE,EXCLUDE,,Exact SHA-256 duplicate; keep preferred copy in DUP-0332.,OK
janus_n17_repro_release/clean_replay/Janus_MoSSe_Current_ReproducibilityRelease_v2/data/raw_thermal_stationary/cycles_T0.16_N500_C160_orbit_seed2026091900.npz,cycles_T0.16_N500_C160_orbit_seed2026091900.npz,.16_n500_c160_orbit_seed2026091900.npz,1239269,4eb331c36b666348f6f1d45305fcfbdcfb81aecc4daf4e2c75449b8407ece79a,DUP-0275,False,EXACT_DUPLICATE,EXCLUDE,,Exact SHA-256 duplicate; keep preferred copy in DUP-0275.,OK
janus_n17_repro_release/clean_replay/Janus_MoSSe_Current_ReproducibilityRelease_v2/data/raw_thermal_stationary/cycles_T0.24_N500_C160_orbit_seed2026091900.npz,cycles_T0.24_N500_C160_orbit_seed2026091900.npz,.24_n500_c160_orbit_seed2026091900.npz,1241968,580ebcb9d5b683de81ed77851cd33e3314059fb123c556c8f8017080b0e1a270,DUP-0306,False,EXACT_DUPLICATE,EXCLUDE,,Exact SHA-256 duplicate; keep preferred copy in DUP-0306.,OK
janus_n17_repro_release/clean_replay/Janus_MoSSe_Current_ReproducibilityRelease_v2/data/raw_thermal_stationary/cycles_T0.32_N500_C160_orbit_seed2026091900.npz,cycles_T0.32_N500_C160_orbit_seed2026091900.npz,.32_n500_c160_orbit_seed2026091900.npz,1242680,284062d5defea74e83058d288c719f47c20be4cf4726cc92eaf1514cce3f137c,DUP-0140,False,EXACT_DUPLICATE,EXCLUDE,,Exact SHA-256 duplicate; keep preferred copy in DUP-0140.,OK
janus_n17_repro_release/clean_replay/Janus_MoSSe_Current_ReproducibilityRelease_v2/data/raw_thermal_stationary/cycles_T0.50_N500_C160_orbit_seed2026091900.npz,cycles_T0.50_N500_C160_orbit_seed2026091900.npz,.50_n500_c160_orbit_seed2026091900.npz,1242825,e119a7546ee26d0ba2eed6f2e49474e34a0d04635c5d496524e9b3b946a89376,DUP-0754,False,EXACT_DUPLICATE,EXCLUDE,,Exact SHA-256 duplicate; keep preferred copy in DUP-0754.,OK
janus_n17_repro_release/clean_replay/Janus_MoSSe_Current_ReproducibilityRelease_v2/data/raw_thermal_stationary/cycles_T0.50_N500_C160_orbit_seed2026101900.npz,cycles_T0.50_N500_C160_orbit_seed2026101900.npz,.50_n500_c160_orbit_seed2026101900.npz,1242776,f784b3b6a5c3c09892129aca6ed992f5c156ad2e92dc778aadf94b1c012043d0,DUP-0830,False,EXACT_DUPLICATE,EXCLUDE,,Exact SHA-256 duplicate; keep preferred copy in DUP-0830.,OK
janus_n17_repro_release/clean_replay/Janus_MoSSe_Current_ReproducibilityRelease_v2/data/raw_thermal_stationary/cycles_T0.55_N500_C160_orbit_seed2026091900.npz,cycles_T0.55_N500_C160_orbit_seed2026091900.npz,.55_n500_c160_orbit_seed2026091900.npz,1242756,9a51e07a7892d7a3e7803350176257ec803e9b9952339d3ee93691f623ed45da,DUP-0530,False,EXACT_DUPLICATE,EXCLUDE,,Exact SHA-256 duplicate; keep preferred copy in DUP-0530.,OK
janus_n17_repro_release/clean_replay/Janus_MoSSe_Current_ReproducibilityRelease_v2/data/raw_thermal_stationary/cycles_T0.55_N500_C160_orbit_seed2026101900.npz,cycles_T0.55_N500_C160_orbit_seed2026101900.npz,.55_n500_c160_orbit_seed2026101900.npz,1242820,4b323320810b04b0185c9ad995be8b3069b6c52a538013097c51e5865f01778c,DUP-0258,False,EXACT_DUPLICATE,EXCLUDE,,Exact SHA-256 duplicate; keep preferred copy in DUP-0258.,OK
janus_n17_repro_release/clean_replay/Janus_MoSSe_Current_ReproducibilityRelease_v2/data/raw_thermal_stationary/cycles_T0.60_N500_C160_orbit_seed2026091900.npz,cycles_T0.60_N500_C160_orbit_seed2026091900.npz,.60_n500_c160_orbit_seed2026091900.npz,1242991,628f55521a97b801b185817271dfce398a182654ec31a0773f80ed0d900f51ee,DUP-0343,False,EXACT_DUPLICATE,EXCLUDE,,Exact SHA-256 duplicate; keep preferred copy in DUP-0343.,OK
janus_n17_repro_release/clean_replay/Janus_MoSSe_Current_ReproducibilityRelease_v2/data/raw_thermal_stationary/cycles_T0.60_N500_C160_orbit_seed2026101900.npz,cycles_T0.60_N500_C160_orbit_seed2026101900.npz,.60_n500_c160_orbit_seed2026101900.npz,1242761,972703a6235733491fbac1175cb0440f2db70ea89df51e3b64c8981c7c63a277,DUP-0512,False,EXACT_DUPLICATE,EXCLUDE,,Exact SHA-256 duplicate; keep preferred copy in DUP-0512.,OK
janus_n17_repro_release/clean_replay/Janus_MoSSe_Current_ReproducibilityRelease_v2/data/raw_thermal_stationary/cycles_T0.65_N500_C160_orbit_seed2026091900.npz,cycles_T0.65_N500_C160_orbit_seed2026091900.npz,.65_n500_c160_orbit_seed2026091900.npz,1242749,b247e7109fe2fe08effcd6c2ff90038683e52fa80043aade89b6f3f9cb6860de,DUP-0606,False,EXACT_DUPLICATE,EXCLUDE,,Exact SHA-256 duplicate; keep preferred copy in DUP-0606.,OK
janus_n17_repro_release/clean_replay/Janus_MoSSe_Current_ReproducibilityRelease_v2/data/raw_thermal_stationary/cycles_T0.65_N500_C160_orbit_seed2026101900.npz,cycles_T0.65_N500_C160_orbit_seed2026101900.npz,.65_n500_c160_orbit_seed2026101900.npz,1242712,61e19a74c56f75c6a943e754d2ceb4b470c7471cf79afab33e1bb8ce617572db,DUP-0341,False,EXACT_DUPLICATE,EXCLUDE,,Exact SHA-256 duplicate; keep preferred copy in DUP-0341.,OK
janus_n17_repro_release/clean_replay/Janus_MoSSe_Current_ReproducibilityRelease_v2/data/raw_thermal_stationary/cycles_T0.70_N500_C160_orbit_seed2026091900.npz,cycles_T0.70_N500_C160_orbit_seed2026091900.npz,.70_n500_c160_orbit_seed2026091900.npz,1242838,826011643e691a8a4f50833753fcd079d318d7c051dcecd0626bd440032eb5e3,DUP-0455,False,EXACT_DUPLICATE,EXCLUDE,,Exact SHA-256 duplicate; keep preferred copy in DUP-0455.,OK
janus_n17_repro_release/clean_replay/Janus_MoSSe_Current_ReproducibilityRelease_v2/data/raw_thermal_stationary/cycles_T0.70_N500_C160_orbit_seed2026101900.npz,cycles_T0.70_N500_C160_orbit_seed2026101900.npz,.70_n500_c160_orbit_seed2026101900.npz,1242811,7735c477c1f362248a67b1465760381697bb4498412725c6b034e7a2a83459ac,DUP-0415,False,EXACT_DUPLICATE,EXCLUDE,,Exact SHA-256 duplicate; keep preferred copy in DUP-0415.,OK
janus_n17_repro_release/clean_replay/Janus_MoSSe_Current_ReproducibilityRelease_v2/data/raw_thermal_stationary/stationary_thermal_trajectory_raw.csv,stationary_thermal_trajectory_raw.csv,.csv,749736,f658d44610a06a8617ad807f8ddad30b182c043a817aedbe916e258252d62511,DUP-0827,False,EXACT_DUPLICATE,EXCLUDE,,Exact SHA-256 duplicate; keep preferred copy in DUP-0827.,OK
janus_n17_repro_release/clean_replay/Janus_MoSSe_Current_ReproducibilityRelease_v2/figures/Figure_1_symmetry_contracts.png,Figure_1_symmetry_contracts.png,.png,432290,cc37eeb43ae16b313b8306499b42dd20e1456c2672236f73b393afb7fd2d9013,DUP-0694,False,EXACT_DUPLICATE,EXCLUDE,,Exact SHA-256 duplicate; keep preferred copy in DUP-0694.,OK
janus_n17_repro_release/clean_replay/Janus_MoSSe_Current_ReproducibilityRelease_v2/figures/Figure_2_branch_resolved_depinning.png,Figure_2_branch_resolved_depinning.png,.png,355658,d485395e1e1cad111fefc981339d9ff973fa8ffe6251e462771d6f1696a2e2ca,DUP-0730,False,EXACT_DUPLICATE,EXCLUDE,,Exact SHA-256 duplicate; keep preferred copy in DUP-0730.,OK
janus_n17_repro_release/clean_replay/Janus_MoSSe_Current_ReproducibilityRelease_v2/figures/Figure_3_extended_size_shape_similarity.png,Figure_3_extended_size_shape_similarity.png,.png,439600,cb7582900f68c199563b0c8db5beba178d71865b857970dcbbfadf50662cfc40,DUP-0692,False,EXACT_DUPLICATE,EXCLUDE,,Exact SHA-256 duplicate; keep preferred copy in DUP-0692.,OK
janus_n17_repro_release/clean_replay/Janus_MoSSe_Current_ReproducibilityRelease_v2/figures/Figure_4_boundary_registry_switching.png,Figure_4_boundary_registry_switching.png,.png,397699,71598bbe3f865cf93187ce29e1e766c8f402f88a8e4a3ab1976e0bdd39d027c9,DUP-0396,False,EXACT_DUPLICATE,EXCLUDE,,Exact SHA-256 duplicate; keep preferred copy in DUP-0396.,OK
janus_n17_repro_release/clean_replay/Janus_MoSSe_Current_ReproducibilityRelease_v2/figures/Figure_5_vector_mode_map_floquet.png,Figure_5_vector_mode_map_floquet.png,.png,271416,84f44d721ff39ebe33b42e94cd8ca6aa3c06938b23ddf3d0762765afe73c33ea,DUP-0464,False,EXACT_DUPLICATE,EXCLUDE,,Exact SHA-256 duplicate; keep preferred copy in DUP-0464.,OK
janus_n17_repro_release/clean_replay/Janus_MoSSe_Current_ReproducibilityRelease_v2/figures/Figure_6_thermal_stationary_hierarchy.png,Figure_6_thermal_stationary_hierarchy.png,.png,412125,2b075ece2e3cce6348026a4dd30d6b2c0ce4842104b30c9a21a0cf7511b0f94e,DUP-0146,False,EXACT_DUPLICATE,EXCLUDE,,Exact SHA-256 duplicate; keep preferred copy in DUP-0146.,OK
janus_n17_repro_release/clean_replay/Janus_MoSSe_Current_ReproducibilityRelease_v2/manuscript/Janus_MoSSe_Current_Manuscript.docx,Janus_MoSSe_Current_Manuscript.docx,.docx,3854416,25f50c5ad8f057f0df4e23f8950f58966bfbba726442a2f41a72fbdb0148c80b,DUP-0133,False,EXACT_DUPLICATE,EXCLUDE,,Exact SHA-256 duplicate; keep preferred copy in DUP-0133.,OK
janus_n17_repro_release/clean_replay/Janus_MoSSe_Current_ReproducibilityRelease_v2/manuscript/Janus_MoSSe_Current_SupplementaryInformation.docx,Janus_MoSSe_Current_SupplementaryInformation.docx,.docx,50606,04a5753b71bad758080496410969da740673a50b442fb50ed268a9257ad52f91,DUP-0013,False,EXACT_DUPLICATE,EXCLUDE,,Exact SHA-256 duplicate; keep preferred copy in DUP-0013.,OK
janus_n17_repro_release/clean_replay/Janus_MoSSe_Current_ReproducibilityRelease_v2/provenance_scripts/asymmetry_global_check.py,asymmetry_global_check.py,.py,1508,8d5a96342dbc9d89951255c7aab6a841c8ccebe5a5fde9645ebc8255b7e06f25,DUP-0482,False,EXACT_DUPLICATE,EXCLUDE,,Exact SHA-256 duplicate; keep preferred copy in DUP-0482.,OK
janus_n17_repro_release/clean_replay/Janus_MoSSe_Current_ReproducibilityRelease_v2/provenance_scripts/branch_audit.py,branch_audit.py,.py,4884,8fb18cbf9daedc3f2214e06beb55792081a7d3cafec566118681cc163a4e203e,DUP-0493,False,EXACT_DUPLICATE,EXCLUDE,,Exact SHA-256 duplicate; keep preferred copy in DUP-0493.,OK
janus_n17_repro_release/clean_replay/Janus_MoSSe_Current_ReproducibilityRelease_v2/provenance_scripts/edge_weight_ground_switch.py,edge_weight_ground_switch.py,.py,1419,7176e83e7df49f3a2af1f0d53ddb44385f4a6d7ff3ff510eb6dd308aaab4d116,DUP-0397,False,EXACT_DUPLICATE,EXCLUDE,,Exact SHA-256 duplicate; keep preferred copy in DUP-0397.,OK
janus_n17_repro_release/clean_replay/Janus_MoSSe_Current_ReproducibilityRelease_v2/provenance_scripts/edge_weight_sensitivity.py,edge_weight_sensitivity.py,.py,2596,ce8b8b7a68e882a9e961a4ba2bbce2799e5031451d3224085a8254d2f66f1f6f,DUP-0705,False,EXACT_DUPLICATE,EXCLUDE,,Exact SHA-256 duplicate; keep preferred copy in DUP-0705.,OK
janus_n17_repro_release/clean_replay/Janus_MoSSe_Current_ReproducibilityRelease_v2/provenance_scripts/floquet_conditioning_audit.py,floquet_conditioning_audit.py,.py,3343,c91aa58aa940538cd96684d3d26d8226f6b7ff9437aeb1123c0fd1f41625e374,DUP-0685,False,EXACT_DUPLICATE,EXCLUDE,,Exact SHA-256 duplicate; keep preferred copy in DUP-0685.,OK
janus_n17_repro_release/clean_replay/Janus_MoSSe_Current_ReproducibilityRelease_v2/provenance_scripts/make_resolved_figures.py,make_resolved_figures.py,.py,11587,a8f74a787b0af005f814cf1222b15ab04d15df072db0fadd88ceaea23c311db2,DUP-0573,False,EXACT_DUPLICATE,EXCLUDE,,Exact SHA-256 duplicate; keep preferred copy in DUP-0573.,OK
janus_n17_repro_release/clean_replay/Janus_MoSSe_Current_ReproducibilityRelease_v2/provenance_scripts/matched_symmetry_audit.py,matched_symmetry_audit.py,.py,6873,3ef780dbd6dfa7d788e98a30dc986d6e73998cf69448fcc812849ed5c3110be4,DUP-0219,False,EXACT_DUPLICATE,EXCLUDE,,Exact SHA-256 duplicate; keep preferred copy in DUP-0219.,OK
janus_n17_repro_release/clean_replay/Janus_MoSSe_Current_ReproducibilityRelease_v2/provenance_scripts/matched_symmetry_final.py,matched_symmetry_final.py,.py,1641,ffac41fcfaa977a47f39a3201bb079038a05c05df005f9e44d8c0605686a6d0c,DUP-0860,False,EXACT_DUPLICATE,EXCLUDE,,Exact SHA-256 duplicate; keep preferred copy in DUP-0860.,OK
janus_n17_repro_release/clean_replay/Janus_MoSSe_Current_ReproducibilityRelease_v2/provenance_scripts/resolve_branch_topology.py,resolve_branch_topology.py,.py,3606,550333a1ea3842e63a87d2750450a6bbb9d5d8aa9b58ec819359a955de9b14e9,DUP-0292,False,EXACT_DUPLICATE,EXCLUDE,,Exact SHA-256 duplicate; keep preferred copy in DUP-0292.,OK
janus_n17_repro_release/clean_replay/Janus_MoSSe_Current_ReproducibilityRelease_v2/provenance_scripts/shape_scaling_audit.py,shape_scaling_audit.py,.py,3300,79757a4815644d7ff67824595611db079d76f1d516fb50542b1c8111d19f6a21,DUP-0422,False,EXACT_DUPLICATE,EXCLUDE,,Exact SHA-256 duplicate; keep preferred copy in DUP-0422.,OK
janus_n17_repro_release/clean_replay/Janus_MoSSe_Current_ReproducibilityRelease_v2/provenance_scripts/thermal_cluster_audit.py,thermal_cluster_audit.py,.py,7162,1813606a131d67f182a7f39935642c9b2e628d3648320dc592626eed89e00d01,DUP-0079,False,EXACT_DUPLICATE,EXCLUDE,,Exact SHA-256 duplicate; keep preferred copy in DUP-0079.,OK
janus_n17_repro_release/clean_replay/Janus_MoSSe_Current_ReproducibilityRelease_v2/provenance_scripts/thermal_stationarity_analysis_provenance.py,thermal_stationarity_analysis_provenance.py,.py,2462,7d121ae4c0d8d33566b41b572a1b415371ec69ea78960ab8fa9878a6aa4e7962,DUP-0431,False,EXACT_DUPLICATE,EXCLUDE,,Exact SHA-256 duplicate; keep preferred copy in DUP-0431.,OK
janus_n17_repro_release/clean_replay/Janus_MoSSe_Current_ReproducibilityRelease_v2/provenance_scripts/thermal_stationarity_sim_provenance.py,thermal_stationarity_sim_provenance.py,.py,3660,c19d1798c42ad32c17474519613f726ee8f50bd71948edf95d33194665efc8b9,DUP-0658,False,EXACT_DUPLICATE,EXCLUDE,,Exact SHA-256 duplicate; keep preferred copy in DUP-0658.,OK
janus_n17_repro_release/clean_replay/Janus_MoSSe_Current_ReproducibilityRelease_v2/provenance_scripts/triangle_branch_audit.py,triangle_branch_audit.py,.py,3180,9bbdafc7f55490a1bf34328d1fe38d168f70837a31610a201d507a454cec1725,DUP-0534,False,EXACT_DUPLICATE,EXCLUDE,,Exact SHA-256 duplicate; keep preferred copy in DUP-0534.,OK
janus_n17_repro_release/clean_replay/Janus_MoSSe_Current_ReproducibilityRelease_v2/provenance_scripts/triangle_ground_switch.py,triangle_ground_switch.py,.py,2751,9f336c5d16c29cde253d49e3a3712c051aba03ad0909347cd5b65691e7865e74,DUP-0544,False,EXACT_DUPLICATE,EXCLUDE,,Exact SHA-256 duplicate; keep preferred copy in DUP-0544.,OK
janus_n17_repro_release/clean_replay/Janus_MoSSe_Current_ReproducibilityRelease_v2/provenance_scripts/vector_mode_map.py,vector_mode_map.py,.py,3043,5593ccf03a3ef70d26e40a74d037e4dd97c12139bb454ad44d1f08fc4359a335,DUP-0296,False,EXACT_DUPLICATE,EXCLUDE,,Exact SHA-256 duplicate; keep preferred copy in DUP-0296.,OK
janus_n17_repro_release/clean_replay/Janus_MoSSe_Current_ReproducibilityRelease_v2/recompute_stationary_thermal.py,recompute_stationary_thermal.py,.py,878,3d12fce9718f47cc3e70ee81574b7e814d2c982cddc490c6fff5006a9731aba6,DUP-0211,False,EXACT_DUPLICATE,EXCLUDE,,Exact SHA-256 duplicate; keep preferred copy in DUP-0211.,OK
janus_n17_repro_release/clean_replay/Janus_MoSSe_Current_ReproducibilityRelease_v2/reports/AUDIT_RESOLUTION_REPORT.md,AUDIT_RESOLUTION_REPORT.md,.md,861,5fe5b1423565417de70c87f094c0993c46d205482a4b0a3e685206208cf745d1,DUP-0333,False,EXACT_DUPLICATE,EXCLUDE,,Exact SHA-256 duplicate; keep preferred copy in DUP-0333.,OK
janus_n17_repro_release/clean_replay/Janus_MoSSe_Current_ReproducibilityRelease_v2/reports/CANONICAL_BASELINE_REPORT.md,CANONICAL_BASELINE_REPORT.md,.md,5672,054d383db6ce999c1c443e033cdc867297edf9f427f40292d0b01951bf115d5e,DUP-0018,False,EXACT_DUPLICATE,EXCLUDE,,Exact SHA-256 duplicate; keep preferred copy in DUP-0018.,OK
janus_n17_repro_release/clean_replay/Janus_MoSSe_Current_ReproducibilityRelease_v2/requirements.txt,requirements.txt,.txt,74,463b51d2d4f031011d652b9af93e6427c081d78254e200a28edeff1f967773f0,DUP-0243,False,EXACT_DUPLICATE,EXCLUDE,,Exact SHA-256 duplicate; keep preferred copy in DUP-0243.,OK
janus_n17_repro_release/clean_replay/Janus_MoSSe_Current_ReproducibilityRelease_v2/source/__pycache__/dft_guided_material_v12.cpython-313.pyc,dft_guided_material_v12.cpython-313.pyc,.cpython-313.pyc,20836,4a661f504711af7b318c9b381207fccc0052a01ab94760526986e7eadbe82f6b,DUP-0254,False,EPHEMERAL_QA,EXCLUDE,,Rendered page/QA-only intermediate; reproducible from source document.,OK
janus_n17_repro_release/clean_replay/Janus_MoSSe_Current_ReproducibilityRelease_v2/source/__pycache__/janus_fourier_landscapes_v12.cpython-313.pyc,janus_fourier_landscapes_v12.cpython-313.pyc,.cpython-313.pyc,12364,9e9f06d235768820635cae6490905cb560a8e1fd55c9c4992832ad6abdeb59c4,DUP-0539,False,EPHEMERAL_QA,EXCLUDE,,Rendered page/QA-only intermediate; reproducible from source document.,OK
janus_n17_repro_release/clean_replay/Janus_MoSSe_Current_ReproducibilityRelease_v2/source/__pycache__/new_physics_v18.cpython-313.pyc,new_physics_v18.cpython-313.pyc,.cpython-313.pyc,34065,d47dc9e583b24aa76c94d2293cd04505fea3072fcc76bb0cb6e5b32c558e8fec,DUP-0729,False,EPHEMERAL_QA,EXCLUDE,,Rendered page/QA-only intermediate; reproducible from source document.,OK
janus_n17_repro_release/clean_replay/Janus_MoSSe_Current_ReproducibilityRelease_v2/source/canonical_analysis_v17.py,canonical_analysis_v17.py,.py,21837,01627a2ee2cd29ba8ae80ea0cf2828cd98a9162c6b332f1ffaf4a1f320d75067,DUP-0003,False,EXACT_DUPLICATE,EXCLUDE,,Exact SHA-256 duplicate; keep preferred copy in DUP-0003.,OK
janus_n17_repro_release/clean_replay/Janus_MoSSe_Current_ReproducibilityRelease_v2/source/dft_guided_material_v12.py,dft_guided_material_v12.py,.py,10403,3dbb2ef66165b519ee48de20e34ed855e319cb3877f2f5952e710adcff671356,DUP-0216,False,EXACT_DUPLICATE,EXCLUDE,,Exact SHA-256 duplicate; keep preferred copy in DUP-0216.,OK
janus_n17_repro_release/clean_replay/Janus_MoSSe_Current_ReproducibilityRelease_v2/source/janus_fourier_landscapes_v12.py,janus_fourier_landscapes_v12.py,.py,7446,f2b1ffc29da25d053fa534145d2d1896cdfb33441928d4b12a218961114942d9,DUP-0817,False,EXACT_DUPLICATE,EXCLUDE,,Exact SHA-256 duplicate; keep preferred copy in DUP-0817.,OK
janus_n17_repro_release/clean_replay/Janus_MoSSe_Current_ReproducibilityRelease_v2/source/make_figure7_v17.py,make_figure7_v17.py,.py,4240,ff6b2cbd040613f8bf8ab7e8ff0847e805d62265a1341264e25468c52011f0f5,DUP-0859,False,EXACT_DUPLICATE,EXCLUDE,,Exact SHA-256 duplicate; keep preferred copy in DUP-0859.,OK
janus_n17_repro_release/clean_replay/Janus_MoSSe_Current_ReproducibilityRelease_v2/source/make_figure8_v17.py,make_figure8_v17.py,.py,5501,0e5d2eb929e892ab8952aafe8d7d7b34ca2e77cbf7d955edf2b9f2e3037ef1c8,DUP-0048,False,EXACT_DUPLICATE,EXCLUDE,,Exact SHA-256 duplicate; keep preferred copy in DUP-0048.,OK
janus_n17_repro_release/clean_replay/Janus_MoSSe_Current_ReproducibilityRelease_v2/source/make_figure9_v18.py,make_figure9_v18.py,.py,3981,7247a4e5057973a73c85075ba1ac48b9b0910dd4a485f31b0ed19c9423488f17,DUP-0399,False,EXACT_DUPLICATE,EXCLUDE,,Exact SHA-256 duplicate; keep preferred copy in DUP-0399.,OK
janus_n17_repro_release/clean_replay/Janus_MoSSe_Current_ReproducibilityRelease_v2/source/new_physics_v18.py,new_physics_v18.py,.py,17736,88277be504516ebd14ed95273b25e894ba1a059696728616c94ad30e4b68d993,DUP-0473,False,EXACT_DUPLICATE,EXCLUDE,,Exact SHA-256 duplicate; keep preferred copy in DUP-0473.,OK
janus_n17_repro_release/clean_replay/Janus_MoSSe_Current_ReproducibilityRelease_v2/source/run_dft_material_validation_v12.py,run_dft_material_validation_v12.py,.py,8442,51d7f4fc14d6598872f4620a3703ce50109c12b9aa9097a5d18d4a0db5b20674,DUP-0284,False,EXACT_DUPLICATE,EXCLUDE,,Exact SHA-256 duplicate; keep preferred copy in DUP-0284.,OK
janus_n17_repro_release/clean_replay/Janus_MoSSe_Current_ReproducibilityRelease_v2/source/validate_v12_outputs.py,validate_v12_outputs.py,.py,4461,3248297073e8618733aed92574283318eec85b71ccebd9f022c2cd341ddfc232,DUP-0169,False,EXACT_DUPLICATE,EXCLUDE,,Exact SHA-256 duplicate; keep preferred copy in DUP-0169.,OK
janus_n17_repro_release/clean_replay/Janus_MoSSe_Current_ReproducibilityRelease_v2/source/validate_v17_release.py,validate_v17_release.py,.py,5099,d694af76263dd49cc778f8ec3e964efc4ea391d8b6171752861d2a34c57be70b,DUP-0733,False,EXACT_DUPLICATE,EXCLUDE,,Exact SHA-256 duplicate; keep preferred copy in DUP-0733.,OK
janus_n17_repro_release/clean_replay/Janus_MoSSe_Current_ReproducibilityRelease_v2/source/validate_v18_release.py,validate_v18_release.py,.py,2818,99960c866b3663a49cdfd0428c5aa52d0b848d9eea49cb04e7b47a80aeff4d14,DUP-0527,False,EXACT_DUPLICATE,EXCLUDE,,Exact SHA-256 duplicate; keep preferred copy in DUP-0527.,OK
janus_n17_repro_release/clean_replay/Janus_MoSSe_Current_ReproducibilityRelease_v2/validate_canonical_baseline.py,validate_canonical_baseline.py,.py,3023,81dee3d39f297d6444b9c7306bbd661a4de36575624f86c952e9698cebe52846,DUP-0453,False,EXACT_DUPLICATE,EXCLUDE,,Exact SHA-256 duplicate; keep preferred copy in DUP-0453.,OK
janus_n17_repro_release/clean_replay/Janus_MoSSe_Current_ReproducibilityRelease_v2/validate_release.py,validate_release.py,.py,5767,01b591dcad6f4e74eb78e995f051694fa02789fc5a8c329c7733ba713c4b675e,DUP-0007,False,EXACT_DUPLICATE,EXCLUDE,,Exact SHA-256 duplicate; keep preferred copy in DUP-0007.,OK
janus_n17_repro_release/clean_validate_baseline.txt,clean_validate_baseline.txt,.txt,182,1d7509513f2403769f0c9b003a41e08f64e1543096ee94e92fb116686f19eb8e,DUP-0100,True,SUPPORTING,KEEP,reproducibility/clean_validate_baseline.txt,"Research OS evidence, code, data, audit, or provenance artifact.",OK
janus_n17_repro_release/clean_validate_release.txt,clean_validate_release.txt,.txt,33,a325ab19aae411101a2754201fea3be9833ceaaed08b4ec30e1d5dc376615038,,True,SUPPORTING,KEEP,reproducibility/clean_validate_release.txt,"Research OS evidence, code, data, audit, or provenance artifact.",OK
janus_n17_repro_release/sha256_check.txt,sha256_check.txt,.txt,6000,06eee83b07a8b2bc801e7114fd58628ffb37df4fba14671dc8e203287a72e999,,True,SUPPORTING,KEEP,reproducibility/sha256_check.txt,"Research OS evidence, code, data, audit, or provenance artifact.",OK
janus_n17_upstream_strengthening/CLAIM_EVIDENCE_MATRIX_v3.csv,CLAIM_EVIDENCE_MATRIX_v3.csv,.csv,24351,63e381ebae6d0dbecad81b9875e8d866366e9c989523f4e74893d75cd0af8e34,,True,SUPPORTING,KEEP,research-os/janus_n17_upstream_strengthening/CLAIM_EVIDENCE_MATRIX_v3.csv,"Research OS evidence, code, data, audit, or provenance artifact.",OK
janus_n17_upstream_strengthening/CLAIM_EVIDENCE_MATRIX_v3.md,CLAIM_EVIDENCE_MATRIX_v3.md,.md,55875,2096c54f1021f8ade7a325f6610e65c311ed54d6e2bb70cdab1a8fd1d798dacd,,True,SUPPORTING,KEEP,research-os/janus_n17_upstream_strengthening/CLAIM_EVIDENCE_MATRIX_v3.md,"Research OS evidence, code, data, audit, or provenance artifact.",OK
janus_n17_upstream_strengthening/Janus_MoSSe_ClaimEvidenceMatrix_v3.xlsx,Janus_MoSSe_ClaimEvidenceMatrix_v3.xlsx,.xlsx,23913,f389dac81936a2d5db5c6ee1de08c262c9a9c88e329c8497031d4bfabced6bd9,,True,SUPPORTING,KEEP,research-os/janus_n17_upstream_strengthening/Janus_MoSSe_ClaimEvidenceMatrix_v3.xlsx,"Research OS evidence, code, data, audit, or provenance artifact.",OK
janus_n17_upstream_strengthening/Janus_MoSSe_UpstreamStrengthened_Manuscript_v5.docx,Janus_MoSSe_UpstreamStrengthened_Manuscript_v5.docx,.docx,3855279,b2eda969a904d7bdd5de6a38a8e0b15ac353ec29d14a7bcaadfd35f43e1fcfa4,,True,LEGACY,ARCHIVE,archive/legacy/janus_n17_upstream_strengthening/Janus_MoSSe_UpstreamStrengthened_Manuscript_v5.docx,"Superseded draft/config/output retained for provenance, not current authority.",OK
janus_n17_upstream_strengthening/Janus_MoSSe_UpstreamStrengthened_SI_v5.docx,Janus_MoSSe_UpstreamStrengthened_SI_v5.docx,.docx,51680,c53f80385e83bd6a3b14e1af5761dad35c7859d826658632d5588c6eaf460ce6,,True,LEGACY,ARCHIVE,archive/legacy/janus_n17_upstream_strengthening/Janus_MoSSe_UpstreamStrengthened_SI_v5.docx,"Superseded draft/config/output retained for provenance, not current authority.",OK
janus_n17_upstream_strengthening/N16_FIVE_REVIEWER_ACTION_REGISTER.csv,N16_FIVE_REVIEWER_ACTION_REGISTER.csv,.csv,922,2596d5076eb2f55f9bf5613acf089a9038ccff3f93a4b1c24bbf2e36331cea0a,DUP-0128,True,SUPPORTING,KEEP,research-os/janus_n17_upstream_strengthening/N16_FIVE_REVIEWER_ACTION_REGISTER.csv,"Research OS evidence, code, data, audit, or provenance artifact.",OK
janus_n17_upstream_strengthening/N17_GATE_SUMMARY.json,N17_GATE_SUMMARY.json,.json,491,ee9e2a9b453175b24b5f5bbe167b60ccefda440e2adb0a89af0f474ad3f861b2,,True,SUPPORTING,KEEP,research-os/janus_n17_upstream_strengthening/N17_GATE_SUMMARY.json,"Research OS evidence, code, data, audit, or provenance artifact.",OK
janus_n17_upstream_strengthening/N17_ISSUE_REGISTER.csv,N17_ISSUE_REGISTER.csv,.csv,1208,bd31451f218505e5c8c8a2496e8505a5bfd12417c8c32818919a582c28c7f8dc,,True,SUPPORTING,KEEP,research-os/janus_n17_upstream_strengthening/N17_ISSUE_REGISTER.csv,"Research OS evidence, code, data, audit, or provenance artifact.",OK
janus_n17_upstream_strengthening/N17_UPSTREAM_STRENGTHENING_REPORT.md,N17_UPSTREAM_STRENGTHENING_REPORT.md,.md,3377,9f12658873a4ca6b40168bdc0da091d43ec345f1d0c8e823827edb6a7096de9c,,True,SUPPORTING,KEEP,research-os/janus_n17_upstream_strengthening/N17_UPSTREAM_STRENGTHENING_REPORT.md,"Research OS evidence, code, data, audit, or provenance artifact.",OK
janus_n17_upstream_strengthening/N17_UpstreamStrengthening_Bundle.zip,N17_UpstreamStrengthening_Bundle.zip,.zip,3958913,15b0914f12d233993e353a5626c3b15eba0c187fa04959f836ae2dcc0735021a,,True,ARCHIVE_BUNDLE,ARCHIVE,research-os/janus_n17_upstream_strengthening/N17_UpstreamStrengthening_Bundle.zip,Historical bundle; contents may also exist unpacked.,OK
janus_n17_upstream_strengthening/apply_n17_targeted_revision.py,apply_n17_targeted_revision.py,.py,13670,f83084e877b7120645b1b2ee90e71f1a609ae11f5eb561624fe848a713181823,,True,SUPPORTING,KEEP,research-os/janus_n17_upstream_strengthening/apply_n17_targeted_revision.py,"Research OS evidence, code, data, audit, or provenance artifact.",OK
janus_n17_upstream_strengthening/fix_si_layout.py,fix_si_layout.py,.py,1763,7d75a19c3c300ba1fac2c1686f472ab5435b7cb7a3aca70bc4527af0285c1ebe,,True,SUPPORTING,KEEP,research-os/janus_n17_upstream_strengthening/fix_si_layout.py,"Research OS evidence, code, data, audit, or provenance artifact.",OK
janus_n17_upstream_strengthening/fr_m01_published_precision_dynamics.csv,fr_m01_published_precision_dynamics.csv,.csv,935,aba35e460430816e3cede4c2ced428484827f9e81f4eceb1e43f55b2a446d1fc,,True,SUPPORTING,KEEP,research-os/janus_n17_upstream_strengthening/fr_m01_published_precision_dynamics.csv,"Research OS evidence, code, data, audit, or provenance artifact.",OK
janus_n17_upstream_strengthening/fr_m01_published_precision_ensemble.py,fr_m01_published_precision_ensemble.py,.py,6632,411189cdc6772e3383c00e85cd71533056a147b2a81d54075b7cde9c9b97e709,,True,SUPPORTING,KEEP,research-os/janus_n17_upstream_strengthening/fr_m01_published_precision_ensemble.py,"Research OS evidence, code, data, audit, or provenance artifact.",OK
janus_n17_upstream_strengthening/fr_m01_published_precision_gradients.csv,fr_m01_published_precision_gradients.csv,.csv,1455,95f22bae5e107223be216b980490aec867d8a0f9f890bc6b675ff58bb57482e1,,True,SUPPORTING,KEEP,research-os/janus_n17_upstream_strengthening/fr_m01_published_precision_gradients.csv,"Research OS evidence, code, data, audit, or provenance artifact.",OK
janus_n17_upstream_strengthening/fr_m01_published_precision_static.csv,fr_m01_published_precision_static.csv,.csv,5429,1cea49fd2929936ed8b7db6511864c961f69db520ee78fe6cc2a6272efe42c98,,True,SUPPORTING,KEEP,research-os/janus_n17_upstream_strengthening/fr_m01_published_precision_static.csv,"Research OS evidence, code, data, audit, or provenance artifact.",OK
janus_n17_upstream_strengthening/fr_m01_published_precision_summary.json,fr_m01_published_precision_summary.json,.json,1580,8d3f8c45ed51784241a645fc6bfcdb60232ba55eb5b9ca3bbb479cdfa0de7fcf,,True,SUPPORTING,KEEP,research-os/janus_n17_upstream_strengthening/fr_m01_published_precision_summary.json,"Research OS evidence, code, data, audit, or provenance artifact.",OK
janus_n17_upstream_strengthening/fr_m02_drivepoint_summary.csv,fr_m02_drivepoint_summary.csv,.csv,951,f25ca4a2b7eb38b678562f3b1aa7c306231586c0b09ee56570a5f7820bdaac83,,True,SUPPORTING,KEEP,research-os/janus_n17_upstream_strengthening/fr_m02_drivepoint_summary.csv,"Research OS evidence, code, data, audit, or provenance artifact.",OK
janus_n17_upstream_strengthening/fr_m02_joint_gamma_drive_map.csv,fr_m02_joint_gamma_drive_map.csv,.csv,6972,e2a9cb7f3d404f4c204141a13bead7603d5b8108b0e03d86f5be30308163293f,,True,SUPPORTING,KEEP,research-os/janus_n17_upstream_strengthening/fr_m02_joint_gamma_drive_map.csv,"Research OS evidence, code, data, audit, or provenance artifact.",OK
janus_n17_upstream_strengthening/fr_m02_joint_gamma_drive_map.py,fr_m02_joint_gamma_drive_map.py,.py,4224,b0a5b83a8e004c3525232ad56b7fbfd1fe8510433704e4c29b7cd6884fcbb4ab,,True,SUPPORTING,KEEP,research-os/janus_n17_upstream_strengthening/fr_m02_joint_gamma_drive_map.py,"Research OS evidence, code, data, audit, or provenance artifact.",OK
janus_n17_upstream_strengthening/fr_m02_joint_gamma_drive_summary.json,fr_m02_joint_gamma_drive_summary.json,.json,683,2270f29335d925a18b1f829b0b7c4a8b613ce9868cec5e7ca4251c71462b6285,,True,SUPPORTING,KEEP,research-os/janus_n17_upstream_strengthening/fr_m02_joint_gamma_drive_summary.json,"Research OS evidence, code, data, audit, or provenance artifact.",OK
janus_n17_upstream_strengthening/fr_s01_full_pool_targets.csv,fr_s01_full_pool_targets.csv,.csv,378,a58250e4f61aa9cbb252f6014c85faa46177d27b67257afb3e9e956311bf16dc,,True,SUPPORTING,KEEP,research-os/janus_n17_upstream_strengthening/fr_s01_full_pool_targets.csv,"Research OS evidence, code, data, audit, or provenance artifact.",OK
janus_n17_upstream_strengthening/fr_s01_thermal_n_convergence.csv,fr_s01_thermal_n_convergence.csv,.csv,4777,61314ecaac62db2b8752d8c66a69b6390e73f5de9696e55349882d96da4157a8,,True,SUPPORTING,KEEP,research-os/janus_n17_upstream_strengthening/fr_s01_thermal_n_convergence.csv,"Research OS evidence, code, data, audit, or provenance artifact.",OK
janus_n17_upstream_strengthening/fr_s01_thermal_n_convergence.py,fr_s01_thermal_n_convergence.py,.py,2971,68291b76fb5eacb2b71e8db22ec478c5ead5a75d00d9cb2158d24ec46473a3b6,,True,SUPPORTING,KEEP,research-os/janus_n17_upstream_strengthening/fr_s01_thermal_n_convergence.py,"Research OS evidence, code, data, audit, or provenance artifact.",OK
janus_n17_upstream_strengthening/fr_s01_thermal_n_convergence_summary.json,fr_s01_thermal_n_convergence_summary.json,.json,701,80e6c3b28142f30eefd1fbd11fd0d0647349fee43ac1210274230806844df8e1,,True,SUPPORTING,KEEP,research-os/janus_n17_upstream_strengthening/fr_s01_thermal_n_convergence_summary.json,"Research OS evidence, code, data, audit, or provenance artifact.",OK
janus_n17_upstream_strengthening/fr_s01_thermal_precision_decision_summary.csv,fr_s01_thermal_precision_decision_summary.csv,.csv,211,94fb193efc9104124b924e1d6edbcae6ba930e1208b531a481e411419cc246cf,,True,SUPPORTING,KEEP,research-os/janus_n17_upstream_strengthening/fr_s01_thermal_precision_decision_summary.csv,"Research OS evidence, code, data, audit, or provenance artifact.",OK
janus_n17_upstream_strengthening/render_main/Janus_MoSSe_UpstreamStrengthened_Manuscript_v5.pdf,Janus_MoSSe_UpstreamStrengthened_Manuscript_v5.pdf,.pdf,1531288,b2864e9c66a25cc6f68cb26f115f9a6a58fd2ed7e08243514c776cefd83e4128,,True,EPHEMERAL_QA,EXCLUDE,,Rendered page/QA-only intermediate; reproducible from source document.,OK
janus_n17_upstream_strengthening/render_main/page-1.png,page-1.png,.png,604248,566fb0c299192261ba5bfceef96d878cd7a35249790975087aead578e60b31bd,DUP-0299,False,EPHEMERAL_QA,EXCLUDE,,Rendered page/QA-only intermediate; reproducible from source document.,OK
janus_n17_upstream_strengthening/render_main/page-10.png,page-10.png,.png,612445,1953f67801b18fed424741711ced07dc46cc3ad539a1d14ded3a37adbebe61da,,True,EPHEMERAL_QA,EXCLUDE,,Rendered page/QA-only intermediate; reproducible from source document.,OK
janus_n17_upstream_strengthening/render_main/page-11.png,page-11.png,.png,563392,a090e64f12989eeaf7763cad6fe77aa1267985b96c7202a56656d59285e1c108,,True,EPHEMERAL_QA,EXCLUDE,,Rendered page/QA-only intermediate; reproducible from source document.,OK
janus_n17_upstream_strengthening/render_main/page-12.png,page-12.png,.png,494441,9cf274990e92622f206309489d7c4afe78103947661aeb4ca544fb56a563471f,,True,EPHEMERAL_QA,EXCLUDE,,Rendered page/QA-only intermediate; reproducible from source document.,OK
janus_n17_upstream_strengthening/render_main/page-13.png,page-13.png,.png,647627,2d7db66284dae3fd1fece2ed8739a034042992ce769553353291113e17e25ad9,,True,EPHEMERAL_QA,EXCLUDE,,Rendered page/QA-only intermediate; reproducible from source document.,OK
janus_n17_upstream_strengthening/render_main/page-14.png,page-14.png,.png,662263,d1b310b3b0241448be859ef1e0de12076e4f5b5cadb3fa49734652f7d35ed03a,,True,EPHEMERAL_QA,EXCLUDE,,Rendered page/QA-only intermediate; reproducible from source document.,OK
janus_n17_upstream_strengthening/render_main/page-15.png,page-15.png,.png,659996,617fe86f22ce3ae5471617a3a2c3df3e469e777f4aaefc5e3a45509e0964f4c5,,True,EPHEMERAL_QA,EXCLUDE,,Rendered page/QA-only intermediate; reproducible from source document.,OK
janus_n17_upstream_strengthening/render_main/page-16.png,page-16.png,.png,397556,857e53f6da3cf104cf28b64d950cd8a26e97d43167235d02634a414c0bd4e02b,DUP-0465,True,EPHEMERAL_QA,EXCLUDE,,Rendered page/QA-only intermediate; reproducible from source document.,OK
janus_n17_upstream_strengthening/render_main/page-2.png,page-2.png,.png,578604,cf8adadbae1329e7c5bb79098f09b78729dd4bcf44cfa9abd2673c535149b22b,,True,EPHEMERAL_QA,EXCLUDE,,Rendered page/QA-only intermediate; reproducible from source document.,OK
janus_n17_upstream_strengthening/render_main/page-3.png,page-3.png,.png,586045,48eb07fb653e9432c6c44bcadb0a2a2d6c23ce513a53759f77508539df3e53ce,,True,EPHEMERAL_QA,EXCLUDE,,Rendered page/QA-only intermediate; reproducible from source document.,OK
janus_n17_upstream_strengthening/render_main/page-4.png,page-4.png,.png,613743,e3206fecd3a9b80899ca80b8db3b005e99b8461b62139c6f7798e5342db51807,,True,EPHEMERAL_QA,EXCLUDE,,Rendered page/QA-only intermediate; reproducible from source document.,OK
janus_n17_upstream_strengthening/render_main/page-5.png,page-5.png,.png,432928,3d12b5062bd529382dc3f8179ad008a3122fb3dd405c34fac02f4bd75fd2e7f2,,True,EPHEMERAL_QA,EXCLUDE,,Rendered page/QA-only intermediate; reproducible from source document.,OK
janus_n17_upstream_strengthening/render_main/page-6.png,page-6.png,.png,748984,ae4f4cf5230a572a91b3b7dba5d9f4279f37139ce90fd3cdc9301d80b4093b66,,True,EPHEMERAL_QA,EXCLUDE,,Rendered page/QA-only intermediate; reproducible from source document.,OK
janus_n17_upstream_strengthening/render_main/page-7.png,page-7.png,.png,366018,2c9e558f505b66642d0cbd0ceee0d04af7f0f4eb2ec1bc8bbe705016873463ef,,True,EPHEMERAL_QA,EXCLUDE,,Rendered page/QA-only intermediate; reproducible from source document.,OK
janus_n17_upstream_strengthening/render_main/page-8.png,page-8.png,.png,458645,77825a3c67d39980849aeb1a2ceefbeb12bda5054c00e41845661011cdf1c4c1,,True,EPHEMERAL_QA,EXCLUDE,,Rendered page/QA-only intermediate; reproducible from source document.,OK
janus_n17_upstream_strengthening/render_main/page-9.png,page-9.png,.png,638304,e64e9a8052d3e5cab337af8c1e76cf9b41e753d21bd7064e1a182953f1668a81,,True,EPHEMERAL_QA,EXCLUDE,,Rendered page/QA-only intermediate; reproducible from source document.,OK
janus_n17_upstream_strengthening/render_si/Janus_MoSSe_UpstreamStrengthened_SI_v5.pdf,Janus_MoSSe_UpstreamStrengthened_SI_v5.pdf,.pdf,306137,acddd2534ea2ab8d0048d3b97912ca7e2bed799c65e42b1db9e2c5d252f12520,,True,EPHEMERAL_QA,EXCLUDE,,Rendered page/QA-only intermediate; reproducible from source document.,OK
janus_n17_upstream_strengthening/render_si/page-1.png,page-1.png,.png,622090,2c51fb25d9bb322468aa7aa8aedd4d138b37d9c66ea23810a56b9ef797497c84,DUP-0150,True,EPHEMERAL_QA,EXCLUDE,,Rendered page/QA-only intermediate; reproducible from source document.,OK
janus_n17_upstream_strengthening/render_si/page-2.png,page-2.png,.png,503832,a59d10be1320a4b6d07ad809f1b02cac1f483328ce79b022807012835998c6c7,DUP-0566,True,EPHEMERAL_QA,EXCLUDE,,Rendered page/QA-only intermediate; reproducible from source document.,OK
janus_n17_upstream_strengthening/render_si/page-3.png,page-3.png,.png,535615,be2141797d310ac7cabdd9a4ad20932c728381389a1f7e01ccc35daf251d57e8,,True,EPHEMERAL_QA,EXCLUDE,,Rendered page/QA-only intermediate; reproducible from source document.,OK
janus_n17_upstream_strengthening/render_si/page-4.png,page-4.png,.png,69753,98a3647c002126f3048c1ca660f6ce2257339529782fb1b86324fbe25588e245,,True,EPHEMERAL_QA,EXCLUDE,,Rendered page/QA-only intermediate; reproducible from source document.,OK
janus_n17_upstream_strengthening/render_si/page-5.png,page-5.png,.png,581110,1cb9ad8fbd4672abd11b38506224b9c6fa4e0092c1519c2cfbab7867d3928040,,True,EPHEMERAL_QA,EXCLUDE,,Rendered page/QA-only intermediate; reproducible from source document.,OK
janus_n17_upstream_strengthening/render_si/page-6.png,page-6.png,.png,468793,ca79a9e1168898e37176bc5a0792155d71bd0e7f486e50d114bc7bdb673428a7,,True,EPHEMERAL_QA,EXCLUDE,,Rendered page/QA-only intermediate; reproducible from source document.,OK
janus_n17_upstream_strengthening/render_si_final/Janus_MoSSe_UpstreamStrengthened_SI_v5.pdf,Janus_MoSSe_UpstreamStrengthened_SI_v5.pdf,.pdf,307245,de4744612d9ef8ce4069c7222a770737ce2587e46085d3104e88a8f9d2a6a9c2,,True,EPHEMERAL_QA,EXCLUDE,,Rendered page/QA-only intermediate; reproducible from source document.,OK
janus_n17_upstream_strengthening/render_si_final/page-1.png,page-1.png,.png,622090,2c51fb25d9bb322468aa7aa8aedd4d138b37d9c66ea23810a56b9ef797497c84,DUP-0150,False,EPHEMERAL_QA,EXCLUDE,,Rendered page/QA-only intermediate; reproducible from source document.,OK
janus_n17_upstream_strengthening/render_si_final/page-2.png,page-2.png,.png,503832,a59d10be1320a4b6d07ad809f1b02cac1f483328ce79b022807012835998c6c7,DUP-0566,False,EPHEMERAL_QA,EXCLUDE,,Rendered page/QA-only intermediate; reproducible from source document.,OK
janus_n17_upstream_strengthening/render_si_final/page-3.png,page-3.png,.png,480138,3a8c1b537379f803b7ba36f7a3764af8962c59dd98649399667b5bef50838659,DUP-0203,True,EPHEMERAL_QA,EXCLUDE,,Rendered page/QA-only intermediate; reproducible from source document.,OK
janus_n17_upstream_strengthening/render_si_final/page-4.png,page-4.png,.png,507432,0d9a9ccf908ece2e0e043fac62a094c70452cbb2b119d698730eab21ba9a9f06,DUP-0046,True,EPHEMERAL_QA,EXCLUDE,,Rendered page/QA-only intermediate; reproducible from source document.,OK
janus_n17_upstream_strengthening/render_si_final/page-5.png,page-5.png,.png,617851,b2c40fc218a1c5a58fef5bf6f1e8dbe8bd13aec781025f3cb577c29d551bdbe6,,True,EPHEMERAL_QA,EXCLUDE,,Rendered page/QA-only intermediate; reproducible from source document.,OK
janus_n17_upstream_strengthening/render_si_final/page-6.png,page-6.png,.png,49251,49d0c10d6a571a3c77345b1464a0c8e229514962f2bf4f2a14e9e0e8df19abbb,,True,EPHEMERAL_QA,EXCLUDE,,Rendered page/QA-only intermediate; reproducible from source document.,OK
janus_n17_upstream_strengthening/render_si_final2/Janus_MoSSe_UpstreamStrengthened_SI_v5.pdf,Janus_MoSSe_UpstreamStrengthened_SI_v5.pdf,.pdf,307341,a2e0e58d236c351c4877cf25b695de1a008f27aaeedcd2c8f2027be0e3fb8915,,True,EPHEMERAL_QA,EXCLUDE,,Rendered page/QA-only intermediate; reproducible from source document.,OK
janus_n17_upstream_strengthening/render_si_final2/page-1.png,page-1.png,.png,622090,2c51fb25d9bb322468aa7aa8aedd4d138b37d9c66ea23810a56b9ef797497c84,DUP-0150,False,EPHEMERAL_QA,EXCLUDE,,Rendered page/QA-only intermediate; reproducible from source document.,OK
janus_n17_upstream_strengthening/render_si_final2/page-2.png,page-2.png,.png,503832,a59d10be1320a4b6d07ad809f1b02cac1f483328ce79b022807012835998c6c7,DUP-0566,False,EPHEMERAL_QA,EXCLUDE,,Rendered page/QA-only intermediate; reproducible from source document.,OK
janus_n17_upstream_strengthening/render_si_final2/page-3.png,page-3.png,.png,480138,3a8c1b537379f803b7ba36f7a3764af8962c59dd98649399667b5bef50838659,DUP-0203,False,EPHEMERAL_QA,EXCLUDE,,Rendered page/QA-only intermediate; reproducible from source document.,OK
janus_n17_upstream_strengthening/render_si_final2/page-4.png,page-4.png,.png,507432,0d9a9ccf908ece2e0e043fac62a094c70452cbb2b119d698730eab21ba9a9f06,DUP-0046,False,EPHEMERAL_QA,EXCLUDE,,Rendered page/QA-only intermediate; reproducible from source document.,OK
janus_n17_upstream_strengthening/render_si_final2/page-5.png,page-5.png,.png,431153,cd97ad7ecb35fdbb327608018b401f15269c2f99dc6fb446463aaf7862500e15,,True,EPHEMERAL_QA,EXCLUDE,,Rendered page/QA-only intermediate; reproducible from source document.,OK
janus_n17_upstream_strengthening/render_si_final2/page-6.png,page-6.png,.png,236441,d5c62beb0c43c0babe93ba20e138cc628e0e3c8ed7c4f39a2a4e55913f9be13a,,True,EPHEMERAL_QA,EXCLUDE,,Rendered page/QA-only intermediate; reproducible from source document.,OK
janus_n17_upstream_strengthening/render_si_fixed/Janus_MoSSe_UpstreamStrengthened_SI_v5.pdf,Janus_MoSSe_UpstreamStrengthened_SI_v5.pdf,.pdf,306914,203fcae39fc0cf8fea2dc76939431d80f5eef218681f7976cfa8dfebbf8a8753,,True,EPHEMERAL_QA,EXCLUDE,,Rendered page/QA-only intermediate; reproducible from source document.,OK
janus_n17_upstream_strengthening/render_si_fixed/page-1.png,page-1.png,.png,622090,2c51fb25d9bb322468aa7aa8aedd4d138b37d9c66ea23810a56b9ef797497c84,DUP-0150,False,EPHEMERAL_QA,EXCLUDE,,Rendered page/QA-only intermediate; reproducible from source document.,OK
janus_n17_upstream_strengthening/render_si_fixed/page-2.png,page-2.png,.png,503832,a59d10be1320a4b6d07ad809f1b02cac1f483328ce79b022807012835998c6c7,DUP-0566,False,EPHEMERAL_QA,EXCLUDE,,Rendered page/QA-only intermediate; reproducible from source document.,OK
janus_n17_upstream_strengthening/render_si_fixed/page-3.png,page-3.png,.png,480138,3a8c1b537379f803b7ba36f7a3764af8962c59dd98649399667b5bef50838659,DUP-0203,False,EPHEMERAL_QA,EXCLUDE,,Rendered page/QA-only intermediate; reproducible from source document.,OK
janus_n17_upstream_strengthening/render_si_fixed/page-4.png,page-4.png,.png,116789,ecf6beee2aace4d6ca70047fd38da966edfa24a628e0c814dd8641cd11e155c1,,True,EPHEMERAL_QA,EXCLUDE,,Rendered page/QA-only intermediate; reproducible from source document.,OK
janus_n17_upstream_strengthening/render_si_fixed/page-5.png,page-5.png,.png,490811,3ce6f5817c41ad5dad1972dccdd4ab3a24018e8b11cf5bdcf25c46710a910a1e,,True,EPHEMERAL_QA,EXCLUDE,,Rendered page/QA-only intermediate; reproducible from source document.,OK
janus_n17_upstream_strengthening/render_si_fixed/page-6.png,page-6.png,.png,558688,da298682d465fdd72ae196a9ff0829220ac20467b6b500601cc6f80a7915bb47,,True,EPHEMERAL_QA,EXCLUDE,,Rendered page/QA-only intermediate; reproducible from source document.,OK
janus_n18_publication_figures/Janus_MoSSe_PublicationFigure_Manuscript_v6.docx,Janus_MoSSe_PublicationFigure_Manuscript_v6.docx,.docx,4353851,c8814c775ee82dc3bbe1ba5cac194360ae93c798bb82a6ba36324da46cb629ee,,True,LEGACY,ARCHIVE,figures/publication/Janus_MoSSe_PublicationFigure_Manuscript_v6.docx,"Superseded draft/config/output retained for provenance, not current authority.",OK
janus_n18_publication_figures/Janus_MoSSe_PublicationFigure_Manuscript_v7.docx,Janus_MoSSe_PublicationFigure_Manuscript_v7.docx,.docx,4353860,1478d9c305ce054090c018265dd48cc4a7623c1a4767508462980eee81251b0a,,True,CURRENT,KEEP,figures/publication/Janus_MoSSe_PublicationFigure_Manuscript_v7.docx,Current submission/publication authority or current QA record.,OK
janus_n18_publication_figures/Janus_MoSSe_PublicationFigure_SI_v4.docx,Janus_MoSSe_PublicationFigure_SI_v4.docx,.docx,50606,04a5753b71bad758080496410969da740673a50b442fb50ed268a9257ad52f91,DUP-0013,True,LEGACY,ARCHIVE,figures/publication/Janus_MoSSe_PublicationFigure_SI_v4.docx,"Superseded draft/config/output retained for provenance, not current authority.",OK
janus_n18_publication_figures/N18_PublicationFigure_AuditBundle.zip,N18_PublicationFigure_AuditBundle.zip,.zip,11386552,7da6f5f196b9192faf18c4021c74c914b0393a9c2d50c4412e9b21784c8bd1ad,,True,ARCHIVE_BUNDLE,ARCHIVE,figures/publication/N18_PublicationFigure_AuditBundle.zip,Historical bundle; contents may also exist unpacked.,OK
janus_n18_publication_figures/README_ARTWORK_HANDOFF.md,README_ARTWORK_HANDOFF.md,.md,839,79e5f38ff540a9627c95993d86b01830cdaecf8b6906564045464bd42f733e9d,,True,SUPPORTING,KEEP,figures/publication/README_ARTWORK_HANDOFF.md,"Research OS evidence, code, data, audit, or provenance artifact.",OK
janus_n18_publication_figures/SHA256SUMS.txt,SHA256SUMS.txt,.txt,4437,b7e48b3dd9a1ca302b90b26e8329cf0a98b32c2999d4a75d14efa90b4ece7bc9,,True,SUPPORTING,KEEP,figures/publication/SHA256SUMS.txt,"Research OS evidence, code, data, audit, or provenance artifact.",OK
janus_n18_publication_figures/figures/Figure_1_symmetry_contracts.eps,Figure_1_symmetry_contracts.eps,.eps,930836,e323a5241525b4174004378247969467e3769d7830d00ab47403cba7a61f7379,DUP-0765,False,EXACT_DUPLICATE,EXCLUDE,,Exact SHA-256 duplicate; keep preferred copy in DUP-0765.,OK
janus_n18_publication_figures/figures/Figure_1_symmetry_contracts.png,Figure_1_symmetry_contracts.png,.png,591999,78983e66b36f9d8e34b5b278c747dacc3853ddd74041d3d77f03baef32a71a78,DUP-0418,False,EXACT_DUPLICATE,EXCLUDE,,Exact SHA-256 duplicate; keep preferred copy in DUP-0418.,OK
janus_n18_publication_figures/figures/Figure_1_symmetry_contracts.svg,Figure_1_symmetry_contracts.svg,.svg,900004,73701f66b5b6335819b7715eb8b993871f9e7325eb779f5265bf048e918a9fb3,DUP-0403,False,EXACT_DUPLICATE,EXCLUDE,,Exact SHA-256 duplicate; keep preferred copy in DUP-0403.,OK
janus_n18_publication_figures/figures/Figure_1_symmetry_contracts.tif,Figure_1_symmetry_contracts.tif,.tif,1368896,f76df52a0ade6a794b655eea93ffa9acd4e3b5aef68cc12bd28f6e9a94b07193,DUP-0828,False,EXACT_DUPLICATE,EXCLUDE,,Exact SHA-256 duplicate; keep preferred copy in DUP-0828.,OK
janus_n18_publication_figures/figures/Figure_2_branch_resolved_depinning.eps,Figure_2_branch_resolved_depinning.eps,.eps,102502,702c7df4c95b846a7182cb851e2f32ef747bb1396a3f2fb512805fd1083b7476,DUP-0390,False,EXACT_DUPLICATE,EXCLUDE,,Exact SHA-256 duplicate; keep preferred copy in DUP-0390.,OK
janus_n18_publication_figures/figures/Figure_2_branch_resolved_depinning.png,Figure_2_branch_resolved_depinning.png,.png,500552,7fc2cc1849fdb34cc963bfdf8026efc8afc701d2ac661e64c04b06ec4ce789c5,DUP-0442,False,EXACT_DUPLICATE,EXCLUDE,,Exact SHA-256 duplicate; keep preferred copy in DUP-0442.,OK
janus_n18_publication_figures/figures/Figure_2_branch_resolved_depinning.svg,Figure_2_branch_resolved_depinning.svg,.svg,64968,c82fd74dc6ed6253c6d11a992c616a9178b57c3caf39abc2981783930ad74dc2,DUP-0682,False,EXACT_DUPLICATE,EXCLUDE,,Exact SHA-256 duplicate; keep preferred copy in DUP-0682.,OK
janus_n18_publication_figures/figures/Figure_2_branch_resolved_depinning.tif,Figure_2_branch_resolved_depinning.tif,.tif,675368,2598bb850125edcb56b7371fbffa43e1892d836dfc95fe39e0f9b5e303e25adc,DUP-0129,False,EXACT_DUPLICATE,EXCLUDE,,Exact SHA-256 duplicate; keep preferred copy in DUP-0129.,OK
janus_n18_publication_figures/figures/Figure_3_extended_size_shape_similarity.eps,Figure_3_extended_size_shape_similarity.eps,.eps,113395,5f136d10b0fbc37d98d23ca95faf55b8290eba3256e43eb6451e31cef3bf919e,DUP-0328,False,EXACT_DUPLICATE,EXCLUDE,,Exact SHA-256 duplicate; keep preferred copy in DUP-0328.,OK
janus_n18_publication_figures/figures/Figure_3_extended_size_shape_similarity.png,Figure_3_extended_size_shape_similarity.png,.png,619642,9798acd7cc8752feb6af8d81bf5c4e917c79b9f87d7ec988eb1914b9d8361efe,DUP-0514,False,EXACT_DUPLICATE,EXCLUDE,,Exact SHA-256 duplicate; keep preferred copy in DUP-0514.,OK
janus_n18_publication_figures/figures/Figure_3_extended_size_shape_similarity.svg,Figure_3_extended_size_shape_similarity.svg,.svg,73294,1c00a875ed0ac30f361ea7d8be76f6c917132c3d148c304e3869a27d84d2ae91,DUP-0093,False,EXACT_DUPLICATE,EXCLUDE,,Exact SHA-256 duplicate; keep preferred copy in DUP-0093.,OK
janus_n18_publication_figures/figures/Figure_3_extended_size_shape_similarity.tif,Figure_3_extended_size_shape_similarity.tif,.tif,807512,e43840fb92eb42daee06f3635d45e3f33a6b3efdae775254a2bb45b2d8591a14,DUP-0772,False,EXACT_DUPLICATE,EXCLUDE,,Exact SHA-256 duplicate; keep preferred copy in DUP-0772.,OK
janus_n18_publication_figures/figures/Figure_4_boundary_registry_switching.eps,Figure_4_boundary_registry_switching.eps,.eps,108374,4414efa5a28fdbf2d75551a31b6db7bdf2ac44aec8422e4ec5be6a5a97c40e59,DUP-0235,False,EXACT_DUPLICATE,EXCLUDE,,Exact SHA-256 duplicate; keep preferred copy in DUP-0235.,OK
janus_n18_publication_figures/figures/Figure_4_boundary_registry_switching.png,Figure_4_boundary_registry_switching.png,.png,569015,9eb4f2e7fbadc1dc3089ca72008430014657f440c8c606f0f976f9c630904b82,DUP-0540,False,EXACT_DUPLICATE,EXCLUDE,,Exact SHA-256 duplicate; keep preferred copy in DUP-0540.,OK
janus_n18_publication_figures/figures/Figure_4_boundary_registry_switching.svg,Figure_4_boundary_registry_switching.svg,.svg,69705,9fe9726ae96a0db4b542d83cdede5e16f83dc2a65ef184de6a088fc791b05e47,DUP-0547,False,EXACT_DUPLICATE,EXCLUDE,,Exact SHA-256 duplicate; keep preferred copy in DUP-0547.,OK
janus_n18_publication_figures/figures/Figure_4_boundary_registry_switching.tif,Figure_4_boundary_registry_switching.tif,.tif,712842,7001c846195872f65ad409c7147a0381efa90e25e83ae3486a2bd2a0cb89acf8,DUP-0389,False,EXACT_DUPLICATE,EXCLUDE,,Exact SHA-256 duplicate; keep preferred copy in DUP-0389.,OK
janus_n18_publication_figures/figures/Figure_5_vector_mode_map_floquet.eps,Figure_5_vector_mode_map_floquet.eps,.eps,700854,7591fecc7a2dcdc33743e7f4ea51d5c2c2012c5efbe7de50a90ac166b572ade1,DUP-0410,False,EXACT_DUPLICATE,EXCLUDE,,Exact SHA-256 duplicate; keep preferred copy in DUP-0410.,OK
janus_n18_publication_figures/figures/Figure_5_vector_mode_map_floquet.png,Figure_5_vector_mode_map_floquet.png,.png,364507,4e20599f45316c220e8c773e2e02294b4972751a9c656351632d35a9bbd91657,DUP-0273,False,EXACT_DUPLICATE,EXCLUDE,,Exact SHA-256 duplicate; keep preferred copy in DUP-0273.,OK
janus_n18_publication_figures/figures/Figure_5_vector_mode_map_floquet.svg,Figure_5_vector_mode_map_floquet.svg,.svg,86492,1e3671e015d0038f8e5b13dc26a1d087ce5a956603e9429d5ade81139e37d782,DUP-0104,False,EXACT_DUPLICATE,EXCLUDE,,Exact SHA-256 duplicate; keep preferred copy in DUP-0104.,OK
janus_n18_publication_figures/figures/Figure_5_vector_mode_map_floquet.tif,Figure_5_vector_mode_map_floquet.tif,.tif,1109270,b1bd679881357a41d15165c8d4381af288ec51e6015b36a098fd21394406ea0b,DUP-0605,False,EXACT_DUPLICATE,EXCLUDE,,Exact SHA-256 duplicate; keep preferred copy in DUP-0605.,OK
janus_n18_publication_figures/figures/Figure_6_thermal_stationary_hierarchy.eps,Figure_6_thermal_stationary_hierarchy.eps,.eps,95868,964dd655fbcd2c8dfd01b00aae1782a417aae3a607db62b653b62436c5b94b3c,DUP-0508,False,EXACT_DUPLICATE,EXCLUDE,,Exact SHA-256 duplicate; keep preferred copy in DUP-0508.,OK
janus_n18_publication_figures/figures/Figure_6_thermal_stationary_hierarchy.png,Figure_6_thermal_stationary_hierarchy.png,.png,287650,558d1863a8d76cf9871a743cbde4a0f845b1a69553028239033f9d3a38190186,DUP-0295,False,EXACT_DUPLICATE,EXCLUDE,,Exact SHA-256 duplicate; keep preferred copy in DUP-0295.,OK
janus_n18_publication_figures/figures/Figure_6_thermal_stationary_hierarchy.svg,Figure_6_thermal_stationary_hierarchy.svg,.svg,55309,6446da7297453fb26a7c2936802f6ae6fb67378bd359b7d6bb518ab63fd88050,DUP-0351,False,EXACT_DUPLICATE,EXCLUDE,,Exact SHA-256 duplicate; keep preferred copy in DUP-0351.,OK
janus_n18_publication_figures/figures/Figure_6_thermal_stationary_hierarchy.tif,Figure_6_thermal_stationary_hierarchy.tif,.tif,354998,8ea58c142b0ea28cefbc06ded6a1a294c9959624aab43da250a41dccd931e496,DUP-0486,False,EXACT_DUPLICATE,EXCLUDE,,Exact SHA-256 duplicate; keep preferred copy in DUP-0486.,OK
janus_n18_publication_figures/manifests/FIG-01.json,FIG-01.json,.json,3780,0d032520b419ac5fa684d49877991fb05f1bb316ec3143b1e087fa42766d39e3,,True,SUPPORTING,KEEP,figures/publication/manifests/FIG-01.json,"Research OS evidence, code, data, audit, or provenance artifact.",OK
janus_n18_publication_figures/manifests/FIG-02.json,FIG-02.json,.json,3932,bd199d45202d3e9b6fbe1a69c3100fda18610924c4638d566fdde84f97a93985,,True,SUPPORTING,KEEP,figures/publication/manifests/FIG-02.json,"Research OS evidence, code, data, audit, or provenance artifact.",OK
janus_n18_publication_figures/manifests/FIG-03.json,FIG-03.json,.json,3606,e6d2426399ab9a900a25d8d154a3b25c46762052bd1b665a00b41a8f7872c8be,,True,SUPPORTING,KEEP,figures/publication/manifests/FIG-03.json,"Research OS evidence, code, data, audit, or provenance artifact.",OK
janus_n18_publication_figures/manifests/FIG-04.json,FIG-04.json,.json,3759,6a24ccac84fd0d5025e47b127035182015dda0a7c4d53f9990206d7e10d11935,,True,SUPPORTING,KEEP,figures/publication/manifests/FIG-04.json,"Research OS evidence, code, data, audit, or provenance artifact.",OK
janus_n18_publication_figures/manifests/FIG-05.json,FIG-05.json,.json,3601,56a3a0c384a7f70620fb601e07bc3661c7fd890a48869afc6621dba4533ea16b,,True,SUPPORTING,KEEP,figures/publication/manifests/FIG-05.json,"Research OS evidence, code, data, audit, or provenance artifact.",OK
janus_n18_publication_figures/manifests/FIG-06.json,FIG-06.json,.json,4136,4cd68c879b3ff39b4c825c98d0a08ea81280a5e26608151ec6494a34ea03961c,,True,SUPPORTING,KEEP,figures/publication/manifests/FIG-06.json,"Research OS evidence, code, data, audit, or provenance artifact.",OK
janus_n18_publication_figures/qa/ACS_NANO_FIGURE_SET_PREFLIGHT.md,ACS_NANO_FIGURE_SET_PREFLIGHT.md,.md,3723,29ec9adf03e601499b3ec63ac8ec09def9970e94d825e333b29a4cb4dffece32,,True,CURRENT,KEEP,figures/publication/qa/ACS_NANO_FIGURE_SET_PREFLIGHT.md,Current submission/publication authority or current QA record.,OK
janus_n18_publication_figures/qa/FIGURE_SET_QA_REGISTER.csv,FIGURE_SET_QA_REGISTER.csv,.csv,3396,1deb1d7d5506e5661887d73227136f4a139886b4f42caa50c0194491356f5a7a,,True,CURRENT,KEEP,figures/publication/qa/FIGURE_SET_QA_REGISTER.csv,Current submission/publication authority or current QA record.,OK
janus_n18_publication_figures/qa/N18_GATE_SUMMARY.json,N18_GATE_SUMMARY.json,.json,1554,259b5ddb0a88c5ea782b482936fbbd89cd1cb4880826e1860befbb28ef8aafb3,,True,SUPPORTING,KEEP,figures/publication/qa/N18_GATE_SUMMARY.json,"Research OS evidence, code, data, audit, or provenance artifact.",OK
janus_n18_publication_figures/qa/N18_PUBLICATION_FIGURE_AUDIT_REPORT.md,N18_PUBLICATION_FIGURE_AUDIT_REPORT.md,.md,4155,814c13cdd72248777ee47fe495b9151988eb351b0bd310c2baff9fb14e329899,,True,CURRENT,KEEP,figures/publication/qa/N18_PUBLICATION_FIGURE_AUDIT_REPORT.md,Current submission/publication authority or current QA record.,OK
janus_n18_publication_figures/qa/manifest_audit.txt,manifest_audit.txt,.txt,174,5c15d9cf1fa7dcc20fbf2dcc566e5190b9cd245f7c1c7d6f22a22bd789d565df,,True,SUPPORTING,KEEP,figures/publication/qa/manifest_audit.txt,"Research OS evidence, code, data, audit, or provenance artifact.",OK
janus_n18_publication_figures/qa/render.log,render.log,.log,149430,6bacbc884cc69a0acb3d1b028d9fe40fec6ffb5cd8edb9a83699db898ee6c271,,True,EPHEMERAL_QA,EXCLUDE,,Rendered page/QA-only intermediate; reproducible from source document.,OK
janus_n18_publication_figures/render_v6/Janus_MoSSe_PublicationFigure_Manuscript_v6.pdf,Janus_MoSSe_PublicationFigure_Manuscript_v6.pdf,.pdf,1559118,35678d93e21eaf581501dabafd211e0d56eb7f0a2ed28a07acba1ccb41c57537,,True,EPHEMERAL_QA,EXCLUDE,,Rendered page/QA-only intermediate; reproducible from source document.,OK
janus_n18_publication_figures/render_v6/page-1.png,page-1.png,.png,604248,566fb0c299192261ba5bfceef96d878cd7a35249790975087aead578e60b31bd,DUP-0299,True,EPHEMERAL_QA,EXCLUDE,,Rendered page/QA-only intermediate; reproducible from source document.,OK
janus_n18_publication_figures/render_v6/page-10.png,page-10.png,.png,585839,bc1ff9f77b8938242c443aa141e9b9f35b9a0b2eeea67a21eeb6442db6c9b277,DUP-0640,True,EPHEMERAL_QA,EXCLUDE,,Rendered page/QA-only intermediate; reproducible from source document.,OK
janus_n18_publication_figures/render_v6/page-11.png,page-11.png,.png,542173,cc7af07421e2ef229a44badebcc38778c193f4b01ef429271e474186e0e30096,DUP-0696,True,EPHEMERAL_QA,EXCLUDE,,Rendered page/QA-only intermediate; reproducible from source document.,OK
janus_n18_publication_figures/render_v6/page-12.png,page-12.png,.png,555405,bc0001134729ba0f7016c2058c8a257fe5f37ba3ac1207a01e8196a619fe8874,DUP-0639,True,EPHEMERAL_QA,EXCLUDE,,Rendered page/QA-only intermediate; reproducible from source document.,OK
janus_n18_publication_figures/render_v6/page-13.png,page-13.png,.png,655947,fa25023a705fba8f2a4665e15ef99396ca4f43c06f35cd4185ee2c752d2bd9bd,DUP-0838,True,EPHEMERAL_QA,EXCLUDE,,Rendered page/QA-only intermediate; reproducible from source document.,OK
janus_n18_publication_figures/render_v6/page-14.png,page-14.png,.png,647920,860822d72d5c308ac938022b0988454cc0bd934890b14a6794abbbdad4f5ba62,DUP-0467,True,EPHEMERAL_QA,EXCLUDE,,Rendered page/QA-only intermediate; reproducible from source document.,OK
janus_n18_publication_figures/render_v6/page-15.png,page-15.png,.png,460932,ea50e58378d5860aed6e2bf295c3f31e27be6a8ab7d68c6ac2cb93917c823ca0,DUP-0793,True,EPHEMERAL_QA,EXCLUDE,,Rendered page/QA-only intermediate; reproducible from source document.,OK
janus_n18_publication_figures/render_v6/page-2.png,page-2.png,.png,562242,89a634a395f7dab3fbd2cf24dcc3908efa8d41f598a4d83b5601c5624b62d754,DUP-0476,True,EPHEMERAL_QA,EXCLUDE,,Rendered page/QA-only intermediate; reproducible from source document.,OK
janus_n18_publication_figures/render_v6/page-3.png,page-3.png,.png,590069,d7f24ce7839d6b16633daa8b171804b73f3feb1bbb6e6ba64911a6ec36fad46c,DUP-0736,True,EPHEMERAL_QA,EXCLUDE,,Rendered page/QA-only intermediate; reproducible from source document.,OK
janus_n18_publication_figures/render_v6/page-4.png,page-4.png,.png,591854,5e1ecdf50d6b359ad873fadaf83701019fc8d5b9077e0012ddca1004fc857bbd,DUP-0324,True,EPHEMERAL_QA,EXCLUDE,,Rendered page/QA-only intermediate; reproducible from source document.,OK
janus_n18_publication_figures/render_v6/page-5.png,page-5.png,.png,453015,56f4e93b599676d0fde3a49f2d0303da4fe102e4f551bd3b45582cdcdf17c038,DUP-0301,True,EPHEMERAL_QA,EXCLUDE,,Rendered page/QA-only intermediate; reproducible from source document.,OK
janus_n18_publication_figures/render_v6/page-6.png,page-6.png,.png,719230,6858ecde4504d48c0a2975639df0b0ed2e2e5121aee9feca2b84ae95ee2ebaf8,DUP-0367,True,EPHEMERAL_QA,EXCLUDE,,Rendered page/QA-only intermediate; reproducible from source document.,OK
janus_n18_publication_figures/render_v6/page-7.png,page-7.png,.png,598595,564055910be4986e5a6d5ed32ba3b688e6743b4edbbd7b19e91c4a75f7715ba3,DUP-0298,True,EPHEMERAL_QA,EXCLUDE,,Rendered page/QA-only intermediate; reproducible from source document.,OK
janus_n18_publication_figures/render_v6/page-8.png,page-8.png,.png,675575,98f4da954193c05d83cdfcaeca82bf5a795dab71c81b47d0c0c020aa427d7f85,DUP-0522,True,EPHEMERAL_QA,EXCLUDE,,Rendered page/QA-only intermediate; reproducible from source document.,OK
janus_n18_publication_figures/render_v6/page-9.png,page-9.png,.png,651124,c45cb95b2d087aa26c87d82f5e3abf62a79ad3e8d0fe7bb4a3966aca5cfccfab,DUP-0668,True,EPHEMERAL_QA,EXCLUDE,,Rendered page/QA-only intermediate; reproducible from source document.,OK
janus_n18_publication_figures/render_v7/Janus_MoSSe_PublicationFigure_Manuscript_v7.pdf,Janus_MoSSe_PublicationFigure_Manuscript_v7.pdf,.pdf,1559165,3a9b9eb1cff22a2a62034021a0b06ce55e9b0fa419174b4fe5202e966982ba96,,True,EPHEMERAL_QA,EXCLUDE,,Rendered page/QA-only intermediate; reproducible from source document.,OK
janus_n18_publication_figures/render_v7/page-1.png,page-1.png,.png,604248,566fb0c299192261ba5bfceef96d878cd7a35249790975087aead578e60b31bd,DUP-0299,False,EPHEMERAL_QA,EXCLUDE,,Rendered page/QA-only intermediate; reproducible from source document.,OK
janus_n18_publication_figures/render_v7/page-10.png,page-10.png,.png,585839,bc1ff9f77b8938242c443aa141e9b9f35b9a0b2eeea67a21eeb6442db6c9b277,DUP-0640,False,EPHEMERAL_QA,EXCLUDE,,Rendered page/QA-only intermediate; reproducible from source document.,OK
janus_n18_publication_figures/render_v7/page-11.png,page-11.png,.png,542173,cc7af07421e2ef229a44badebcc38778c193f4b01ef429271e474186e0e30096,DUP-0696,False,EPHEMERAL_QA,EXCLUDE,,Rendered page/QA-only intermediate; reproducible from source document.,OK
janus_n18_publication_figures/render_v7/page-12.png,page-12.png,.png,561660,d39d8bc9a3b01138d00335845f7973beeb587fd35064209fde49756ca9ceaa1c,,True,EPHEMERAL_QA,EXCLUDE,,Rendered page/QA-only intermediate; reproducible from source document.,OK
janus_n18_publication_figures/render_v7/page-13.png,page-13.png,.png,655947,fa25023a705fba8f2a4665e15ef99396ca4f43c06f35cd4185ee2c752d2bd9bd,DUP-0838,False,EPHEMERAL_QA,EXCLUDE,,Rendered page/QA-only intermediate; reproducible from source document.,OK
janus_n18_publication_figures/render_v7/page-14.png,page-14.png,.png,647920,860822d72d5c308ac938022b0988454cc0bd934890b14a6794abbbdad4f5ba62,DUP-0467,False,EPHEMERAL_QA,EXCLUDE,,Rendered page/QA-only intermediate; reproducible from source document.,OK
janus_n18_publication_figures/render_v7/page-15.png,page-15.png,.png,460932,ea50e58378d5860aed6e2bf295c3f31e27be6a8ab7d68c6ac2cb93917c823ca0,DUP-0793,False,EPHEMERAL_QA,EXCLUDE,,Rendered page/QA-only intermediate; reproducible from source document.,OK
janus_n18_publication_figures/render_v7/page-2.png,page-2.png,.png,562242,89a634a395f7dab3fbd2cf24dcc3908efa8d41f598a4d83b5601c5624b62d754,DUP-0476,False,EPHEMERAL_QA,EXCLUDE,,Rendered page/QA-only intermediate; reproducible from source document.,OK
janus_n18_publication_figures/render_v7/page-3.png,page-3.png,.png,590069,d7f24ce7839d6b16633daa8b171804b73f3feb1bbb6e6ba64911a6ec36fad46c,DUP-0736,False,EPHEMERAL_QA,EXCLUDE,,Rendered page/QA-only intermediate; reproducible from source document.,OK
janus_n18_publication_figures/render_v7/page-4.png,page-4.png,.png,591854,5e1ecdf50d6b359ad873fadaf83701019fc8d5b9077e0012ddca1004fc857bbd,DUP-0324,False,EPHEMERAL_QA,EXCLUDE,,Rendered page/QA-only intermediate; reproducible from source document.,OK
janus_n18_publication_figures/render_v7/page-5.png,page-5.png,.png,453015,56f4e93b599676d0fde3a49f2d0303da4fe102e4f551bd3b45582cdcdf17c038,DUP-0301,False,EPHEMERAL_QA,EXCLUDE,,Rendered page/QA-only intermediate; reproducible from source document.,OK
janus_n18_publication_figures/render_v7/page-6.png,page-6.png,.png,719230,6858ecde4504d48c0a2975639df0b0ed2e2e5121aee9feca2b84ae95ee2ebaf8,DUP-0367,False,EPHEMERAL_QA,EXCLUDE,,Rendered page/QA-only intermediate; reproducible from source document.,OK
janus_n18_publication_figures/render_v7/page-7.png,page-7.png,.png,598595,564055910be4986e5a6d5ed32ba3b688e6743b4edbbd7b19e91c4a75f7715ba3,DUP-0298,False,EPHEMERAL_QA,EXCLUDE,,Rendered page/QA-only intermediate; reproducible from source document.,OK
janus_n18_publication_figures/render_v7/page-8.png,page-8.png,.png,675575,98f4da954193c05d83cdfcaeca82bf5a795dab71c81b47d0c0c020aa427d7f85,DUP-0522,False,EPHEMERAL_QA,EXCLUDE,,Rendered page/QA-only intermediate; reproducible from source document.,OK
janus_n18_publication_figures/render_v7/page-9.png,page-9.png,.png,651124,c45cb95b2d087aa26c87d82f5e3abf62a79ad3e8d0fe7bb4a3966aca5cfccfab,DUP-0668,False,EPHEMERAL_QA,EXCLUDE,,Rendered page/QA-only intermediate; reproducible from source document.,OK
janus_n18_publication_figures/source/audit_figure_manifest.py,audit_figure_manifest.py,.py,5947,fe5f33168c3803e72bdf6c57f3959a6ea065430ea75a9e2a290d91cc3ab8da13,,True,SUPPORTING,KEEP,figures/publication/source/audit_figure_manifest.py,"Research OS evidence, code, data, audit, or provenance artifact.",OK
janus_n18_publication_figures/source/make_publication_figures.py,make_publication_figures.py,.py,17235,5f996a0a2694395d42996a0d285dffd15d352d638fe4b6f1a78e7f231ec7713e,,True,SUPPORTING,KEEP,figures/publication/source/make_publication_figures.py,"Research OS evidence, code, data, audit, or provenance artifact.",OK
janus_n19_acs_submission/ACS_Nano_Initial_Submission_Manuscript.docx,ACS_Nano_Initial_Submission_Manuscript.docx,.docx,4354684,b33049e120895ac4368c291fbfac3e3f3eb28f8b280728e2f8f7bc86d6e7862f,DUP-0616,True,CURRENT,KEEP,submission/acs-nano/ACS_Nano_Initial_Submission_Manuscript.docx,Current submission/publication authority or current QA record.,OK
janus_n19_acs_submission/ACS_Nano_Initial_Submission_Manuscript.pdf,ACS_Nano_Initial_Submission_Manuscript.pdf,.pdf,1570387,0ab24f532e49886c0145461bc68ecf71fde8d8efbeecc16bd3560810779348df,DUP-0034,True,CURRENT,KEEP,submission/acs-nano/ACS_Nano_Initial_Submission_Manuscript.pdf,Current submission/publication authority or current QA record.,OK
janus_n19_acs_submission/ACS_Nano_Supporting_Information.docx,ACS_Nano_Supporting_Information.docx,.docx,50584,34d9cfa229f85747252bb011dd439e567d80fb725e85347ac0e98c65acb34d49,DUP-0181,True,CURRENT,KEEP,submission/acs-nano/ACS_Nano_Supporting_Information.docx,Current submission/publication authority or current QA record.,OK
janus_n19_acs_submission/ACS_Nano_Supporting_Information.pdf,ACS_Nano_Supporting_Information.pdf,.pdf,303199,4aa9127333bf7b50def644d09584a82aade297cca0f0080064cf279a17b52ae4,DUP-0255,True,CURRENT,KEEP,submission/acs-nano/ACS_Nano_Supporting_Information.pdf,Current submission/publication authority or current QA record.,OK
janus_n19_acs_submission/N19_ACS_Nano_Initial_Submission_Package.zip,N19_ACS_Nano_Initial_Submission_Package.zip,.zip,40701754,baba591b8f99a25391c8196a05efb06a1169c1e47b229ac4984df562fcf8ab33,,True,CURRENT_BUNDLE,KEEP,submission/acs-nano/N19_ACS_Nano_Initial_Submission_Package.zip,Current packaged reproducibility/submission artifact.,NOTICE_GT25MB
janus_n19_acs_submission/README_SUBMISSION_PACKAGE.md,README_SUBMISSION_PACKAGE.md,.md,1629,4d5ac65adbb96989305bfa14938a6d79493ca3106e1a8156a3e4a3d30d9cec12,DUP-0271,True,CURRENT,KEEP,submission/acs-nano/README_SUBMISSION_PACKAGE.md,Current submission/publication authority or current QA record.,OK
janus_n19_acs_submission/SUBMISSION_METADATA_REQUIRED.md,SUBMISSION_METADATA_REQUIRED.md,.md,3791,4d10427e13533214b985ef9f1a0e5dc8cd0a7a3e512425315e46da3e418d242d,DUP-0269,True,CURRENT,KEEP,submission/acs-nano/SUBMISSION_METADATA_REQUIRED.md,Current submission/publication authority or current QA record.,OK
janus_n19_acs_submission/artwork/figures/Figure_1_symmetry_contracts.eps,Figure_1_symmetry_contracts.eps,.eps,930836,e323a5241525b4174004378247969467e3769d7830d00ab47403cba7a61f7379,DUP-0765,True,CURRENT,KEEP,submission/acs-nano/artwork/figures/Figure_1_symmetry_contracts.eps,Current submission/publication authority or current QA record.,OK
janus_n19_acs_submission/artwork/figures/Figure_1_symmetry_contracts.png,Figure_1_symmetry_contracts.png,.png,591999,78983e66b36f9d8e34b5b278c747dacc3853ddd74041d3d77f03baef32a71a78,DUP-0418,True,CURRENT,KEEP,submission/acs-nano/artwork/figures/Figure_1_symmetry_contracts.png,Current submission/publication authority or current QA record.,OK
janus_n19_acs_submission/artwork/figures/Figure_1_symmetry_contracts.svg,Figure_1_symmetry_contracts.svg,.svg,900004,73701f66b5b6335819b7715eb8b993871f9e7325eb779f5265bf048e918a9fb3,DUP-0403,True,CURRENT,KEEP,submission/acs-nano/artwork/figures/Figure_1_symmetry_contracts.svg,Current submission/publication authority or current QA record.,OK
janus_n19_acs_submission/artwork/figures/Figure_1_symmetry_contracts.tif,Figure_1_symmetry_contracts.tif,.tif,1368896,f76df52a0ade6a794b655eea93ffa9acd4e3b5aef68cc12bd28f6e9a94b07193,DUP-0828,True,CURRENT,KEEP,submission/acs-nano/artwork/figures/Figure_1_symmetry_contracts.tif,Current submission/publication authority or current QA record.,OK
janus_n19_acs_submission/artwork/figures/Figure_2_branch_resolved_depinning.eps,Figure_2_branch_resolved_depinning.eps,.eps,102502,702c7df4c95b846a7182cb851e2f32ef747bb1396a3f2fb512805fd1083b7476,DUP-0390,True,CURRENT,KEEP,submission/acs-nano/artwork/figures/Figure_2_branch_resolved_depinning.eps,Current submission/publication authority or current QA record.,OK
janus_n19_acs_submission/artwork/figures/Figure_2_branch_resolved_depinning.png,Figure_2_branch_resolved_depinning.png,.png,500552,7fc2cc1849fdb34cc963bfdf8026efc8afc701d2ac661e64c04b06ec4ce789c5,DUP-0442,True,CURRENT,KEEP,submission/acs-nano/artwork/figures/Figure_2_branch_resolved_depinning.png,Current submission/publication authority or current QA record.,OK
janus_n19_acs_submission/artwork/figures/Figure_2_branch_resolved_depinning.svg,Figure_2_branch_resolved_depinning.svg,.svg,64968,c82fd74dc6ed6253c6d11a992c616a9178b57c3caf39abc2981783930ad74dc2,DUP-0682,True,CURRENT,KEEP,submission/acs-nano/artwork/figures/Figure_2_branch_resolved_depinning.svg,Current submission/publication authority or current QA record.,OK
janus_n19_acs_submission/artwork/figures/Figure_2_branch_resolved_depinning.tif,Figure_2_branch_resolved_depinning.tif,.tif,675368,2598bb850125edcb56b7371fbffa43e1892d836dfc95fe39e0f9b5e303e25adc,DUP-0129,True,CURRENT,KEEP,submission/acs-nano/artwork/figures/Figure_2_branch_resolved_depinning.tif,Current submission/publication authority or current QA record.,OK
janus_n19_acs_submission/artwork/figures/Figure_3_extended_size_shape_similarity.eps,Figure_3_extended_size_shape_similarity.eps,.eps,113395,5f136d10b0fbc37d98d23ca95faf55b8290eba3256e43eb6451e31cef3bf919e,DUP-0328,True,CURRENT,KEEP,submission/acs-nano/artwork/figures/Figure_3_extended_size_shape_similarity.eps,Current submission/publication authority or current QA record.,OK
janus_n19_acs_submission/artwork/figures/Figure_3_extended_size_shape_similarity.png,Figure_3_extended_size_shape_similarity.png,.png,619642,9798acd7cc8752feb6af8d81bf5c4e917c79b9f87d7ec988eb1914b9d8361efe,DUP-0514,True,CURRENT,KEEP,submission/acs-nano/artwork/figures/Figure_3_extended_size_shape_similarity.png,Current submission/publication authority or current QA record.,OK
janus_n19_acs_submission/artwork/figures/Figure_3_extended_size_shape_similarity.svg,Figure_3_extended_size_shape_similarity.svg,.svg,73294,1c00a875ed0ac30f361ea7d8be76f6c917132c3d148c304e3869a27d84d2ae91,DUP-0093,True,CURRENT,KEEP,submission/acs-nano/artwork/figures/Figure_3_extended_size_shape_similarity.svg,Current submission/publication authority or current QA record.,OK
janus_n19_acs_submission/artwork/figures/Figure_3_extended_size_shape_similarity.tif,Figure_3_extended_size_shape_similarity.tif,.tif,807512,e43840fb92eb42daee06f3635d45e3f33a6b3efdae775254a2bb45b2d8591a14,DUP-0772,True,CURRENT,KEEP,submission/acs-nano/artwork/figures/Figure_3_extended_size_shape_similarity.tif,Current submission/publication authority or current QA record.,OK
janus_n19_acs_submission/artwork/figures/Figure_4_boundary_registry_switching.eps,Figure_4_boundary_registry_switching.eps,.eps,108374,4414efa5a28fdbf2d75551a31b6db7bdf2ac44aec8422e4ec5be6a5a97c40e59,DUP-0235,True,CURRENT,KEEP,submission/acs-nano/artwork/figures/Figure_4_boundary_registry_switching.eps,Current submission/publication authority or current QA record.,OK
janus_n19_acs_submission/artwork/figures/Figure_4_boundary_registry_switching.png,Figure_4_boundary_registry_switching.png,.png,569015,9eb4f2e7fbadc1dc3089ca72008430014657f440c8c606f0f976f9c630904b82,DUP-0540,True,CURRENT,KEEP,submission/acs-nano/artwork/figures/Figure_4_boundary_registry_switching.png,Current submission/publication authority or current QA record.,OK
janus_n19_acs_submission/artwork/figures/Figure_4_boundary_registry_switching.svg,Figure_4_boundary_registry_switching.svg,.svg,69705,9fe9726ae96a0db4b542d83cdede5e16f83dc2a65ef184de6a088fc791b05e47,DUP-0547,True,CURRENT,KEEP,submission/acs-nano/artwork/figures/Figure_4_boundary_registry_switching.svg,Current submission/publication authority or current QA record.,OK
janus_n19_acs_submission/artwork/figures/Figure_4_boundary_registry_switching.tif,Figure_4_boundary_registry_switching.tif,.tif,712842,7001c846195872f65ad409c7147a0381efa90e25e83ae3486a2bd2a0cb89acf8,DUP-0389,True,CURRENT,KEEP,submission/acs-nano/artwork/figures/Figure_4_boundary_registry_switching.tif,Current submission/publication authority or current QA record.,OK
janus_n19_acs_submission/artwork/figures/Figure_5_vector_mode_map_floquet.eps,Figure_5_vector_mode_map_floquet.eps,.eps,700854,7591fecc7a2dcdc33743e7f4ea51d5c2c2012c5efbe7de50a90ac166b572ade1,DUP-0410,True,CURRENT,KEEP,submission/acs-nano/artwork/figures/Figure_5_vector_mode_map_floquet.eps,Current submission/publication authority or current QA record.,OK
janus_n19_acs_submission/artwork/figures/Figure_5_vector_mode_map_floquet.png,Figure_5_vector_mode_map_floquet.png,.png,364507,4e20599f45316c220e8c773e2e02294b4972751a9c656351632d35a9bbd91657,DUP-0273,True,CURRENT,KEEP,submission/acs-nano/artwork/figures/Figure_5_vector_mode_map_floquet.png,Current submission/publication authority or current QA record.,OK
janus_n19_acs_submission/artwork/figures/Figure_5_vector_mode_map_floquet.svg,Figure_5_vector_mode_map_floquet.svg,.svg,86492,1e3671e015d0038f8e5b13dc26a1d087ce5a956603e9429d5ade81139e37d782,DUP-0104,True,CURRENT,KEEP,submission/acs-nano/artwork/figures/Figure_5_vector_mode_map_floquet.svg,Current submission/publication authority or current QA record.,OK
janus_n19_acs_submission/artwork/figures/Figure_5_vector_mode_map_floquet.tif,Figure_5_vector_mode_map_floquet.tif,.tif,1109270,b1bd679881357a41d15165c8d4381af288ec51e6015b36a098fd21394406ea0b,DUP-0605,True,CURRENT,KEEP,submission/acs-nano/artwork/figures/Figure_5_vector_mode_map_floquet.tif,Current submission/publication authority or current QA record.,OK
janus_n19_acs_submission/artwork/figures/Figure_6_thermal_stationary_hierarchy.eps,Figure_6_thermal_stationary_hierarchy.eps,.eps,95868,964dd655fbcd2c8dfd01b00aae1782a417aae3a607db62b653b62436c5b94b3c,DUP-0508,True,CURRENT,KEEP,submission/acs-nano/artwork/figures/Figure_6_thermal_stationary_hierarchy.eps,Current submission/publication authority or current QA record.,OK
janus_n19_acs_submission/artwork/figures/Figure_6_thermal_stationary_hierarchy.png,Figure_6_thermal_stationary_hierarchy.png,.png,287650,558d1863a8d76cf9871a743cbde4a0f845b1a69553028239033f9d3a38190186,DUP-0295,True,CURRENT,KEEP,submission/acs-nano/artwork/figures/Figure_6_thermal_stationary_hierarchy.png,Current submission/publication authority or current QA record.,OK
janus_n19_acs_submission/artwork/figures/Figure_6_thermal_stationary_hierarchy.svg,Figure_6_thermal_stationary_hierarchy.svg,.svg,55309,6446da7297453fb26a7c2936802f6ae6fb67378bd359b7d6bb518ab63fd88050,DUP-0351,True,CURRENT,KEEP,submission/acs-nano/artwork/figures/Figure_6_thermal_stationary_hierarchy.svg,Current submission/publication authority or current QA record.,OK
janus_n19_acs_submission/artwork/figures/Figure_6_thermal_stationary_hierarchy.tif,Figure_6_thermal_stationary_hierarchy.tif,.tif,354998,8ea58c142b0ea28cefbc06ded6a1a294c9959624aab43da250a41dccd931e496,DUP-0486,True,CURRENT,KEEP,submission/acs-nano/artwork/figures/Figure_6_thermal_stationary_hierarchy.tif,Current submission/publication authority or current QA record.,OK
janus_n19_acs_submission/artwork/toc/ACS_Nano_TOC_Graphic.eps,ACS_Nano_TOC_Graphic.eps,.eps,242949,ed0006e7c46ed0bc5096020c6ea4a7d6518e7172573aeba999575d91c0cf06ec,DUP-0799,False,EXACT_DUPLICATE,EXCLUDE,,Exact SHA-256 duplicate; keep preferred copy in DUP-0799.,OK
janus_n19_acs_submission/artwork/toc/ACS_Nano_TOC_Graphic.png,ACS_Nano_TOC_Graphic.png,.png,248526,f81a559f0d9c75e4db976e9785c9b18cac0902ff8a57dc89f46a9f975ef908ec,DUP-0831,False,EXACT_DUPLICATE,EXCLUDE,,Exact SHA-256 duplicate; keep preferred copy in DUP-0831.,OK
janus_n19_acs_submission/artwork/toc/ACS_Nano_TOC_Graphic.tif,ACS_Nano_TOC_Graphic.tif,.tif,325936,d1f039c6b3a3f1365d43a79d0ae4d08080dd3ab29365773e79874be722bf7bcc,DUP-0722,False,EXACT_DUPLICATE,EXCLUDE,,Exact SHA-256 duplicate; keep preferred copy in DUP-0722.,OK
janus_n19_acs_submission/cover_letter/ACS_Nano_Cover_Letter_DRAFT.docx,ACS_Nano_Cover_Letter_DRAFT.docx,.docx,37932,7f152f4022b253e6b50b26747d9b0488be932e21a753397b8dd344888afc3c63,DUP-0437,True,LEGACY,ARCHIVE,submission/acs-nano/cover-letter/ACS_Nano_Cover_Letter_DRAFT.docx,"Superseded draft/config/output retained for provenance, not current authority.",OK
janus_n19_acs_submission/cover_letter/ACS_Nano_Cover_Letter_DRAFT.pdf,ACS_Nano_Cover_Letter_DRAFT.pdf,.pdf,33876,345193a79fe9ba6db4d1b4cf65d56686aaac8b0c288bb0030f684fdf7a57ba5a,DUP-0176,True,CURRENT,KEEP,submission/acs-nano/cover-letter/ACS_Nano_Cover_Letter_DRAFT.pdf,Current submission/publication authority or current QA record.,OK
janus_n19_acs_submission/cover_letter/make_cover_letter.py,make_cover_letter.py,.py,3608,e8209943643a3d4f2891920bcb111f27c644be602103a6c8a89cf8b71b22e9c6,,True,CURRENT,KEEP,submission/acs-nano/cover-letter/make_cover_letter.py,Current submission/publication authority or current QA record.,OK
janus_n19_acs_submission/cover_letter/render/ACS_Nano_Cover_Letter_DRAFT.pdf,ACS_Nano_Cover_Letter_DRAFT.pdf,.pdf,39320,9822fc67e754fa4fa3da2bc053f73a2ee8e4c5251e96356ea828e3558dc95e9e,,True,EPHEMERAL_QA,EXCLUDE,,Rendered page/QA-only intermediate; reproducible from source document.,OK
janus_n19_acs_submission/cover_letter/render/page-1.png,page-1.png,.png,406482,bf1d0c8ba417cdf452960ed73f84654e6ab85aa2156f5928d462647c371795f6,,True,EPHEMERAL_QA,EXCLUDE,,Rendered page/QA-only intermediate; reproducible from source document.,OK
janus_n19_acs_submission/cover_letter/render/page-2.png,page-2.png,.png,39093,cef7cea9959e863a88c58a3f3891502d1d637f25b6a82c2c395c3fe3d8a4bce2,,True,EPHEMERAL_QA,EXCLUDE,,Rendered page/QA-only intermediate; reproducible from source document.,OK
janus_n19_acs_submission/cover_letter/render2/ACS_Nano_Cover_Letter_DRAFT.pdf,ACS_Nano_Cover_Letter_DRAFT.pdf,.pdf,33876,345193a79fe9ba6db4d1b4cf65d56686aaac8b0c288bb0030f684fdf7a57ba5a,DUP-0176,False,EPHEMERAL_QA,EXCLUDE,,Rendered page/QA-only intermediate; reproducible from source document.,OK
janus_n19_acs_submission/cover_letter/render2/page-1.png,page-1.png,.png,335975,994439377925b22884d4d78313557321d45651c3da8eb8800a06f24a5bd26a62,,True,EPHEMERAL_QA,EXCLUDE,,Rendered page/QA-only intermediate; reproducible from source document.,OK
janus_n19_acs_submission/delivery/ACS_Nano_Initial_Submission_Manuscript.docx,ACS_Nano_Initial_Submission_Manuscript.docx,.docx,4354684,b33049e120895ac4368c291fbfac3e3f3eb28f8b280728e2f8f7bc86d6e7862f,DUP-0616,False,EXACT_DUPLICATE,EXCLUDE,,Exact SHA-256 duplicate; keep preferred copy in DUP-0616.,OK
janus_n19_acs_submission/delivery/ACS_Nano_Initial_Submission_Manuscript.pdf,ACS_Nano_Initial_Submission_Manuscript.pdf,.pdf,1570387,0ab24f532e49886c0145461bc68ecf71fde8d8efbeecc16bd3560810779348df,DUP-0034,False,EXACT_DUPLICATE,EXCLUDE,,Exact SHA-256 duplicate; keep preferred copy in DUP-0034.,OK
janus_n19_acs_submission/delivery/ACS_Nano_Supporting_Information.docx,ACS_Nano_Supporting_Information.docx,.docx,50584,34d9cfa229f85747252bb011dd439e567d80fb725e85347ac0e98c65acb34d49,DUP-0181,False,EXACT_DUPLICATE,EXCLUDE,,Exact SHA-256 duplicate; keep preferred copy in DUP-0181.,OK
janus_n19_acs_submission/delivery/ACS_Nano_Supporting_Information.pdf,ACS_Nano_Supporting_Information.pdf,.pdf,303199,4aa9127333bf7b50def644d09584a82aade297cca0f0080064cf279a17b52ae4,DUP-0255,False,EXACT_DUPLICATE,EXCLUDE,,Exact SHA-256 duplicate; keep preferred copy in DUP-0255.,OK
janus_n19_acs_submission/delivery/README_SUBMISSION_PACKAGE.md,README_SUBMISSION_PACKAGE.md,.md,1629,4d5ac65adbb96989305bfa14938a6d79493ca3106e1a8156a3e4a3d30d9cec12,DUP-0271,False,EXACT_DUPLICATE,EXCLUDE,,Exact SHA-256 duplicate; keep preferred copy in DUP-0271.,OK
janus_n19_acs_submission/delivery/SUBMISSION_METADATA_REQUIRED.md,SUBMISSION_METADATA_REQUIRED.md,.md,3791,4d10427e13533214b985ef9f1a0e5dc8cd0a7a3e512425315e46da3e418d242d,DUP-0269,False,EXACT_DUPLICATE,EXCLUDE,,Exact SHA-256 duplicate; keep preferred copy in DUP-0269.,OK
janus_n19_acs_submission/delivery/artwork/figures/Figure_1_symmetry_contracts.eps,Figure_1_symmetry_contracts.eps,.eps,930836,e323a5241525b4174004378247969467e3769d7830d00ab47403cba7a61f7379,DUP-0765,False,EXACT_DUPLICATE,EXCLUDE,,Exact SHA-256 duplicate; keep preferred copy in DUP-0765.,OK
janus_n19_acs_submission/delivery/artwork/figures/Figure_1_symmetry_contracts.png,Figure_1_symmetry_contracts.png,.png,591999,78983e66b36f9d8e34b5b278c747dacc3853ddd74041d3d77f03baef32a71a78,DUP-0418,False,EXACT_DUPLICATE,EXCLUDE,,Exact SHA-256 duplicate; keep preferred copy in DUP-0418.,OK
janus_n19_acs_submission/delivery/artwork/figures/Figure_1_symmetry_contracts.svg,Figure_1_symmetry_contracts.svg,.svg,900004,73701f66b5b6335819b7715eb8b993871f9e7325eb779f5265bf048e918a9fb3,DUP-0403,False,EXACT_DUPLICATE,EXCLUDE,,Exact SHA-256 duplicate; keep preferred copy in DUP-0403.,OK
janus_n19_acs_submission/delivery/artwork/figures/Figure_1_symmetry_contracts.tif,Figure_1_symmetry_contracts.tif,.tif,1368896,f76df52a0ade6a794b655eea93ffa9acd4e3b5aef68cc12bd28f6e9a94b07193,DUP-0828,False,EXACT_DUPLICATE,EXCLUDE,,Exact SHA-256 duplicate; keep preferred copy in DUP-0828.,OK
janus_n19_acs_submission/delivery/artwork/figures/Figure_2_branch_resolved_depinning.eps,Figure_2_branch_resolved_depinning.eps,.eps,102502,702c7df4c95b846a7182cb851e2f32ef747bb1396a3f2fb512805fd1083b7476,DUP-0390,False,EXACT_DUPLICATE,EXCLUDE,,Exact SHA-256 duplicate; keep preferred copy in DUP-0390.,OK
janus_n19_acs_submission/delivery/artwork/figures/Figure_2_branch_resolved_depinning.png,Figure_2_branch_resolved_depinning.png,.png,500552,7fc2cc1849fdb34cc963bfdf8026efc8afc701d2ac661e64c04b06ec4ce789c5,DUP-0442,False,EXACT_DUPLICATE,EXCLUDE,,Exact SHA-256 duplicate; keep preferred copy in DUP-0442.,OK
janus_n19_acs_submission/delivery/artwork/figures/Figure_2_branch_resolved_depinning.svg,Figure_2_branch_resolved_depinning.svg,.svg,64968,c82fd74dc6ed6253c6d11a992c616a9178b57c3caf39abc2981783930ad74dc2,DUP-0682,False,EXACT_DUPLICATE,EXCLUDE,,Exact SHA-256 duplicate; keep preferred copy in DUP-0682.,OK
janus_n19_acs_submission/delivery/artwork/figures/Figure_2_branch_resolved_depinning.tif,Figure_2_branch_resolved_depinning.tif,.tif,675368,2598bb850125edcb56b7371fbffa43e1892d836dfc95fe39e0f9b5e303e25adc,DUP-0129,False,EXACT_DUPLICATE,EXCLUDE,,Exact SHA-256 duplicate; keep preferred copy in DUP-0129.,OK
janus_n19_acs_submission/delivery/artwork/figures/Figure_3_extended_size_shape_similarity.eps,Figure_3_extended_size_shape_similarity.eps,.eps,113395,5f136d10b0fbc37d98d23ca95faf55b8290eba3256e43eb6451e31cef3bf919e,DUP-0328,False,EXACT_DUPLICATE,EXCLUDE,,Exact SHA-256 duplicate; keep preferred copy in DUP-0328.,OK
janus_n19_acs_submission/delivery/artwork/figures/Figure_3_extended_size_shape_similarity.png,Figure_3_extended_size_shape_similarity.png,.png,619642,9798acd7cc8752feb6af8d81bf5c4e917c79b9f87d7ec988eb1914b9d8361efe,DUP-0514,False,EXACT_DUPLICATE,EXCLUDE,,Exact SHA-256 duplicate; keep preferred copy in DUP-0514.,OK
janus_n19_acs_submission/delivery/artwork/figures/Figure_3_extended_size_shape_similarity.svg,Figure_3_extended_size_shape_similarity.svg,.svg,73294,1c00a875ed0ac30f361ea7d8be76f6c917132c3d148c304e3869a27d84d2ae91,DUP-0093,False,EXACT_DUPLICATE,EXCLUDE,,Exact SHA-256 duplicate; keep preferred copy in DUP-0093.,OK
janus_n19_acs_submission/delivery/artwork/figures/Figure_3_extended_size_shape_similarity.tif,Figure_3_extended_size_shape_similarity.tif,.tif,807512,e43840fb92eb42daee06f3635d45e3f33a6b3efdae775254a2bb45b2d8591a14,DUP-0772,False,EXACT_DUPLICATE,EXCLUDE,,Exact SHA-256 duplicate; keep preferred copy in DUP-0772.,OK
janus_n19_acs_submission/delivery/artwork/figures/Figure_4_boundary_registry_switching.eps,Figure_4_boundary_registry_switching.eps,.eps,108374,4414efa5a28fdbf2d75551a31b6db7bdf2ac44aec8422e4ec5be6a5a97c40e59,DUP-0235,False,EXACT_DUPLICATE,EXCLUDE,,Exact SHA-256 duplicate; keep preferred copy in DUP-0235.,OK
janus_n19_acs_submission/delivery/artwork/figures/Figure_4_boundary_registry_switching.png,Figure_4_boundary_registry_switching.png,.png,569015,9eb4f2e7fbadc1dc3089ca72008430014657f440c8c606f0f976f9c630904b82,DUP-0540,False,EXACT_DUPLICATE,EXCLUDE,,Exact SHA-256 duplicate; keep preferred copy in DUP-0540.,OK
janus_n19_acs_submission/delivery/artwork/figures/Figure_4_boundary_registry_switching.svg,Figure_4_boundary_registry_switching.svg,.svg,69705,9fe9726ae96a0db4b542d83cdede5e16f83dc2a65ef184de6a088fc791b05e47,DUP-0547,False,EXACT_DUPLICATE,EXCLUDE,,Exact SHA-256 duplicate; keep preferred copy in DUP-0547.,OK
janus_n19_acs_submission/delivery/artwork/figures/Figure_4_boundary_registry_switching.tif,Figure_4_boundary_registry_switching.tif,.tif,712842,7001c846195872f65ad409c7147a0381efa90e25e83ae3486a2bd2a0cb89acf8,DUP-0389,False,EXACT_DUPLICATE,EXCLUDE,,Exact SHA-256 duplicate; keep preferred copy in DUP-0389.,OK
janus_n19_acs_submission/delivery/artwork/figures/Figure_5_vector_mode_map_floquet.eps,Figure_5_vector_mode_map_floquet.eps,.eps,700854,7591fecc7a2dcdc33743e7f4ea51d5c2c2012c5efbe7de50a90ac166b572ade1,DUP-0410,False,EXACT_DUPLICATE,EXCLUDE,,Exact SHA-256 duplicate; keep preferred copy in DUP-0410.,OK
janus_n19_acs_submission/delivery/artwork/figures/Figure_5_vector_mode_map_floquet.png,Figure_5_vector_mode_map_floquet.png,.png,364507,4e20599f45316c220e8c773e2e02294b4972751a9c656351632d35a9bbd91657,DUP-0273,False,EXACT_DUPLICATE,EXCLUDE,,Exact SHA-256 duplicate; keep preferred copy in DUP-0273.,OK
janus_n19_acs_submission/delivery/artwork/figures/Figure_5_vector_mode_map_floquet.svg,Figure_5_vector_mode_map_floquet.svg,.svg,86492,1e3671e015d0038f8e5b13dc26a1d087ce5a956603e9429d5ade81139e37d782,DUP-0104,False,EXACT_DUPLICATE,EXCLUDE,,Exact SHA-256 duplicate; keep preferred copy in DUP-0104.,OK
janus_n19_acs_submission/delivery/artwork/figures/Figure_5_vector_mode_map_floquet.tif,Figure_5_vector_mode_map_floquet.tif,.tif,1109270,b1bd679881357a41d15165c8d4381af288ec51e6015b36a098fd21394406ea0b,DUP-0605,False,EXACT_DUPLICATE,EXCLUDE,,Exact SHA-256 duplicate; keep preferred copy in DUP-0605.,OK
janus_n19_acs_submission/delivery/artwork/figures/Figure_6_thermal_stationary_hierarchy.eps,Figure_6_thermal_stationary_hierarchy.eps,.eps,95868,964dd655fbcd2c8dfd01b00aae1782a417aae3a607db62b653b62436c5b94b3c,DUP-0508,False,EXACT_DUPLICATE,EXCLUDE,,Exact SHA-256 duplicate; keep preferred copy in DUP-0508.,OK
janus_n19_acs_submission/delivery/artwork/figures/Figure_6_thermal_stationary_hierarchy.png,Figure_6_thermal_stationary_hierarchy.png,.png,287650,558d1863a8d76cf9871a743cbde4a0f845b1a69553028239033f9d3a38190186,DUP-0295,False,EXACT_DUPLICATE,EXCLUDE,,Exact SHA-256 duplicate; keep preferred copy in DUP-0295.,OK
janus_n19_acs_submission/delivery/artwork/figures/Figure_6_thermal_stationary_hierarchy.svg,Figure_6_thermal_stationary_hierarchy.svg,.svg,55309,6446da7297453fb26a7c2936802f6ae6fb67378bd359b7d6bb518ab63fd88050,DUP-0351,False,EXACT_DUPLICATE,EXCLUDE,,Exact SHA-256 duplicate; keep preferred copy in DUP-0351.,OK
janus_n19_acs_submission/delivery/artwork/figures/Figure_6_thermal_stationary_hierarchy.tif,Figure_6_thermal_stationary_hierarchy.tif,.tif,354998,8ea58c142b0ea28cefbc06ded6a1a294c9959624aab43da250a41dccd931e496,DUP-0486,False,EXACT_DUPLICATE,EXCLUDE,,Exact SHA-256 duplicate; keep preferred copy in DUP-0486.,OK
janus_n19_acs_submission/delivery/artwork/toc/ACS_Nano_TOC_Graphic.eps,ACS_Nano_TOC_Graphic.eps,.eps,242949,ed0006e7c46ed0bc5096020c6ea4a7d6518e7172573aeba999575d91c0cf06ec,DUP-0799,False,EXACT_DUPLICATE,EXCLUDE,,Exact SHA-256 duplicate; keep preferred copy in DUP-0799.,OK
janus_n19_acs_submission/delivery/artwork/toc/ACS_Nano_TOC_Graphic.tif,ACS_Nano_TOC_Graphic.tif,.tif,325936,d1f039c6b3a3f1365d43a79d0ae4d08080dd3ab29365773e79874be722bf7bcc,DUP-0722,False,EXACT_DUPLICATE,EXCLUDE,,Exact SHA-256 duplicate; keep preferred copy in DUP-0722.,OK
janus_n19_acs_submission/delivery/artwork/toc/TOC_GRAPHIC_PROVENANCE.md,TOC_GRAPHIC_PROVENANCE.md,.md,1355,f052202d71dbec244578be153a03b500039dc34dfe6b855aee57efc7d01bf5b0,DUP-0805,False,EXACT_DUPLICATE,EXCLUDE,,Exact SHA-256 duplicate; keep preferred copy in DUP-0805.,OK
janus_n19_acs_submission/delivery/cover_letter/ACS_Nano_Cover_Letter_DRAFT.docx,ACS_Nano_Cover_Letter_DRAFT.docx,.docx,37932,7f152f4022b253e6b50b26747d9b0488be932e21a753397b8dd344888afc3c63,DUP-0437,False,EXACT_DUPLICATE,EXCLUDE,,Exact SHA-256 duplicate; keep preferred copy in DUP-0437.,OK
janus_n19_acs_submission/delivery/cover_letter/ACS_Nano_Cover_Letter_DRAFT.pdf,ACS_Nano_Cover_Letter_DRAFT.pdf,.pdf,33876,345193a79fe9ba6db4d1b4cf65d56686aaac8b0c288bb0030f684fdf7a57ba5a,DUP-0176,False,EXACT_DUPLICATE,EXCLUDE,,Exact SHA-256 duplicate; keep preferred copy in DUP-0176.,OK
janus_n19_acs_submission/delivery/qa/ACS_NANO_INITIAL_SUBMISSION_AUDIT_REPORT.md,ACS_NANO_INITIAL_SUBMISSION_AUDIT_REPORT.md,.md,7298,e9e743fdee963a1b0a389f6a091610ca8db9881f8b4855723bd9f909f677e966,DUP-0791,False,EXACT_DUPLICATE,EXCLUDE,,Exact SHA-256 duplicate; keep preferred copy in DUP-0791.,OK
janus_n19_acs_submission/delivery/qa/N19_GATE_SUMMARY.json,N19_GATE_SUMMARY.json,.json,1328,0831f5118d7ac67a428520fe939bfce71b28f5176ddd23be6225183026bb5723,DUP-0026,False,EXACT_DUPLICATE,EXCLUDE,,Exact SHA-256 duplicate; keep preferred copy in DUP-0026.,OK
janus_n19_acs_submission/delivery/qa/deterministic_submission_audit.json,deterministic_submission_audit.json,.json,1027,c65c2fcf8b3fa3dde37b0167f5d2429ce2e992695d1bff33fc8f14451812ac1d,DUP-0676,False,EXACT_DUPLICATE,EXCLUDE,,Exact SHA-256 duplicate; keep preferred copy in DUP-0676.,OK
janus_n19_acs_submission/delivery/qa/submission_manifest.json,submission_manifest.json,.json,2342,bd93a9b59724e923383760675a469d747a69b25f07dc399c04468271395b5b07,DUP-0647,False,EXACT_DUPLICATE,EXCLUDE,,Exact SHA-256 duplicate; keep preferred copy in DUP-0647.,OK
janus_n19_acs_submission/delivery/reproducibility/Janus_MoSSe_Current_ReproducibilityRelease_v2.zip,Janus_MoSSe_Current_ReproducibilityRelease_v2.zip,.zip,27492335,fd2a151a9a9a39efe5a88b84eaa7173ef1097f57fe805d22d8bd5dc47cbac167,DUP-0848,False,EXACT_DUPLICATE,EXCLUDE,,Exact SHA-256 duplicate; keep preferred copy in DUP-0848.,NOTICE_GT25MB
janus_n19_acs_submission/prepare_acs_nano_manuscript.py,prepare_acs_nano_manuscript.py,.py,12003,c3541305e80f72de31cde04dde683334fa85989b28ef90f0e97d5b4f8a4f1e11,,True,CURRENT,KEEP,submission/acs-nano/prepare_acs_nano_manuscript.py,Current submission/publication authority or current QA record.,OK
janus_n19_acs_submission/qa/ACS_NANO_INITIAL_SUBMISSION_AUDIT_REPORT.md,ACS_NANO_INITIAL_SUBMISSION_AUDIT_REPORT.md,.md,7298,e9e743fdee963a1b0a389f6a091610ca8db9881f8b4855723bd9f909f677e966,DUP-0791,True,CURRENT,KEEP,submission/acs-nano/qa/ACS_NANO_INITIAL_SUBMISSION_AUDIT_REPORT.md,Current submission/publication authority or current QA record.,OK
janus_n19_acs_submission/qa/ACS_Nano_Initial_Submission_Manuscript_preQA.docx,ACS_Nano_Initial_Submission_Manuscript_preQA.docx,.docx,4354689,052f8b0c128063a4b15f6e9e99f31dbc40b9931133347362108645b59fb18652,,True,LEGACY,ARCHIVE,submission/acs-nano/qa/ACS_Nano_Initial_Submission_Manuscript_preQA.docx,"Superseded draft/config/output retained for provenance, not current authority.",OK
janus_n19_acs_submission/qa/ACS_Nano_Supporting_Information_preQA.docx,ACS_Nano_Supporting_Information_preQA.docx,.docx,50606,04a5753b71bad758080496410969da740673a50b442fb50ed268a9257ad52f91,DUP-0013,False,EXACT_DUPLICATE,EXCLUDE,,Exact SHA-256 duplicate; keep preferred copy in DUP-0013.,OK
janus_n19_acs_submission/qa/N19_GATE_SUMMARY.json,N19_GATE_SUMMARY.json,.json,1328,0831f5118d7ac67a428520fe939bfce71b28f5176ddd23be6225183026bb5723,DUP-0026,True,CURRENT,KEEP,submission/acs-nano/qa/N19_GATE_SUMMARY.json,Current submission/publication authority or current QA record.,OK
janus_n19_acs_submission/qa/citation_renumber_map.json,citation_renumber_map.json,.json,296,68bc4a3e3fc35ccbfde6581e41247a16a2fb2523a85507c7a8c6f03d664dda0b,,True,CURRENT,KEEP,submission/acs-nano/qa/citation_renumber_map.json,Current submission/publication authority or current QA record.,OK
janus_n19_acs_submission/qa/deterministic_submission_audit.json,deterministic_submission_audit.json,.json,1027,c65c2fcf8b3fa3dde37b0167f5d2429ce2e992695d1bff33fc8f14451812ac1d,DUP-0676,True,CURRENT,KEEP,submission/acs-nano/qa/deterministic_submission_audit.json,Current submission/publication authority or current QA record.,OK
janus_n19_acs_submission/qa/eq_9.png,eq_9.png,.png,8482,d29377d3cbf556fc9ce22975bac703cf9c2b4504d9e67365d5fc0a67de8bc1b3,DUP-0724,True,EPHEMERAL_QA,EXCLUDE,,Rendered page/QA-only intermediate; reproducible from source document.,OK
janus_n19_acs_submission/qa/submission_manifest.json,submission_manifest.json,.json,2342,bd93a9b59724e923383760675a469d747a69b25f07dc399c04468271395b5b07,DUP-0647,True,CURRENT,KEEP,submission/acs-nano/qa/submission_manifest.json,Current submission/publication authority or current QA record.,OK
janus_n19_acs_submission/render_main/ACS_Nano_Initial_Submission_Manuscript.pdf,ACS_Nano_Initial_Submission_Manuscript.pdf,.pdf,1570353,646991448fbc6cf1442a03ef006c1ee12fe8eb9858a898bf07f5431bf6bba705,,True,EPHEMERAL_QA,EXCLUDE,,Rendered page/QA-only intermediate; reproducible from source document.,OK
janus_n19_acs_submission/render_main/page-1.png,page-1.png,.png,634744,43f1ff2dc57629e581226fb3fa701edc4455a192bc1eaa4040a9e2390245d318,DUP-0233,True,EPHEMERAL_QA,EXCLUDE,,Rendered page/QA-only intermediate; reproducible from source document.,OK
janus_n19_acs_submission/render_main/page-10.png,page-10.png,.png,608838,abaeaf0112632e503b2284f6a658a01b5cd95d1c12c78a5b970c8d75ba9cbbd9,DUP-0582,True,EPHEMERAL_QA,EXCLUDE,,Rendered page/QA-only intermediate; reproducible from source document.,OK
janus_n19_acs_submission/render_main/page-11.png,page-11.png,.png,540311,4857f204b86d85938e01eb95bb7c7217d7783b4b0e9472fb535c5482140022eb,DUP-0248,True,EPHEMERAL_QA,EXCLUDE,,Rendered page/QA-only intermediate; reproducible from source document.,OK
janus_n19_acs_submission/render_main/page-12.png,page-12.png,.png,612800,5e82b83ba6e1189113d34314b58ef7508aae84cca61f6575a06230d48fc543c2,DUP-0326,True,EPHEMERAL_QA,EXCLUDE,,Rendered page/QA-only intermediate; reproducible from source document.,OK
janus_n19_acs_submission/render_main/page-13.png,page-13.png,.png,575142,6de78238772ebcf37dce25875f0eb7d3dc6eb3d411a1e411a45bfc4c60c1ce9f,DUP-0384,True,EPHEMERAL_QA,EXCLUDE,,Rendered page/QA-only intermediate; reproducible from source document.,OK
janus_n19_acs_submission/render_main/page-14.png,page-14.png,.png,466888,6b3c09ecc1aa1274ce29b7081258966c9c28053d941f023a05bb0fce55b4654d,DUP-0373,True,EPHEMERAL_QA,EXCLUDE,,Rendered page/QA-only intermediate; reproducible from source document.,OK
janus_n19_acs_submission/render_main/page-15.png,page-15.png,.png,619308,cc13dfd15cc20422b9480518ef438e6548f78870b0ba4e2e86b666269e737889,DUP-0693,True,EPHEMERAL_QA,EXCLUDE,,Rendered page/QA-only intermediate; reproducible from source document.,OK
janus_n19_acs_submission/render_main/page-16.png,page-16.png,.png,428327,72fd5e868a9066d5e1ee784ca18a066001d7a863f1e4a2e90216affc35ba6c28,DUP-0401,True,EPHEMERAL_QA,EXCLUDE,,Rendered page/QA-only intermediate; reproducible from source document.,OK
janus_n19_acs_submission/render_main/page-2.png,page-2.png,.png,745297,4498607505ea84d49c682da47de38c2c66e8532707269e3b7b20c44c7ec882cd,DUP-0238,True,EPHEMERAL_QA,EXCLUDE,,Rendered page/QA-only intermediate; reproducible from source document.,OK
janus_n19_acs_submission/render_main/page-3.png,page-3.png,.png,381306,1f597bfada23113093074625d209c9c327b6f94eee331b38ad161b9f9a698c4e,DUP-0111,True,EPHEMERAL_QA,EXCLUDE,,Rendered page/QA-only intermediate; reproducible from source document.,OK
janus_n19_acs_submission/render_main/page-4.png,page-4.png,.png,475053,351a9935a7bad04affd4e5230f1c0c92c0ad89979726eaf0b4fb8c22485ae15f,DUP-0184,True,EPHEMERAL_QA,EXCLUDE,,Rendered page/QA-only intermediate; reproducible from source document.,OK
janus_n19_acs_submission/render_main/page-5.png,page-5.png,.png,653312,347c437c4cf7571e1645a8fce79dd09b63155dc800cd5e8c4bb9811d0eaec523,,True,EPHEMERAL_QA,EXCLUDE,,Rendered page/QA-only intermediate; reproducible from source document.,OK
janus_n19_acs_submission/render_main/page-6.png,page-6.png,.png,647669,d13078b5cea15fd97ef7de62fafc42400a6bcd0921426e7fc53a1478701cbda7,DUP-0719,True,EPHEMERAL_QA,EXCLUDE,,Rendered page/QA-only intermediate; reproducible from source document.,OK
janus_n19_acs_submission/render_main/page-7.png,page-7.png,.png,565429,9ad2b2be320163850313df2ea7f02e4285bf37db58d13ba14c75327462767f86,DUP-0531,True,EPHEMERAL_QA,EXCLUDE,,Rendered page/QA-only intermediate; reproducible from source document.,OK
janus_n19_acs_submission/render_main/page-8.png,page-8.png,.png,480293,e561d6252da8cde536fa14a2fbe92047d432a2980d788f86c39e8738ff0bf7b4,DUP-0776,True,EPHEMERAL_QA,EXCLUDE,,Rendered page/QA-only intermediate; reproducible from source document.,OK
janus_n19_acs_submission/render_main/page-9.png,page-9.png,.png,639589,61868e4e098d8b0be075c90821a505b952597df72a1ca12a83740a838cacb28a,DUP-0340,True,EPHEMERAL_QA,EXCLUDE,,Rendered page/QA-only intermediate; reproducible from source document.,OK
janus_n19_acs_submission/render_main2/ACS_Nano_Initial_Submission_Manuscript.pdf,ACS_Nano_Initial_Submission_Manuscript.pdf,.pdf,1570387,c2f8da20d024cb7e43d73f274d7fcb55610f6071d78243cb9fbee8d387dd1368,,True,EPHEMERAL_QA,EXCLUDE,,Rendered page/QA-only intermediate; reproducible from source document.,OK
janus_n19_acs_submission/render_main2/page-1.png,page-1.png,.png,634744,43f1ff2dc57629e581226fb3fa701edc4455a192bc1eaa4040a9e2390245d318,DUP-0233,False,EPHEMERAL_QA,EXCLUDE,,Rendered page/QA-only intermediate; reproducible from source document.,OK
janus_n19_acs_submission/render_main2/page-10.png,page-10.png,.png,608838,abaeaf0112632e503b2284f6a658a01b5cd95d1c12c78a5b970c8d75ba9cbbd9,DUP-0582,False,EPHEMERAL_QA,EXCLUDE,,Rendered page/QA-only intermediate; reproducible from source document.,OK
janus_n19_acs_submission/render_main2/page-11.png,page-11.png,.png,540311,4857f204b86d85938e01eb95bb7c7217d7783b4b0e9472fb535c5482140022eb,DUP-0248,False,EPHEMERAL_QA,EXCLUDE,,Rendered page/QA-only intermediate; reproducible from source document.,OK
janus_n19_acs_submission/render_main2/page-12.png,page-12.png,.png,612800,5e82b83ba6e1189113d34314b58ef7508aae84cca61f6575a06230d48fc543c2,DUP-0326,False,EPHEMERAL_QA,EXCLUDE,,Rendered page/QA-only intermediate; reproducible from source document.,OK
janus_n19_acs_submission/render_main2/page-13.png,page-13.png,.png,575142,6de78238772ebcf37dce25875f0eb7d3dc6eb3d411a1e411a45bfc4c60c1ce9f,DUP-0384,False,EPHEMERAL_QA,EXCLUDE,,Rendered page/QA-only intermediate; reproducible from source document.,OK
janus_n19_acs_submission/render_main2/page-14.png,page-14.png,.png,466888,6b3c09ecc1aa1274ce29b7081258966c9c28053d941f023a05bb0fce55b4654d,DUP-0373,False,EPHEMERAL_QA,EXCLUDE,,Rendered page/QA-only intermediate; reproducible from source document.,OK
janus_n19_acs_submission/render_main2/page-15.png,page-15.png,.png,619308,cc13dfd15cc20422b9480518ef438e6548f78870b0ba4e2e86b666269e737889,DUP-0693,False,EPHEMERAL_QA,EXCLUDE,,Rendered page/QA-only intermediate; reproducible from source document.,OK
janus_n19_acs_submission/render_main2/page-16.png,page-16.png,.png,428327,72fd5e868a9066d5e1ee784ca18a066001d7a863f1e4a2e90216affc35ba6c28,DUP-0401,False,EPHEMERAL_QA,EXCLUDE,,Rendered page/QA-only intermediate; reproducible from source document.,OK
janus_n19_acs_submission/render_main2/page-2.png,page-2.png,.png,745297,4498607505ea84d49c682da47de38c2c66e8532707269e3b7b20c44c7ec882cd,DUP-0238,False,EPHEMERAL_QA,EXCLUDE,,Rendered page/QA-only intermediate; reproducible from source document.,OK
janus_n19_acs_submission/render_main2/page-3.png,page-3.png,.png,381306,1f597bfada23113093074625d209c9c327b6f94eee331b38ad161b9f9a698c4e,DUP-0111,False,EPHEMERAL_QA,EXCLUDE,,Rendered page/QA-only intermediate; reproducible from source document.,OK
janus_n19_acs_submission/render_main2/page-4.png,page-4.png,.png,475053,351a9935a7bad04affd4e5230f1c0c92c0ad89979726eaf0b4fb8c22485ae15f,DUP-0184,False,EPHEMERAL_QA,EXCLUDE,,Rendered page/QA-only intermediate; reproducible from source document.,OK
janus_n19_acs_submission/render_main2/page-5.png,page-5.png,.png,653438,3d47b9a6e3c829785b7ffafcb3069bc35e0261a2d2f2f3515c88cb9e8e134f93,DUP-0214,True,EPHEMERAL_QA,EXCLUDE,,Rendered page/QA-only intermediate; reproducible from source document.,OK
janus_n19_acs_submission/render_main2/page-6.png,page-6.png,.png,647669,d13078b5cea15fd97ef7de62fafc42400a6bcd0921426e7fc53a1478701cbda7,DUP-0719,False,EPHEMERAL_QA,EXCLUDE,,Rendered page/QA-only intermediate; reproducible from source document.,OK
janus_n19_acs_submission/render_main2/page-7.png,page-7.png,.png,565429,9ad2b2be320163850313df2ea7f02e4285bf37db58d13ba14c75327462767f86,DUP-0531,False,EPHEMERAL_QA,EXCLUDE,,Rendered page/QA-only intermediate; reproducible from source document.,OK
janus_n19_acs_submission/render_main2/page-8.png,page-8.png,.png,480293,e561d6252da8cde536fa14a2fbe92047d432a2980d788f86c39e8738ff0bf7b4,DUP-0776,False,EPHEMERAL_QA,EXCLUDE,,Rendered page/QA-only intermediate; reproducible from source document.,OK
janus_n19_acs_submission/render_main2/page-9.png,page-9.png,.png,639589,61868e4e098d8b0be075c90821a505b952597df72a1ca12a83740a838cacb28a,DUP-0340,False,EPHEMERAL_QA,EXCLUDE,,Rendered page/QA-only intermediate; reproducible from source document.,OK
janus_n19_acs_submission/render_main3/ACS_Nano_Initial_Submission_Manuscript.pdf,ACS_Nano_Initial_Submission_Manuscript.pdf,.pdf,1570387,0ab24f532e49886c0145461bc68ecf71fde8d8efbeecc16bd3560810779348df,DUP-0034,False,EPHEMERAL_QA,EXCLUDE,,Rendered page/QA-only intermediate; reproducible from source document.,OK
janus_n19_acs_submission/render_main3/page-1.png,page-1.png,.png,633967,b6d4bd83950c54c293988d534ab90eb62e650e378b53a53153b3692a2de6b762,,True,EPHEMERAL_QA,EXCLUDE,,Rendered page/QA-only intermediate; reproducible from source document.,OK
janus_n19_acs_submission/render_main3/page-10.png,page-10.png,.png,606640,b61b443c294f9522ea8df7b3eaf0b5ee6703ca5967015c2e182288088ef27ffd,,True,EPHEMERAL_QA,EXCLUDE,,Rendered page/QA-only intermediate; reproducible from source document.,OK
janus_n19_acs_submission/render_main3/page-11.png,page-11.png,.png,540579,c57121b6896e5051d3a915debc35f9fb4f66e7e3b5af56d808ee63c818313972,,True,EPHEMERAL_QA,EXCLUDE,,Rendered page/QA-only intermediate; reproducible from source document.,OK
janus_n19_acs_submission/render_main3/page-12.png,page-12.png,.png,613898,351569cb31812a4822a878f7eac1374de8e2414be73c9529d7f55c67d9a019e5,,True,EPHEMERAL_QA,EXCLUDE,,Rendered page/QA-only intermediate; reproducible from source document.,OK
janus_n19_acs_submission/render_main3/page-13.png,page-13.png,.png,575142,6de78238772ebcf37dce25875f0eb7d3dc6eb3d411a1e411a45bfc4c60c1ce9f,DUP-0384,False,EPHEMERAL_QA,EXCLUDE,,Rendered page/QA-only intermediate; reproducible from source document.,OK
janus_n19_acs_submission/render_main3/page-14.png,page-14.png,.png,466888,6b3c09ecc1aa1274ce29b7081258966c9c28053d941f023a05bb0fce55b4654d,DUP-0373,False,EPHEMERAL_QA,EXCLUDE,,Rendered page/QA-only intermediate; reproducible from source document.,OK
janus_n19_acs_submission/render_main3/page-15.png,page-15.png,.png,619308,cc13dfd15cc20422b9480518ef438e6548f78870b0ba4e2e86b666269e737889,DUP-0693,False,EPHEMERAL_QA,EXCLUDE,,Rendered page/QA-only intermediate; reproducible from source document.,OK
janus_n19_acs_submission/render_main3/page-16.png,page-16.png,.png,428327,72fd5e868a9066d5e1ee784ca18a066001d7a863f1e4a2e90216affc35ba6c28,DUP-0401,False,EPHEMERAL_QA,EXCLUDE,,Rendered page/QA-only intermediate; reproducible from source document.,OK
janus_n19_acs_submission/render_main3/page-2.png,page-2.png,.png,745297,4498607505ea84d49c682da47de38c2c66e8532707269e3b7b20c44c7ec882cd,DUP-0238,False,EPHEMERAL_QA,EXCLUDE,,Rendered page/QA-only intermediate; reproducible from source document.,OK
janus_n19_acs_submission/render_main3/page-3.png,page-3.png,.png,381306,1f597bfada23113093074625d209c9c327b6f94eee331b38ad161b9f9a698c4e,DUP-0111,False,EPHEMERAL_QA,EXCLUDE,,Rendered page/QA-only intermediate; reproducible from source document.,OK
janus_n19_acs_submission/render_main3/page-4.png,page-4.png,.png,475053,351a9935a7bad04affd4e5230f1c0c92c0ad89979726eaf0b4fb8c22485ae15f,DUP-0184,False,EPHEMERAL_QA,EXCLUDE,,Rendered page/QA-only intermediate; reproducible from source document.,OK
janus_n19_acs_submission/render_main3/page-5.png,page-5.png,.png,653438,3d47b9a6e3c829785b7ffafcb3069bc35e0261a2d2f2f3515c88cb9e8e134f93,DUP-0214,False,EPHEMERAL_QA,EXCLUDE,,Rendered page/QA-only intermediate; reproducible from source document.,OK
janus_n19_acs_submission/render_main3/page-6.png,page-6.png,.png,647669,d13078b5cea15fd97ef7de62fafc42400a6bcd0921426e7fc53a1478701cbda7,DUP-0719,False,EPHEMERAL_QA,EXCLUDE,,Rendered page/QA-only intermediate; reproducible from source document.,OK
janus_n19_acs_submission/render_main3/page-7.png,page-7.png,.png,565429,9ad2b2be320163850313df2ea7f02e4285bf37db58d13ba14c75327462767f86,DUP-0531,False,EPHEMERAL_QA,EXCLUDE,,Rendered page/QA-only intermediate; reproducible from source document.,OK
janus_n19_acs_submission/render_main3/page-8.png,page-8.png,.png,480293,e561d6252da8cde536fa14a2fbe92047d432a2980d788f86c39e8738ff0bf7b4,DUP-0776,False,EPHEMERAL_QA,EXCLUDE,,Rendered page/QA-only intermediate; reproducible from source document.,OK
janus_n19_acs_submission/render_main3/page-9.png,page-9.png,.png,640512,a069ff3abb2eaf1c0e5994fe94ca38cbfdae2d7a028ceef537eb6f8b16a1f695,,True,EPHEMERAL_QA,EXCLUDE,,Rendered page/QA-only intermediate; reproducible from source document.,OK
janus_n19_acs_submission/render_si/ACS_Nano_Supporting_Information.pdf,ACS_Nano_Supporting_Information.pdf,.pdf,303181,5549f58cef32c1a3e1a5541a617e863d266d0992387658e27f56170029d92270,,True,EPHEMERAL_QA,EXCLUDE,,Rendered page/QA-only intermediate; reproducible from source document.,OK
janus_n19_acs_submission/render_si/page-1.png,page-1.png,.png,585041,a45be46020c621a302c2102693178b91255b1b606ca2355bfd2df6eef566ab5c,DUP-0561,True,EPHEMERAL_QA,EXCLUDE,,Rendered page/QA-only intermediate; reproducible from source document.,OK
janus_n19_acs_submission/render_si/page-2.png,page-2.png,.png,494759,6cccdf5c5abc449d2cf1f86314fbe56ef2fe6ae93674f444e1f37b155b957384,DUP-0379,True,EPHEMERAL_QA,EXCLUDE,,Rendered page/QA-only intermediate; reproducible from source document.,OK
janus_n19_acs_submission/render_si/page-3.png,page-3.png,.png,509279,83ed18c0b652c3636bd896147ad618a9fc8864d3bf74e976ec1e51154045c827,DUP-0461,True,EPHEMERAL_QA,EXCLUDE,,Rendered page/QA-only intermediate; reproducible from source document.,OK
janus_n19_acs_submission/render_si/page-4.png,page-4.png,.png,552704,dcf6c7cd1df316ac32b7eeb23432f75bb3c1f6851438f448a104af1be13e7bc1,DUP-0747,True,EPHEMERAL_QA,EXCLUDE,,Rendered page/QA-only intermediate; reproducible from source document.,OK
janus_n19_acs_submission/render_si/page-5.png,page-5.png,.png,396737,18f0e759a93732d11409d43c3789471ac5ea59ebc5647cfddb4eb06461c5ad16,DUP-0081,True,EPHEMERAL_QA,EXCLUDE,,Rendered page/QA-only intermediate; reproducible from source document.,OK
janus_n19_acs_submission/render_si2/ACS_Nano_Supporting_Information.pdf,ACS_Nano_Supporting_Information.pdf,.pdf,303199,4aa9127333bf7b50def644d09584a82aade297cca0f0080064cf279a17b52ae4,DUP-0255,False,EPHEMERAL_QA,EXCLUDE,,Rendered page/QA-only intermediate; reproducible from source document.,OK
janus_n19_acs_submission/render_si2/page-1.png,page-1.png,.png,576434,3b6c268b290f48c3c3cc7a117f979e9cb08182e573c5d0b688791a91d901932c,,True,EPHEMERAL_QA,EXCLUDE,,Rendered page/QA-only intermediate; reproducible from source document.,OK
janus_n19_acs_submission/render_si2/page-2.png,page-2.png,.png,499786,4131693eb916dcca478132c21d08d08b40e59f467a79c882fc5c0ec5e574c869,,True,EPHEMERAL_QA,EXCLUDE,,Rendered page/QA-only intermediate; reproducible from source document.,OK
janus_n19_acs_submission/render_si2/page-3.png,page-3.png,.png,512606,65a114857a53717693ec47b851d17a2074267d060a1cc755d048a1038d157657,,True,EPHEMERAL_QA,EXCLUDE,,Rendered page/QA-only intermediate; reproducible from source document.,OK
janus_n19_acs_submission/render_si2/page-4.png,page-4.png,.png,552704,dcf6c7cd1df316ac32b7eeb23432f75bb3c1f6851438f448a104af1be13e7bc1,DUP-0747,False,EPHEMERAL_QA,EXCLUDE,,Rendered page/QA-only intermediate; reproducible from source document.,OK
janus_n19_acs_submission/render_si2/page-5.png,page-5.png,.png,396737,18f0e759a93732d11409d43c3789471ac5ea59ebc5647cfddb4eb06461c5ad16,DUP-0081,False,EPHEMERAL_QA,EXCLUDE,,Rendered page/QA-only intermediate; reproducible from source document.,OK
janus_n19_acs_submission/reproducibility/Janus_MoSSe_Current_ReproducibilityRelease_v2.zip,Janus_MoSSe_Current_ReproducibilityRelease_v2.zip,.zip,27492335,fd2a151a9a9a39efe5a88b84eaa7173ef1097f57fe805d22d8bd5dc47cbac167,DUP-0848,True,CURRENT_BUNDLE,KEEP,submission/acs-nano/reproducibility/Janus_MoSSe_Current_ReproducibilityRelease_v2.zip,Current packaged reproducibility/submission artifact.,NOTICE_GT25MB
janus_n19_acs_submission/toc/ACS_Nano_TOC_Graphic.eps,ACS_Nano_TOC_Graphic.eps,.eps,242949,ed0006e7c46ed0bc5096020c6ea4a7d6518e7172573aeba999575d91c0cf06ec,DUP-0799,True,CURRENT,KEEP,submission/acs-nano/toc/ACS_Nano_TOC_Graphic.eps,Current submission/publication authority or current QA record.,OK
janus_n19_acs_submission/toc/ACS_Nano_TOC_Graphic.png,ACS_Nano_TOC_Graphic.png,.png,248526,f81a559f0d9c75e4db976e9785c9b18cac0902ff8a57dc89f46a9f975ef908ec,DUP-0831,True,CURRENT,KEEP,submission/acs-nano/toc/ACS_Nano_TOC_Graphic.png,Current submission/publication authority or current QA record.,OK
janus_n19_acs_submission/toc/ACS_Nano_TOC_Graphic.tif,ACS_Nano_TOC_Graphic.tif,.tif,325936,d1f039c6b3a3f1365d43a79d0ae4d08080dd3ab29365773e79874be722bf7bcc,DUP-0722,True,CURRENT,KEEP,submission/acs-nano/toc/ACS_Nano_TOC_Graphic.tif,Current submission/publication authority or current QA record.,OK
janus_n19_acs_submission/toc/TOC_GRAPHIC_PROVENANCE.md,TOC_GRAPHIC_PROVENANCE.md,.md,1355,f052202d71dbec244578be153a03b500039dc34dfe6b855aee57efc7d01bf5b0,DUP-0805,True,CURRENT,KEEP,submission/acs-nano/toc/TOC_GRAPHIC_PROVENANCE.md,Current submission/publication authority or current QA record.,OK
janus_n19_acs_submission/toc/make_toc_graphic.py,make_toc_graphic.py,.py,5038,feacdd323789b4f9c3127cd3568236235cd42ece2a069d149bbc561eedeeb896,,True,CURRENT,KEEP,submission/acs-nano/toc/make_toc_graphic.py,Current submission/publication authority or current QA record.,OK
janus_n2_gate/Janus_MoSSe_CanonicalUnguided_BaselineRelease.zip,Janus_MoSSe_CanonicalUnguided_BaselineRelease.zip,.zip,6008071,aab51d38ba587bc7d1f95765be159740698d575c0a82c3906c4c863ff3bcdffc,DUP-0577,True,ARCHIVE_BUNDLE,ARCHIVE,research-os/janus_n2_gate/Janus_MoSSe_CanonicalUnguided_BaselineRelease.zip,Historical bundle; contents may also exist unpacked.,OK
janus_n2_gate/N2_FINITE_SIZE_SHAPE_GATE_REPORT.md,N2_FINITE_SIZE_SHAPE_GATE_REPORT.md,.md,5479,5e890667d1635f35d359bfdb5fafafa7294bdb40c71299874558573e28456c14,,True,SUPPORTING,KEEP,research-os/janus_n2_gate/N2_FINITE_SIZE_SHAPE_GATE_REPORT.md,"Research OS evidence, code, data, audit, or provenance artifact.",OK
janus_n2_gate/N2_FiniteSizeShape_GateBundle.zip,N2_FiniteSizeShape_GateBundle.zip,.zip,279341,94938f7f661a5e484abed418e6b562d6ca5819f4eda23271070b3fbd27dd456e,,True,ARCHIVE_BUNDLE,ARCHIVE,research-os/janus_n2_gate/N2_FiniteSizeShape_GateBundle.zip,Historical bundle; contents may also exist unpacked.,OK
janus_n2_gate/N2_alpha_convergence.png,N2_alpha_convergence.png,.png,78344,aaede8907600ab7b18841e34957421b39210c7742421f7591c38f32a44d003f3,,True,SUPPORTING,KEEP,research-os/janus_n2_gate/N2_alpha_convergence.png,"Research OS evidence, code, data, audit, or provenance artifact.",OK
janus_n2_gate/N2_scaled_characteristic_correction.png,N2_scaled_characteristic_correction.png,.png,72246,0c8ce0e30e7ff5a9bda538c3e5fd49713a5e304f5f140861b870194916d84209,,True,SUPPORTING,KEEP,research-os/janus_n2_gate/N2_scaled_characteristic_correction.png,"Research OS evidence, code, data, audit, or provenance artifact.",OK
janus_n2_gate/N2_shape_family_difference.png,N2_shape_family_difference.png,.png,79085,a418766b50cc7cb9b025d41e7db68babf57fd9b6d40c8e8fd051bd948cffb63d,,True,SUPPORTING,KEEP,research-os/janus_n2_gate/N2_shape_family_difference.png,"Research OS evidence, code, data, audit, or provenance artifact.",OK
janus_n2_gate/diagnose_highTheta_branch.py,diagnose_highTheta_branch.py,.py,3153,d9315ddbc5960e46c7e84cb80c5247569d9339dd94c81e36ae67a9481c6169d4,,True,SUPPORTING,KEEP,research-os/janus_n2_gate/diagnose_highTheta_branch.py,"Research OS evidence, code, data, audit, or provenance artifact.",OK
janus_n2_gate/fine_cont_N37_Th24.csv,fine_cont_N37_Th24.csv,.csv,173,82a0915da131c944ef2d5848b0443fa10a89e0646eaadb79999d7df1bf800636,,True,SUPPORTING,KEEP,research-os/janus_n2_gate/fine_cont_N37_Th24.csv,"Research OS evidence, code, data, audit, or provenance artifact.",OK
janus_n2_gate/fine_cont_N91_Th30.csv,fine_cont_N91_Th30.csv,.csv,171,9f1e6d099f73cda713cd25eade456d897f302c05eba158eac3310323b32ecc8b,,True,SUPPORTING,KEEP,research-os/janus_n2_gate/fine_cont_N91_Th30.csv,"Research OS evidence, code, data, audit, or provenance artifact.",OK
janus_n2_gate/highTheta_diag.log,highTheta_diag.log,.log,3340,ee88c745ba00fd9c1a4ba3abea11112b8d4b7ec7c914d03283bbdb3b513b53c1,,True,EPHEMERAL_QA,EXCLUDE,,Rendered page/QA-only intermediate; reproducible from source document.,OK
janus_n2_gate/highTheta_force_enumeration.csv,highTheta_force_enumeration.csv,.csv,1171,0183d41e8ad9d0189b82013d50bc408683106dadac4cfb285700224ffbdb8f72,,True,SUPPORTING,KEEP,research-os/janus_n2_gate/highTheta_force_enumeration.csv,"Research OS evidence, code, data, audit, or provenance artifact.",OK
janus_n2_gate/highTheta_prepared_validation.py,highTheta_prepared_validation.py,.py,2424,b1b4b19e565e9c61fec6b2865d5c4b6ea407190ba525ee9becfd79a16793eb0a,,True,SUPPORTING,KEEP,research-os/janus_n2_gate/highTheta_prepared_validation.py,"Research OS evidence, code, data, audit, or provenance artifact.",OK
janus_n2_gate/make_n2_report.py,make_n2_report.py,.py,10756,4e3f22814701df55b360f69c62fe54a7e6e260c806db72787fe19c35d9ce079c,,True,SUPPORTING,KEEP,research-os/janus_n2_gate/make_n2_report.py,"Research OS evidence, code, data, audit, or provenance artifact.",OK
janus_n2_gate/n2_alpha_convergence.csv,n2_alpha_convergence.csv,.csv,4726,2da85e05d5b28e27f8c06ffe64a325ed9a69cb685f93f14aaa0734777b979f06,,True,SUPPORTING,KEEP,research-os/janus_n2_gate/n2_alpha_convergence.csv,"Research OS evidence, code, data, audit, or provenance artifact.",OK
janus_n2_gate/n2_audit_summary.json,n2_audit_summary.json,.json,6920,8f2f8dd204909676b0942c430c9ca0bc08f37479b6f02423dae86e864281ae90,,True,SUPPORTING,KEEP,research-os/janus_n2_gate/n2_audit_summary.json,"Research OS evidence, code, data, audit, or provenance artifact.",OK
janus_n2_gate/n2_audit_summary_corrected.json,n2_audit_summary_corrected.json,.json,2249,5f718199b90d0357392b0ee15fe1a4a4e89fefe80bf75f50b5d981f29b8735ef,,True,SUPPORTING,KEEP,research-os/janus_n2_gate/n2_audit_summary_corrected.json,"Research OS evidence, code, data, audit, or provenance artifact.",OK
janus_n2_gate/n2_characteristic_angles_exact.csv,n2_characteristic_angles_exact.csv,.csv,9971,5b22f553b6997e0d75a9290100c4f533188bbfe93004cc9f378830aaad1f4b4c,,True,SUPPORTING,KEEP,research-os/janus_n2_gate/n2_characteristic_angles_exact.csv,"Research OS evidence, code, data, audit, or provenance artifact.",OK
janus_n2_gate/n2_characteristic_powerlaw_fits.csv,n2_characteristic_powerlaw_fits.csv,.csv,1021,8d722c8d4ad867806481a4c12063850e3bc5359c3be35482ce844ce470023d5a,,True,SUPPORTING,KEEP,research-os/janus_n2_gate/n2_characteristic_powerlaw_fits.csv,"Research OS evidence, code, data, audit, or provenance artifact.",OK
janus_n2_gate/n2_extended_shape_dense.csv,n2_extended_shape_dense.csv,.csv,62632,8bc7f183e91bc858c08548e3e53995b6b3aad7be512e86d8fc6039e534ce4466,,True,SUPPORTING,KEEP,research-os/janus_n2_gate/n2_extended_shape_dense.csv,"Research OS evidence, code, data, audit, or provenance artifact.",OK
janus_n2_gate/n2_extended_shape_dense_metrics.csv,n2_extended_shape_dense_metrics.csv,.csv,6827,d46155dc90f99f31bea382b9a3cfaa6ae80b3035b386a099ef6fd3767437713a,,True,SUPPORTING,KEEP,research-os/janus_n2_gate/n2_extended_shape_dense_metrics.csv,"Research OS evidence, code, data, audit, or provenance artifact.",OK
janus_n2_gate/n2_finite_size_correction_sensitivity.csv,n2_finite_size_correction_sensitivity.csv,.csv,1537,19f1782d21360f6d57957187bdef3176ef0484630f9ad18bbcb9e1feec1ba2cc,,True,SUPPORTING,KEEP,research-os/janus_n2_gate/n2_finite_size_correction_sensitivity.csv,"Research OS evidence, code, data, audit, or provenance artifact.",OK
janus_n2_gate/n2_finite_size_shape_audit.py,n2_finite_size_shape_audit.py,.py,13535,afd6e49550399aed3a20e6b26cb5ac28b0642b58d2b96555a4fe4b45252ec618,,True,SUPPORTING,KEEP,research-os/janus_n2_gate/n2_finite_size_shape_audit.py,"Research OS evidence, code, data, audit, or provenance artifact.",OK
janus_n2_gate/n2_highTheta_prepared_branch_checks.csv,n2_highTheta_prepared_branch_checks.csv,.csv,1974,f9eb69f0872b2a383045236b599f5091a9c98b1645ab542a434967684e329dbc,,True,SUPPORTING,KEEP,research-os/janus_n2_gate/n2_highTheta_prepared_branch_checks.csv,"Research OS evidence, code, data, audit, or provenance artifact.",OK
janus_n2_gate/n2_highTheta_prepared_validation.csv,n2_highTheta_prepared_validation.csv,.csv,1679,1bb889a864f6187e92fe35d925d7810cebf40d7b3ce0060831a89f8c527fc56d,,True,SUPPORTING,KEEP,research-os/janus_n2_gate/n2_highTheta_prepared_validation.csv,"Research OS evidence, code, data, audit, or provenance artifact.",OK
janus_n2_gate/n2_original_hex_collapse_metrics.csv,n2_original_hex_collapse_metrics.csv,.csv,394,2cec32a2be57ef47f1bb9fbacbf5c7f8b103efa19c68367e229c18c678ab6f0b,,True,SUPPORTING,KEEP,research-os/janus_n2_gate/n2_original_hex_collapse_metrics.csv,"Research OS evidence, code, data, audit, or provenance artifact.",OK
janus_n2_gate/n2_original_hex_dense_theta_scaled.csv,n2_original_hex_dense_theta_scaled.csv,.csv,63470,600f7435597abfb7a5148be9aea0dd0227ef57b4f611904b8e21b33dcd3240f0,,True,SUPPORTING,KEEP,research-os/janus_n2_gate/n2_original_hex_dense_theta_scaled.csv,"Research OS evidence, code, data, audit, or provenance artifact.",OK
janus_n2_gate/n2_run.log,n2_run.log,.log,11000,52f3fd4a438c31bb2b2d0e5170816924dd4f0410cff83271d39fea33e272b3e7,DUP-0287,True,EPHEMERAL_QA,EXCLUDE,,Rendered page/QA-only intermediate; reproducible from source document.,OK
janus_n2_gate/n2_run2.log,n2_run2.log,.log,11000,52f3fd4a438c31bb2b2d0e5170816924dd4f0410cff83271d39fea33e272b3e7,DUP-0287,False,EPHEMERAL_QA,EXCLUDE,,Rendered page/QA-only intermediate; reproducible from source document.,OK
janus_n2_gate/n2_run3.log,n2_run3.log,.log,4297,332ad23c4db50b93a39b69e70467df3b584795898642060cceecbafc1fa9e30c,,True,EPHEMERAL_QA,EXCLUDE,,Rendered page/QA-only intermediate; reproducible from source document.,OK
janus_n2_gate/release/Janus_MoSSe_CanonicalUnguided_BaselineRelease/ENVIRONMENT.md,ENVIRONMENT.md,.md,517,11879bf9bed82c5a7ca7e80b5868f9f62aacdf24438292b41e9b31446b116942,DUP-0056,False,EXACT_DUPLICATE,EXCLUDE,,Exact SHA-256 duplicate; keep preferred copy in DUP-0056.,OK
janus_n2_gate/release/Janus_MoSSe_CanonicalUnguided_BaselineRelease/README.md,README.md,.md,4483,a4f23e4a2b97f979e6b27cb363fe1372f3ae599087b9c89b686ae9ae98303a8a,DUP-0564,False,EXACT_DUPLICATE,EXCLUDE,,Exact SHA-256 duplicate; keep preferred copy in DUP-0564.,OK
janus_n2_gate/release/Janus_MoSSe_CanonicalUnguided_BaselineRelease/RUNNING_AUDITS.md,RUNNING_AUDITS.md,.md,1663,ec71a3fbff625b3fbe6514dc7c9081bd10d21def802f16861d770cf3975a539d,DUP-0796,False,EXACT_DUPLICATE,EXCLUDE,,Exact SHA-256 duplicate; keep preferred copy in DUP-0796.,OK
janus_n2_gate/release/Janus_MoSSe_CanonicalUnguided_BaselineRelease/SHA256SUMS.txt,SHA256SUMS.txt,.txt,9053,3d1575ae05f53f11a2b5f13dff3bf1c8b8a277726618f07ef5d5572abbe8094e,DUP-0212,False,EXACT_DUPLICATE,EXCLUDE,,Exact SHA-256 duplicate; keep preferred copy in DUP-0212.,OK
janus_n2_gate/release/Janus_MoSSe_CanonicalUnguided_BaselineRelease/audit_scripts/asymmetry_global_check.py,asymmetry_global_check.py,.py,1532,8f519e4b2fbd0dbf9d1659ba27c6d832e947a34d8c96f48cc113a3568fbf8bc1,DUP-0492,False,EXACT_DUPLICATE,EXCLUDE,,Exact SHA-256 duplicate; keep preferred copy in DUP-0492.,OK
janus_n2_gate/release/Janus_MoSSe_CanonicalUnguided_BaselineRelease/audit_scripts/branch_audit.py,branch_audit.py,.py,4897,c29a6d2983ec9e50eb81a855018c084bc60a63cde414babffd502332aeaf7967,DUP-0661,False,EXACT_DUPLICATE,EXCLUDE,,Exact SHA-256 duplicate; keep preferred copy in DUP-0661.,OK
janus_n2_gate/release/Janus_MoSSe_CanonicalUnguided_BaselineRelease/audit_scripts/edge_weight_ground_switch.py,edge_weight_ground_switch.py,.py,1443,1679b252671d84884a2a4a25b63b61498b62f3a7d77e05d39f456ffdbccca7bc,DUP-0074,False,EXACT_DUPLICATE,EXCLUDE,,Exact SHA-256 duplicate; keep preferred copy in DUP-0074.,OK
janus_n2_gate/release/Janus_MoSSe_CanonicalUnguided_BaselineRelease/audit_scripts/edge_weight_sensitivity.py,edge_weight_sensitivity.py,.py,2567,51c683f848369352351818594b91e9bbe5fb7718d464e3bfbfbfd27d6799758d,DUP-0283,False,EXACT_DUPLICATE,EXCLUDE,,Exact SHA-256 duplicate; keep preferred copy in DUP-0283.,OK
janus_n2_gate/release/Janus_MoSSe_CanonicalUnguided_BaselineRelease/audit_scripts/floquet_conditioning_audit.py,floquet_conditioning_audit.py,.py,3367,8ec21b53e8081f242ab249a5c911338055acbd766f84d69698f6507c90990d60,DUP-0488,False,EXACT_DUPLICATE,EXCLUDE,,Exact SHA-256 duplicate; keep preferred copy in DUP-0488.,OK
janus_n2_gate/release/Janus_MoSSe_CanonicalUnguided_BaselineRelease/audit_scripts/make_resolved_figures.py,make_resolved_figures.py,.py,11731,4cbc229a21f49a5c947fcf2ed2cfd81ec1dbf68f8a1f9f9bdbb05f92f4e2ea53,DUP-0266,False,EXACT_DUPLICATE,EXCLUDE,,Exact SHA-256 duplicate; keep preferred copy in DUP-0266.,OK
janus_n2_gate/release/Janus_MoSSe_CanonicalUnguided_BaselineRelease/audit_scripts/matched_symmetry_audit.py,matched_symmetry_audit.py,.py,6911,f8f93a3a2aabfe771af0efaef102483ecff0de61a58ed5f0c2312b6089aa5b6b,DUP-0834,False,EXACT_DUPLICATE,EXCLUDE,,Exact SHA-256 duplicate; keep preferred copy in DUP-0834.,OK
janus_n2_gate/release/Janus_MoSSe_CanonicalUnguided_BaselineRelease/audit_scripts/matched_symmetry_final.py,matched_symmetry_final.py,.py,1752,8f063bb649d87dd8916ce8d84eaac5c73e65e2986456c1baca4932d0e2a3e82c,DUP-0489,False,EXACT_DUPLICATE,EXCLUDE,,Exact SHA-256 duplicate; keep preferred copy in DUP-0489.,OK
janus_n2_gate/release/Janus_MoSSe_CanonicalUnguided_BaselineRelease/audit_scripts/resolve_branch_topology.py,resolve_branch_topology.py,.py,3644,6058c7d2b56959e98eb5b954a5ed4616f30024996e5ab963521146d6644f5fc1,DUP-0336,False,EXACT_DUPLICATE,EXCLUDE,,Exact SHA-256 duplicate; keep preferred copy in DUP-0336.,OK
janus_n2_gate/release/Janus_MoSSe_CanonicalUnguided_BaselineRelease/audit_scripts/shape_scaling_audit.py,shape_scaling_audit.py,.py,3338,cfde0bcd4a006e03c37608d19035ac95320299a88136c00c7c368b8d77a5ee1c,DUP-0710,False,EXACT_DUPLICATE,EXCLUDE,,Exact SHA-256 duplicate; keep preferred copy in DUP-0710.,OK
janus_n2_gate/release/Janus_MoSSe_CanonicalUnguided_BaselineRelease/audit_scripts/thermal_cluster_audit.py,thermal_cluster_audit.py,.py,7232,8eac340b189490c273d3211664608eef4bec8aa1fe5d80d13e4a69660e636470,DUP-0487,False,EXACT_DUPLICATE,EXCLUDE,,Exact SHA-256 duplicate; keep preferred copy in DUP-0487.,OK
janus_n2_gate/release/Janus_MoSSe_CanonicalUnguided_BaselineRelease/audit_scripts/triangle_branch_audit.py,triangle_branch_audit.py,.py,3204,769d45772e8188e3eba280e222b785a0c1445b8a1b3e7a66d556841fb69a8ae6,DUP-0413,False,EXACT_DUPLICATE,EXCLUDE,,Exact SHA-256 duplicate; keep preferred copy in DUP-0413.,OK
janus_n2_gate/release/Janus_MoSSe_CanonicalUnguided_BaselineRelease/audit_scripts/triangle_ground_switch.py,triangle_ground_switch.py,.py,2775,c3211a2020414a0984c2dd642ad09367cb803e91c3165ba771f134565fe9423c,DUP-0664,False,EXACT_DUPLICATE,EXCLUDE,,Exact SHA-256 duplicate; keep preferred copy in DUP-0664.,OK
janus_n2_gate/release/Janus_MoSSe_CanonicalUnguided_BaselineRelease/audit_scripts/vector_mode_map.py,vector_mode_map.py,.py,3067,43c8229a9b1edd499f89686b306cecfcbea5e949e4d396ced24247476a4dd9ec,DUP-0231,False,EXACT_DUPLICATE,EXCLUDE,,Exact SHA-256 duplicate; keep preferred copy in DUP-0231.,OK
janus_n2_gate/release/Janus_MoSSe_CanonicalUnguided_BaselineRelease/config/canonical_unguided.json,canonical_unguided.json,.json,2234,7360c00cf0f60c3a800dbc74629dd811a2335109dc804980f35556430423e2be,DUP-0402,False,EXACT_DUPLICATE,EXCLUDE,,Exact SHA-256 duplicate; keep preferred copy in DUP-0402.,OK
janus_n2_gate/release/Janus_MoSSe_CanonicalUnguided_BaselineRelease/config/production.json,production.json,.json,3319,655c8eeef01037846dead3fe33349fe9314ef5f9c035596e7c71100876256239,DUP-0356,False,EXACT_DUPLICATE,EXCLUDE,,Exact SHA-256 duplicate; keep preferred copy in DUP-0356.,OK
janus_n2_gate/release/Janus_MoSSe_CanonicalUnguided_BaselineRelease/data/canonical/CANONICAL_BASELINE_DEPENDENCY.csv,CANONICAL_BASELINE_DEPENDENCY.csv,.csv,1755,3921a9facbecb0f198c14b0fa559fa338f2fe41c76e0353a18dd51dba5308632,DUP-0200,False,EXACT_DUPLICATE,EXCLUDE,,Exact SHA-256 duplicate; keep preferred copy in DUP-0200.,OK
janus_n2_gate/release/Janus_MoSSe_CanonicalUnguided_BaselineRelease/data/canonical/asymmetry_global_check.csv,asymmetry_global_check.csv,.csv,708,63ab8ddda974801d45062cb1772d10bddd2d03d5c09a2563ea904edd855b10e3,DUP-0348,False,EXACT_DUPLICATE,EXCLUDE,,Exact SHA-256 duplicate; keep preferred copy in DUP-0348.,OK
janus_n2_gate/release/Janus_MoSSe_CanonicalUnguided_BaselineRelease/data/canonical/baseline_shape_branch_connectivity.csv,baseline_shape_branch_connectivity.csv,.csv,24171,c254d5a74f03cbdef7f09a4c64011348db06274f9bdf408b1fd2765dd0449ab6,DUP-0660,False,EXACT_DUPLICATE,EXCLUDE,,Exact SHA-256 duplicate; keep preferred copy in DUP-0660.,OK
janus_n2_gate/release/Janus_MoSSe_CanonicalUnguided_BaselineRelease/data/canonical/baseline_shape_prepared_endpoint_check.csv,baseline_shape_prepared_endpoint_check.csv,.csv,4901,a5e11bc3971114368b191b8fdfe49cdcb652875268449c84a984e26b551173e4,DUP-0567,False,EXACT_DUPLICATE,EXCLUDE,,Exact SHA-256 duplicate; keep preferred copy in DUP-0567.,OK
janus_n2_gate/release/Janus_MoSSe_CanonicalUnguided_BaselineRelease/data/canonical/baseline_triangle_stationary_check.csv,baseline_triangle_stationary_check.csv,.csv,1385,ad0b14d854265ac7a0d390b2759509357537ad661035ebbe4abe79e8b17669e4,DUP-0590,False,EXACT_DUPLICATE,EXCLUDE,,Exact SHA-256 duplicate; keep preferred copy in DUP-0590.,OK
janus_n2_gate/release/Janus_MoSSe_CanonicalUnguided_BaselineRelease/data/canonical/branch_family_continuation.csv,branch_family_continuation.csv,.csv,9659,02415c64857c93945889fff43a78f678ae2a8aaadd4fe8100a23d637fbb59764,DUP-0008,False,EXACT_DUPLICATE,EXCLUDE,,Exact SHA-256 duplicate; keep preferred copy in DUP-0008.,OK
janus_n2_gate/release/Janus_MoSSe_CanonicalUnguided_BaselineRelease/data/canonical/branch_family_summary.csv,branch_family_summary.csv,.csv,2573,0871709658d8ca369dd21a0584bf590c1cf2a8e2efc260f80b244255602d7d6d,DUP-0028,False,EXACT_DUPLICATE,EXCLUDE,,Exact SHA-256 duplicate; keep preferred copy in DUP-0028.,OK
janus_n2_gate/release/Janus_MoSSe_CanonicalUnguided_BaselineRelease/data/canonical/branch_followed_thresholds.csv,branch_followed_thresholds.csv,.csv,1756,80207e27baa7feb317dd95891d99435d2a57a7bd5a737eeb7e5a0d2c4d292603,DUP-0443,False,EXACT_DUPLICATE,EXCLUDE,,Exact SHA-256 duplicate; keep preferred copy in DUP-0443.,OK
janus_n2_gate/release/Janus_MoSSe_CanonicalUnguided_BaselineRelease/data/canonical/edge_weight_ground_switch.csv,edge_weight_ground_switch.csv,.csv,334,f3a8d30d4a46550eae49d4056d2795875430d6803f76a1742eee90d151e0070a,DUP-0822,False,EXACT_DUPLICATE,EXCLUDE,,Exact SHA-256 duplicate; keep preferred copy in DUP-0822.,OK
janus_n2_gate/release/Janus_MoSSe_CanonicalUnguided_BaselineRelease/data/canonical/floquet_conditioning_check.csv,floquet_conditioning_check.csv,.csv,560,2d9ea344f79c7a3b7f8b1ee23477311a1dee0c59eb42915220b72afb898d214d,DUP-0155,False,EXACT_DUPLICATE,EXCLUDE,,Exact SHA-256 duplicate; keep preferred copy in DUP-0155.,OK
janus_n2_gate/release/Janus_MoSSe_CanonicalUnguided_BaselineRelease/data/canonical/free_cusp_like_point.csv,free_cusp_like_point.csv,.csv,301,5e67c8c59e9d883997f506aa67bc2fa9353d984355cd8b7e6bde81c1655dd33e,DUP-0325,False,EXACT_DUPLICATE,EXCLUDE,,Exact SHA-256 duplicate; keep preferred copy in DUP-0325.,OK
janus_n2_gate/release/Janus_MoSSe_CanonicalUnguided_BaselineRelease/data/canonical/free_fold_nondegeneracy.csv,free_fold_nondegeneracy.csv,.csv,118445,7b3a007338abbe2aca3cf8b482c056a4a48f09b8404ee03407fc4f0750e83607,DUP-0424,False,EXACT_DUPLICATE,EXCLUDE,,Exact SHA-256 duplicate; keep preferred copy in DUP-0424.,OK
janus_n2_gate/release/Janus_MoSSe_CanonicalUnguided_BaselineRelease/data/canonical/free_thermal_cluster_ci_canonical.csv,free_thermal_cluster_ci_canonical.csv,.csv,2461,6d5ab6e46cdb1272c0b8627c36d761be427836acc507c310c49952eead91f8e7,DUP-0381,False,EXACT_DUPLICATE,EXCLUDE,,Exact SHA-256 duplicate; keep preferred copy in DUP-0381.,OK
janus_n2_gate/release/Janus_MoSSe_CanonicalUnguided_BaselineRelease/data/canonical/free_thermal_cluster_ci_recomputed.csv,free_thermal_cluster_ci_recomputed.csv,.csv,1862,fc13c407274fca75f59c3c285736701ae84531034753f7ec092b00047bf117eb,DUP-0844,False,EXACT_DUPLICATE,EXCLUDE,,Exact SHA-256 duplicate; keep preferred copy in DUP-0844.,OK
janus_n2_gate/release/Janus_MoSSe_CanonicalUnguided_BaselineRelease/data/canonical/matched_symmetry_final.csv,matched_symmetry_final.csv,.csv,1660,2aef9c57787f0aa0eee6848de1fdcc3223fb6161ea588c93aed6c5c5c54c5313,DUP-0145,False,EXACT_DUPLICATE,EXCLUDE,,Exact SHA-256 duplicate; keep preferred copy in DUP-0145.,OK
janus_n2_gate/release/Janus_MoSSe_CanonicalUnguided_BaselineRelease/data/canonical/matched_symmetry_final_contracts.csv,matched_symmetry_final_contracts.csv,.csv,280,e7d84591f0b92febcb6bcd45980b6b6684cf47c48da5b8d6a967091e4c6c4169,DUP-0784,False,EXACT_DUPLICATE,EXCLUDE,,Exact SHA-256 duplicate; keep preferred copy in DUP-0784.,OK
janus_n2_gate/release/Janus_MoSSe_CanonicalUnguided_BaselineRelease/data/canonical/shape_scaling_extended.csv,shape_scaling_extended.csv,.csv,6755,2deaacd57ebb582c817cd5c395f0fc6a198ce516372157933667a4cae0b4cdf0,DUP-0158,False,EXACT_DUPLICATE,EXCLUDE,,Exact SHA-256 duplicate; keep preferred copy in DUP-0158.,OK
janus_n2_gate/release/Janus_MoSSe_CanonicalUnguided_BaselineRelease/data/canonical/shape_scaling_metrics.csv,shape_scaling_metrics.csv,.csv,1526,83810cfce0b829965ad2ef48f4cc9c250305a59decd2a75ac436acf6b4ea4b75,DUP-0460,False,EXACT_DUPLICATE,EXCLUDE,,Exact SHA-256 duplicate; keep preferred copy in DUP-0460.,OK
janus_n2_gate/release/Janus_MoSSe_CanonicalUnguided_BaselineRelease/data/canonical/triangle_branch_families.csv,triangle_branch_families.csv,.csv,1581,1d0ff061405bb35eb03cb4c4d82e5bf55b724d41fc82c07196f269076e536480,DUP-0098,False,EXACT_DUPLICATE,EXCLUDE,,Exact SHA-256 duplicate; keep preferred copy in DUP-0098.,OK
janus_n2_gate/release/Janus_MoSSe_CanonicalUnguided_BaselineRelease/data/canonical/triangle_ground_switch.csv,triangle_ground_switch.csv,.csv,2899,b2908ab9f20c3fffe2ef96e4d51eb8c8c758db938d60186f80380c8485393c0d,DUP-0610,False,EXACT_DUPLICATE,EXCLUDE,,Exact SHA-256 duplicate; keep preferred copy in DUP-0610.,OK
janus_n2_gate/release/Janus_MoSSe_CanonicalUnguided_BaselineRelease/data/canonical/vector_mode_map_F0_period.csv,vector_mode_map_F0_period.csv,.csv,9433,fe9365f60cafa029fdf414cddf51ed490f7f98cd34cc2b967e706ab0c09cfcc1,DUP-0855,False,EXACT_DUPLICATE,EXCLUDE,,Exact SHA-256 duplicate; keep preferred copy in DUP-0855.,OK
janus_n2_gate/release/Janus_MoSSe_CanonicalUnguided_BaselineRelease/data/raw_thermal/free_thermal_trajectory_raw_canonical.csv,free_thermal_trajectory_raw_canonical.csv,.csv,1121505,279cce7e3b9e80f03b94e4d345d85fc26ab8ed9ce0864f566ae1986a9f89db53,DUP-0136,False,EXACT_DUPLICATE,EXCLUDE,,Exact SHA-256 duplicate; keep preferred copy in DUP-0136.,OK
janus_n2_gate/release/Janus_MoSSe_CanonicalUnguided_BaselineRelease/figures/Figure_1_symmetry_contracts.png,Figure_1_symmetry_contracts.png,.png,432290,cc37eeb43ae16b313b8306499b42dd20e1456c2672236f73b393afb7fd2d9013,DUP-0694,False,EXACT_DUPLICATE,EXCLUDE,,Exact SHA-256 duplicate; keep preferred copy in DUP-0694.,OK
janus_n2_gate/release/Janus_MoSSe_CanonicalUnguided_BaselineRelease/figures/Figure_2_branch_resolved_depinning.png,Figure_2_branch_resolved_depinning.png,.png,355658,d485395e1e1cad111fefc981339d9ff973fa8ffe6251e462771d6f1696a2e2ca,DUP-0730,False,EXACT_DUPLICATE,EXCLUDE,,Exact SHA-256 duplicate; keep preferred copy in DUP-0730.,OK
janus_n2_gate/release/Janus_MoSSe_CanonicalUnguided_BaselineRelease/figures/Figure_3_extended_size_shape_similarity.png,Figure_3_extended_size_shape_similarity.png,.png,439600,cb7582900f68c199563b0c8db5beba178d71865b857970dcbbfadf50662cfc40,DUP-0692,False,EXACT_DUPLICATE,EXCLUDE,,Exact SHA-256 duplicate; keep preferred copy in DUP-0692.,OK
janus_n2_gate/release/Janus_MoSSe_CanonicalUnguided_BaselineRelease/figures/Figure_4_boundary_registry_switching.png,Figure_4_boundary_registry_switching.png,.png,397699,71598bbe3f865cf93187ce29e1e766c8f402f88a8e4a3ab1976e0bdd39d027c9,DUP-0396,False,EXACT_DUPLICATE,EXCLUDE,,Exact SHA-256 duplicate; keep preferred copy in DUP-0396.,OK
janus_n2_gate/release/Janus_MoSSe_CanonicalUnguided_BaselineRelease/figures/Figure_5_vector_mode_map_floquet.png,Figure_5_vector_mode_map_floquet.png,.png,271416,84f44d721ff39ebe33b42e94cd8ca6aa3c06938b23ddf3d0762765afe73c33ea,DUP-0464,False,EXACT_DUPLICATE,EXCLUDE,,Exact SHA-256 duplicate; keep preferred copy in DUP-0464.,OK
janus_n2_gate/release/Janus_MoSSe_CanonicalUnguided_BaselineRelease/figures/Figure_6_thermal_cluster_uncertainty.png,Figure_6_thermal_cluster_uncertainty.png,.png,205036,3565297c47a9e8d999db5c2e61e5cf29ba9e3ae433088511a02503238b083a22,DUP-0188,False,EXACT_DUPLICATE,EXCLUDE,,Exact SHA-256 duplicate; keep preferred copy in DUP-0188.,OK
janus_n2_gate/release/Janus_MoSSe_CanonicalUnguided_BaselineRelease/manuscript/Janus_MoSSe_AuditResolved_SupplementaryInformation.docx,Janus_MoSSe_AuditResolved_SupplementaryInformation.docx,.docx,44981,c1f05ec628a69311debe72ba01912824d4ba72669ad91cbb082a7b44348d881d,DUP-0659,False,EXACT_DUPLICATE,EXCLUDE,,Exact SHA-256 duplicate; keep preferred copy in DUP-0659.,OK
janus_n2_gate/release/Janus_MoSSe_CanonicalUnguided_BaselineRelease/manuscript/Janus_MoSSe_Reboot_Revalidated_Manuscript_AuditResolved.docx,Janus_MoSSe_Reboot_Revalidated_Manuscript_AuditResolved.docx,.docx,3459850,fdab21b00ac99b26341f8e2a576fb5c0d1034cdb99c8f4981daccaabff3a4c82,DUP-0851,False,EXACT_DUPLICATE,EXCLUDE,,Exact SHA-256 duplicate; keep preferred copy in DUP-0851.,OK
janus_n2_gate/release/Janus_MoSSe_CanonicalUnguided_BaselineRelease/provenance_scripts/asymmetry_global_check.py,asymmetry_global_check.py,.py,1508,8d5a96342dbc9d89951255c7aab6a841c8ccebe5a5fde9645ebc8255b7e06f25,DUP-0482,False,EXACT_DUPLICATE,EXCLUDE,,Exact SHA-256 duplicate; keep preferred copy in DUP-0482.,OK
janus_n2_gate/release/Janus_MoSSe_CanonicalUnguided_BaselineRelease/provenance_scripts/branch_audit.py,branch_audit.py,.py,4884,8fb18cbf9daedc3f2214e06beb55792081a7d3cafec566118681cc163a4e203e,DUP-0493,False,EXACT_DUPLICATE,EXCLUDE,,Exact SHA-256 duplicate; keep preferred copy in DUP-0493.,OK
janus_n2_gate/release/Janus_MoSSe_CanonicalUnguided_BaselineRelease/provenance_scripts/edge_weight_ground_switch.py,edge_weight_ground_switch.py,.py,1419,7176e83e7df49f3a2af1f0d53ddb44385f4a6d7ff3ff510eb6dd308aaab4d116,DUP-0397,False,EXACT_DUPLICATE,EXCLUDE,,Exact SHA-256 duplicate; keep preferred copy in DUP-0397.,OK
janus_n2_gate/release/Janus_MoSSe_CanonicalUnguided_BaselineRelease/provenance_scripts/edge_weight_sensitivity.py,edge_weight_sensitivity.py,.py,2596,ce8b8b7a68e882a9e961a4ba2bbce2799e5031451d3224085a8254d2f66f1f6f,DUP-0705,False,EXACT_DUPLICATE,EXCLUDE,,Exact SHA-256 duplicate; keep preferred copy in DUP-0705.,OK
janus_n2_gate/release/Janus_MoSSe_CanonicalUnguided_BaselineRelease/provenance_scripts/floquet_conditioning_audit.py,floquet_conditioning_audit.py,.py,3343,c91aa58aa940538cd96684d3d26d8226f6b7ff9437aeb1123c0fd1f41625e374,DUP-0685,False,EXACT_DUPLICATE,EXCLUDE,,Exact SHA-256 duplicate; keep preferred copy in DUP-0685.,OK
janus_n2_gate/release/Janus_MoSSe_CanonicalUnguided_BaselineRelease/provenance_scripts/make_resolved_figures.py,make_resolved_figures.py,.py,11587,a8f74a787b0af005f814cf1222b15ab04d15df072db0fadd88ceaea23c311db2,DUP-0573,False,EXACT_DUPLICATE,EXCLUDE,,Exact SHA-256 duplicate; keep preferred copy in DUP-0573.,OK
janus_n2_gate/release/Janus_MoSSe_CanonicalUnguided_BaselineRelease/provenance_scripts/matched_symmetry_audit.py,matched_symmetry_audit.py,.py,6873,3ef780dbd6dfa7d788e98a30dc986d6e73998cf69448fcc812849ed5c3110be4,DUP-0219,False,EXACT_DUPLICATE,EXCLUDE,,Exact SHA-256 duplicate; keep preferred copy in DUP-0219.,OK
janus_n2_gate/release/Janus_MoSSe_CanonicalUnguided_BaselineRelease/provenance_scripts/matched_symmetry_final.py,matched_symmetry_final.py,.py,1641,ffac41fcfaa977a47f39a3201bb079038a05c05df005f9e44d8c0605686a6d0c,DUP-0860,False,EXACT_DUPLICATE,EXCLUDE,,Exact SHA-256 duplicate; keep preferred copy in DUP-0860.,OK
janus_n2_gate/release/Janus_MoSSe_CanonicalUnguided_BaselineRelease/provenance_scripts/resolve_branch_topology.py,resolve_branch_topology.py,.py,3606,550333a1ea3842e63a87d2750450a6bbb9d5d8aa9b58ec819359a955de9b14e9,DUP-0292,False,EXACT_DUPLICATE,EXCLUDE,,Exact SHA-256 duplicate; keep preferred copy in DUP-0292.,OK
janus_n2_gate/release/Janus_MoSSe_CanonicalUnguided_BaselineRelease/provenance_scripts/shape_scaling_audit.py,shape_scaling_audit.py,.py,3300,79757a4815644d7ff67824595611db079d76f1d516fb50542b1c8111d19f6a21,DUP-0422,False,EXACT_DUPLICATE,EXCLUDE,,Exact SHA-256 duplicate; keep preferred copy in DUP-0422.,OK
janus_n2_gate/release/Janus_MoSSe_CanonicalUnguided_BaselineRelease/provenance_scripts/thermal_cluster_audit.py,thermal_cluster_audit.py,.py,7162,1813606a131d67f182a7f39935642c9b2e628d3648320dc592626eed89e00d01,DUP-0079,False,EXACT_DUPLICATE,EXCLUDE,,Exact SHA-256 duplicate; keep preferred copy in DUP-0079.,OK
janus_n2_gate/release/Janus_MoSSe_CanonicalUnguided_BaselineRelease/provenance_scripts/triangle_branch_audit.py,triangle_branch_audit.py,.py,3180,9bbdafc7f55490a1bf34328d1fe38d168f70837a31610a201d507a454cec1725,DUP-0534,False,EXACT_DUPLICATE,EXCLUDE,,Exact SHA-256 duplicate; keep preferred copy in DUP-0534.,OK
janus_n2_gate/release/Janus_MoSSe_CanonicalUnguided_BaselineRelease/provenance_scripts/triangle_ground_switch.py,triangle_ground_switch.py,.py,2751,9f336c5d16c29cde253d49e3a3712c051aba03ad0909347cd5b65691e7865e74,DUP-0544,False,EXACT_DUPLICATE,EXCLUDE,,Exact SHA-256 duplicate; keep preferred copy in DUP-0544.,OK
janus_n2_gate/release/Janus_MoSSe_CanonicalUnguided_BaselineRelease/provenance_scripts/vector_mode_map.py,vector_mode_map.py,.py,3043,5593ccf03a3ef70d26e40a74d037e4dd97c12139bb454ad44d1f08fc4359a335,DUP-0296,False,EXACT_DUPLICATE,EXCLUDE,,Exact SHA-256 duplicate; keep preferred copy in DUP-0296.,OK
janus_n2_gate/release/Janus_MoSSe_CanonicalUnguided_BaselineRelease/recompute_thermal_summary.py,recompute_thermal_summary.py,.py,1183,97042cadb931934cf36ad2d85b5d4c71c716e1b6146146d06bdbf385f335c935,DUP-0511,False,EXACT_DUPLICATE,EXCLUDE,,Exact SHA-256 duplicate; keep preferred copy in DUP-0511.,OK
janus_n2_gate/release/Janus_MoSSe_CanonicalUnguided_BaselineRelease/reports/AUDIT_RESOLUTION_REPORT.md,AUDIT_RESOLUTION_REPORT.md,.md,14718,be745c21b7e7d5ef3a1f9c67f364f0497ffd72c4126064f403cb962cef81bcfa,DUP-0651,False,EXACT_DUPLICATE,EXCLUDE,,Exact SHA-256 duplicate; keep preferred copy in DUP-0651.,OK
janus_n2_gate/release/Janus_MoSSe_CanonicalUnguided_BaselineRelease/reports/CANONICAL_BASELINE_REPORT.md,CANONICAL_BASELINE_REPORT.md,.md,5672,054d383db6ce999c1c443e033cdc867297edf9f427f40292d0b01951bf115d5e,DUP-0018,False,EXACT_DUPLICATE,EXCLUDE,,Exact SHA-256 duplicate; keep preferred copy in DUP-0018.,OK
janus_n2_gate/release/Janus_MoSSe_CanonicalUnguided_BaselineRelease/requirements.txt,requirements.txt,.txt,74,463b51d2d4f031011d652b9af93e6427c081d78254e200a28edeff1f967773f0,DUP-0243,False,EXACT_DUPLICATE,EXCLUDE,,Exact SHA-256 duplicate; keep preferred copy in DUP-0243.,OK
janus_n2_gate/release/Janus_MoSSe_CanonicalUnguided_BaselineRelease/source/__pycache__/dft_guided_material_v12.cpython-313.pyc,dft_guided_material_v12.cpython-313.pyc,.cpython-313.pyc,20836,4a661f504711af7b318c9b381207fccc0052a01ab94760526986e7eadbe82f6b,DUP-0254,False,EPHEMERAL_QA,EXCLUDE,,Rendered page/QA-only intermediate; reproducible from source document.,OK
janus_n2_gate/release/Janus_MoSSe_CanonicalUnguided_BaselineRelease/source/__pycache__/janus_fourier_landscapes_v12.cpython-313.pyc,janus_fourier_landscapes_v12.cpython-313.pyc,.cpython-313.pyc,12364,9e9f06d235768820635cae6490905cb560a8e1fd55c9c4992832ad6abdeb59c4,DUP-0539,False,EPHEMERAL_QA,EXCLUDE,,Rendered page/QA-only intermediate; reproducible from source document.,OK
janus_n2_gate/release/Janus_MoSSe_CanonicalUnguided_BaselineRelease/source/__pycache__/new_physics_v18.cpython-313.pyc,new_physics_v18.cpython-313.pyc,.cpython-313.pyc,34065,d47dc9e583b24aa76c94d2293cd04505fea3072fcc76bb0cb6e5b32c558e8fec,DUP-0729,False,EPHEMERAL_QA,EXCLUDE,,Rendered page/QA-only intermediate; reproducible from source document.,OK
janus_n2_gate/release/Janus_MoSSe_CanonicalUnguided_BaselineRelease/source/canonical_analysis_v17.py,canonical_analysis_v17.py,.py,21837,01627a2ee2cd29ba8ae80ea0cf2828cd98a9162c6b332f1ffaf4a1f320d75067,DUP-0003,False,EXACT_DUPLICATE,EXCLUDE,,Exact SHA-256 duplicate; keep preferred copy in DUP-0003.,OK
janus_n2_gate/release/Janus_MoSSe_CanonicalUnguided_BaselineRelease/source/dft_guided_material_v12.py,dft_guided_material_v12.py,.py,10403,3dbb2ef66165b519ee48de20e34ed855e319cb3877f2f5952e710adcff671356,DUP-0216,False,EXACT_DUPLICATE,EXCLUDE,,Exact SHA-256 duplicate; keep preferred copy in DUP-0216.,OK
janus_n2_gate/release/Janus_MoSSe_CanonicalUnguided_BaselineRelease/source/janus_fourier_landscapes_v12.py,janus_fourier_landscapes_v12.py,.py,7446,f2b1ffc29da25d053fa534145d2d1896cdfb33441928d4b12a218961114942d9,DUP-0817,False,EXACT_DUPLICATE,EXCLUDE,,Exact SHA-256 duplicate; keep preferred copy in DUP-0817.,OK
janus_n2_gate/release/Janus_MoSSe_CanonicalUnguided_BaselineRelease/source/make_figure7_v17.py,make_figure7_v17.py,.py,4240,ff6b2cbd040613f8bf8ab7e8ff0847e805d62265a1341264e25468c52011f0f5,DUP-0859,False,EXACT_DUPLICATE,EXCLUDE,,Exact SHA-256 duplicate; keep preferred copy in DUP-0859.,OK
janus_n2_gate/release/Janus_MoSSe_CanonicalUnguided_BaselineRelease/source/make_figure8_v17.py,make_figure8_v17.py,.py,5501,0e5d2eb929e892ab8952aafe8d7d7b34ca2e77cbf7d955edf2b9f2e3037ef1c8,DUP-0048,False,EXACT_DUPLICATE,EXCLUDE,,Exact SHA-256 duplicate; keep preferred copy in DUP-0048.,OK
janus_n2_gate/release/Janus_MoSSe_CanonicalUnguided_BaselineRelease/source/make_figure9_v18.py,make_figure9_v18.py,.py,3981,7247a4e5057973a73c85075ba1ac48b9b0910dd4a485f31b0ed19c9423488f17,DUP-0399,False,EXACT_DUPLICATE,EXCLUDE,,Exact SHA-256 duplicate; keep preferred copy in DUP-0399.,OK
janus_n2_gate/release/Janus_MoSSe_CanonicalUnguided_BaselineRelease/source/new_physics_v18.py,new_physics_v18.py,.py,17736,88277be504516ebd14ed95273b25e894ba1a059696728616c94ad30e4b68d993,DUP-0473,False,EXACT_DUPLICATE,EXCLUDE,,Exact SHA-256 duplicate; keep preferred copy in DUP-0473.,OK
janus_n2_gate/release/Janus_MoSSe_CanonicalUnguided_BaselineRelease/source/run_dft_material_validation_v12.py,run_dft_material_validation_v12.py,.py,8442,51d7f4fc14d6598872f4620a3703ce50109c12b9aa9097a5d18d4a0db5b20674,DUP-0284,False,EXACT_DUPLICATE,EXCLUDE,,Exact SHA-256 duplicate; keep preferred copy in DUP-0284.,OK
janus_n2_gate/release/Janus_MoSSe_CanonicalUnguided_BaselineRelease/source/validate_v12_outputs.py,validate_v12_outputs.py,.py,4461,3248297073e8618733aed92574283318eec85b71ccebd9f022c2cd341ddfc232,DUP-0169,False,EXACT_DUPLICATE,EXCLUDE,,Exact SHA-256 duplicate; keep preferred copy in DUP-0169.,OK
janus_n2_gate/release/Janus_MoSSe_CanonicalUnguided_BaselineRelease/source/validate_v17_release.py,validate_v17_release.py,.py,5099,d694af76263dd49cc778f8ec3e964efc4ea391d8b6171752861d2a34c57be70b,DUP-0733,False,EXACT_DUPLICATE,EXCLUDE,,Exact SHA-256 duplicate; keep preferred copy in DUP-0733.,OK
janus_n2_gate/release/Janus_MoSSe_CanonicalUnguided_BaselineRelease/source/validate_v18_release.py,validate_v18_release.py,.py,2818,99960c866b3663a49cdfd0428c5aa52d0b848d9eea49cb04e7b47a80aeff4d14,DUP-0527,False,EXACT_DUPLICATE,EXCLUDE,,Exact SHA-256 duplicate; keep preferred copy in DUP-0527.,OK
janus_n2_gate/release/Janus_MoSSe_CanonicalUnguided_BaselineRelease/validate_canonical_baseline.py,validate_canonical_baseline.py,.py,3023,81dee3d39f297d6444b9c7306bbd661a4de36575624f86c952e9698cebe52846,DUP-0453,False,EXACT_DUPLICATE,EXCLUDE,,Exact SHA-256 duplicate; keep preferred copy in DUP-0453.,OK
janus_n2_gate/release/Janus_MoSSe_CanonicalUnguided_BaselineRelease/validate_release.py,validate_release.py,.py,5030,62ab0fd35d6697c87bcda9758f050401fd4cb2e064cc0a8bb952a19b9aea6f6d,DUP-0344,False,EXACT_DUPLICATE,EXCLUDE,,Exact SHA-256 duplicate; keep preferred copy in DUP-0344.,OK
janus_n2_gate/report_stdout.txt,report_stdout.txt,.txt,5480,000e4773a70074ab2993c7e71e37857dae1c7a57aaaebb326292a22464f93f52,,True,SUPPORTING,KEEP,research-os/janus_n2_gate/report_stdout.txt,"Research OS evidence, code, data, audit, or provenance artifact.",OK
janus_n3_gate/N3_BOUNDARY_REGISTRY_COMPETITION_GATE_REPORT.md,N3_BOUNDARY_REGISTRY_COMPETITION_GATE_REPORT.md,.md,5535,43ceff69bb132c24af32749b673b5e1af035fac95592e11325b11539aab63d2b,,True,SUPPORTING,KEEP,research-os/janus_n3_gate/N3_BOUNDARY_REGISTRY_COMPETITION_GATE_REPORT.md,"Research OS evidence, code, data, audit, or provenance artifact.",OK
janus_n3_gate/N3_BoundaryRegistry_GateBundle.zip,N3_BoundaryRegistry_GateBundle.zip,.zip,16380,33013992b4a086ed506a3db0070e872a387b343485b05fc6b4f77468a3bb568c,,True,ARCHIVE_BUNDLE,ARCHIVE,research-os/janus_n3_gate/N3_BoundaryRegistry_GateBundle.zip,Historical bundle; contents may also exist unpacked.,OK
janus_n3_gate/n3_audit_summary.json,n3_audit_summary.json,.json,1724,e5b2bb654e6d806115c5ad570cd3bcf7ca534eb5f99718e9653b8b0ac6585c74,,True,SUPPORTING,KEEP,research-os/janus_n3_gate/n3_audit_summary.json,"Research OS evidence, code, data, audit, or provenance artifact.",OK
janus_n3_gate/n3_boundary_registry_audit.py,n3_boundary_registry_audit.py,.py,12273,4dfedfc96ad5fc114b3b258e6fb61f62aaaa85ecde4a1eddd479dd722ea491ad,,True,SUPPORTING,KEEP,research-os/janus_n3_gate/n3_boundary_registry_audit.py,"Research OS evidence, code, data, audit, or provenance artifact.",OK
janus_n3_gate/n3_edge_weight_global_enumeration.csv,n3_edge_weight_global_enumeration.csv,.csv,940,f27d81f41b5a56af407fe8329d0ce84afabbd37f4f9762ee35c5ea4a56a8cca1,,True,SUPPORTING,KEEP,research-os/janus_n3_gate/n3_edge_weight_global_enumeration.csv,"Research OS evidence, code, data, audit, or provenance artifact.",OK
janus_n3_gate/n3_edge_weight_sensitivity.csv,n3_edge_weight_sensitivity.csv,.csv,2299,680c94d4fe59bc033ed76b61012e16ab38e70055a08937ea886a38362268407f,,True,SUPPORTING,KEEP,research-os/janus_n3_gate/n3_edge_weight_sensitivity.csv,"Research OS evidence, code, data, audit, or provenance artifact.",OK
janus_n3_gate/n3_edge_weight_stationarity.csv,n3_edge_weight_stationarity.csv,.csv,1834,da7c7988c5891754c42f1c84fc2b3f535fe08faaa4329d1d71dff537e586a2f3,,True,SUPPORTING,KEEP,research-os/janus_n3_gate/n3_edge_weight_stationarity.csv,"Research OS evidence, code, data, audit, or provenance artifact.",OK
janus_n3_gate/n3_edge_weight_targeted.py,n3_edge_weight_targeted.py,.py,5229,f1f7635065cb09097a0da88685c955b05f860b1b8c4484d50cbdf4641c7fd993,,True,SUPPORTING,KEEP,research-os/janus_n3_gate/n3_edge_weight_targeted.py,"Research OS evidence, code, data, audit, or provenance artifact.",OK
janus_n3_gate/n3_global_vs_prepared_roots.csv,n3_global_vs_prepared_roots.csv,.csv,199,5d18c1cdb71c0bbc77fed12537c6bedcae7f265d5f5f3b16327a734eb279926b,,True,SUPPORTING,KEEP,research-os/janus_n3_gate/n3_global_vs_prepared_roots.csv,"Research OS evidence, code, data, audit, or provenance artifact.",OK
janus_n3_gate/n3_orientation_energy_crossings.csv,n3_orientation_energy_crossings.csv,.csv,529,f0e3fe57f60098359a31f6b170f381b8010ece6ad02ca19b8a006ee0ba742f32,,True,SUPPORTING,KEEP,research-os/janus_n3_gate/n3_orientation_energy_crossings.csv,"Research OS evidence, code, data, audit, or provenance artifact.",OK
janus_n3_gate/n3_prepared_vs_global_switch.csv,n3_prepared_vs_global_switch.csv,.csv,5269,c2eda7428220951cdb9673c1314eb27015a7129a344afa141c0fafd2e90ee177,,True,SUPPORTING,KEEP,research-os/janus_n3_gate/n3_prepared_vs_global_switch.csv,"Research OS evidence, code, data, audit, or provenance artifact.",OK
janus_n3_gate/n3_run.log,n3_run.log,.log,0,e3b0c44298fc1c149afbf4c8996fb92427ae41e4649b934ca495991b7852b855,DUP-0769,False,EPHEMERAL_QA,EXCLUDE,,Rendered page/QA-only intermediate; reproducible from source document.,OK
janus_n3_gate/n3_stationary_minima_near_switch.csv,n3_stationary_minima_near_switch.csv,.csv,1641,c48f42b305cda90add64dc17cdb0ab9c17131b81e30bdcd8d7aa8eac4961877f,,True,SUPPORTING,KEEP,research-os/janus_n3_gate/n3_stationary_minima_near_switch.csv,"Research OS evidence, code, data, audit, or provenance artifact.",OK
janus_n3_gate/n3_weight_run.log,n3_weight_run.log,.log,2597,cc7c280527fa8af1f42126e6e749a7280dc21636d889fbffc18ed2d935043b2f,,True,EPHEMERAL_QA,EXCLUDE,,Rendered page/QA-only intermediate; reproducible from source document.,OK
janus_n4_gate/N4_ODD_SECTOR_GATE_SUMMARY.json,N4_ODD_SECTOR_GATE_SUMMARY.json,.json,1458,04109a4e6d433847eaffdb8a75eb8a1eaf083beec117aabaa951fa06ff0775c9,,True,SUPPORTING,KEEP,research-os/janus_n4_gate/N4_ODD_SECTOR_GATE_SUMMARY.json,"Research OS evidence, code, data, audit, or provenance artifact.",OK
janus_n4_gate/N4_ODD_SECTOR_GAUGE_GATE_REPORT.md,N4_ODD_SECTOR_GAUGE_GATE_REPORT.md,.md,6182,256cb176a1cc978f5dd1ba26cd103ce27a7e3849b11d8f8b64fd1fb3dac74fa4,,True,SUPPORTING,KEEP,research-os/janus_n4_gate/N4_ODD_SECTOR_GAUGE_GATE_REPORT.md,"Research OS evidence, code, data, audit, or provenance artifact.",OK
janus_n4_gate/N4_OddSector_GaugeGateBundle.zip,N4_OddSector_GaugeGateBundle.zip,.zip,150187,1a3e314c3520256ba27681ec541b8bbdc12723c7ddb972a3f0f9db295de0a575,,True,ARCHIVE_BUNDLE,ARCHIVE,research-os/janus_n4_gate/N4_OddSector_GaugeGateBundle.zip,Historical bundle; contents may also exist unpacked.,OK
janus_n4_gate/N4_eta_origin_dependence.png,N4_eta_origin_dependence.png,.png,110255,bd32203f5fdadedbf59b18df73e0bef8af088d523a648196951af16edf8f7e3f,,True,SUPPORTING,KEEP,research-os/janus_n4_gate/N4_eta_origin_dependence.png,"Research OS evidence, code, data, audit, or provenance artifact.",OK
janus_n4_gate/__pycache__/n4_core.cpython-313.pyc,n4_core.cpython-313.pyc,.cpython-313.pyc,15612,c8b63fdfc32f770460c8f1570421d80bfd0c752468964f109db563e0e3da87d7,,True,EPHEMERAL_QA,EXCLUDE,,Rendered page/QA-only intermediate; reproducible from source document.,OK
janus_n4_gate/n4_Amin_equivalent_centers.csv,n4_Amin_equivalent_centers.csv,.csv,673,f18148f02505a224004605a2968966e69ae57f959b8cb38ac8a4b9658ac3a509,,True,SUPPORTING,KEEP,research-os/janus_n4_gate/n4_Amin_equivalent_centers.csv,"Research OS evidence, code, data, audit, or provenance artifact.",OK
janus_n4_gate/n4_canonical_center_covariance.csv,n4_canonical_center_covariance.csv,.csv,4085,60348dc3ae9ef3d9520b5121b24b80ca0ac898d3b20d17bebe5f49e3b66021e8,,True,SUPPORTING,KEEP,research-os/janus_n4_gate/n4_canonical_center_covariance.csv,"Research OS evidence, code, data, audit, or provenance artifact.",OK
janus_n4_gate/n4_canonical_center_covariance.py,n4_canonical_center_covariance.py,.py,1355,d2fbb90290d9250b2b4010d92835696f8748d9e8e40a0b22c58a81c9a6ba0f24,,True,SUPPORTING,KEEP,research-os/janus_n4_gate/n4_canonical_center_covariance.py,"Research OS evidence, code, data, audit, or provenance artifact.",OK
janus_n4_gate/n4_center_covariance_tracked.csv,n4_center_covariance_tracked.csv,.csv,2631,5584668971baf287d2d8714bae27ddd7d93579165daaf7c1063fb6aeb986ed43,,True,SUPPORTING,KEEP,research-os/janus_n4_gate/n4_center_covariance_tracked.csv,"Research OS evidence, code, data, audit, or provenance artifact.",OK
janus_n4_gate/n4_core.py,n4_core.py,.py,6133,5796ab1c7ed7b939def361c2d5c87c76e2163e34eee049053ce095e9f9e604f3,,True,SUPPORTING,KEEP,research-os/janus_n4_gate/n4_core.py,"Research OS evidence, code, data, audit, or provenance artifact.",OK
janus_n4_gate/n4_eta0.log,n4_eta0.log,.log,3406,fd34439c6b04f59a4876acdac8876aee626713b61143befba344f3e020314ac7,,True,EPHEMERAL_QA,EXCLUDE,,Rendered page/QA-only intermediate; reproducible from source document.,OK
janus_n4_gate/n4_eta0_branch_specific_splits.csv,n4_eta0_branch_specific_splits.csv,.csv,619,0acb3ade1afcf4cfd67f0976214182e3dc5136af31074070a966c08997e29809,,True,SUPPORTING,KEEP,research-os/janus_n4_gate/n4_eta0_branch_specific_splits.csv,"Research OS evidence, code, data, audit, or provenance artifact.",OK
janus_n4_gate/n4_eta0_degeneracy_scan.csv,n4_eta0_degeneracy_scan.csv,.csv,1326,df86e683900f2ced328a84b6e0d25a699c840121e10c95e333742cf75b9d3944,,True,SUPPORTING,KEEP,research-os/janus_n4_gate/n4_eta0_degeneracy_scan.csv,"Research OS evidence, code, data, audit, or provenance artifact.",OK
janus_n4_gate/n4_eta0_degeneracy_scan.py,n4_eta0_degeneracy_scan.py,.py,640,e0aff5ad71b5cc243e2c9e8bb6e52e9ac41752e65f1b124b3ae5615e97507278,,True,SUPPORTING,KEEP,research-os/janus_n4_gate/n4_eta0_degeneracy_scan.py,"Research OS evidence, code, data, audit, or provenance artifact.",OK
janus_n4_gate/n4_eta_continuation_fast.py,n4_eta_continuation_fast.py,.py,5230,44566b7d3cec1361fbe20742654b9c4be920d6247fffac2ec8743537281abbd4,,True,SUPPORTING,KEEP,research-os/janus_n4_gate/n4_eta_continuation_fast.py,"Research OS evidence, code, data, audit, or provenance artifact.",OK
janus_n4_gate/n4_eta_ground_tracking_checks.csv,n4_eta_ground_tracking_checks.csv,.csv,4543,da037d8b9da26957ab6b6f05a64791a59d0c022670f6fe9655d0f36923af09c2,,True,SUPPORTING,KEEP,research-os/janus_n4_gate/n4_eta_ground_tracking_checks.csv,"Research OS evidence, code, data, audit, or provenance artifact.",OK
janus_n4_gate/n4_eta_reversal_spotcheck.csv,n4_eta_reversal_spotcheck.csv,.csv,1613,3c4f56ec5c31e68377ff1de0695a09623f382adf2f1b55966efbf587ecf5ae3a,,True,SUPPORTING,KEEP,research-os/janus_n4_gate/n4_eta_reversal_spotcheck.csv,"Research OS evidence, code, data, audit, or provenance artifact.",OK
janus_n4_gate/n4_fast.log,n4_fast.log,.log,1143,8dfa893da8e15019bb8591e1adca6ac2f50387d9ae46699ccb121908b591cd54,,True,EPHEMERAL_QA,EXCLUDE,,Rendered page/QA-only intermediate; reproducible from source document.,OK
janus_n4_gate/n4_gauge17_fast_track.csv,n4_gauge17_fast_track.csv,.csv,4828,210919f405cea58fb5068f13b6da4139687036709e2c026a553026add599f842,,True,SUPPORTING,KEEP,research-os/janus_n4_gate/n4_gauge17_fast_track.csv,"Research OS evidence, code, data, audit, or provenance artifact.",OK
janus_n4_gate/n4_gauge_scan.csv,n4_gauge_scan.csv,.csv,4659,2347a5f9c8463677ae0e1d598c186bbf97951a276cac92d31b911e41282761a1,,True,SUPPORTING,KEEP,research-os/janus_n4_gate/n4_gauge_scan.csv,"Research OS evidence, code, data, audit, or provenance artifact.",OK
janus_n4_gate/n4_nondegenerate_negative_slope_gauge.csv,n4_nondegenerate_negative_slope_gauge.csv,.csv,535,668378a3d00c48a25e92056ad5aa446cbb2fc1aa86e71eb522c2a4aabd2e7937,,True,SUPPORTING,KEEP,research-os/janus_n4_gate/n4_nondegenerate_negative_slope_gauge.csv,"Research OS evidence, code, data, audit, or provenance artifact.",OK
janus_n4_gate/n4_odd_sector_gauge_audit.py,n4_odd_sector_gauge_audit.py,.py,11942,a6c661ea72d4d4e0d25d2db0f83556406bc46d933633a51f3a3e98c773d2b559,,True,SUPPORTING,KEEP,research-os/janus_n4_gate/n4_odd_sector_gauge_audit.py,"Research OS evidence, code, data, audit, or provenance artifact.",OK
janus_n4_gate/n4_reversal_spotcheck.py,n4_reversal_spotcheck.py,.py,895,da7fcdfd718812b2e5f9335cf3794a340fbd0ff43f20f8776277a5f48fc5e467,,True,SUPPORTING,KEEP,research-os/janus_n4_gate/n4_reversal_spotcheck.py,"Research OS evidence, code, data, audit, or provenance artifact.",OK
janus_n4_gate/n4_run.log,n4_run.log,.log,1901,01674f2c023af5e6006ad568e3aab263f917777150511e5f5c9ab01d5363209e,,True,EPHEMERAL_QA,EXCLUDE,,Rendered page/QA-only intermediate; reproducible from source document.,OK
janus_n4_gate/n4_selected.log,n4_selected.log,.log,327,7bc9611619833a4ce120bdb4d367f7172e81b883490a2174695df793846b599d,,True,EPHEMERAL_QA,EXCLUDE,,Rendered page/QA-only intermediate; reproducible from source document.,OK
janus_n4_gate/n4_selected_curves_fast.py,n4_selected_curves_fast.py,.py,4962,d04b58e2bb6b5431f48c0162504f4e4812eea8a9bbfc48ac8859311c4a8a8cb5,,True,SUPPORTING,KEEP,research-os/janus_n4_gate/n4_selected_curves_fast.py,"Research OS evidence, code, data, audit, or provenance artifact.",OK
janus_n4_gate/n4_selected_eta_curves.csv,n4_selected_eta_curves.csv,.csv,27751,1387b7ee26b2976a3fd6f29345eb5736d889965ae723afe141a925ebf58a0574,,True,SUPPORTING,KEEP,research-os/janus_n4_gate/n4_selected_eta_curves.csv,"Research OS evidence, code, data, audit, or provenance artifact.",OK
janus_n4_gate/n4_selected_gauge_summary.csv,n4_selected_gauge_summary.csv,.csv,754,19b60ceddfadeb30ac2f8211daeddf8d12799ffb0e0540df4155c92646487b4f,,True,SUPPORTING,KEEP,research-os/janus_n4_gate/n4_selected_gauge_summary.csv,"Research OS evidence, code, data, audit, or provenance artifact.",OK
janus_n4_gate/n4_triad_invariant_random.csv,n4_triad_invariant_random.csv,.csv,81251,5378b73bb4666c4627fbb18b2e0025fafd4b2b456d2e3e98222e6c7776c60cd7,,True,SUPPORTING,KEEP,research-os/janus_n4_gate/n4_triad_invariant_random.csv,"Research OS evidence, code, data, audit, or provenance artifact.",OK
janus_n4_gate/pilot_eta_gauge.py,pilot_eta_gauge.py,.py,3272,e24c440d472916421e0953b377169f6de28f0803a2865300ad04126c0345e647,,True,SUPPORTING,KEEP,research-os/janus_n4_gate/pilot_eta_gauge.py,"Research OS evidence, code, data, audit, or provenance artifact.",OK
janus_n4_gate/release/Janus_MoSSe_CanonicalUnguided_BaselineRelease/ENVIRONMENT.md,ENVIRONMENT.md,.md,517,11879bf9bed82c5a7ca7e80b5868f9f62aacdf24438292b41e9b31446b116942,DUP-0056,False,EXACT_DUPLICATE,EXCLUDE,,Exact SHA-256 duplicate; keep preferred copy in DUP-0056.,OK
janus_n4_gate/release/Janus_MoSSe_CanonicalUnguided_BaselineRelease/README.md,README.md,.md,4483,a4f23e4a2b97f979e6b27cb363fe1372f3ae599087b9c89b686ae9ae98303a8a,DUP-0564,True,SUPPORTING,KEEP,research-os/janus_n4_gate/release/Janus_MoSSe_CanonicalUnguided_BaselineRelease/README.md,"Research OS evidence, code, data, audit, or provenance artifact.",OK
janus_n4_gate/release/Janus_MoSSe_CanonicalUnguided_BaselineRelease/RUNNING_AUDITS.md,RUNNING_AUDITS.md,.md,1663,ec71a3fbff625b3fbe6514dc7c9081bd10d21def802f16861d770cf3975a539d,DUP-0796,False,EXACT_DUPLICATE,EXCLUDE,,Exact SHA-256 duplicate; keep preferred copy in DUP-0796.,OK
janus_n4_gate/release/Janus_MoSSe_CanonicalUnguided_BaselineRelease/SHA256SUMS.txt,SHA256SUMS.txt,.txt,9053,3d1575ae05f53f11a2b5f13dff3bf1c8b8a277726618f07ef5d5572abbe8094e,DUP-0212,True,SUPPORTING,KEEP,research-os/janus_n4_gate/release/Janus_MoSSe_CanonicalUnguided_BaselineRelease/SHA256SUMS.txt,"Research OS evidence, code, data, audit, or provenance artifact.",OK
janus_n4_gate/release/Janus_MoSSe_CanonicalUnguided_BaselineRelease/audit_scripts/asymmetry_global_check.py,asymmetry_global_check.py,.py,1532,8f519e4b2fbd0dbf9d1659ba27c6d832e947a34d8c96f48cc113a3568fbf8bc1,DUP-0492,False,EXACT_DUPLICATE,EXCLUDE,,Exact SHA-256 duplicate; keep preferred copy in DUP-0492.,OK
janus_n4_gate/release/Janus_MoSSe_CanonicalUnguided_BaselineRelease/audit_scripts/branch_audit.py,branch_audit.py,.py,4897,c29a6d2983ec9e50eb81a855018c084bc60a63cde414babffd502332aeaf7967,DUP-0661,False,EXACT_DUPLICATE,EXCLUDE,,Exact SHA-256 duplicate; keep preferred copy in DUP-0661.,OK
janus_n4_gate/release/Janus_MoSSe_CanonicalUnguided_BaselineRelease/audit_scripts/edge_weight_ground_switch.py,edge_weight_ground_switch.py,.py,1443,1679b252671d84884a2a4a25b63b61498b62f3a7d77e05d39f456ffdbccca7bc,DUP-0074,False,EXACT_DUPLICATE,EXCLUDE,,Exact SHA-256 duplicate; keep preferred copy in DUP-0074.,OK
janus_n4_gate/release/Janus_MoSSe_CanonicalUnguided_BaselineRelease/audit_scripts/edge_weight_sensitivity.py,edge_weight_sensitivity.py,.py,2567,51c683f848369352351818594b91e9bbe5fb7718d464e3bfbfbfd27d6799758d,DUP-0283,False,EXACT_DUPLICATE,EXCLUDE,,Exact SHA-256 duplicate; keep preferred copy in DUP-0283.,OK
janus_n4_gate/release/Janus_MoSSe_CanonicalUnguided_BaselineRelease/audit_scripts/floquet_conditioning_audit.py,floquet_conditioning_audit.py,.py,3367,8ec21b53e8081f242ab249a5c911338055acbd766f84d69698f6507c90990d60,DUP-0488,False,EXACT_DUPLICATE,EXCLUDE,,Exact SHA-256 duplicate; keep preferred copy in DUP-0488.,OK
janus_n4_gate/release/Janus_MoSSe_CanonicalUnguided_BaselineRelease/audit_scripts/make_resolved_figures.py,make_resolved_figures.py,.py,11731,4cbc229a21f49a5c947fcf2ed2cfd81ec1dbf68f8a1f9f9bdbb05f92f4e2ea53,DUP-0266,False,EXACT_DUPLICATE,EXCLUDE,,Exact SHA-256 duplicate; keep preferred copy in DUP-0266.,OK
janus_n4_gate/release/Janus_MoSSe_CanonicalUnguided_BaselineRelease/audit_scripts/matched_symmetry_audit.py,matched_symmetry_audit.py,.py,6911,f8f93a3a2aabfe771af0efaef102483ecff0de61a58ed5f0c2312b6089aa5b6b,DUP-0834,False,EXACT_DUPLICATE,EXCLUDE,,Exact SHA-256 duplicate; keep preferred copy in DUP-0834.,OK
janus_n4_gate/release/Janus_MoSSe_CanonicalUnguided_BaselineRelease/audit_scripts/matched_symmetry_final.py,matched_symmetry_final.py,.py,1752,8f063bb649d87dd8916ce8d84eaac5c73e65e2986456c1baca4932d0e2a3e82c,DUP-0489,False,EXACT_DUPLICATE,EXCLUDE,,Exact SHA-256 duplicate; keep preferred copy in DUP-0489.,OK
janus_n4_gate/release/Janus_MoSSe_CanonicalUnguided_BaselineRelease/audit_scripts/resolve_branch_topology.py,resolve_branch_topology.py,.py,3644,6058c7d2b56959e98eb5b954a5ed4616f30024996e5ab963521146d6644f5fc1,DUP-0336,False,EXACT_DUPLICATE,EXCLUDE,,Exact SHA-256 duplicate; keep preferred copy in DUP-0336.,OK
janus_n4_gate/release/Janus_MoSSe_CanonicalUnguided_BaselineRelease/audit_scripts/shape_scaling_audit.py,shape_scaling_audit.py,.py,3338,cfde0bcd4a006e03c37608d19035ac95320299a88136c00c7c368b8d77a5ee1c,DUP-0710,False,EXACT_DUPLICATE,EXCLUDE,,Exact SHA-256 duplicate; keep preferred copy in DUP-0710.,OK
janus_n4_gate/release/Janus_MoSSe_CanonicalUnguided_BaselineRelease/audit_scripts/thermal_cluster_audit.py,thermal_cluster_audit.py,.py,7232,8eac340b189490c273d3211664608eef4bec8aa1fe5d80d13e4a69660e636470,DUP-0487,False,EXACT_DUPLICATE,EXCLUDE,,Exact SHA-256 duplicate; keep preferred copy in DUP-0487.,OK
janus_n4_gate/release/Janus_MoSSe_CanonicalUnguided_BaselineRelease/audit_scripts/triangle_branch_audit.py,triangle_branch_audit.py,.py,3204,769d45772e8188e3eba280e222b785a0c1445b8a1b3e7a66d556841fb69a8ae6,DUP-0413,False,EXACT_DUPLICATE,EXCLUDE,,Exact SHA-256 duplicate; keep preferred copy in DUP-0413.,OK
janus_n4_gate/release/Janus_MoSSe_CanonicalUnguided_BaselineRelease/audit_scripts/triangle_ground_switch.py,triangle_ground_switch.py,.py,2775,c3211a2020414a0984c2dd642ad09367cb803e91c3165ba771f134565fe9423c,DUP-0664,False,EXACT_DUPLICATE,EXCLUDE,,Exact SHA-256 duplicate; keep preferred copy in DUP-0664.,OK
janus_n4_gate/release/Janus_MoSSe_CanonicalUnguided_BaselineRelease/audit_scripts/vector_mode_map.py,vector_mode_map.py,.py,3067,43c8229a9b1edd499f89686b306cecfcbea5e949e4d396ced24247476a4dd9ec,DUP-0231,False,EXACT_DUPLICATE,EXCLUDE,,Exact SHA-256 duplicate; keep preferred copy in DUP-0231.,OK
janus_n4_gate/release/Janus_MoSSe_CanonicalUnguided_BaselineRelease/config/canonical_unguided.json,canonical_unguided.json,.json,2234,7360c00cf0f60c3a800dbc74629dd811a2335109dc804980f35556430423e2be,DUP-0402,False,EXACT_DUPLICATE,EXCLUDE,,Exact SHA-256 duplicate; keep preferred copy in DUP-0402.,OK
janus_n4_gate/release/Janus_MoSSe_CanonicalUnguided_BaselineRelease/config/production.json,production.json,.json,3319,655c8eeef01037846dead3fe33349fe9314ef5f9c035596e7c71100876256239,DUP-0356,False,EXACT_DUPLICATE,EXCLUDE,,Exact SHA-256 duplicate; keep preferred copy in DUP-0356.,OK
janus_n4_gate/release/Janus_MoSSe_CanonicalUnguided_BaselineRelease/data/canonical/CANONICAL_BASELINE_DEPENDENCY.csv,CANONICAL_BASELINE_DEPENDENCY.csv,.csv,1755,3921a9facbecb0f198c14b0fa559fa338f2fe41c76e0353a18dd51dba5308632,DUP-0200,False,EXACT_DUPLICATE,EXCLUDE,,Exact SHA-256 duplicate; keep preferred copy in DUP-0200.,OK
janus_n4_gate/release/Janus_MoSSe_CanonicalUnguided_BaselineRelease/data/canonical/asymmetry_global_check.csv,asymmetry_global_check.csv,.csv,708,63ab8ddda974801d45062cb1772d10bddd2d03d5c09a2563ea904edd855b10e3,DUP-0348,False,EXACT_DUPLICATE,EXCLUDE,,Exact SHA-256 duplicate; keep preferred copy in DUP-0348.,OK
janus_n4_gate/release/Janus_MoSSe_CanonicalUnguided_BaselineRelease/data/canonical/baseline_shape_branch_connectivity.csv,baseline_shape_branch_connectivity.csv,.csv,24171,c254d5a74f03cbdef7f09a4c64011348db06274f9bdf408b1fd2765dd0449ab6,DUP-0660,False,EXACT_DUPLICATE,EXCLUDE,,Exact SHA-256 duplicate; keep preferred copy in DUP-0660.,OK
janus_n4_gate/release/Janus_MoSSe_CanonicalUnguided_BaselineRelease/data/canonical/baseline_shape_prepared_endpoint_check.csv,baseline_shape_prepared_endpoint_check.csv,.csv,4901,a5e11bc3971114368b191b8fdfe49cdcb652875268449c84a984e26b551173e4,DUP-0567,False,EXACT_DUPLICATE,EXCLUDE,,Exact SHA-256 duplicate; keep preferred copy in DUP-0567.,OK
janus_n4_gate/release/Janus_MoSSe_CanonicalUnguided_BaselineRelease/data/canonical/baseline_triangle_stationary_check.csv,baseline_triangle_stationary_check.csv,.csv,1385,ad0b14d854265ac7a0d390b2759509357537ad661035ebbe4abe79e8b17669e4,DUP-0590,False,EXACT_DUPLICATE,EXCLUDE,,Exact SHA-256 duplicate; keep preferred copy in DUP-0590.,OK
janus_n4_gate/release/Janus_MoSSe_CanonicalUnguided_BaselineRelease/data/canonical/branch_family_continuation.csv,branch_family_continuation.csv,.csv,9659,02415c64857c93945889fff43a78f678ae2a8aaadd4fe8100a23d637fbb59764,DUP-0008,False,EXACT_DUPLICATE,EXCLUDE,,Exact SHA-256 duplicate; keep preferred copy in DUP-0008.,OK
janus_n4_gate/release/Janus_MoSSe_CanonicalUnguided_BaselineRelease/data/canonical/branch_family_summary.csv,branch_family_summary.csv,.csv,2573,0871709658d8ca369dd21a0584bf590c1cf2a8e2efc260f80b244255602d7d6d,DUP-0028,False,EXACT_DUPLICATE,EXCLUDE,,Exact SHA-256 duplicate; keep preferred copy in DUP-0028.,OK
janus_n4_gate/release/Janus_MoSSe_CanonicalUnguided_BaselineRelease/data/canonical/branch_followed_thresholds.csv,branch_followed_thresholds.csv,.csv,1756,80207e27baa7feb317dd95891d99435d2a57a7bd5a737eeb7e5a0d2c4d292603,DUP-0443,False,EXACT_DUPLICATE,EXCLUDE,,Exact SHA-256 duplicate; keep preferred copy in DUP-0443.,OK
janus_n4_gate/release/Janus_MoSSe_CanonicalUnguided_BaselineRelease/data/canonical/edge_weight_ground_switch.csv,edge_weight_ground_switch.csv,.csv,334,f3a8d30d4a46550eae49d4056d2795875430d6803f76a1742eee90d151e0070a,DUP-0822,False,EXACT_DUPLICATE,EXCLUDE,,Exact SHA-256 duplicate; keep preferred copy in DUP-0822.,OK
janus_n4_gate/release/Janus_MoSSe_CanonicalUnguided_BaselineRelease/data/canonical/floquet_conditioning_check.csv,floquet_conditioning_check.csv,.csv,560,2d9ea344f79c7a3b7f8b1ee23477311a1dee0c59eb42915220b72afb898d214d,DUP-0155,False,EXACT_DUPLICATE,EXCLUDE,,Exact SHA-256 duplicate; keep preferred copy in DUP-0155.,OK
janus_n4_gate/release/Janus_MoSSe_CanonicalUnguided_BaselineRelease/data/canonical/free_cusp_like_point.csv,free_cusp_like_point.csv,.csv,301,5e67c8c59e9d883997f506aa67bc2fa9353d984355cd8b7e6bde81c1655dd33e,DUP-0325,False,EXACT_DUPLICATE,EXCLUDE,,Exact SHA-256 duplicate; keep preferred copy in DUP-0325.,OK
janus_n4_gate/release/Janus_MoSSe_CanonicalUnguided_BaselineRelease/data/canonical/free_fold_nondegeneracy.csv,free_fold_nondegeneracy.csv,.csv,118445,7b3a007338abbe2aca3cf8b482c056a4a48f09b8404ee03407fc4f0750e83607,DUP-0424,False,EXACT_DUPLICATE,EXCLUDE,,Exact SHA-256 duplicate; keep preferred copy in DUP-0424.,OK
janus_n4_gate/release/Janus_MoSSe_CanonicalUnguided_BaselineRelease/data/canonical/free_thermal_cluster_ci_canonical.csv,free_thermal_cluster_ci_canonical.csv,.csv,2461,6d5ab6e46cdb1272c0b8627c36d761be427836acc507c310c49952eead91f8e7,DUP-0381,False,EXACT_DUPLICATE,EXCLUDE,,Exact SHA-256 duplicate; keep preferred copy in DUP-0381.,OK
janus_n4_gate/release/Janus_MoSSe_CanonicalUnguided_BaselineRelease/data/canonical/free_thermal_cluster_ci_recomputed.csv,free_thermal_cluster_ci_recomputed.csv,.csv,1862,fc13c407274fca75f59c3c285736701ae84531034753f7ec092b00047bf117eb,DUP-0844,False,EXACT_DUPLICATE,EXCLUDE,,Exact SHA-256 duplicate; keep preferred copy in DUP-0844.,OK
janus_n4_gate/release/Janus_MoSSe_CanonicalUnguided_BaselineRelease/data/canonical/matched_symmetry_final.csv,matched_symmetry_final.csv,.csv,1660,2aef9c57787f0aa0eee6848de1fdcc3223fb6161ea588c93aed6c5c5c54c5313,DUP-0145,False,EXACT_DUPLICATE,EXCLUDE,,Exact SHA-256 duplicate; keep preferred copy in DUP-0145.,OK
janus_n4_gate/release/Janus_MoSSe_CanonicalUnguided_BaselineRelease/data/canonical/matched_symmetry_final_contracts.csv,matched_symmetry_final_contracts.csv,.csv,280,e7d84591f0b92febcb6bcd45980b6b6684cf47c48da5b8d6a967091e4c6c4169,DUP-0784,False,EXACT_DUPLICATE,EXCLUDE,,Exact SHA-256 duplicate; keep preferred copy in DUP-0784.,OK
janus_n4_gate/release/Janus_MoSSe_CanonicalUnguided_BaselineRelease/data/canonical/shape_scaling_extended.csv,shape_scaling_extended.csv,.csv,6755,2deaacd57ebb582c817cd5c395f0fc6a198ce516372157933667a4cae0b4cdf0,DUP-0158,False,EXACT_DUPLICATE,EXCLUDE,,Exact SHA-256 duplicate; keep preferred copy in DUP-0158.,OK
janus_n4_gate/release/Janus_MoSSe_CanonicalUnguided_BaselineRelease/data/canonical/shape_scaling_metrics.csv,shape_scaling_metrics.csv,.csv,1526,83810cfce0b829965ad2ef48f4cc9c250305a59decd2a75ac436acf6b4ea4b75,DUP-0460,False,EXACT_DUPLICATE,EXCLUDE,,Exact SHA-256 duplicate; keep preferred copy in DUP-0460.,OK
janus_n4_gate/release/Janus_MoSSe_CanonicalUnguided_BaselineRelease/data/canonical/triangle_branch_families.csv,triangle_branch_families.csv,.csv,1581,1d0ff061405bb35eb03cb4c4d82e5bf55b724d41fc82c07196f269076e536480,DUP-0098,False,EXACT_DUPLICATE,EXCLUDE,,Exact SHA-256 duplicate; keep preferred copy in DUP-0098.,OK
janus_n4_gate/release/Janus_MoSSe_CanonicalUnguided_BaselineRelease/data/canonical/triangle_ground_switch.csv,triangle_ground_switch.csv,.csv,2899,b2908ab9f20c3fffe2ef96e4d51eb8c8c758db938d60186f80380c8485393c0d,DUP-0610,False,EXACT_DUPLICATE,EXCLUDE,,Exact SHA-256 duplicate; keep preferred copy in DUP-0610.,OK
janus_n4_gate/release/Janus_MoSSe_CanonicalUnguided_BaselineRelease/data/canonical/vector_mode_map_F0_period.csv,vector_mode_map_F0_period.csv,.csv,9433,fe9365f60cafa029fdf414cddf51ed490f7f98cd34cc2b967e706ab0c09cfcc1,DUP-0855,False,EXACT_DUPLICATE,EXCLUDE,,Exact SHA-256 duplicate; keep preferred copy in DUP-0855.,OK
janus_n4_gate/release/Janus_MoSSe_CanonicalUnguided_BaselineRelease/data/raw_thermal/free_thermal_trajectory_raw_canonical.csv,free_thermal_trajectory_raw_canonical.csv,.csv,1121505,279cce7e3b9e80f03b94e4d345d85fc26ab8ed9ce0864f566ae1986a9f89db53,DUP-0136,False,EXACT_DUPLICATE,EXCLUDE,,Exact SHA-256 duplicate; keep preferred copy in DUP-0136.,OK
janus_n4_gate/release/Janus_MoSSe_CanonicalUnguided_BaselineRelease/figures/Figure_1_symmetry_contracts.png,Figure_1_symmetry_contracts.png,.png,432290,cc37eeb43ae16b313b8306499b42dd20e1456c2672236f73b393afb7fd2d9013,DUP-0694,False,EXACT_DUPLICATE,EXCLUDE,,Exact SHA-256 duplicate; keep preferred copy in DUP-0694.,OK
janus_n4_gate/release/Janus_MoSSe_CanonicalUnguided_BaselineRelease/figures/Figure_2_branch_resolved_depinning.png,Figure_2_branch_resolved_depinning.png,.png,355658,d485395e1e1cad111fefc981339d9ff973fa8ffe6251e462771d6f1696a2e2ca,DUP-0730,False,EXACT_DUPLICATE,EXCLUDE,,Exact SHA-256 duplicate; keep preferred copy in DUP-0730.,OK
janus_n4_gate/release/Janus_MoSSe_CanonicalUnguided_BaselineRelease/figures/Figure_3_extended_size_shape_similarity.png,Figure_3_extended_size_shape_similarity.png,.png,439600,cb7582900f68c199563b0c8db5beba178d71865b857970dcbbfadf50662cfc40,DUP-0692,False,EXACT_DUPLICATE,EXCLUDE,,Exact SHA-256 duplicate; keep preferred copy in DUP-0692.,OK
janus_n4_gate/release/Janus_MoSSe_CanonicalUnguided_BaselineRelease/figures/Figure_4_boundary_registry_switching.png,Figure_4_boundary_registry_switching.png,.png,397699,71598bbe3f865cf93187ce29e1e766c8f402f88a8e4a3ab1976e0bdd39d027c9,DUP-0396,False,EXACT_DUPLICATE,EXCLUDE,,Exact SHA-256 duplicate; keep preferred copy in DUP-0396.,OK
janus_n4_gate/release/Janus_MoSSe_CanonicalUnguided_BaselineRelease/figures/Figure_5_vector_mode_map_floquet.png,Figure_5_vector_mode_map_floquet.png,.png,271416,84f44d721ff39ebe33b42e94cd8ca6aa3c06938b23ddf3d0762765afe73c33ea,DUP-0464,False,EXACT_DUPLICATE,EXCLUDE,,Exact SHA-256 duplicate; keep preferred copy in DUP-0464.,OK
janus_n4_gate/release/Janus_MoSSe_CanonicalUnguided_BaselineRelease/figures/Figure_6_thermal_cluster_uncertainty.png,Figure_6_thermal_cluster_uncertainty.png,.png,205036,3565297c47a9e8d999db5c2e61e5cf29ba9e3ae433088511a02503238b083a22,DUP-0188,False,EXACT_DUPLICATE,EXCLUDE,,Exact SHA-256 duplicate; keep preferred copy in DUP-0188.,OK
janus_n4_gate/release/Janus_MoSSe_CanonicalUnguided_BaselineRelease/manuscript/Janus_MoSSe_AuditResolved_SupplementaryInformation.docx,Janus_MoSSe_AuditResolved_SupplementaryInformation.docx,.docx,44981,c1f05ec628a69311debe72ba01912824d4ba72669ad91cbb082a7b44348d881d,DUP-0659,False,EXACT_DUPLICATE,EXCLUDE,,Exact SHA-256 duplicate; keep preferred copy in DUP-0659.,OK
janus_n4_gate/release/Janus_MoSSe_CanonicalUnguided_BaselineRelease/manuscript/Janus_MoSSe_Reboot_Revalidated_Manuscript_AuditResolved.docx,Janus_MoSSe_Reboot_Revalidated_Manuscript_AuditResolved.docx,.docx,3459850,fdab21b00ac99b26341f8e2a576fb5c0d1034cdb99c8f4981daccaabff3a4c82,DUP-0851,False,EXACT_DUPLICATE,EXCLUDE,,Exact SHA-256 duplicate; keep preferred copy in DUP-0851.,OK
janus_n4_gate/release/Janus_MoSSe_CanonicalUnguided_BaselineRelease/provenance_scripts/asymmetry_global_check.py,asymmetry_global_check.py,.py,1508,8d5a96342dbc9d89951255c7aab6a841c8ccebe5a5fde9645ebc8255b7e06f25,DUP-0482,False,EXACT_DUPLICATE,EXCLUDE,,Exact SHA-256 duplicate; keep preferred copy in DUP-0482.,OK
janus_n4_gate/release/Janus_MoSSe_CanonicalUnguided_BaselineRelease/provenance_scripts/branch_audit.py,branch_audit.py,.py,4884,8fb18cbf9daedc3f2214e06beb55792081a7d3cafec566118681cc163a4e203e,DUP-0493,False,EXACT_DUPLICATE,EXCLUDE,,Exact SHA-256 duplicate; keep preferred copy in DUP-0493.,OK
janus_n4_gate/release/Janus_MoSSe_CanonicalUnguided_BaselineRelease/provenance_scripts/edge_weight_ground_switch.py,edge_weight_ground_switch.py,.py,1419,7176e83e7df49f3a2af1f0d53ddb44385f4a6d7ff3ff510eb6dd308aaab4d116,DUP-0397,False,EXACT_DUPLICATE,EXCLUDE,,Exact SHA-256 duplicate; keep preferred copy in DUP-0397.,OK
janus_n4_gate/release/Janus_MoSSe_CanonicalUnguided_BaselineRelease/provenance_scripts/edge_weight_sensitivity.py,edge_weight_sensitivity.py,.py,2596,ce8b8b7a68e882a9e961a4ba2bbce2799e5031451d3224085a8254d2f66f1f6f,DUP-0705,False,EXACT_DUPLICATE,EXCLUDE,,Exact SHA-256 duplicate; keep preferred copy in DUP-0705.,OK
janus_n4_gate/release/Janus_MoSSe_CanonicalUnguided_BaselineRelease/provenance_scripts/floquet_conditioning_audit.py,floquet_conditioning_audit.py,.py,3343,c91aa58aa940538cd96684d3d26d8226f6b7ff9437aeb1123c0fd1f41625e374,DUP-0685,False,EXACT_DUPLICATE,EXCLUDE,,Exact SHA-256 duplicate; keep preferred copy in DUP-0685.,OK
janus_n4_gate/release/Janus_MoSSe_CanonicalUnguided_BaselineRelease/provenance_scripts/make_resolved_figures.py,make_resolved_figures.py,.py,11587,a8f74a787b0af005f814cf1222b15ab04d15df072db0fadd88ceaea23c311db2,DUP-0573,False,EXACT_DUPLICATE,EXCLUDE,,Exact SHA-256 duplicate; keep preferred copy in DUP-0573.,OK
janus_n4_gate/release/Janus_MoSSe_CanonicalUnguided_BaselineRelease/provenance_scripts/matched_symmetry_audit.py,matched_symmetry_audit.py,.py,6873,3ef780dbd6dfa7d788e98a30dc986d6e73998cf69448fcc812849ed5c3110be4,DUP-0219,False,EXACT_DUPLICATE,EXCLUDE,,Exact SHA-256 duplicate; keep preferred copy in DUP-0219.,OK
janus_n4_gate/release/Janus_MoSSe_CanonicalUnguided_BaselineRelease/provenance_scripts/matched_symmetry_final.py,matched_symmetry_final.py,.py,1641,ffac41fcfaa977a47f39a3201bb079038a05c05df005f9e44d8c0605686a6d0c,DUP-0860,False,EXACT_DUPLICATE,EXCLUDE,,Exact SHA-256 duplicate; keep preferred copy in DUP-0860.,OK
janus_n4_gate/release/Janus_MoSSe_CanonicalUnguided_BaselineRelease/provenance_scripts/resolve_branch_topology.py,resolve_branch_topology.py,.py,3606,550333a1ea3842e63a87d2750450a6bbb9d5d8aa9b58ec819359a955de9b14e9,DUP-0292,False,EXACT_DUPLICATE,EXCLUDE,,Exact SHA-256 duplicate; keep preferred copy in DUP-0292.,OK
janus_n4_gate/release/Janus_MoSSe_CanonicalUnguided_BaselineRelease/provenance_scripts/shape_scaling_audit.py,shape_scaling_audit.py,.py,3300,79757a4815644d7ff67824595611db079d76f1d516fb50542b1c8111d19f6a21,DUP-0422,False,EXACT_DUPLICATE,EXCLUDE,,Exact SHA-256 duplicate; keep preferred copy in DUP-0422.,OK
janus_n4_gate/release/Janus_MoSSe_CanonicalUnguided_BaselineRelease/provenance_scripts/thermal_cluster_audit.py,thermal_cluster_audit.py,.py,7162,1813606a131d67f182a7f39935642c9b2e628d3648320dc592626eed89e00d01,DUP-0079,False,EXACT_DUPLICATE,EXCLUDE,,Exact SHA-256 duplicate; keep preferred copy in DUP-0079.,OK
janus_n4_gate/release/Janus_MoSSe_CanonicalUnguided_BaselineRelease/provenance_scripts/triangle_branch_audit.py,triangle_branch_audit.py,.py,3180,9bbdafc7f55490a1bf34328d1fe38d168f70837a31610a201d507a454cec1725,DUP-0534,False,EXACT_DUPLICATE,EXCLUDE,,Exact SHA-256 duplicate; keep preferred copy in DUP-0534.,OK
janus_n4_gate/release/Janus_MoSSe_CanonicalUnguided_BaselineRelease/provenance_scripts/triangle_ground_switch.py,triangle_ground_switch.py,.py,2751,9f336c5d16c29cde253d49e3a3712c051aba03ad0909347cd5b65691e7865e74,DUP-0544,False,EXACT_DUPLICATE,EXCLUDE,,Exact SHA-256 duplicate; keep preferred copy in DUP-0544.,OK
janus_n4_gate/release/Janus_MoSSe_CanonicalUnguided_BaselineRelease/provenance_scripts/vector_mode_map.py,vector_mode_map.py,.py,3043,5593ccf03a3ef70d26e40a74d037e4dd97c12139bb454ad44d1f08fc4359a335,DUP-0296,False,EXACT_DUPLICATE,EXCLUDE,,Exact SHA-256 duplicate; keep preferred copy in DUP-0296.,OK
janus_n4_gate/release/Janus_MoSSe_CanonicalUnguided_BaselineRelease/recompute_thermal_summary.py,recompute_thermal_summary.py,.py,1183,97042cadb931934cf36ad2d85b5d4c71c716e1b6146146d06bdbf385f335c935,DUP-0511,False,EXACT_DUPLICATE,EXCLUDE,,Exact SHA-256 duplicate; keep preferred copy in DUP-0511.,OK
janus_n4_gate/release/Janus_MoSSe_CanonicalUnguided_BaselineRelease/reports/AUDIT_RESOLUTION_REPORT.md,AUDIT_RESOLUTION_REPORT.md,.md,14718,be745c21b7e7d5ef3a1f9c67f364f0497ffd72c4126064f403cb962cef81bcfa,DUP-0651,False,EXACT_DUPLICATE,EXCLUDE,,Exact SHA-256 duplicate; keep preferred copy in DUP-0651.,OK
janus_n4_gate/release/Janus_MoSSe_CanonicalUnguided_BaselineRelease/reports/CANONICAL_BASELINE_REPORT.md,CANONICAL_BASELINE_REPORT.md,.md,5672,054d383db6ce999c1c443e033cdc867297edf9f427f40292d0b01951bf115d5e,DUP-0018,False,EXACT_DUPLICATE,EXCLUDE,,Exact SHA-256 duplicate; keep preferred copy in DUP-0018.,OK
janus_n4_gate/release/Janus_MoSSe_CanonicalUnguided_BaselineRelease/requirements.txt,requirements.txt,.txt,74,463b51d2d4f031011d652b9af93e6427c081d78254e200a28edeff1f967773f0,DUP-0243,False,EXACT_DUPLICATE,EXCLUDE,,Exact SHA-256 duplicate; keep preferred copy in DUP-0243.,OK
janus_n4_gate/release/Janus_MoSSe_CanonicalUnguided_BaselineRelease/source/__pycache__/dft_guided_material_v12.cpython-313.pyc,dft_guided_material_v12.cpython-313.pyc,.cpython-313.pyc,20836,4a661f504711af7b318c9b381207fccc0052a01ab94760526986e7eadbe82f6b,DUP-0254,False,EPHEMERAL_QA,EXCLUDE,,Rendered page/QA-only intermediate; reproducible from source document.,OK
janus_n4_gate/release/Janus_MoSSe_CanonicalUnguided_BaselineRelease/source/__pycache__/janus_fourier_landscapes_v12.cpython-313.pyc,janus_fourier_landscapes_v12.cpython-313.pyc,.cpython-313.pyc,12364,9e9f06d235768820635cae6490905cb560a8e1fd55c9c4992832ad6abdeb59c4,DUP-0539,False,EPHEMERAL_QA,EXCLUDE,,Rendered page/QA-only intermediate; reproducible from source document.,OK
janus_n4_gate/release/Janus_MoSSe_CanonicalUnguided_BaselineRelease/source/__pycache__/new_physics_v18.cpython-313.pyc,new_physics_v18.cpython-313.pyc,.cpython-313.pyc,34065,d47dc9e583b24aa76c94d2293cd04505fea3072fcc76bb0cb6e5b32c558e8fec,DUP-0729,False,EPHEMERAL_QA,EXCLUDE,,Rendered page/QA-only intermediate; reproducible from source document.,OK
janus_n4_gate/release/Janus_MoSSe_CanonicalUnguided_BaselineRelease/source/canonical_analysis_v17.py,canonical_analysis_v17.py,.py,21837,01627a2ee2cd29ba8ae80ea0cf2828cd98a9162c6b332f1ffaf4a1f320d75067,DUP-0003,False,EXACT_DUPLICATE,EXCLUDE,,Exact SHA-256 duplicate; keep preferred copy in DUP-0003.,OK
janus_n4_gate/release/Janus_MoSSe_CanonicalUnguided_BaselineRelease/source/dft_guided_material_v12.py,dft_guided_material_v12.py,.py,10403,3dbb2ef66165b519ee48de20e34ed855e319cb3877f2f5952e710adcff671356,DUP-0216,False,EXACT_DUPLICATE,EXCLUDE,,Exact SHA-256 duplicate; keep preferred copy in DUP-0216.,OK
janus_n4_gate/release/Janus_MoSSe_CanonicalUnguided_BaselineRelease/source/janus_fourier_landscapes_v12.py,janus_fourier_landscapes_v12.py,.py,7446,f2b1ffc29da25d053fa534145d2d1896cdfb33441928d4b12a218961114942d9,DUP-0817,False,EXACT_DUPLICATE,EXCLUDE,,Exact SHA-256 duplicate; keep preferred copy in DUP-0817.,OK
janus_n4_gate/release/Janus_MoSSe_CanonicalUnguided_BaselineRelease/source/make_figure7_v17.py,make_figure7_v17.py,.py,4240,ff6b2cbd040613f8bf8ab7e8ff0847e805d62265a1341264e25468c52011f0f5,DUP-0859,False,EXACT_DUPLICATE,EXCLUDE,,Exact SHA-256 duplicate; keep preferred copy in DUP-0859.,OK
janus_n4_gate/release/Janus_MoSSe_CanonicalUnguided_BaselineRelease/source/make_figure8_v17.py,make_figure8_v17.py,.py,5501,0e5d2eb929e892ab8952aafe8d7d7b34ca2e77cbf7d955edf2b9f2e3037ef1c8,DUP-0048,False,EXACT_DUPLICATE,EXCLUDE,,Exact SHA-256 duplicate; keep preferred copy in DUP-0048.,OK
janus_n4_gate/release/Janus_MoSSe_CanonicalUnguided_BaselineRelease/source/make_figure9_v18.py,make_figure9_v18.py,.py,3981,7247a4e5057973a73c85075ba1ac48b9b0910dd4a485f31b0ed19c9423488f17,DUP-0399,False,EXACT_DUPLICATE,EXCLUDE,,Exact SHA-256 duplicate; keep preferred copy in DUP-0399.,OK
janus_n4_gate/release/Janus_MoSSe_CanonicalUnguided_BaselineRelease/source/new_physics_v18.py,new_physics_v18.py,.py,17736,88277be504516ebd14ed95273b25e894ba1a059696728616c94ad30e4b68d993,DUP-0473,False,EXACT_DUPLICATE,EXCLUDE,,Exact SHA-256 duplicate; keep preferred copy in DUP-0473.,OK
janus_n4_gate/release/Janus_MoSSe_CanonicalUnguided_BaselineRelease/source/run_dft_material_validation_v12.py,run_dft_material_validation_v12.py,.py,8442,51d7f4fc14d6598872f4620a3703ce50109c12b9aa9097a5d18d4a0db5b20674,DUP-0284,False,EXACT_DUPLICATE,EXCLUDE,,Exact SHA-256 duplicate; keep preferred copy in DUP-0284.,OK
janus_n4_gate/release/Janus_MoSSe_CanonicalUnguided_BaselineRelease/source/validate_v12_outputs.py,validate_v12_outputs.py,.py,4461,3248297073e8618733aed92574283318eec85b71ccebd9f022c2cd341ddfc232,DUP-0169,False,EXACT_DUPLICATE,EXCLUDE,,Exact SHA-256 duplicate; keep preferred copy in DUP-0169.,OK
janus_n4_gate/release/Janus_MoSSe_CanonicalUnguided_BaselineRelease/source/validate_v17_release.py,validate_v17_release.py,.py,5099,d694af76263dd49cc778f8ec3e964efc4ea391d8b6171752861d2a34c57be70b,DUP-0733,False,EXACT_DUPLICATE,EXCLUDE,,Exact SHA-256 duplicate; keep preferred copy in DUP-0733.,OK
janus_n4_gate/release/Janus_MoSSe_CanonicalUnguided_BaselineRelease/source/validate_v18_release.py,validate_v18_release.py,.py,2818,99960c866b3663a49cdfd0428c5aa52d0b848d9eea49cb04e7b47a80aeff4d14,DUP-0527,False,EXACT_DUPLICATE,EXCLUDE,,Exact SHA-256 duplicate; keep preferred copy in DUP-0527.,OK
janus_n4_gate/release/Janus_MoSSe_CanonicalUnguided_BaselineRelease/validate_canonical_baseline.py,validate_canonical_baseline.py,.py,3023,81dee3d39f297d6444b9c7306bbd661a4de36575624f86c952e9698cebe52846,DUP-0453,False,EXACT_DUPLICATE,EXCLUDE,,Exact SHA-256 duplicate; keep preferred copy in DUP-0453.,OK
janus_n4_gate/release/Janus_MoSSe_CanonicalUnguided_BaselineRelease/validate_release.py,validate_release.py,.py,5030,62ab0fd35d6697c87bcda9758f050401fd4cb2e064cc0a8bb952a19b9aea6f6d,DUP-0344,False,EXACT_DUPLICATE,EXCLUDE,,Exact SHA-256 duplicate; keep preferred copy in DUP-0344.,OK
janus_n5_gate/N5_VECTOR_MODE_LOCKING_FLOQUET_GATE_REPORT.md,N5_VECTOR_MODE_LOCKING_FLOQUET_GATE_REPORT.md,.md,7444,46da555aaaea448fac80e158a662329cef7e27660ac6be9f14cc992b53cd0f00,,True,SUPPORTING,KEEP,research-os/janus_n5_gate/N5_VECTOR_MODE_LOCKING_FLOQUET_GATE_REPORT.md,"Research OS evidence, code, data, audit, or provenance artifact.",OK
janus_n5_gate/N5_VECTOR_MODE_LOCKING_SUMMARY.json,N5_VECTOR_MODE_LOCKING_SUMMARY.json,.json,10520,fb8b04e111fa1c43bb6c19655bc52b38de23de407226102045c66e52c783db4a,,True,SUPPORTING,KEEP,research-os/janus_n5_gate/N5_VECTOR_MODE_LOCKING_SUMMARY.json,"Research OS evidence, code, data, audit, or provenance artifact.",OK
janus_n5_gate/N5_VectorModeLocking_Floquet_GateBundle.zip,N5_VectorModeLocking_Floquet_GateBundle.zip,.zip,46678,4d1403ae3e03486675e3a24b888ec84de0362683318e22997468802233fa00fa,,True,ARCHIVE_BUNDLE,ARCHIVE,research-os/janus_n5_gate/N5_VectorModeLocking_Floquet_GateBundle.zip,Historical bundle; contents may also exist unpacked.,OK
janus_n5_gate/floquet_conditioning_fresh.csv,floquet_conditioning_fresh.csv,.csv,560,2d9ea344f79c7a3b7f8b1ee23477311a1dee0c59eb42915220b72afb898d214d,DUP-0155,False,EXACT_DUPLICATE,EXCLUDE,,Exact SHA-256 duplicate; keep preferred copy in DUP-0155.,OK
janus_n5_gate/floquet_conditioning_fresh.log,floquet_conditioning_fresh.log,.log,639,2e8f169f300f7146108a52fe73d95aec05bc4c9872cfa311b6da9a123b85bd59,,True,EPHEMERAL_QA,EXCLUDE,,Rendered page/QA-only intermediate; reproducible from source document.,OK
janus_n5_gate/floquet_conditioning_shipped.csv,floquet_conditioning_shipped.csv,.csv,560,2d9ea344f79c7a3b7f8b1ee23477311a1dee0c59eb42915220b72afb898d214d,DUP-0155,False,EXACT_DUPLICATE,EXCLUDE,,Exact SHA-256 duplicate; keep preferred copy in DUP-0155.,OK
janus_n5_gate/n5_amplitude_continuation.log,n5_amplitude_continuation.log,.log,2603,89276471676b7edba1614a97434e5fd7ac851298c5faa9a58b0cb5521cbb438c,,True,EPHEMERAL_QA,EXCLUDE,,Rendered page/QA-only intermediate; reproducible from source document.,OK
janus_n5_gate/n5_amplitude_continuation.py,n5_amplitude_continuation.py,.py,2994,e2eee52566d6295e45ae369b9892909e3483627f1c1cd88aa22b544ef318313f,,True,SUPPORTING,KEEP,research-os/janus_n5_gate/n5_amplitude_continuation.py,"Research OS evidence, code, data, audit, or provenance artifact.",OK
janus_n5_gate/n5_amplitude_continuation_61x2.csv,n5_amplitude_continuation_61x2.csv,.csv,18448,96a9e2892d61f2f68993bee555a1737e273228b016d7ed88d0dd7e34225668b5,,True,SUPPORTING,KEEP,research-os/janus_n5_gate/n5_amplitude_continuation_61x2.csv,"Research OS evidence, code, data, audit, or provenance artifact.",OK
janus_n5_gate/n5_amplitude_continuation_compare.csv,n5_amplitude_continuation_compare.csv,.csv,1198,c1007972cb221629ea3096f8c3ffa0e7cadba09e12018453e44a30ba27b9d44c,,True,SUPPORTING,KEEP,research-os/janus_n5_gate/n5_amplitude_continuation_compare.csv,"Research OS evidence, code, data, audit, or provenance artifact.",OK
janus_n5_gate/n5_basin_canonical_F2.csv,n5_basin_canonical_F2.csv,.csv,2908,d8d4d4f414b60c9fae4a2cdec85acf035397093c3aef6ef83d44ddcfe61e2254,,True,SUPPORTING,KEEP,research-os/janus_n5_gate/n5_basin_canonical_F2.csv,"Research OS evidence, code, data, audit, or provenance artifact.",OK
janus_n5_gate/n5_basin_representatives.csv,n5_basin_representatives.csv,.csv,15805,af31ac1b5eee56550f3ffc46815c067c01bc48dadb4c2660f9850473fed4e3a8,,True,SUPPORTING,KEEP,research-os/janus_n5_gate/n5_basin_representatives.csv,"Research OS evidence, code, data, audit, or provenance artifact.",OK
janus_n5_gate/n5_canonical_F2_fullchecks.log,n5_canonical_F2_fullchecks.log,.log,1006,27b192c9033e27b02d38a663fa2509f945b47578b925be8fe4910f3956938cd2,,True,EPHEMERAL_QA,EXCLUDE,,Rendered page/QA-only intermediate; reproducible from source document.,OK
janus_n5_gate/n5_canonical_F2_fullchecks.py,n5_canonical_F2_fullchecks.py,.py,6925,314439cc73dace9453ebe5efc1fe927ae542a8631bb048ace072c6a235e47bf0,,True,SUPPORTING,KEEP,research-os/janus_n5_gate/n5_canonical_F2_fullchecks.py,"Research OS evidence, code, data, audit, or provenance artifact.",OK
janus_n5_gate/n5_cycle_resolved.log,n5_cycle_resolved.log,.log,484,9086e9fe39ec57895d7932bb44660cfeb5620600b8713f9f95426bdb19ac3c63,,True,EPHEMERAL_QA,EXCLUDE,,Rendered page/QA-only intermediate; reproducible from source document.,OK
janus_n5_gate/n5_cycle_resolved_91.csv,n5_cycle_resolved_91.csv,.csv,15487,b9b227a20e9f1d24f3284cb5eba281fcf9104ec09869e05c4efb211ffa852ebe,,True,SUPPORTING,KEEP,research-os/janus_n5_gate/n5_cycle_resolved_91.csv,"Research OS evidence, code, data, audit, or provenance artifact.",OK
janus_n5_gate/n5_cycle_resolved_audit.py,n5_cycle_resolved_audit.py,.py,4729,1065cf3444cf1aba30cbaaa49917c46e214d915e4f6ca082de939f513a68d8d1,,True,SUPPORTING,KEEP,research-os/janus_n5_gate/n5_cycle_resolved_audit.py,"Research OS evidence, code, data, audit, or provenance artifact.",OK
janus_n5_gate/n5_dense_plateau_intervals.csv,n5_dense_plateau_intervals.csv,.csv,2363,f17659a66790fe7a852a2f91e81ea0ea3684b240a9efc2ff09e101f0ac35bacf,,True,SUPPORTING,KEEP,research-os/janus_n5_gate/n5_dense_plateau_intervals.csv,"Research OS evidence, code, data, audit, or provenance artifact.",OK
janus_n5_gate/n5_dense_plateau_scan.csv,n5_dense_plateau_scan.csv,.csv,23146,ded7eeecf7037711fd5051c56eee50e7857d92a7b637332810299def810166ae,,True,SUPPORTING,KEEP,research-os/janus_n5_gate/n5_dense_plateau_scan.csv,"Research OS evidence, code, data, audit, or provenance artifact.",OK
janus_n5_gate/n5_dense_plateau_scan.log,n5_dense_plateau_scan.log,.log,2880,741aa4cfc91f9d98b616161936374dd85db8c17b1065c4e0aab785a2d654d275,,True,EPHEMERAL_QA,EXCLUDE,,Rendered page/QA-only intermediate; reproducible from source document.,OK
janus_n5_gate/n5_dense_plateau_scan.py,n5_dense_plateau_scan.py,.py,3257,e6234df5d2df21ac109bcf7dba5bab9c9e69cc43def964721041355d261b611a,,True,SUPPORTING,KEEP,research-os/janus_n5_gate/n5_dense_plateau_scan.py,"Research OS evidence, code, data, audit, or provenance artifact.",OK
janus_n5_gate/n5_floquet_canonical_F2.csv,n5_floquet_canonical_F2.csv,.csv,585,68af2e90cd47b0af379ed6b25271ba6108a2c6dc3fb73d0688ee4c41aceafa84,,True,SUPPORTING,KEEP,research-os/janus_n5_gate/n5_floquet_canonical_F2.csv,"Research OS evidence, code, data, audit, or provenance artifact.",OK
janus_n5_gate/n5_floquet_multiplateau.csv,n5_floquet_multiplateau.csv,.csv,2916,f15f2fa5ceb512a3a1e0cb16f3473650541c81b07e3b37989af868be24dda405,,True,SUPPORTING,KEEP,research-os/janus_n5_gate/n5_floquet_multiplateau.csv,"Research OS evidence, code, data, audit, or provenance artifact.",OK
janus_n5_gate/n5_multiplateau_floquet.log,n5_multiplateau_floquet.log,.log,4678,d983fde93d9e427ce9caece24105d48ad8bd4ae1bf258dbdb5ec4f4585ab2d39,,True,EPHEMERAL_QA,EXCLUDE,,Rendered page/QA-only intermediate; reproducible from source document.,OK
janus_n5_gate/n5_multiplateau_floquet.py,n5_multiplateau_floquet.py,.py,7069,57e0153dda0bd8d429980e373fb342d1c07210b25b3793a4d6180b61fe02d0d9,,True,SUPPORTING,KEEP,research-os/janus_n5_gate/n5_multiplateau_floquet.py,"Research OS evidence, code, data, audit, or provenance artifact.",OK
janus_n5_gate/n5_newton_shooting_fast.log,n5_newton_shooting_fast.log,.log,1556,993bda2556a83b5f30201f1180d3f659ef0d1121997f8aaa5c5b069fb22cd03a,,True,EPHEMERAL_QA,EXCLUDE,,Rendered page/QA-only intermediate; reproducible from source document.,OK
janus_n5_gate/n5_newton_shooting_fast.py,n5_newton_shooting_fast.py,.py,3294,d01831e33602b895c412591c4d97aed32a8408cbc6a40c9b1ed0c3b293c6fb3a,,True,SUPPORTING,KEEP,research-os/janus_n5_gate/n5_newton_shooting_fast.py,"Research OS evidence, code, data, audit, or provenance artifact.",OK
janus_n5_gate/n5_newton_shooting_floquet.csv,n5_newton_shooting_floquet.csv,.csv,2678,b2613062ffd2144b4c4ce7d97a41baf606eb05c1956692f20727d68a306888d9,,True,SUPPORTING,KEEP,research-os/janus_n5_gate/n5_newton_shooting_floquet.csv,"Research OS evidence, code, data, audit, or provenance artifact.",OK
janus_n5_gate/n5_newton_shooting_orbits.csv,n5_newton_shooting_orbits.csv,.csv,993,ae4a5c03a8ed2c877023b1cd086d82b49a28ec4be9f6b036d2ce4e08b4a21741,,True,SUPPORTING,KEEP,research-os/janus_n5_gate/n5_newton_shooting_orbits.csv,"Research OS evidence, code, data, audit, or provenance artifact.",OK
janus_n5_gate/n5_relative_periodic_canonical_F2.csv,n5_relative_periodic_canonical_F2.csv,.csv,259,be9e171e521712ba105e3a43f922cf2286b0fd768597d5440f176fed1270f910,,True,SUPPORTING,KEEP,research-os/janus_n5_gate/n5_relative_periodic_canonical_F2.csv,"Research OS evidence, code, data, audit, or provenance artifact.",OK
janus_n5_gate/n5_relative_periodic_orbits.csv,n5_relative_periodic_orbits.csv,.csv,1091,1b70fa6b05909dbf673216fa3319aa83a50614434806cf56965eec020d1ad405,,True,SUPPORTING,KEEP,research-os/janus_n5_gate/n5_relative_periodic_orbits.csv,"Research OS evidence, code, data, audit, or provenance artifact.",OK
janus_n5_gate/n5_shooting_refinement.log,n5_shooting_refinement.log,.log,0,e3b0c44298fc1c149afbf4c8996fb92427ae41e4649b934ca495991b7852b855,DUP-0769,True,EPHEMERAL_QA,EXCLUDE,,Rendered page/QA-only intermediate; reproducible from source document.,OK
janus_n5_gate/n5_shooting_refinement.py,n5_shooting_refinement.py,.py,3611,ec4a250e72df02295bb7d790f712244859a4de83becd1b1ea054ef8b4c559dc9,,True,SUPPORTING,KEEP,research-os/janus_n5_gate/n5_shooting_refinement.py,"Research OS evidence, code, data, audit, or provenance artifact.",OK
janus_n5_gate/n5_timestep_canonical_F2.csv,n5_timestep_canonical_F2.csv,.csv,453,27f9fe68f8b6430401d647ec0a32594709e7e4cbd611e8ed9f65436c69d1ae27,,True,SUPPORTING,KEEP,research-os/janus_n5_gate/n5_timestep_canonical_F2.csv,"Research OS evidence, code, data, audit, or provenance artifact.",OK
janus_n5_gate/n5_timestep_representatives.csv,n5_timestep_representatives.csv,.csv,2169,408cf6ebd11331e4e9f8dde72f4f2f9d0626bea4c5b99fbd7f0c1fe0f5230607,,True,SUPPORTING,KEEP,research-os/janus_n5_gate/n5_timestep_representatives.csv,"Research OS evidence, code, data, audit, or provenance artifact.",OK
janus_n5_gate/redteam_gamma_sweep.csv,redteam_gamma_sweep.csv,.csv,951,38eafdfd2d2d035faed0f7f815f5aaca87e64fca8fdfb302ae18b593eb2bc900,DUP-0199,False,EXACT_DUPLICATE,EXCLUDE,,Exact SHA-256 duplicate; keep preferred copy in DUP-0199.,OK
janus_n5_gate/redteam_gamma_sweep.py,redteam_gamma_sweep.py,.py,2471,9dc55f87895b8311730af67d3c920f7bd5eebeaaa4fb58444bf5cb75f48a2d5a,,True,SUPPORTING,KEEP,research-os/janus_n5_gate/redteam_gamma_sweep.py,"Research OS evidence, code, data, audit, or provenance artifact.",OK
janus_n5_gate/redteam_phase_preparation_sweep.csv,redteam_phase_preparation_sweep.csv,.csv,17477,f36726f1e688ee58942cef301fa8dc11c9dc26c277da771546ed69521a71aa82,DUP-0819,False,EXACT_DUPLICATE,EXCLUDE,,Exact SHA-256 duplicate; keep preferred copy in DUP-0819.,OK
janus_n5_gate/redteam_phase_preparation_sweep.py,redteam_phase_preparation_sweep.py,.py,3990,981c9c0aefc308d03bf78aae9fa773e80971995a6d51b67620e49dbb0e0a3562,,True,SUPPORTING,KEEP,research-os/janus_n5_gate/redteam_phase_preparation_sweep.py,"Research OS evidence, code, data, audit, or provenance artifact.",OK
janus_n5_gate/vector_map_fresh.log,vector_map_fresh.log,.log,1037,62327bdef2ceb382769473ac2553d5eaa6fe4e75784e1fdd1ae14e119a058105,,True,EPHEMERAL_QA,EXCLUDE,,Rendered page/QA-only intermediate; reproducible from source document.,OK
janus_n5_gate/vector_mode_map_fresh.csv,vector_mode_map_fresh.csv,.csv,9433,fe9365f60cafa029fdf414cddf51ed490f7f98cd34cc2b967e706ab0c09cfcc1,DUP-0855,False,EXACT_DUPLICATE,EXCLUDE,,Exact SHA-256 duplicate; keep preferred copy in DUP-0855.,OK
janus_n5_gate/vector_mode_map_fresh.py,vector_mode_map_fresh.py,.py,3067,43c8229a9b1edd499f89686b306cecfcbea5e949e4d396ced24247476a4dd9ec,DUP-0231,False,EXACT_DUPLICATE,EXCLUDE,,Exact SHA-256 duplicate; keep preferred copy in DUP-0231.,OK
janus_n5_gate/vector_mode_map_shipped.csv,vector_mode_map_shipped.csv,.csv,9433,fe9365f60cafa029fdf414cddf51ed490f7f98cd34cc2b967e706ab0c09cfcc1,DUP-0855,False,EXACT_DUPLICATE,EXCLUDE,,Exact SHA-256 duplicate; keep preferred copy in DUP-0855.,OK
janus_n8_gate/Janus_MoSSe_AuditResolved_ReproducibilityRelease.zip,Janus_MoSSe_AuditResolved_ReproducibilityRelease.zip,.zip,5952036,fa39097305aa305fd11bb270ac2a21a96838214f09d2b54ab185515ba4b88fa2,DUP-0839,True,ARCHIVE_BUNDLE,ARCHIVE,research-os/janus_n8_gate/Janus_MoSSe_AuditResolved_ReproducibilityRelease.zip,Historical bundle; contents may also exist unpacked.,OK
janus_n8_gate/Janus_MoSSe_ElasticValidation_CodeAndData.zip,Janus_MoSSe_ElasticValidation_CodeAndData.zip,.zip,133353,531860485408aa95433c98e5125461bb847268276e27179ff7cf1be8656dea2a,,True,ARCHIVE_BUNDLE,ARCHIVE,research-os/janus_n8_gate/Janus_MoSSe_ElasticValidation_CodeAndData.zip,Historical bundle; contents may also exist unpacked.,OK
janus_n8_gate/Janus_MoSSe_WorkflowValidated_SubmissionBundle.zip,Janus_MoSSe_WorkflowValidated_SubmissionBundle.zip,.zip,3519570,7e521be4ab471b54008397ef315cc1bba6d68b30d5d9cbb773324d17a94e6355,,True,ARCHIVE_BUNDLE,ARCHIVE,research-os/janus_n8_gate/Janus_MoSSe_WorkflowValidated_SubmissionBundle.zip,Historical bundle; contents may also exist unpacked.,OK
janus_n8_gate/N8_GATE_SUMMARY.json,N8_GATE_SUMMARY.json,.json,1433,442f57c9b372ab57358c0dbec442c1d6f17ae87972da9002584d493324c31147,,True,SUPPORTING,KEEP,research-os/janus_n8_gate/N8_GATE_SUMMARY.json,"Research OS evidence, code, data, audit, or provenance artifact.",OK
janus_n8_gate/N8_THERMAL_ELASTICITY_SENSITIVITY_GATE_REPORT.md,N8_THERMAL_ELASTICITY_SENSITIVITY_GATE_REPORT.md,.md,10899,2a59082ace72b8f9157d2f19fee73323b2ba3d99fcc1ed7bad2b5e504af7d1a0,,True,SUPPORTING,KEEP,research-os/janus_n8_gate/N8_THERMAL_ELASTICITY_SENSITIVITY_GATE_REPORT.md,"Research OS evidence, code, data, audit, or provenance artifact.",OK
janus_n8_gate/N8_ThermalElasticity_GateBundle.zip,N8_ThermalElasticity_GateBundle.zip,.zip,149696,a985a498de6f3d7657015308c1f4fd184be535342c404b69a11f38582a37df68,,True,ARCHIVE_BUNDLE,ARCHIVE,research-os/janus_n8_gate/N8_ThermalElasticity_GateBundle.zip,Historical bundle; contents may also exist unpacked.,OK
janus_n8_gate/N8_elasticity_hierarchy.png,N8_elasticity_hierarchy.png,.png,76409,ac3642c9da2cb4f9f18de4d6e02cc0542cd848bb78b673c940352409d83be08a,,True,SUPPORTING,KEEP,research-os/janus_n8_gate/N8_elasticity_hierarchy.png,"Research OS evidence, code, data, audit, or provenance artifact.",OK
janus_n8_gate/N8_thermal_vector_boundary.png,N8_thermal_vector_boundary.png,.png,75957,ccea9bf4b767e1492ff1e0f87cb20d86278bffb7609bac1481d5a9de8943066a,,True,SUPPORTING,KEEP,research-os/janus_n8_gate/N8_thermal_vector_boundary.png,"Research OS evidence, code, data, audit, or provenance artifact.",OK
janus_n8_gate/__pycache__/vff_reconstruction.cpython-313.pyc,vff_reconstruction.cpython-313.pyc,.cpython-313.pyc,22045,b8d4b88deac3dd9801235ded6d7128d7bf6a5d80b6cddb88acba77dec998063a,,True,EPHEMERAL_QA,EXCLUDE,,Rendered page/QA-only intermediate; reproducible from source document.,OK
janus_n8_gate/elastic/ELASTIC_RELAXATION_VALIDATION_REPORT.md,ELASTIC_RELAXATION_VALIDATION_REPORT.md,.md,11879,cc670e99583a26a78662b8f1319040a46cab630dbb5d8e1523583bf899088524,,True,SUPPORTING,KEEP,research-os/janus_n8_gate/elastic/ELASTIC_RELAXATION_VALIDATION_REPORT.md,"Research OS evidence, code, data, audit, or provenance artifact.",OK
janus_n8_gate/elastic/__pycache__/run_elastic_relaxation_validation.cpython-313.pyc,run_elastic_relaxation_validation.cpython-313.pyc,.cpython-313.pyc,27283,48a41e96be010e67b6817c67252813d512249da1a9ad7464b1bd5812f8fe3a20,,True,EPHEMERAL_QA,EXCLUDE,,Rendered page/QA-only intermediate; reproducible from source document.,OK
janus_n8_gate/elastic/final_output/elastic_relaxation_validation.png,elastic_relaxation_validation.png,.png,135132,7b3cee9fc4654ad2aef57e00879926c3e4fbd97ae6491e84361e04cea4e3d544,,True,SUPPORTING,KEEP,research-os/janus_n8_gate/elastic/final_output/elastic_relaxation_validation.png,"Research OS evidence, code, data, audit, or provenance artifact.",OK
janus_n8_gate/elastic/final_output/elastic_relaxation_validation_metadata.json,elastic_relaxation_validation_metadata.json,.json,633,a8883382e57c544561fb12f80547d62d45567d7f4c0e1f21b1187546c7e89597,,True,SUPPORTING,KEEP,research-os/janus_n8_gate/elastic/final_output/elastic_relaxation_validation_metadata.json,"Research OS evidence, code, data, audit, or provenance artifact.",OK
janus_n8_gate/elastic/final_output/elastic_relaxation_validation_summary.csv,elastic_relaxation_validation_summary.csv,.csv,2641,4af65176bbffd0365b674122f5ec22d1ade9af135bd4e0f4cfa16d69b79e24ff,,True,SUPPORTING,KEEP,research-os/janus_n8_gate/elastic/final_output/elastic_relaxation_validation_summary.csv,"Research OS evidence, code, data, audit, or provenance artifact.",OK
janus_n8_gate/elastic/final_output/numerical_validation_checks.json,numerical_validation_checks.json,.json,1090,05c612c7d1810de45c7d0ce50f92c39c36b25cca200ebdbe3af307405113bb58,,True,SUPPORTING,KEEP,research-os/janus_n8_gate/elastic/final_output/numerical_validation_checks.json,"Research OS evidence, code, data, audit, or provenance artifact.",OK
janus_n8_gate/elastic/run_elastic_relaxation_validation.py,run_elastic_relaxation_validation.py,.py,11328,e2637860078e24b0af15478c06a79befe3e704a48a86d11e7cbe85332bbfdaf0,,True,SUPPORTING,KEEP,research-os/janus_n8_gate/elastic/run_elastic_relaxation_validation.py,"Research OS evidence, code, data, audit, or provenance artifact.",OK
janus_n8_gate/elastic_all_tight.py,elastic_all_tight.py,.py,1068,3f2ee21870ee82b6455a01229700916897844fe683bdab20361bb0b1b72a3ce8,,True,SUPPORTING,KEEP,research-os/janus_n8_gate/elastic_all_tight.py,"Research OS evidence, code, data, audit, or provenance artifact.",OK
janus_n8_gate/elastic_extended_fresh.py,elastic_extended_fresh.py,.py,1947,e99e167ad28c4ac6cb3f3fd5ff4800ae88d6e6569bcdb2839986dfa18bb45fdc,,True,SUPPORTING,KEEP,research-os/janus_n8_gate/elastic_extended_fresh.py,"Research OS evidence, code, data, audit, or provenance artifact.",OK
janus_n8_gate/elastic_fresh/elastic_relaxation_continuation_traces.csv,elastic_relaxation_continuation_traces.csv,.csv,17742,2b1eba9263fc99a89e7a84365725575655e6b24870d066a5e3fcb5b301f84a84,,True,SUPPORTING,KEEP,research-os/janus_n8_gate/elastic_fresh/elastic_relaxation_continuation_traces.csv,"Research OS evidence, code, data, audit, or provenance artifact.",OK
janus_n8_gate/elastic_fresh/elastic_relaxation_summary.json,elastic_relaxation_summary.json,.json,6025,3dd4484292ae2b434ff80afa366484cba76d87b70026cf084b615b93498eba4b,,True,SUPPORTING,KEEP,research-os/janus_n8_gate/elastic_fresh/elastic_relaxation_summary.json,"Research OS evidence, code, data, audit, or provenance artifact.",OK
janus_n8_gate/elastic_fresh/elastic_relaxation_thresholds.csv,elastic_relaxation_thresholds.csv,.csv,2833,688ec69a584e5185e556477dc040bb7500f5271e7570dabd982a8424be6020b0,,True,SUPPORTING,KEEP,research-os/janus_n8_gate/elastic_fresh/elastic_relaxation_thresholds.csv,"Research OS evidence, code, data, audit, or provenance artifact.",OK
janus_n8_gate/elastic_fresh/elastic_relaxation_validation.png,elastic_relaxation_validation.png,.png,136226,a0b2c19273ffd62162ef6b6b7f9519dcd33348a7c072f400d6c5c6cfffdf9bc1,,True,SUPPORTING,KEEP,research-os/janus_n8_gate/elastic_fresh/elastic_relaxation_validation.png,"Research OS evidence, code, data, audit, or provenance artifact.",OK
janus_n8_gate/elastic_fresh.log,elastic_fresh.log,.log,2298,b0c686f67eae3674cee96019f086dc260f2d23006fd0c234368b38221a93b019,,True,EPHEMERAL_QA,EXCLUDE,,Rendered page/QA-only intermediate; reproducible from source document.,OK
janus_n8_gate/independent_thermal_vector_audit.py,independent_thermal_vector_audit.py,.py,2860,67f0e791a3b21ed8fdacbe099f428070897903c165c51561929a0576ae95cf16,,True,SUPPORTING,KEEP,research-os/janus_n8_gate/independent_thermal_vector_audit.py,"Research OS evidence, code, data, audit, or provenance artifact.",OK
janus_n8_gate/n8_FEM_vs_VFF_comparison.csv,n8_FEM_vs_VFF_comparison.csv,.csv,444,811195ef7c88ceed0e0710364328799be57f9f8b5bc91009d4f06ae845b32e03,,True,SUPPORTING,KEEP,research-os/janus_n8_gate/n8_FEM_vs_VFF_comparison.csv,"Research OS evidence, code, data, audit, or provenance artifact.",OK
janus_n8_gate/n8_Pneg_boundary_100k.csv,n8_Pneg_boundary_100k.csv,.csv,396,349b443303565d88ae2c6241eb47358d9357a2deaa33c588375914e8997ab119,,True,SUPPORTING,KEEP,research-os/janus_n8_gate/n8_Pneg_boundary_100k.csv,"Research OS evidence, code, data, audit, or provenance artifact.",OK
janus_n8_gate/n8_elastic_derivative_spotcheck.json,n8_elastic_derivative_spotcheck.json,.json,299,cfc7751072a35761816f05cc0e370e03320d2a133f69cd43dfca89fe1b8e40e8,,True,SUPPORTING,KEEP,research-os/janus_n8_gate/n8_elastic_derivative_spotcheck.json,"Research OS evidence, code, data, audit, or provenance artifact.",OK
janus_n8_gate/n8_elastic_extended_fresh.csv,n8_elastic_extended_fresh.csv,.csv,691,7467d8bf03d54644e528ae89d597e850a10dbdf23dc9050d22ede61541fc1651,,True,SUPPORTING,KEEP,research-os/janus_n8_gate/n8_elastic_extended_fresh.csv,"Research OS evidence, code, data, audit, or provenance artifact.",OK
janus_n8_gate/n8_elastic_linear_tight.csv,n8_elastic_linear_tight.csv,.csv,1247,742f9b487e8c53d9c742c55b6d80ae3bd886dcf6f24897b485b72a8037addad9,,True,SUPPORTING,KEEP,research-os/janus_n8_gate/n8_elastic_linear_tight.csv,"Research OS evidence, code, data, audit, or provenance artifact.",OK
janus_n8_gate/n8_elastic_robustness_summary.csv,n8_elastic_robustness_summary.csv,.csv,1269,fb7d146b6ddf277477ff5c9d20920d5a0e4873beab2fdbbd52423db1b4997dc0,,True,SUPPORTING,KEEP,research-os/janus_n8_gate/n8_elastic_robustness_summary.csv,"Research OS evidence, code, data, audit, or provenance artifact.",OK
janus_n8_gate/n8_elastic_zero_state_ordering.csv,n8_elastic_zero_state_ordering.csv,.csv,767,c366d214d23a1059c08dadc309be08ff386394a875df465133692be7f7daa0be,,True,SUPPORTING,KEEP,research-os/janus_n8_gate/n8_elastic_zero_state_ordering.csv,"Research OS evidence, code, data, audit, or provenance artifact.",OK
janus_n8_gate/n8_thermal_dt_independent.csv,n8_thermal_dt_independent.csv,.csv,1209,190c61e29b9b42f9c03e174830b34b8638af8d9a84f40aba1871b2fc929fe718,,True,SUPPORTING,KEEP,research-os/janus_n8_gate/n8_thermal_dt_independent.csv,"Research OS evidence, code, data, audit, or provenance artifact.",OK
janus_n8_gate/n8_thermal_dt_pairwise_z.csv,n8_thermal_dt_pairwise_z.csv,.csv,507,cb2cc52606fb07848a32bb3ed5916f12b81230f74d798f96b4ae0e51fba433be,,True,SUPPORTING,KEEP,research-os/janus_n8_gate/n8_thermal_dt_pairwise_z.csv,"Research OS evidence, code, data, audit, or provenance artifact.",OK
janus_n8_gate/n8_thermal_vector_boundary_100k.csv,n8_thermal_vector_boundary_100k.csv,.csv,777,e5292c3c60a2b9352f415fd90566a455a25acd0542bced427bcd64d74b45e94a,,True,SUPPORTING,KEEP,research-os/janus_n8_gate/n8_thermal_vector_boundary_100k.csv,"Research OS evidence, code, data, audit, or provenance artifact.",OK
janus_n8_gate/n8_thermal_vector_joint_audit.csv,n8_thermal_vector_joint_audit.csv,.csv,3011,2fd2d98c19b65a7ac495ac5433d13f74b4eddbde99b3e8f9cd9563f638a0dc12,,True,SUPPORTING,KEEP,research-os/janus_n8_gate/n8_thermal_vector_joint_audit.csv,"Research OS evidence, code, data, audit, or provenance artifact.",OK
janus_n8_gate/n8_thermal_vector_simultaneous_ci_100k.csv,n8_thermal_vector_simultaneous_ci_100k.csv,.csv,524,82a3234e435fac1d4f6b6df01f681555911badeb8b98888010732b47b0ab75ea,,True,SUPPORTING,KEEP,research-os/janus_n8_gate/n8_thermal_vector_simultaneous_ci_100k.csv,"Research OS evidence, code, data, audit, or provenance artifact.",OK
janus_n8_gate/n8_vff_reconstructed.csv,n8_vff_reconstructed.csv,.csv,858,0b4ccb613b7b407b1ea3bb4158eb3ed73a167d8546e78da0f374636831a5f6a1,,True,SUPPORTING,KEEP,research-os/janus_n8_gate/n8_vff_reconstructed.csv,"Research OS evidence, code, data, audit, or provenance artifact.",OK
janus_n8_gate/n8_vff_validation_checks.json,n8_vff_validation_checks.json,.json,392,d11825020dffdbbb4f3474774efb8e3c08ef26419402a0bf3d76dda8e0c6d617,,True,SUPPORTING,KEEP,research-os/janus_n8_gate/n8_vff_validation_checks.json,"Research OS evidence, code, data, audit, or provenance artifact.",OK
janus_n8_gate/n8_vff_zero_state_ordering.csv,n8_vff_zero_state_ordering.csv,.csv,403,64c27b59585bd1ba5a4bdd15d9b0b238000e1a31bb8fffc3a8cecd7b6a34db33,,True,SUPPORTING,KEEP,research-os/janus_n8_gate/n8_vff_zero_state_ordering.csv,"Research OS evidence, code, data, audit, or provenance artifact.",OK
janus_n8_gate/redteam_T0_baoab.csv,redteam_T0_baoab.csv,.csv,277,b6b4409f37e1f65e8cfdf95143264b559a81a64721cf4a581f9bf93ae7aec4c1,DUP-0626,False,EXACT_DUPLICATE,EXCLUDE,,Exact SHA-256 duplicate; keep preferred copy in DUP-0626.,OK
janus_n8_gate/redteam_T0_baoab.py,redteam_T0_baoab.py,.py,3484,66f59bfbd9f8087860d903a15c6945f2e4aeebaee11bfb02baa69ed5faf756ba,,True,SUPPORTING,KEEP,research-os/janus_n8_gate/redteam_T0_baoab.py,"Research OS evidence, code, data, audit, or provenance artifact.",OK
janus_n8_gate/redteam_burn60_T065_raw.npy,redteam_burn60_T065_raw.npy,.npy,16128,2c4cb93e8aebad38db95225783229ea1063f3d2ae6ce05ecf0e3ec87f5373a3e,,True,SUPPORTING,KEEP,research-os/janus_n8_gate/redteam_burn60_T065_raw.npy,"Research OS evidence, code, data, audit, or provenance artifact.",OK
janus_n8_gate/redteam_thermal_burn60_N1000.csv,redteam_thermal_burn60_N1000.csv,.csv,141,c6bb8e2c50d0547ea8cbdf35f70f469a9d58d775f59c1347a9c08aae47044c9f,,True,SUPPORTING,KEEP,research-os/janus_n8_gate/redteam_thermal_burn60_N1000.csv,"Research OS evidence, code, data, audit, or provenance artifact.",OK
janus_n8_gate/redteam_thermal_burn60_N1000.py,redteam_thermal_burn60_N1000.py,.py,3237,0729f7694f0d668aed323cecf41562958dbf062e9fb6f608bd7f6dcf8226460a,,True,SUPPORTING,KEEP,research-os/janus_n8_gate/redteam_thermal_burn60_N1000.py,"Research OS evidence, code, data, audit, or provenance artifact.",OK
janus_n8_gate/redteam_thermal_burn60_T055_065.py,redteam_thermal_burn60_T055_065.py,.py,3954,78bc575a485318a8df598904db4671574cec694b9f0c8a3b53c8f4599418bc54,,True,SUPPORTING,KEEP,research-os/janus_n8_gate/redteam_thermal_burn60_T055_065.py,"Research OS evidence, code, data, audit, or provenance artifact.",OK
janus_n8_gate/redteam_thermal_burn60_T055_joint.csv,redteam_thermal_burn60_T055_joint.csv,.csv,320,9ed8782e9d8085c201ef18d97a46ca667eefbf46e7d39af4c1f1c88b1b7b4f23,DUP-0541,False,EXACT_DUPLICATE,EXCLUDE,,Exact SHA-256 duplicate; keep preferred copy in DUP-0541.,OK
janus_n8_gate/redteam_thermal_burn60_T055_joint.py,redteam_thermal_burn60_T055_joint.py,.py,3871,6a9d2d7a9b762bff33d9084b31d08df2faf5279e326fb8b9f2f6f87ab9e29633,,True,SUPPORTING,KEEP,research-os/janus_n8_gate/redteam_thermal_burn60_T055_joint.py,"Research OS evidence, code, data, audit, or provenance artifact.",OK
janus_n8_gate/redteam_thermal_burn60_T060_joint.csv,redteam_thermal_burn60_T060_joint.csv,.csv,320,13466cbb6ddf0598c0581e03f84a42ba31d314b3319d1d4e031f348b57af7269,DUP-0063,False,EXACT_DUPLICATE,EXCLUDE,,Exact SHA-256 duplicate; keep preferred copy in DUP-0063.,OK
janus_n8_gate/redteam_thermal_burn60_T060_joint.py,redteam_thermal_burn60_T060_joint.py,.py,3871,fc6b9b448e74cabcb65ffb7fb23b8db7410fde47e9a483e5a0b3c6721e58b3bb,,True,SUPPORTING,KEEP,research-os/janus_n8_gate/redteam_thermal_burn60_T060_joint.py,"Research OS evidence, code, data, audit, or provenance artifact.",OK
janus_n8_gate/redteam_thermal_burn60_joint.csv,redteam_thermal_burn60_joint.csv,.csv,323,5743e11b01fd82c940b78dd28dc2c93ade241f9763480e1fb6c2b43b944e97cd,DUP-0302,False,EXACT_DUPLICATE,EXCLUDE,,Exact SHA-256 duplicate; keep preferred copy in DUP-0302.,OK
janus_n8_gate/redteam_thermal_burn60_joint.py,redteam_thermal_burn60_joint.py,.py,3930,27ac30be9b5f96b15f21a7fadb56a0fb5e04c738724ce494017993d1ee882245,,True,SUPPORTING,KEEP,research-os/janus_n8_gate/redteam_thermal_burn60_joint.py,"Research OS evidence, code, data, audit, or provenance artifact.",OK
janus_n8_gate/redteam_thermal_burn_init.csv,redteam_thermal_burn_init.csv,.csv,1229,339a21675154916b524135f742944ee1526d63a8acd81046768f146936f550ea,DUP-0174,False,EXACT_DUPLICATE,EXCLUDE,,Exact SHA-256 duplicate; keep preferred copy in DUP-0174.,OK
janus_n8_gate/redteam_thermal_burn_init.py,redteam_thermal_burn_init.py,.py,3308,977a15d82957ae120a7c9d1b221067d3c02cfd7fda70dbe3f9a23973ea334d00,,True,SUPPORTING,KEEP,research-os/janus_n8_gate/redteam_thermal_burn_init.py,"Research OS evidence, code, data, audit, or provenance artifact.",OK
janus_n8_gate/redteam_thermal_burn_joint_N1000.py,redteam_thermal_burn_joint_N1000.py,.py,3955,d00fae4118c6d05d6219499ea47bd1a6dc66d43338c51019ff16e967937d78eb,,True,SUPPORTING,KEEP,research-os/janus_n8_gate/redteam_thermal_burn_joint_N1000.py,"Research OS evidence, code, data, audit, or provenance artifact.",OK
janus_n8_gate/rigid_release/Janus_MoSSe_AuditResolved_ReproducibilityRelease/ENVIRONMENT.md,ENVIRONMENT.md,.md,517,11879bf9bed82c5a7ca7e80b5868f9f62aacdf24438292b41e9b31446b116942,DUP-0056,False,EXACT_DUPLICATE,EXCLUDE,,Exact SHA-256 duplicate; keep preferred copy in DUP-0056.,OK
janus_n8_gate/rigid_release/Janus_MoSSe_AuditResolved_ReproducibilityRelease/README.md,README.md,.md,3907,0c50060b753d91a0c9bb9d871aed5c239e27e52eda88e78f140e777284dd5ea5,DUP-0040,True,SUPPORTING,KEEP,research-os/janus_n8_gate/rigid_release/Janus_MoSSe_AuditResolved_ReproducibilityRelease/README.md,"Research OS evidence, code, data, audit, or provenance artifact.",OK
janus_n8_gate/rigid_release/Janus_MoSSe_AuditResolved_ReproducibilityRelease/RUNNING_AUDITS.md,RUNNING_AUDITS.md,.md,1663,ec71a3fbff625b3fbe6514dc7c9081bd10d21def802f16861d770cf3975a539d,DUP-0796,True,SUPPORTING,KEEP,research-os/janus_n8_gate/rigid_release/Janus_MoSSe_AuditResolved_ReproducibilityRelease/RUNNING_AUDITS.md,"Research OS evidence, code, data, audit, or provenance artifact.",OK
janus_n8_gate/rigid_release/Janus_MoSSe_AuditResolved_ReproducibilityRelease/SHA256SUMS.txt,SHA256SUMS.txt,.txt,7739,0d02eb23ffedd61a17fedd746c7d211173b1ec5ae0bc67b30a1550a0277439fa,DUP-0042,True,SUPPORTING,KEEP,research-os/janus_n8_gate/rigid_release/Janus_MoSSe_AuditResolved_ReproducibilityRelease/SHA256SUMS.txt,"Research OS evidence, code, data, audit, or provenance artifact.",OK
janus_n8_gate/rigid_release/Janus_MoSSe_AuditResolved_ReproducibilityRelease/audit_scripts/asymmetry_global_check.py,asymmetry_global_check.py,.py,1532,8f519e4b2fbd0dbf9d1659ba27c6d832e947a34d8c96f48cc113a3568fbf8bc1,DUP-0492,False,EXACT_DUPLICATE,EXCLUDE,,Exact SHA-256 duplicate; keep preferred copy in DUP-0492.,OK
janus_n8_gate/rigid_release/Janus_MoSSe_AuditResolved_ReproducibilityRelease/audit_scripts/branch_audit.py,branch_audit.py,.py,4897,c29a6d2983ec9e50eb81a855018c084bc60a63cde414babffd502332aeaf7967,DUP-0661,False,EXACT_DUPLICATE,EXCLUDE,,Exact SHA-256 duplicate; keep preferred copy in DUP-0661.,OK
janus_n8_gate/rigid_release/Janus_MoSSe_AuditResolved_ReproducibilityRelease/audit_scripts/edge_weight_ground_switch.py,edge_weight_ground_switch.py,.py,1443,1679b252671d84884a2a4a25b63b61498b62f3a7d77e05d39f456ffdbccca7bc,DUP-0074,False,EXACT_DUPLICATE,EXCLUDE,,Exact SHA-256 duplicate; keep preferred copy in DUP-0074.,OK
janus_n8_gate/rigid_release/Janus_MoSSe_AuditResolved_ReproducibilityRelease/audit_scripts/edge_weight_sensitivity.py,edge_weight_sensitivity.py,.py,2567,51c683f848369352351818594b91e9bbe5fb7718d464e3bfbfbfd27d6799758d,DUP-0283,False,EXACT_DUPLICATE,EXCLUDE,,Exact SHA-256 duplicate; keep preferred copy in DUP-0283.,OK
janus_n8_gate/rigid_release/Janus_MoSSe_AuditResolved_ReproducibilityRelease/audit_scripts/floquet_conditioning_audit.py,floquet_conditioning_audit.py,.py,3367,8ec21b53e8081f242ab249a5c911338055acbd766f84d69698f6507c90990d60,DUP-0488,False,EXACT_DUPLICATE,EXCLUDE,,Exact SHA-256 duplicate; keep preferred copy in DUP-0488.,OK
janus_n8_gate/rigid_release/Janus_MoSSe_AuditResolved_ReproducibilityRelease/audit_scripts/make_resolved_figures.py,make_resolved_figures.py,.py,11731,4cbc229a21f49a5c947fcf2ed2cfd81ec1dbf68f8a1f9f9bdbb05f92f4e2ea53,DUP-0266,False,EXACT_DUPLICATE,EXCLUDE,,Exact SHA-256 duplicate; keep preferred copy in DUP-0266.,OK
janus_n8_gate/rigid_release/Janus_MoSSe_AuditResolved_ReproducibilityRelease/audit_scripts/matched_symmetry_audit.py,matched_symmetry_audit.py,.py,6911,f8f93a3a2aabfe771af0efaef102483ecff0de61a58ed5f0c2312b6089aa5b6b,DUP-0834,False,EXACT_DUPLICATE,EXCLUDE,,Exact SHA-256 duplicate; keep preferred copy in DUP-0834.,OK
janus_n8_gate/rigid_release/Janus_MoSSe_AuditResolved_ReproducibilityRelease/audit_scripts/matched_symmetry_final.py,matched_symmetry_final.py,.py,1752,8f063bb649d87dd8916ce8d84eaac5c73e65e2986456c1baca4932d0e2a3e82c,DUP-0489,False,EXACT_DUPLICATE,EXCLUDE,,Exact SHA-256 duplicate; keep preferred copy in DUP-0489.,OK
janus_n8_gate/rigid_release/Janus_MoSSe_AuditResolved_ReproducibilityRelease/audit_scripts/resolve_branch_topology.py,resolve_branch_topology.py,.py,3644,6058c7d2b56959e98eb5b954a5ed4616f30024996e5ab963521146d6644f5fc1,DUP-0336,False,EXACT_DUPLICATE,EXCLUDE,,Exact SHA-256 duplicate; keep preferred copy in DUP-0336.,OK
janus_n8_gate/rigid_release/Janus_MoSSe_AuditResolved_ReproducibilityRelease/audit_scripts/shape_scaling_audit.py,shape_scaling_audit.py,.py,3338,cfde0bcd4a006e03c37608d19035ac95320299a88136c00c7c368b8d77a5ee1c,DUP-0710,False,EXACT_DUPLICATE,EXCLUDE,,Exact SHA-256 duplicate; keep preferred copy in DUP-0710.,OK
janus_n8_gate/rigid_release/Janus_MoSSe_AuditResolved_ReproducibilityRelease/audit_scripts/thermal_cluster_audit.py,thermal_cluster_audit.py,.py,7232,8eac340b189490c273d3211664608eef4bec8aa1fe5d80d13e4a69660e636470,DUP-0487,False,EXACT_DUPLICATE,EXCLUDE,,Exact SHA-256 duplicate; keep preferred copy in DUP-0487.,OK
janus_n8_gate/rigid_release/Janus_MoSSe_AuditResolved_ReproducibilityRelease/audit_scripts/triangle_branch_audit.py,triangle_branch_audit.py,.py,3204,769d45772e8188e3eba280e222b785a0c1445b8a1b3e7a66d556841fb69a8ae6,DUP-0413,False,EXACT_DUPLICATE,EXCLUDE,,Exact SHA-256 duplicate; keep preferred copy in DUP-0413.,OK
janus_n8_gate/rigid_release/Janus_MoSSe_AuditResolved_ReproducibilityRelease/audit_scripts/triangle_ground_switch.py,triangle_ground_switch.py,.py,2775,c3211a2020414a0984c2dd642ad09367cb803e91c3165ba771f134565fe9423c,DUP-0664,False,EXACT_DUPLICATE,EXCLUDE,,Exact SHA-256 duplicate; keep preferred copy in DUP-0664.,OK
janus_n8_gate/rigid_release/Janus_MoSSe_AuditResolved_ReproducibilityRelease/audit_scripts/vector_mode_map.py,vector_mode_map.py,.py,3067,43c8229a9b1edd499f89686b306cecfcbea5e949e4d396ced24247476a4dd9ec,DUP-0231,False,EXACT_DUPLICATE,EXCLUDE,,Exact SHA-256 duplicate; keep preferred copy in DUP-0231.,OK
janus_n8_gate/rigid_release/Janus_MoSSe_AuditResolved_ReproducibilityRelease/config/production.json,production.json,.json,3319,655c8eeef01037846dead3fe33349fe9314ef5f9c035596e7c71100876256239,DUP-0356,False,EXACT_DUPLICATE,EXCLUDE,,Exact SHA-256 duplicate; keep preferred copy in DUP-0356.,OK
janus_n8_gate/rigid_release/Janus_MoSSe_AuditResolved_ReproducibilityRelease/data/canonical/asymmetry_global_check.csv,asymmetry_global_check.csv,.csv,708,63ab8ddda974801d45062cb1772d10bddd2d03d5c09a2563ea904edd855b10e3,DUP-0348,False,EXACT_DUPLICATE,EXCLUDE,,Exact SHA-256 duplicate; keep preferred copy in DUP-0348.,OK
janus_n8_gate/rigid_release/Janus_MoSSe_AuditResolved_ReproducibilityRelease/data/canonical/branch_family_continuation.csv,branch_family_continuation.csv,.csv,9659,02415c64857c93945889fff43a78f678ae2a8aaadd4fe8100a23d637fbb59764,DUP-0008,False,EXACT_DUPLICATE,EXCLUDE,,Exact SHA-256 duplicate; keep preferred copy in DUP-0008.,OK
janus_n8_gate/rigid_release/Janus_MoSSe_AuditResolved_ReproducibilityRelease/data/canonical/branch_family_summary.csv,branch_family_summary.csv,.csv,2573,0871709658d8ca369dd21a0584bf590c1cf2a8e2efc260f80b244255602d7d6d,DUP-0028,False,EXACT_DUPLICATE,EXCLUDE,,Exact SHA-256 duplicate; keep preferred copy in DUP-0028.,OK
janus_n8_gate/rigid_release/Janus_MoSSe_AuditResolved_ReproducibilityRelease/data/canonical/branch_followed_thresholds.csv,branch_followed_thresholds.csv,.csv,1756,80207e27baa7feb317dd95891d99435d2a57a7bd5a737eeb7e5a0d2c4d292603,DUP-0443,False,EXACT_DUPLICATE,EXCLUDE,,Exact SHA-256 duplicate; keep preferred copy in DUP-0443.,OK
janus_n8_gate/rigid_release/Janus_MoSSe_AuditResolved_ReproducibilityRelease/data/canonical/edge_weight_ground_switch.csv,edge_weight_ground_switch.csv,.csv,334,f3a8d30d4a46550eae49d4056d2795875430d6803f76a1742eee90d151e0070a,DUP-0822,False,EXACT_DUPLICATE,EXCLUDE,,Exact SHA-256 duplicate; keep preferred copy in DUP-0822.,OK
janus_n8_gate/rigid_release/Janus_MoSSe_AuditResolved_ReproducibilityRelease/data/canonical/floquet_conditioning_check.csv,floquet_conditioning_check.csv,.csv,560,2d9ea344f79c7a3b7f8b1ee23477311a1dee0c59eb42915220b72afb898d214d,DUP-0155,False,EXACT_DUPLICATE,EXCLUDE,,Exact SHA-256 duplicate; keep preferred copy in DUP-0155.,OK
janus_n8_gate/rigid_release/Janus_MoSSe_AuditResolved_ReproducibilityRelease/data/canonical/free_cusp_like_point.csv,free_cusp_like_point.csv,.csv,301,5e67c8c59e9d883997f506aa67bc2fa9353d984355cd8b7e6bde81c1655dd33e,DUP-0325,False,EXACT_DUPLICATE,EXCLUDE,,Exact SHA-256 duplicate; keep preferred copy in DUP-0325.,OK
janus_n8_gate/rigid_release/Janus_MoSSe_AuditResolved_ReproducibilityRelease/data/canonical/free_fold_nondegeneracy.csv,free_fold_nondegeneracy.csv,.csv,118445,7b3a007338abbe2aca3cf8b482c056a4a48f09b8404ee03407fc4f0750e83607,DUP-0424,False,EXACT_DUPLICATE,EXCLUDE,,Exact SHA-256 duplicate; keep preferred copy in DUP-0424.,OK
janus_n8_gate/rigid_release/Janus_MoSSe_AuditResolved_ReproducibilityRelease/data/canonical/free_thermal_cluster_ci_canonical.csv,free_thermal_cluster_ci_canonical.csv,.csv,2461,6d5ab6e46cdb1272c0b8627c36d761be427836acc507c310c49952eead91f8e7,DUP-0381,True,SUPPORTING,KEEP,research-os/janus_n8_gate/rigid_release/Janus_MoSSe_AuditResolved_ReproducibilityRelease/data/canonical/free_thermal_cluster_ci_canonical.csv,"Research OS evidence, code, data, audit, or provenance artifact.",OK
janus_n8_gate/rigid_release/Janus_MoSSe_AuditResolved_ReproducibilityRelease/data/canonical/free_thermal_cluster_ci_recomputed.csv,free_thermal_cluster_ci_recomputed.csv,.csv,1862,fc13c407274fca75f59c3c285736701ae84531034753f7ec092b00047bf117eb,DUP-0844,True,SUPPORTING,KEEP,research-os/janus_n8_gate/rigid_release/Janus_MoSSe_AuditResolved_ReproducibilityRelease/data/canonical/free_thermal_cluster_ci_recomputed.csv,"Research OS evidence, code, data, audit, or provenance artifact.",OK
janus_n8_gate/rigid_release/Janus_MoSSe_AuditResolved_ReproducibilityRelease/data/canonical/matched_symmetry_final.csv,matched_symmetry_final.csv,.csv,1660,2aef9c57787f0aa0eee6848de1fdcc3223fb6161ea588c93aed6c5c5c54c5313,DUP-0145,False,EXACT_DUPLICATE,EXCLUDE,,Exact SHA-256 duplicate; keep preferred copy in DUP-0145.,OK
janus_n8_gate/rigid_release/Janus_MoSSe_AuditResolved_ReproducibilityRelease/data/canonical/matched_symmetry_final_contracts.csv,matched_symmetry_final_contracts.csv,.csv,280,e7d84591f0b92febcb6bcd45980b6b6684cf47c48da5b8d6a967091e4c6c4169,DUP-0784,False,EXACT_DUPLICATE,EXCLUDE,,Exact SHA-256 duplicate; keep preferred copy in DUP-0784.,OK
janus_n8_gate/rigid_release/Janus_MoSSe_AuditResolved_ReproducibilityRelease/data/canonical/shape_scaling_extended.csv,shape_scaling_extended.csv,.csv,6755,2deaacd57ebb582c817cd5c395f0fc6a198ce516372157933667a4cae0b4cdf0,DUP-0158,False,EXACT_DUPLICATE,EXCLUDE,,Exact SHA-256 duplicate; keep preferred copy in DUP-0158.,OK
janus_n8_gate/rigid_release/Janus_MoSSe_AuditResolved_ReproducibilityRelease/data/canonical/shape_scaling_metrics.csv,shape_scaling_metrics.csv,.csv,1526,83810cfce0b829965ad2ef48f4cc9c250305a59decd2a75ac436acf6b4ea4b75,DUP-0460,False,EXACT_DUPLICATE,EXCLUDE,,Exact SHA-256 duplicate; keep preferred copy in DUP-0460.,OK
janus_n8_gate/rigid_release/Janus_MoSSe_AuditResolved_ReproducibilityRelease/data/canonical/triangle_branch_families.csv,triangle_branch_families.csv,.csv,1581,1d0ff061405bb35eb03cb4c4d82e5bf55b724d41fc82c07196f269076e536480,DUP-0098,False,EXACT_DUPLICATE,EXCLUDE,,Exact SHA-256 duplicate; keep preferred copy in DUP-0098.,OK
janus_n8_gate/rigid_release/Janus_MoSSe_AuditResolved_ReproducibilityRelease/data/canonical/triangle_ground_switch.csv,triangle_ground_switch.csv,.csv,2899,b2908ab9f20c3fffe2ef96e4d51eb8c8c758db938d60186f80380c8485393c0d,DUP-0610,False,EXACT_DUPLICATE,EXCLUDE,,Exact SHA-256 duplicate; keep preferred copy in DUP-0610.,OK
janus_n8_gate/rigid_release/Janus_MoSSe_AuditResolved_ReproducibilityRelease/data/canonical/vector_mode_map_F0_period.csv,vector_mode_map_F0_period.csv,.csv,9433,fe9365f60cafa029fdf414cddf51ed490f7f98cd34cc2b967e706ab0c09cfcc1,DUP-0855,False,EXACT_DUPLICATE,EXCLUDE,,Exact SHA-256 duplicate; keep preferred copy in DUP-0855.,OK
janus_n8_gate/rigid_release/Janus_MoSSe_AuditResolved_ReproducibilityRelease/data/raw_thermal/free_thermal_trajectory_raw_canonical.csv,free_thermal_trajectory_raw_canonical.csv,.csv,1121505,279cce7e3b9e80f03b94e4d345d85fc26ab8ed9ce0864f566ae1986a9f89db53,DUP-0136,False,EXACT_DUPLICATE,EXCLUDE,,Exact SHA-256 duplicate; keep preferred copy in DUP-0136.,OK
janus_n8_gate/rigid_release/Janus_MoSSe_AuditResolved_ReproducibilityRelease/figures/Figure_1_symmetry_contracts.png,Figure_1_symmetry_contracts.png,.png,432290,cc37eeb43ae16b313b8306499b42dd20e1456c2672236f73b393afb7fd2d9013,DUP-0694,False,EXACT_DUPLICATE,EXCLUDE,,Exact SHA-256 duplicate; keep preferred copy in DUP-0694.,OK
janus_n8_gate/rigid_release/Janus_MoSSe_AuditResolved_ReproducibilityRelease/figures/Figure_2_branch_resolved_depinning.png,Figure_2_branch_resolved_depinning.png,.png,355658,d485395e1e1cad111fefc981339d9ff973fa8ffe6251e462771d6f1696a2e2ca,DUP-0730,False,EXACT_DUPLICATE,EXCLUDE,,Exact SHA-256 duplicate; keep preferred copy in DUP-0730.,OK
janus_n8_gate/rigid_release/Janus_MoSSe_AuditResolved_ReproducibilityRelease/figures/Figure_3_extended_size_shape_similarity.png,Figure_3_extended_size_shape_similarity.png,.png,439600,cb7582900f68c199563b0c8db5beba178d71865b857970dcbbfadf50662cfc40,DUP-0692,False,EXACT_DUPLICATE,EXCLUDE,,Exact SHA-256 duplicate; keep preferred copy in DUP-0692.,OK
janus_n8_gate/rigid_release/Janus_MoSSe_AuditResolved_ReproducibilityRelease/figures/Figure_4_boundary_registry_switching.png,Figure_4_boundary_registry_switching.png,.png,397699,71598bbe3f865cf93187ce29e1e766c8f402f88a8e4a3ab1976e0bdd39d027c9,DUP-0396,False,EXACT_DUPLICATE,EXCLUDE,,Exact SHA-256 duplicate; keep preferred copy in DUP-0396.,OK
janus_n8_gate/rigid_release/Janus_MoSSe_AuditResolved_ReproducibilityRelease/figures/Figure_5_vector_mode_map_floquet.png,Figure_5_vector_mode_map_floquet.png,.png,271416,84f44d721ff39ebe33b42e94cd8ca6aa3c06938b23ddf3d0762765afe73c33ea,DUP-0464,False,EXACT_DUPLICATE,EXCLUDE,,Exact SHA-256 duplicate; keep preferred copy in DUP-0464.,OK
janus_n8_gate/rigid_release/Janus_MoSSe_AuditResolved_ReproducibilityRelease/figures/Figure_6_thermal_cluster_uncertainty.png,Figure_6_thermal_cluster_uncertainty.png,.png,205036,3565297c47a9e8d999db5c2e61e5cf29ba9e3ae433088511a02503238b083a22,DUP-0188,False,EXACT_DUPLICATE,EXCLUDE,,Exact SHA-256 duplicate; keep preferred copy in DUP-0188.,OK
janus_n8_gate/rigid_release/Janus_MoSSe_AuditResolved_ReproducibilityRelease/manuscript/Janus_MoSSe_AuditResolved_SupplementaryInformation.docx,Janus_MoSSe_AuditResolved_SupplementaryInformation.docx,.docx,44981,c1f05ec628a69311debe72ba01912824d4ba72669ad91cbb082a7b44348d881d,DUP-0659,True,SUPPORTING,KEEP,research-os/janus_n8_gate/rigid_release/Janus_MoSSe_AuditResolved_ReproducibilityRelease/manuscript/Janus_MoSSe_AuditResolved_SupplementaryInformation.docx,"Research OS evidence, code, data, audit, or provenance artifact.",OK
janus_n8_gate/rigid_release/Janus_MoSSe_AuditResolved_ReproducibilityRelease/manuscript/Janus_MoSSe_Reboot_Revalidated_Manuscript_AuditResolved.docx,Janus_MoSSe_Reboot_Revalidated_Manuscript_AuditResolved.docx,.docx,3459850,fdab21b00ac99b26341f8e2a576fb5c0d1034cdb99c8f4981daccaabff3a4c82,DUP-0851,True,SUPPORTING,KEEP,research-os/janus_n8_gate/rigid_release/Janus_MoSSe_AuditResolved_ReproducibilityRelease/manuscript/Janus_MoSSe_Reboot_Revalidated_Manuscript_AuditResolved.docx,"Research OS evidence, code, data, audit, or provenance artifact.",OK
janus_n8_gate/rigid_release/Janus_MoSSe_AuditResolved_ReproducibilityRelease/provenance_scripts/asymmetry_global_check.py,asymmetry_global_check.py,.py,1508,8d5a96342dbc9d89951255c7aab6a841c8ccebe5a5fde9645ebc8255b7e06f25,DUP-0482,False,EXACT_DUPLICATE,EXCLUDE,,Exact SHA-256 duplicate; keep preferred copy in DUP-0482.,OK
janus_n8_gate/rigid_release/Janus_MoSSe_AuditResolved_ReproducibilityRelease/provenance_scripts/branch_audit.py,branch_audit.py,.py,4884,8fb18cbf9daedc3f2214e06beb55792081a7d3cafec566118681cc163a4e203e,DUP-0493,False,EXACT_DUPLICATE,EXCLUDE,,Exact SHA-256 duplicate; keep preferred copy in DUP-0493.,OK
janus_n8_gate/rigid_release/Janus_MoSSe_AuditResolved_ReproducibilityRelease/provenance_scripts/edge_weight_ground_switch.py,edge_weight_ground_switch.py,.py,1419,7176e83e7df49f3a2af1f0d53ddb44385f4a6d7ff3ff510eb6dd308aaab4d116,DUP-0397,False,EXACT_DUPLICATE,EXCLUDE,,Exact SHA-256 duplicate; keep preferred copy in DUP-0397.,OK
janus_n8_gate/rigid_release/Janus_MoSSe_AuditResolved_ReproducibilityRelease/provenance_scripts/edge_weight_sensitivity.py,edge_weight_sensitivity.py,.py,2596,ce8b8b7a68e882a9e961a4ba2bbce2799e5031451d3224085a8254d2f66f1f6f,DUP-0705,False,EXACT_DUPLICATE,EXCLUDE,,Exact SHA-256 duplicate; keep preferred copy in DUP-0705.,OK
janus_n8_gate/rigid_release/Janus_MoSSe_AuditResolved_ReproducibilityRelease/provenance_scripts/floquet_conditioning_audit.py,floquet_conditioning_audit.py,.py,3343,c91aa58aa940538cd96684d3d26d8226f6b7ff9437aeb1123c0fd1f41625e374,DUP-0685,False,EXACT_DUPLICATE,EXCLUDE,,Exact SHA-256 duplicate; keep preferred copy in DUP-0685.,OK
janus_n8_gate/rigid_release/Janus_MoSSe_AuditResolved_ReproducibilityRelease/provenance_scripts/make_resolved_figures.py,make_resolved_figures.py,.py,11587,a8f74a787b0af005f814cf1222b15ab04d15df072db0fadd88ceaea23c311db2,DUP-0573,False,EXACT_DUPLICATE,EXCLUDE,,Exact SHA-256 duplicate; keep preferred copy in DUP-0573.,OK
janus_n8_gate/rigid_release/Janus_MoSSe_AuditResolved_ReproducibilityRelease/provenance_scripts/matched_symmetry_audit.py,matched_symmetry_audit.py,.py,6873,3ef780dbd6dfa7d788e98a30dc986d6e73998cf69448fcc812849ed5c3110be4,DUP-0219,False,EXACT_DUPLICATE,EXCLUDE,,Exact SHA-256 duplicate; keep preferred copy in DUP-0219.,OK
janus_n8_gate/rigid_release/Janus_MoSSe_AuditResolved_ReproducibilityRelease/provenance_scripts/matched_symmetry_final.py,matched_symmetry_final.py,.py,1641,ffac41fcfaa977a47f39a3201bb079038a05c05df005f9e44d8c0605686a6d0c,DUP-0860,False,EXACT_DUPLICATE,EXCLUDE,,Exact SHA-256 duplicate; keep preferred copy in DUP-0860.,OK
janus_n8_gate/rigid_release/Janus_MoSSe_AuditResolved_ReproducibilityRelease/provenance_scripts/resolve_branch_topology.py,resolve_branch_topology.py,.py,3606,550333a1ea3842e63a87d2750450a6bbb9d5d8aa9b58ec819359a955de9b14e9,DUP-0292,False,EXACT_DUPLICATE,EXCLUDE,,Exact SHA-256 duplicate; keep preferred copy in DUP-0292.,OK
janus_n8_gate/rigid_release/Janus_MoSSe_AuditResolved_ReproducibilityRelease/provenance_scripts/shape_scaling_audit.py,shape_scaling_audit.py,.py,3300,79757a4815644d7ff67824595611db079d76f1d516fb50542b1c8111d19f6a21,DUP-0422,False,EXACT_DUPLICATE,EXCLUDE,,Exact SHA-256 duplicate; keep preferred copy in DUP-0422.,OK
janus_n8_gate/rigid_release/Janus_MoSSe_AuditResolved_ReproducibilityRelease/provenance_scripts/thermal_cluster_audit.py,thermal_cluster_audit.py,.py,7162,1813606a131d67f182a7f39935642c9b2e628d3648320dc592626eed89e00d01,DUP-0079,False,EXACT_DUPLICATE,EXCLUDE,,Exact SHA-256 duplicate; keep preferred copy in DUP-0079.,OK
janus_n8_gate/rigid_release/Janus_MoSSe_AuditResolved_ReproducibilityRelease/provenance_scripts/triangle_branch_audit.py,triangle_branch_audit.py,.py,3180,9bbdafc7f55490a1bf34328d1fe38d168f70837a31610a201d507a454cec1725,DUP-0534,False,EXACT_DUPLICATE,EXCLUDE,,Exact SHA-256 duplicate; keep preferred copy in DUP-0534.,OK
janus_n8_gate/rigid_release/Janus_MoSSe_AuditResolved_ReproducibilityRelease/provenance_scripts/triangle_ground_switch.py,triangle_ground_switch.py,.py,2751,9f336c5d16c29cde253d49e3a3712c051aba03ad0909347cd5b65691e7865e74,DUP-0544,False,EXACT_DUPLICATE,EXCLUDE,,Exact SHA-256 duplicate; keep preferred copy in DUP-0544.,OK
janus_n8_gate/rigid_release/Janus_MoSSe_AuditResolved_ReproducibilityRelease/provenance_scripts/vector_mode_map.py,vector_mode_map.py,.py,3043,5593ccf03a3ef70d26e40a74d037e4dd97c12139bb454ad44d1f08fc4359a335,DUP-0296,False,EXACT_DUPLICATE,EXCLUDE,,Exact SHA-256 duplicate; keep preferred copy in DUP-0296.,OK
janus_n8_gate/rigid_release/Janus_MoSSe_AuditResolved_ReproducibilityRelease/recompute_thermal_summary.py,recompute_thermal_summary.py,.py,1183,97042cadb931934cf36ad2d85b5d4c71c716e1b6146146d06bdbf385f335c935,DUP-0511,True,SUPPORTING,KEEP,research-os/janus_n8_gate/rigid_release/Janus_MoSSe_AuditResolved_ReproducibilityRelease/recompute_thermal_summary.py,"Research OS evidence, code, data, audit, or provenance artifact.",OK
janus_n8_gate/rigid_release/Janus_MoSSe_AuditResolved_ReproducibilityRelease/reports/AUDIT_RESOLUTION_REPORT.md,AUDIT_RESOLUTION_REPORT.md,.md,14718,be745c21b7e7d5ef3a1f9c67f364f0497ffd72c4126064f403cb962cef81bcfa,DUP-0651,True,SUPPORTING,KEEP,research-os/janus_n8_gate/rigid_release/Janus_MoSSe_AuditResolved_ReproducibilityRelease/reports/AUDIT_RESOLUTION_REPORT.md,"Research OS evidence, code, data, audit, or provenance artifact.",OK
janus_n8_gate/rigid_release/Janus_MoSSe_AuditResolved_ReproducibilityRelease/requirements.txt,requirements.txt,.txt,74,463b51d2d4f031011d652b9af93e6427c081d78254e200a28edeff1f967773f0,DUP-0243,False,EXACT_DUPLICATE,EXCLUDE,,Exact SHA-256 duplicate; keep preferred copy in DUP-0243.,OK
janus_n8_gate/rigid_release/Janus_MoSSe_AuditResolved_ReproducibilityRelease/source/__pycache__/janus_fourier_landscapes_v12.cpython-313.pyc,janus_fourier_landscapes_v12.cpython-313.pyc,.cpython-313.pyc,12355,6e77eca3470a1af976f83d17e4b7d74237a274696a11d29afcfd6db016d12cf4,,True,EPHEMERAL_QA,EXCLUDE,,Rendered page/QA-only intermediate; reproducible from source document.,OK
janus_n8_gate/rigid_release/Janus_MoSSe_AuditResolved_ReproducibilityRelease/source/canonical_analysis_v17.py,canonical_analysis_v17.py,.py,21837,01627a2ee2cd29ba8ae80ea0cf2828cd98a9162c6b332f1ffaf4a1f320d75067,DUP-0003,False,EXACT_DUPLICATE,EXCLUDE,,Exact SHA-256 duplicate; keep preferred copy in DUP-0003.,OK
janus_n8_gate/rigid_release/Janus_MoSSe_AuditResolved_ReproducibilityRelease/source/dft_guided_material_v12.py,dft_guided_material_v12.py,.py,10403,3dbb2ef66165b519ee48de20e34ed855e319cb3877f2f5952e710adcff671356,DUP-0216,False,EXACT_DUPLICATE,EXCLUDE,,Exact SHA-256 duplicate; keep preferred copy in DUP-0216.,OK
janus_n8_gate/rigid_release/Janus_MoSSe_AuditResolved_ReproducibilityRelease/source/janus_fourier_landscapes_v12.py,janus_fourier_landscapes_v12.py,.py,7446,f2b1ffc29da25d053fa534145d2d1896cdfb33441928d4b12a218961114942d9,DUP-0817,False,EXACT_DUPLICATE,EXCLUDE,,Exact SHA-256 duplicate; keep preferred copy in DUP-0817.,OK
janus_n8_gate/rigid_release/Janus_MoSSe_AuditResolved_ReproducibilityRelease/source/make_figure7_v17.py,make_figure7_v17.py,.py,4240,ff6b2cbd040613f8bf8ab7e8ff0847e805d62265a1341264e25468c52011f0f5,DUP-0859,False,EXACT_DUPLICATE,EXCLUDE,,Exact SHA-256 duplicate; keep preferred copy in DUP-0859.,OK
janus_n8_gate/rigid_release/Janus_MoSSe_AuditResolved_ReproducibilityRelease/source/make_figure8_v17.py,make_figure8_v17.py,.py,5501,0e5d2eb929e892ab8952aafe8d7d7b34ca2e77cbf7d955edf2b9f2e3037ef1c8,DUP-0048,False,EXACT_DUPLICATE,EXCLUDE,,Exact SHA-256 duplicate; keep preferred copy in DUP-0048.,OK
janus_n8_gate/rigid_release/Janus_MoSSe_AuditResolved_ReproducibilityRelease/source/make_figure9_v18.py,make_figure9_v18.py,.py,3981,7247a4e5057973a73c85075ba1ac48b9b0910dd4a485f31b0ed19c9423488f17,DUP-0399,False,EXACT_DUPLICATE,EXCLUDE,,Exact SHA-256 duplicate; keep preferred copy in DUP-0399.,OK
janus_n8_gate/rigid_release/Janus_MoSSe_AuditResolved_ReproducibilityRelease/source/new_physics_v18.py,new_physics_v18.py,.py,17736,88277be504516ebd14ed95273b25e894ba1a059696728616c94ad30e4b68d993,DUP-0473,False,EXACT_DUPLICATE,EXCLUDE,,Exact SHA-256 duplicate; keep preferred copy in DUP-0473.,OK
janus_n8_gate/rigid_release/Janus_MoSSe_AuditResolved_ReproducibilityRelease/source/run_dft_material_validation_v12.py,run_dft_material_validation_v12.py,.py,8442,51d7f4fc14d6598872f4620a3703ce50109c12b9aa9097a5d18d4a0db5b20674,DUP-0284,False,EXACT_DUPLICATE,EXCLUDE,,Exact SHA-256 duplicate; keep preferred copy in DUP-0284.,OK
janus_n8_gate/rigid_release/Janus_MoSSe_AuditResolved_ReproducibilityRelease/source/validate_v12_outputs.py,validate_v12_outputs.py,.py,4461,3248297073e8618733aed92574283318eec85b71ccebd9f022c2cd341ddfc232,DUP-0169,False,EXACT_DUPLICATE,EXCLUDE,,Exact SHA-256 duplicate; keep preferred copy in DUP-0169.,OK
janus_n8_gate/rigid_release/Janus_MoSSe_AuditResolved_ReproducibilityRelease/source/validate_v17_release.py,validate_v17_release.py,.py,5099,d694af76263dd49cc778f8ec3e964efc4ea391d8b6171752861d2a34c57be70b,DUP-0733,False,EXACT_DUPLICATE,EXCLUDE,,Exact SHA-256 duplicate; keep preferred copy in DUP-0733.,OK
janus_n8_gate/rigid_release/Janus_MoSSe_AuditResolved_ReproducibilityRelease/source/validate_v18_release.py,validate_v18_release.py,.py,2818,99960c866b3663a49cdfd0428c5aa52d0b848d9eea49cb04e7b47a80aeff4d14,DUP-0527,False,EXACT_DUPLICATE,EXCLUDE,,Exact SHA-256 duplicate; keep preferred copy in DUP-0527.,OK
janus_n8_gate/rigid_release/Janus_MoSSe_AuditResolved_ReproducibilityRelease/validate_release.py,validate_release.py,.py,5030,62ab0fd35d6697c87bcda9758f050401fd4cb2e064cc0a8bb952a19b9aea6f6d,DUP-0344,True,SUPPORTING,KEEP,research-os/janus_n8_gate/rigid_release/Janus_MoSSe_AuditResolved_ReproducibilityRelease/validate_release.py,"Research OS evidence, code, data, audit, or provenance artifact.",OK
janus_n8_gate/rigid_validate.log,rigid_validate.log,.log,40,6f419acbc869c01954574b1cb37617de15e88098308279793309db57207d0d17,,True,EPHEMERAL_QA,EXCLUDE,,Rendered page/QA-only intermediate; reproducible from source document.,OK
janus_n8_gate/thermal_dt_independent.py,thermal_dt_independent.py,.py,3506,2f06a918b5f93e7ee17faf21cc3a00c1367bc2dc9c840c81495039e386313b01,,True,SUPPORTING,KEEP,research-os/janus_n8_gate/thermal_dt_independent.py,"Research OS evidence, code, data, audit, or provenance artifact.",OK
janus_n8_gate/thermal_recompute.log,thermal_recompute.log,.log,141,9b30e45fb8f2502f00023a154dc630c2c9f2b2c54190b6cba5e44c8865e1e5ef,,True,EPHEMERAL_QA,EXCLUDE,,Rendered page/QA-only intermediate; reproducible from source document.,OK
janus_n8_gate/thermal_vector_boundary_100k.py,thermal_vector_boundary_100k.py,.py,1115,9fb51f579a2e490a421f8f0bb1e695b1062e284263f6153182895472a83379f0,,True,SUPPORTING,KEEP,research-os/janus_n8_gate/thermal_vector_boundary_100k.py,"Research OS evidence, code, data, audit, or provenance artifact.",OK
janus_n8_gate/vff_reconstruction.py,vff_reconstruction.py,.py,7700,48cb0c4bed2b3188047b38011ad42c3e11b528b8759efc28c648e8951e4079e0,,True,SUPPORTING,KEEP,research-os/janus_n8_gate/vff_reconstruction.py,"Research OS evidence, code, data, audit, or provenance artifact.",OK
janus_n8_gate/vff_validation_checks.py,vff_validation_checks.py,.py,2010,fbe11887a78f0cad0d2cdff42472a18443b00ff151c98faec53e9711afd708f0,,True,SUPPORTING,KEEP,research-os/janus_n8_gate/vff_validation_checks.py,"Research OS evidence, code, data, audit, or provenance artifact.",OK
janus_n8_gate/workflow/DATA_PYTHON_AUDIT.md,DATA_PYTHON_AUDIT.md,.md,2295,22392c0f32399c4207d1883f3287977425b163182c4a57a6be59ce7e3aa867c5,,True,SUPPORTING,KEEP,research-os/janus_n8_gate/workflow/DATA_PYTHON_AUDIT.md,"Research OS evidence, code, data, audit, or provenance artifact.",OK
janus_n8_gate/workflow/Janus_MoSSe_Final_FiveReviewer_Audit.md,Janus_MoSSe_Final_FiveReviewer_Audit.md,.md,25451,9cf085464645e8d8b966ad7d912bea57e7ca01abcc30353fe0e7407dbb88e67e,,True,SUPPORTING,KEEP,research-os/janus_n8_gate/workflow/Janus_MoSSe_Final_FiveReviewer_Audit.md,"Research OS evidence, code, data, audit, or provenance artifact.",OK
janus_n8_gate/workflow/Janus_MoSSe_WorkflowValidated_Draft.docx,Janus_MoSSe_WorkflowValidated_Draft.docx,.docx,3460990,345bfde3681f8a59300ffa5834f13037f1a12eecd9d53aaee74bd5184624a361,,True,LEGACY,ARCHIVE,archive/legacy/janus_n8_gate/workflow/Janus_MoSSe_WorkflowValidated_Draft.docx,"Superseded draft/config/output retained for provenance, not current authority.",OK
janus_n8_gate/workflow/Janus_MoSSe_WorkflowValidated_SI_Draft.docx,Janus_MoSSe_WorkflowValidated_SI_Draft.docx,.docx,47853,b1a0a2d7501a1e5295d6f185e7226200ef29e22896d2027bdcd9a0754b8ad45c,,True,LEGACY,ARCHIVE,archive/legacy/janus_n8_gate/workflow/Janus_MoSSe_WorkflowValidated_SI_Draft.docx,"Superseded draft/config/output retained for provenance, not current authority.",OK
janus_n8_gate/workflow/paper_pipeline_stats_metrics.json,paper_pipeline_stats_metrics.json,.json,2706,6538777c44d95ba263a511a1060a7a996ec2f0cf77d30f90aa07e535d1015810,,True,SUPPORTING,KEEP,research-os/janus_n8_gate/workflow/paper_pipeline_stats_metrics.json,"Research OS evidence, code, data, audit, or provenance artifact.",OK
janus_n8_gate/workflow/thermal_bootstrap_comparison.csv,thermal_bootstrap_comparison.csv,.csv,4589,e8b59d13919d355b50ba9a4a0059aaa0294e3b8a5319b3c0629e18d81232a380,,True,SUPPORTING,KEEP,research-os/janus_n8_gate/workflow/thermal_bootstrap_comparison.csv,"Research OS evidence, code, data, audit, or provenance artifact.",OK
janus_n8_gate/workflow/thermal_cluster_bootstrap_independent.csv,thermal_cluster_bootstrap_independent.csv,.csv,1525,c9cccecb8eef8845ea7a266ced10b63c0cdf145ac7c3917b34fb929b183c2ff4,,True,SUPPORTING,KEEP,research-os/janus_n8_gate/workflow/thermal_cluster_bootstrap_independent.csv,"Research OS evidence, code, data, audit, or provenance artifact.",OK
janus_n9_claim_matrix/CLAIM_EVIDENCE_MATRIX.csv,CLAIM_EVIDENCE_MATRIX.csv,.csv,20927,9277d3da31d8bfebbcd04e75dbc5c2805988626390c07088c881aedc620434f2,,True,SUPPORTING,KEEP,research-os/janus_n9_claim_matrix/CLAIM_EVIDENCE_MATRIX.csv,"Research OS evidence, code, data, audit, or provenance artifact.",OK
janus_n9_claim_matrix/CLAIM_EVIDENCE_MATRIX.json,CLAIM_EVIDENCE_MATRIX.json,.json,34976,5997f90423f3e43358922f35c76c4cbfb6d1b5fd864793eaaf85f8f0b91b66e9,,True,SUPPORTING,KEEP,research-os/janus_n9_claim_matrix/CLAIM_EVIDENCE_MATRIX.json,"Research OS evidence, code, data, audit, or provenance artifact.",OK
janus_n9_claim_matrix/CLAIM_EVIDENCE_MATRIX.md,CLAIM_EVIDENCE_MATRIX.md,.md,13812,4ff0076ad493d73a432bdffe2a8c5eaa19898f291df18ef641fdb2ded7c44568,,True,SUPPORTING,KEEP,research-os/janus_n9_claim_matrix/CLAIM_EVIDENCE_MATRIX.md,"Research OS evidence, code, data, audit, or provenance artifact.",OK
janus_n9_claim_matrix/Janus_MoSSe_ClaimEvidenceMatrix.xlsx,Janus_MoSSe_ClaimEvidenceMatrix.xlsx,.xlsx,21964,6b66e05d33d3cf1eea6b54b65bc010f24659ddaf2f8383ed8eb63f856e91ad7c,,True,SUPPORTING,KEEP,research-os/janus_n9_claim_matrix/Janus_MoSSe_ClaimEvidenceMatrix.xlsx,"Research OS evidence, code, data, audit, or provenance artifact.",OK
janus_n9_claim_matrix/MANUSCRIPT_ACTION_REGISTER.md,MANUSCRIPT_ACTION_REGISTER.md,.md,4041,0185a0e9725cf6fcf31d045c43c914f764b4fa5f4cae391bb0754c03dc69cbb0,,True,SUPPORTING,KEEP,research-os/janus_n9_claim_matrix/MANUSCRIPT_ACTION_REGISTER.md,"Research OS evidence, code, data, audit, or provenance artifact.",OK
janus_n9_claim_matrix/N9_ClaimEvidence_GateBundle.zip,N9_ClaimEvidence_GateBundle.zip,.zip,47826,4b572712bbc81c89ed0f674908f8fa2bca16d7addb38078228b2844668bb1763,,True,ARCHIVE_BUNDLE,ARCHIVE,research-os/janus_n9_claim_matrix/N9_ClaimEvidence_GateBundle.zip,Historical bundle; contents may also exist unpacked.,OK
janus_n9_claim_matrix/build_claim_matrix.py,build_claim_matrix.py,.py,42441,59e41be27b0fbb1418e0b831345bfbe7480e19367c27317e4ca8eee2682bd1f2,,True,SUPPORTING,KEEP,research-os/janus_n9_claim_matrix/build_claim_matrix.py,"Research OS evidence, code, data, audit, or provenance artifact.",OK
janus_redteam_closure/N14_CLOSURE_ISSUE_REGISTER.csv,N14_CLOSURE_ISSUE_REGISTER.csv,.csv,2098,19a0e127977aa76c6bce56cf656cf424b549862317b71e5174d2736f85c3b6a0,,True,SUPPORTING,KEEP,research-os/janus_redteam_closure/N14_CLOSURE_ISSUE_REGISTER.csv,"Research OS evidence, code, data, audit, or provenance artifact.",OK
janus_redteam_closure/N14_GATE_SUMMARY.json,N14_GATE_SUMMARY.json,.json,464,793a2530df23bc227ea1ef4f1b768546415e07860da41f6b89c4947da42e5c3c,,True,SUPPORTING,KEEP,research-os/janus_redteam_closure/N14_GATE_SUMMARY.json,"Research OS evidence, code, data, audit, or provenance artifact.",OK
janus_redteam_closure/N14_RED_TEAM_CLOSURE_REPORT.md,N14_RED_TEAM_CLOSURE_REPORT.md,.md,9038,0a8057223a483b49ebeb86bf4a06453335f269fbb8e1c30e02c1035c385919fd,,True,SUPPORTING,KEEP,research-os/janus_redteam_closure/N14_RED_TEAM_CLOSURE_REPORT.md,"Research OS evidence, code, data, audit, or provenance artifact.",OK
janus_redteam_closure/N14_RedTeamClosure_Bundle.zip,N14_RedTeamClosure_Bundle.zip,.zip,5896,e3eda12a1db724d06bafa27c5c76ebb14ccea68ef023c9f52d69de058fe2ea0b,,True,ARCHIVE_BUNDLE,ARCHIVE,research-os/janus_redteam_closure/N14_RedTeamClosure_Bundle.zip,Historical bundle; contents may also exist unpacked.,OK
janus_redteam_closure/apply_n14_targeted_revision.py,apply_n14_targeted_revision.py,.py,38838,d1f3c1a8e54c94bcad5b7ea80d60073672ac58f5cf30033abd455d77c76e2a09,,True,SUPPORTING,KEEP,research-os/janus_redteam_closure/apply_n14_targeted_revision.py,"Research OS evidence, code, data, audit, or provenance artifact.",OK
janus_redteam_closure_check/main/[Content_Types].xml,[Content_Types].xml,.xml,1916,641cf94154dbac62b28308772123f5a2b1fb5dd09a73216a53b4f09d6e0a3990,,True,SUPPORTING,KEEP,research-os/janus_redteam_closure_check/main/[Content_Types].xml,"Research OS evidence, code, data, audit, or provenance artifact.",OK
janus_redteam_closure_check/main/_rels/.rels,.rels,,734,a9ae57efe9186f07d48303bcac5d54c7e359bf3f503939c03ad2954e5c59a5c4,DUP-0576,False,EXACT_DUPLICATE,EXCLUDE,,Exact SHA-256 duplicate; keep preferred copy in DUP-0576.,OK
janus_redteam_closure_check/main/customXml/_rels/item1.xml.rels,item1.xml.rels,.xml.rels,295,1ca6c9a64edcebe24ee703a54403611b322d96da33371779e742d2d3f7ed7a6c,DUP-0095,False,EXACT_DUPLICATE,EXCLUDE,,Exact SHA-256 duplicate; keep preferred copy in DUP-0095.,OK
janus_redteam_closure_check/main/customXml/item1.xml,item1.xml,.xml,262,a86086ffc5d8e83ebd6c71a55d1d2efaa31b137977f5f3a752366e1023612144,DUP-0571,False,EXACT_DUPLICATE,EXCLUDE,,Exact SHA-256 duplicate; keep preferred copy in DUP-0571.,OK
janus_redteam_closure_check/main/customXml/itemProps1.xml,itemProps1.xml,.xml,354,c542307b13ec29a8b546217bb37936ab4822e044b265d2952985ec3d6afed24e,DUP-0672,False,EXACT_DUPLICATE,EXCLUDE,,Exact SHA-256 duplicate; keep preferred copy in DUP-0672.,OK
janus_redteam_closure_check/main/docProps/app.xml,app.xml,.xml,1132,be664981c3141cddfc59362beb287ebf20d0773660e2dd6faac5968a5930a081,DUP-0650,False,EXACT_DUPLICATE,EXCLUDE,,Exact SHA-256 duplicate; keep preferred copy in DUP-0650.,OK
janus_redteam_closure_check/main/docProps/core.xml,core.xml,.xml,721,d14be8284e406d14dc2a576b19f15e7f637b955f9e27a3d9ed871ec99606f7ba,DUP-0720,False,EXACT_DUPLICATE,EXCLUDE,,Exact SHA-256 duplicate; keep preferred copy in DUP-0720.,OK
janus_redteam_closure_check/main/docProps/thumbnail.jpeg,thumbnail.jpeg,.jpeg,8324,96367138dc44ce09bf2c8f0f8e49348a1478d2c5c0af69bbc2bbc38b63cdcead,DUP-0506,False,EXACT_DUPLICATE,EXCLUDE,,Exact SHA-256 duplicate; keep preferred copy in DUP-0506.,OK
janus_redteam_closure_check/main/word/_rels/document.xml.rels,document.xml.rels,.xml.rels,4562,1211203484df1ebc696fd9c9a76cf720cc21203eebc152992fb965969aa67033,,True,SUPPORTING,KEEP,research-os/janus_redteam_closure_check/main/word/_rels/document.xml.rels,"Research OS evidence, code, data, audit, or provenance artifact.",OK
janus_redteam_closure_check/main/word/document.xml,document.xml,.xml,157332,af918e33d35d15a40bd5021ea07d07c744b97fefc8710b0ddfe1950389670818,,True,SUPPORTING,KEEP,research-os/janus_redteam_closure_check/main/word/document.xml,"Research OS evidence, code, data, audit, or provenance artifact.",OK
janus_redteam_closure_check/main/word/fontTable.xml,fontTable.xml,.xml,2811,79385fb7f60247507ecaffc292e9ebd52ea0657b8634f629ba6fccc54011d6bb,DUP-0420,False,EXACT_DUPLICATE,EXCLUDE,,Exact SHA-256 duplicate; keep preferred copy in DUP-0420.,OK
janus_redteam_closure_check/main/word/footer1.xml,footer1.xml,.xml,1691,13fd7ccb06770bab1a9674358298cf7736026cf36e2c2f387ef201d733fe3988,,True,SUPPORTING,KEEP,research-os/janus_redteam_closure_check/main/word/footer1.xml,"Research OS evidence, code, data, audit, or provenance artifact.",OK
janus_redteam_closure_check/main/word/media/image1.png,image1.png,.png,14989,b4d2519774588ba90e03e88d77d2206d9f7834b52a36f2730481bf084d5cbbcf,,True,SUPPORTING,KEEP,research-os/janus_redteam_closure_check/main/word/media/image1.png,"Research OS evidence, code, data, audit, or provenance artifact.",OK
janus_redteam_closure_check/main/word/media/image10.png,image10.png,.png,11322,4fbd406f110284a73df03cc81e5b6382de6823aa25ce15f7d85e69a61b15d62d,,True,SUPPORTING,KEEP,research-os/janus_redteam_closure_check/main/word/media/image10.png,"Research OS evidence, code, data, audit, or provenance artifact.",OK
janus_redteam_closure_check/main/word/media/image11.png,image11.png,.png,9686,81b0c6e8d184214f188b846c40aa90f1f91db6678426380f0a07dd5bc671211d,,True,SUPPORTING,KEEP,research-os/janus_redteam_closure_check/main/word/media/image11.png,"Research OS evidence, code, data, audit, or provenance artifact.",OK
janus_redteam_closure_check/main/word/media/image12.png,image12.png,.png,305111,99bbf1245d6b4428385754a4849bd857ba15767150f7a08948596c93c1cf6d97,,True,SUPPORTING,KEEP,research-os/janus_redteam_closure_check/main/word/media/image12.png,"Research OS evidence, code, data, audit, or provenance artifact.",OK
janus_redteam_closure_check/main/word/media/image13.png,image13.png,.png,283386,b02779e4b53c598d5f982796c5bfdf2958783376194b1fc4cdd99bd0b2055ab7,,True,SUPPORTING,KEEP,research-os/janus_redteam_closure_check/main/word/media/image13.png,"Research OS evidence, code, data, audit, or provenance artifact.",OK
janus_redteam_closure_check/main/word/media/image14.png,image14.png,.png,319102,0058587b6898c60cc28852896e6f0d4acd47e7ff9ad7811531868263f6a479eb,,True,SUPPORTING,KEEP,research-os/janus_redteam_closure_check/main/word/media/image14.png,"Research OS evidence, code, data, audit, or provenance artifact.",OK
janus_redteam_closure_check/main/word/media/image15.png,image15.png,.png,350556,eb5ed62a42abcf2e99d11981cf44aa3b0c5dfbd4adf3e7a20f2baf1bfd58d070,,True,SUPPORTING,KEEP,research-os/janus_redteam_closure_check/main/word/media/image15.png,"Research OS evidence, code, data, audit, or provenance artifact.",OK
janus_redteam_closure_check/main/word/media/image16.png,image16.png,.png,195018,91577b57242e09251d9cb1283bf5e28e97d3e8c2191bba82635e166b2b59bf24,,True,SUPPORTING,KEEP,research-os/janus_redteam_closure_check/main/word/media/image16.png,"Research OS evidence, code, data, audit, or provenance artifact.",OK
janus_redteam_closure_check/main/word/media/image17.png,image17.png,.png,273578,4632acd5050456ee71d993cb8cab1164c049f4b6348737468b4077fead7022e6,,True,SUPPORTING,KEEP,research-os/janus_redteam_closure_check/main/word/media/image17.png,"Research OS evidence, code, data, audit, or provenance artifact.",OK
janus_redteam_closure_check/main/word/media/image18.png,image18.png,.png,432290,cc37eeb43ae16b313b8306499b42dd20e1456c2672236f73b393afb7fd2d9013,DUP-0694,False,EXACT_DUPLICATE,EXCLUDE,,Exact SHA-256 duplicate; keep preferred copy in DUP-0694.,OK
janus_redteam_closure_check/main/word/media/image19.png,image19.png,.png,355658,d485395e1e1cad111fefc981339d9ff973fa8ffe6251e462771d6f1696a2e2ca,DUP-0730,False,EXACT_DUPLICATE,EXCLUDE,,Exact SHA-256 duplicate; keep preferred copy in DUP-0730.,OK
janus_redteam_closure_check/main/word/media/image2.png,image2.png,.png,11492,130c4a19d68bcd114e79ac6dfa99a3b0b2914dc11678be05f523758406aa92a1,,True,SUPPORTING,KEEP,research-os/janus_redteam_closure_check/main/word/media/image2.png,"Research OS evidence, code, data, audit, or provenance artifact.",OK
janus_redteam_closure_check/main/word/media/image20.png,image20.png,.png,439600,cb7582900f68c199563b0c8db5beba178d71865b857970dcbbfadf50662cfc40,DUP-0692,False,EXACT_DUPLICATE,EXCLUDE,,Exact SHA-256 duplicate; keep preferred copy in DUP-0692.,OK
janus_redteam_closure_check/main/word/media/image21.png,image21.png,.png,397699,71598bbe3f865cf93187ce29e1e766c8f402f88a8e4a3ab1976e0bdd39d027c9,DUP-0396,False,EXACT_DUPLICATE,EXCLUDE,,Exact SHA-256 duplicate; keep preferred copy in DUP-0396.,OK
janus_redteam_closure_check/main/word/media/image22.png,image22.png,.png,271416,84f44d721ff39ebe33b42e94cd8ca6aa3c06938b23ddf3d0762765afe73c33ea,DUP-0464,False,EXACT_DUPLICATE,EXCLUDE,,Exact SHA-256 duplicate; keep preferred copy in DUP-0464.,OK
janus_redteam_closure_check/main/word/media/image23.png,image23.png,.png,205036,3565297c47a9e8d999db5c2e61e5cf29ba9e3ae433088511a02503238b083a22,DUP-0188,True,SUPPORTING,KEEP,research-os/janus_redteam_closure_check/main/word/media/image23.png,"Research OS evidence, code, data, audit, or provenance artifact.",OK
janus_redteam_closure_check/main/word/media/image24.png,image24.png,.png,412125,2b075ece2e3cce6348026a4dd30d6b2c0ce4842104b30c9a21a0cf7511b0f94e,DUP-0146,False,EXACT_DUPLICATE,EXCLUDE,,Exact SHA-256 duplicate; keep preferred copy in DUP-0146.,OK
janus_redteam_closure_check/main/word/media/image3.png,image3.png,.png,12148,591a4e4b395270d0df6c1ca86cb244b293c13ff0d0a67aa60366b4c46153c128,,True,SUPPORTING,KEEP,research-os/janus_redteam_closure_check/main/word/media/image3.png,"Research OS evidence, code, data, audit, or provenance artifact.",OK
janus_redteam_closure_check/main/word/media/image4.png,image4.png,.png,15071,3bf7c2986caac3f472c1047df6408bc62731a10ea397f98ff0d33939e979d268,,True,SUPPORTING,KEEP,research-os/janus_redteam_closure_check/main/word/media/image4.png,"Research OS evidence, code, data, audit, or provenance artifact.",OK
janus_redteam_closure_check/main/word/media/image5.png,image5.png,.png,8518,0f395d556dabdf8931335b76199ba9363686eb906654f2e7ca40a67f70247760,,True,SUPPORTING,KEEP,research-os/janus_redteam_closure_check/main/word/media/image5.png,"Research OS evidence, code, data, audit, or provenance artifact.",OK
janus_redteam_closure_check/main/word/media/image6.png,image6.png,.png,8952,0da58caee4dcc25a853adfee5869b2c19101f9fa45539eee1ec0fb4f86c5d906,,True,SUPPORTING,KEEP,research-os/janus_redteam_closure_check/main/word/media/image6.png,"Research OS evidence, code, data, audit, or provenance artifact.",OK
janus_redteam_closure_check/main/word/media/image7.png,image7.png,.png,9430,5236ec9057a0ca0918ef9fd44b013e33d4d6807c34eb469dc1120a64e03f202c,,True,SUPPORTING,KEEP,research-os/janus_redteam_closure_check/main/word/media/image7.png,"Research OS evidence, code, data, audit, or provenance artifact.",OK
janus_redteam_closure_check/main/word/media/image8.png,image8.png,.png,14481,ab9c11b24da331702b64d7fc31d779f7e703724b5a9d474043dee49805c07965,,True,SUPPORTING,KEEP,research-os/janus_redteam_closure_check/main/word/media/image8.png,"Research OS evidence, code, data, audit, or provenance artifact.",OK
janus_redteam_closure_check/main/word/media/image9.png,image9.png,.png,8482,d29377d3cbf556fc9ce22975bac703cf9c2b4504d9e67365d5fc0a67de8bc1b3,DUP-0724,False,EXACT_DUPLICATE,EXCLUDE,,Exact SHA-256 duplicate; keep preferred copy in DUP-0724.,OK
janus_redteam_closure_check/main/word/numbering.xml,numbering.xml,.xml,5513,70976f19cbcd896e51890859fe6ecb3467a5a7ad0c040160fedc5a1993cb09ce,DUP-0391,False,EXACT_DUPLICATE,EXCLUDE,,Exact SHA-256 duplicate; keep preferred copy in DUP-0391.,OK
janus_redteam_closure_check/main/word/settings.xml,settings.xml,.xml,2535,51a0d348fe85965c66e4748a03c3c0d055d78455514f03cb121c334af7d73689,DUP-0282,False,EXACT_DUPLICATE,EXCLUDE,,Exact SHA-256 duplicate; keep preferred copy in DUP-0282.,OK
janus_redteam_closure_check/main/word/styles.xml,styles.xml,.xml,350511,9ff650998ce27c33bd8c293cffb902055fc5405d9703189f024e5b375051febb,,True,SUPPORTING,KEEP,research-os/janus_redteam_closure_check/main/word/styles.xml,"Research OS evidence, code, data, audit, or provenance artifact.",OK
janus_redteam_closure_check/main/word/stylesWithEffects.xml,stylesWithEffects.xml,.xml,438131,463ae0928cf0d84775dbf8cf18d6c3029f6707c81bf590f6d6dd8757a5e93f15,DUP-0242,False,EXACT_DUPLICATE,EXCLUDE,,Exact SHA-256 duplicate; keep preferred copy in DUP-0242.,OK
janus_redteam_closure_check/main/word/theme/theme1.xml,theme1.xml,.xml,10939,e3a8ab7db9ca7afca56f5f2820a56e8b660016c647773555b060b0a02ac76941,DUP-0768,False,EXACT_DUPLICATE,EXCLUDE,,Exact SHA-256 duplicate; keep preferred copy in DUP-0768.,OK
janus_redteam_closure_check/main/word/webSettings.xml,webSettings.xml,.xml,438,349d36de7434d09f86987ff671d8814964a0588c1e630c06e562cda7e75e9f95,DUP-0180,False,EXACT_DUPLICATE,EXCLUDE,,Exact SHA-256 duplicate; keep preferred copy in DUP-0180.,OK
janus_redteam_closure_check/si/[Content_Types].xml,[Content_Types].xml,.xml,1866,98da1c3b53db2295e8bf7570d35f0c59f98f650930a9b61be218fb8b9a04a101,,True,SUPPORTING,KEEP,research-os/janus_redteam_closure_check/si/[Content_Types].xml,"Research OS evidence, code, data, audit, or provenance artifact.",OK
janus_redteam_closure_check/si/_rels/.rels,.rels,,734,a9ae57efe9186f07d48303bcac5d54c7e359bf3f503939c03ad2954e5c59a5c4,DUP-0576,True,SUPPORTING,KEEP,research-os/janus_redteam_closure_check/si/_rels/.rels,"Research OS evidence, code, data, audit, or provenance artifact.",OK
janus_redteam_closure_check/si/customXml/_rels/item1.xml.rels,item1.xml.rels,.xml.rels,295,1ca6c9a64edcebe24ee703a54403611b322d96da33371779e742d2d3f7ed7a6c,DUP-0095,True,SUPPORTING,KEEP,research-os/janus_redteam_closure_check/si/customXml/_rels/item1.xml.rels,"Research OS evidence, code, data, audit, or provenance artifact.",OK
janus_redteam_closure_check/si/customXml/item1.xml,item1.xml,.xml,262,a86086ffc5d8e83ebd6c71a55d1d2efaa31b137977f5f3a752366e1023612144,DUP-0571,True,SUPPORTING,KEEP,research-os/janus_redteam_closure_check/si/customXml/item1.xml,"Research OS evidence, code, data, audit, or provenance artifact.",OK
janus_redteam_closure_check/si/customXml/itemProps1.xml,itemProps1.xml,.xml,354,c542307b13ec29a8b546217bb37936ab4822e044b265d2952985ec3d6afed24e,DUP-0672,True,SUPPORTING,KEEP,research-os/janus_redteam_closure_check/si/customXml/itemProps1.xml,"Research OS evidence, code, data, audit, or provenance artifact.",OK
janus_redteam_closure_check/si/docProps/app.xml,app.xml,.xml,1132,be664981c3141cddfc59362beb287ebf20d0773660e2dd6faac5968a5930a081,DUP-0650,True,SUPPORTING,KEEP,research-os/janus_redteam_closure_check/si/docProps/app.xml,"Research OS evidence, code, data, audit, or provenance artifact.",OK
janus_redteam_closure_check/si/docProps/core.xml,core.xml,.xml,721,d14be8284e406d14dc2a576b19f15e7f637b955f9e27a3d9ed871ec99606f7ba,DUP-0720,True,SUPPORTING,KEEP,research-os/janus_redteam_closure_check/si/docProps/core.xml,"Research OS evidence, code, data, audit, or provenance artifact.",OK
janus_redteam_closure_check/si/docProps/thumbnail.jpeg,thumbnail.jpeg,.jpeg,8324,96367138dc44ce09bf2c8f0f8e49348a1478d2c5c0af69bbc2bbc38b63cdcead,DUP-0506,True,SUPPORTING,KEEP,research-os/janus_redteam_closure_check/si/docProps/thumbnail.jpeg,"Research OS evidence, code, data, audit, or provenance artifact.",OK
janus_redteam_closure_check/si/word/_rels/document.xml.rels,document.xml.rels,.xml.rels,1355,125a941674a26403972a869dd60fcdb82da089ff35ac3b297be07240db44afd2,,True,SUPPORTING,KEEP,research-os/janus_redteam_closure_check/si/word/_rels/document.xml.rels,"Research OS evidence, code, data, audit, or provenance artifact.",OK
janus_redteam_closure_check/si/word/document.xml,document.xml,.xml,164798,0eb9694e18dce2aab253d6f94516f45da43430d9deb9bf07623cf44b67cca71a,,True,SUPPORTING,KEEP,research-os/janus_redteam_closure_check/si/word/document.xml,"Research OS evidence, code, data, audit, or provenance artifact.",OK
janus_redteam_closure_check/si/word/fontTable.xml,fontTable.xml,.xml,2811,79385fb7f60247507ecaffc292e9ebd52ea0657b8634f629ba6fccc54011d6bb,DUP-0420,True,SUPPORTING,KEEP,research-os/janus_redteam_closure_check/si/word/fontTable.xml,"Research OS evidence, code, data, audit, or provenance artifact.",OK
janus_redteam_closure_check/si/word/footer1.xml,footer1.xml,.xml,1388,44c9530395e2859cca60a8fee46285078bc2bde118e8f3fcd1d3261b7bcc988a,,True,SUPPORTING,KEEP,research-os/janus_redteam_closure_check/si/word/footer1.xml,"Research OS evidence, code, data, audit, or provenance artifact.",OK
janus_redteam_closure_check/si/word/numbering.xml,numbering.xml,.xml,5513,70976f19cbcd896e51890859fe6ecb3467a5a7ad0c040160fedc5a1993cb09ce,DUP-0391,True,SUPPORTING,KEEP,research-os/janus_redteam_closure_check/si/word/numbering.xml,"Research OS evidence, code, data, audit, or provenance artifact.",OK
janus_redteam_closure_check/si/word/settings.xml,settings.xml,.xml,2535,51a0d348fe85965c66e4748a03c3c0d055d78455514f03cb121c334af7d73689,DUP-0282,True,SUPPORTING,KEEP,research-os/janus_redteam_closure_check/si/word/settings.xml,"Research OS evidence, code, data, audit, or provenance artifact.",OK
janus_redteam_closure_check/si/word/styles.xml,styles.xml,.xml,350025,5df9618c43797235c7b2bcc197ed005dc05aca4123f87d52af22ad4df1941c7b,,True,SUPPORTING,KEEP,research-os/janus_redteam_closure_check/si/word/styles.xml,"Research OS evidence, code, data, audit, or provenance artifact.",OK
janus_redteam_closure_check/si/word/stylesWithEffects.xml,stylesWithEffects.xml,.xml,438131,463ae0928cf0d84775dbf8cf18d6c3029f6707c81bf590f6d6dd8757a5e93f15,DUP-0242,True,SUPPORTING,KEEP,research-os/janus_redteam_closure_check/si/word/stylesWithEffects.xml,"Research OS evidence, code, data, audit, or provenance artifact.",OK
janus_redteam_closure_check/si/word/theme/theme1.xml,theme1.xml,.xml,10939,e3a8ab7db9ca7afca56f5f2820a56e8b660016c647773555b060b0a02ac76941,DUP-0768,True,SUPPORTING,KEEP,research-os/janus_redteam_closure_check/si/word/theme/theme1.xml,"Research OS evidence, code, data, audit, or provenance artifact.",OK
janus_redteam_closure_check/si/word/webSettings.xml,webSettings.xml,.xml,438,349d36de7434d09f86987ff671d8814964a0588c1e630c06e562cda7e75e9f95,DUP-0180,True,SUPPORTING,KEEP,research-os/janus_redteam_closure_check/si/word/webSettings.xml,"Research OS evidence, code, data, audit, or provenance artifact.",OK
janus_redteam_gate/N12_RED_TEAM_REPORT.md,N12_RED_TEAM_REPORT.md,.md,11883,47e29dabbf651087c851bbfeeb09ecd2d17e65f62050cf8b2b8d30e830dbafd9,,True,SUPPORTING,KEEP,research-os/janus_redteam_gate/N12_RED_TEAM_REPORT.md,"Research OS evidence, code, data, audit, or provenance artifact.",OK
janus_redteam_gate/N12_RED_TEAM_SUMMARY.json,N12_RED_TEAM_SUMMARY.json,.json,424,63a7120624dfedb0cb50b9003c11c2817afc6d22b186ff926619b4a21e75096f,,True,SUPPORTING,KEEP,research-os/janus_redteam_gate/N12_RED_TEAM_SUMMARY.json,"Research OS evidence, code, data, audit, or provenance artifact.",OK
janus_redteam_gate/N12_RedTeam_GateBundle.zip,N12_RedTeam_GateBundle.zip,.zip,17143,6d4563c4d863d8a62c9d5a167768a883bdd16110080db8c42a9d0695561082c2,,True,ARCHIVE_BUNDLE,ARCHIVE,research-os/janus_redteam_gate/N12_RedTeam_GateBundle.zip,Historical bundle; contents may also exist unpacked.,OK
janus_redteam_gate/RED_TEAM_ISSUE_REGISTER.csv,RED_TEAM_ISSUE_REGISTER.csv,.csv,4711,d11759238f1075aa6284a9de4a56865929532d6c95d9b6c07a3111549f2457fa,,True,SUPPORTING,KEEP,research-os/janus_redteam_gate/RED_TEAM_ISSUE_REGISTER.csv,"Research OS evidence, code, data, audit, or provenance artifact.",OK
janus_redteam_gate/redteam_T0_baoab.csv,redteam_T0_baoab.csv,.csv,277,b6b4409f37e1f65e8cfdf95143264b559a81a64721cf4a581f9bf93ae7aec4c1,DUP-0626,True,SUPPORTING,KEEP,research-os/janus_redteam_gate/redteam_T0_baoab.csv,"Research OS evidence, code, data, audit, or provenance artifact.",OK
janus_redteam_gate/redteam_force_direction_scan.csv,redteam_force_direction_scan.csv,.csv,1923,fb274bbb7efcd99ed9f629155f94c4c711af0b41640ba383f8f1fbba02c2d9f9,DUP-0840,False,EXACT_DUPLICATE,EXCLUDE,,Exact SHA-256 duplicate; keep preferred copy in DUP-0840.,OK
janus_redteam_gate/redteam_gamma_sweep.csv,redteam_gamma_sweep.csv,.csv,951,38eafdfd2d2d035faed0f7f815f5aaca87e64fca8fdfb302ae18b593eb2bc900,DUP-0199,False,EXACT_DUPLICATE,EXCLUDE,,Exact SHA-256 duplicate; keep preferred copy in DUP-0199.,OK
janus_redteam_gate/redteam_gsfe_parameter_sensitivity.csv,redteam_gsfe_parameter_sensitivity.csv,.csv,2586,1c54e70a7cb921cdedee4b39aa5df5ffd688814fa93cee953ef9d6e050557e55,DUP-0094,False,EXACT_DUPLICATE,EXCLUDE,,Exact SHA-256 duplicate; keep preferred copy in DUP-0094.,OK
janus_redteam_gate/redteam_phase_preparation_sweep.csv,redteam_phase_preparation_sweep.csv,.csv,17477,f36726f1e688ee58942cef301fa8dc11c9dc26c277da771546ed69521a71aa82,DUP-0819,False,EXACT_DUPLICATE,EXCLUDE,,Exact SHA-256 duplicate; keep preferred copy in DUP-0819.,OK
janus_redteam_gate/redteam_thermal_burn60_T055_joint.csv,redteam_thermal_burn60_T055_joint.csv,.csv,320,9ed8782e9d8085c201ef18d97a46ca667eefbf46e7d39af4c1f1c88b1b7b4f23,DUP-0541,True,SUPPORTING,KEEP,research-os/janus_redteam_gate/redteam_thermal_burn60_T055_joint.csv,"Research OS evidence, code, data, audit, or provenance artifact.",OK
janus_redteam_gate/redteam_thermal_burn60_T060_joint.csv,redteam_thermal_burn60_T060_joint.csv,.csv,320,13466cbb6ddf0598c0581e03f84a42ba31d314b3319d1d4e031f348b57af7269,DUP-0063,True,SUPPORTING,KEEP,research-os/janus_redteam_gate/redteam_thermal_burn60_T060_joint.csv,"Research OS evidence, code, data, audit, or provenance artifact.",OK
janus_redteam_gate/redteam_thermal_burn60_joint.csv,redteam_thermal_burn60_joint.csv,.csv,323,5743e11b01fd82c940b78dd28dc2c93ade241f9763480e1fb6c2b43b944e97cd,DUP-0302,True,SUPPORTING,KEEP,research-os/janus_redteam_gate/redteam_thermal_burn60_joint.csv,"Research OS evidence, code, data, audit, or provenance artifact.",OK
janus_redteam_gate/redteam_thermal_burn_init.csv,redteam_thermal_burn_init.csv,.csv,1229,339a21675154916b524135f742944ee1526d63a8acd81046768f146936f550ea,DUP-0174,True,SUPPORTING,KEEP,research-os/janus_redteam_gate/redteam_thermal_burn_init.csv,"Research OS evidence, code, data, audit, or provenance artifact.",OK
janus_redteam_gate/rtb01/RTB01_GATE_SUMMARY.json,RTB01_GATE_SUMMARY.json,.json,829,750134b371acd6ff3fc9c83fee89e0f9bd5ee0678cca30d6d8d8b04304d0d76a,,True,SUPPORTING,KEEP,research-os/janus_redteam_gate/rtb01/RTB01_GATE_SUMMARY.json,"Research OS evidence, code, data, audit, or provenance artifact.",OK
janus_redteam_gate/rtb01/RTB01_ISSUE_UPDATE.csv,RTB01_ISSUE_UPDATE.csv,.csv,562,365c8bd3d21de13871bf383db6b9756d10aa25adb47aa51fbe93617b0f528bed,,True,SUPPORTING,KEEP,research-os/janus_redteam_gate/rtb01/RTB01_ISSUE_UPDATE.csv,"Research OS evidence, code, data, audit, or provenance artifact.",OK
janus_redteam_gate/rtb01/RTB01_THERMAL_STATIONARITY_CLOSURE_REPORT.md,RTB01_THERMAL_STATIONARITY_CLOSURE_REPORT.md,.md,8577,65c7e7ac3f057d209ad3c7d8bd68893babd43d6f4549b2f4592d7f98cba14c4e,,True,SUPPORTING,KEEP,research-os/janus_redteam_gate/rtb01/RTB01_THERMAL_STATIONARITY_CLOSURE_REPORT.md,"Research OS evidence, code, data, audit, or provenance artifact.",OK
janus_redteam_gate/rtb01/RTB01_ThermalStationarity_ClosureBundle.zip,RTB01_ThermalStationarity_ClosureBundle.zip,.zip,21108,fa1e54cb07ea41df0a980eb00098283205b5265ead28a31d6c7257f17b5968dd,,True,ARCHIVE_BUNDLE,ARCHIVE,research-os/janus_redteam_gate/rtb01/RTB01_ThermalStationarity_ClosureBundle.zip,Historical bundle; contents may also exist unpacked.,OK
janus_redteam_gate/rtb01/cycles_T0.02_N500_C160_orbit_seed2026091900.npz,cycles_T0.02_N500_C160_orbit_seed2026091900.npz,.02_n500_c160_orbit_seed2026091900.npz,1214402,a96eac87ba714d33b79fab5310d06e81a6542551ed93feec211f43d4b42b5de5,DUP-0574,False,EXACT_DUPLICATE,EXCLUDE,,Exact SHA-256 duplicate; keep preferred copy in DUP-0574.,OK
janus_redteam_gate/rtb01/cycles_T0.04_N500_C160_orbit_seed2026091900.npz,cycles_T0.04_N500_C160_orbit_seed2026091900.npz,.04_n500_c160_orbit_seed2026091900.npz,1224223,819cff0882443a6e8e6577b0b99bb54ce4e000a047e776f0c3d51cff59e4d92f,DUP-0450,False,EXACT_DUPLICATE,EXCLUDE,,Exact SHA-256 duplicate; keep preferred copy in DUP-0450.,OK
janus_redteam_gate/rtb01/cycles_T0.06_N500_C160_orbit_seed2026091900.npz,cycles_T0.06_N500_C160_orbit_seed2026091900.npz,.06_n500_c160_orbit_seed2026091900.npz,1229331,8b64e74a7207a10b1588cbee6b3d1a04a70210c054e7c248a966d6176a7de3d8,DUP-0479,False,EXACT_DUPLICATE,EXCLUDE,,Exact SHA-256 duplicate; keep preferred copy in DUP-0479.,OK
janus_redteam_gate/rtb01/cycles_T0.10_N500_C160_orbit_seed2026091900.npz,cycles_T0.10_N500_C160_orbit_seed2026091900.npz,.10_n500_c160_orbit_seed2026091900.npz,1235001,5fe48ee8eccddd9e238cc6070efadbdf7eeb03cc4a57cb0e40f3972e56a13b6c,DUP-0332,False,EXACT_DUPLICATE,EXCLUDE,,Exact SHA-256 duplicate; keep preferred copy in DUP-0332.,OK
janus_redteam_gate/rtb01/cycles_T0.16_N500_C160_orbit_seed2026091900.npz,cycles_T0.16_N500_C160_orbit_seed2026091900.npz,.16_n500_c160_orbit_seed2026091900.npz,1239269,4eb331c36b666348f6f1d45305fcfbdcfb81aecc4daf4e2c75449b8407ece79a,DUP-0275,False,EXACT_DUPLICATE,EXCLUDE,,Exact SHA-256 duplicate; keep preferred copy in DUP-0275.,OK
janus_redteam_gate/rtb01/cycles_T0.24_N500_C160_orbit_seed2026091900.npz,cycles_T0.24_N500_C160_orbit_seed2026091900.npz,.24_n500_c160_orbit_seed2026091900.npz,1241968,580ebcb9d5b683de81ed77851cd33e3314059fb123c556c8f8017080b0e1a270,DUP-0306,False,EXACT_DUPLICATE,EXCLUDE,,Exact SHA-256 duplicate; keep preferred copy in DUP-0306.,OK
janus_redteam_gate/rtb01/cycles_T0.32_N500_C160_orbit_seed2026091900.npz,cycles_T0.32_N500_C160_orbit_seed2026091900.npz,.32_n500_c160_orbit_seed2026091900.npz,1242680,284062d5defea74e83058d288c719f47c20be4cf4726cc92eaf1514cce3f137c,DUP-0140,False,EXACT_DUPLICATE,EXCLUDE,,Exact SHA-256 duplicate; keep preferred copy in DUP-0140.,OK
janus_redteam_gate/rtb01/cycles_T0.50_N500_C160_orbit_seed2026091900.npz,cycles_T0.50_N500_C160_orbit_seed2026091900.npz,.50_n500_c160_orbit_seed2026091900.npz,1242825,e119a7546ee26d0ba2eed6f2e49474e34a0d04635c5d496524e9b3b946a89376,DUP-0754,False,EXACT_DUPLICATE,EXCLUDE,,Exact SHA-256 duplicate; keep preferred copy in DUP-0754.,OK
janus_redteam_gate/rtb01/cycles_T0.50_N500_C160_orbit_seed2026101900.npz,cycles_T0.50_N500_C160_orbit_seed2026101900.npz,.50_n500_c160_orbit_seed2026101900.npz,1242776,f784b3b6a5c3c09892129aca6ed992f5c156ad2e92dc778aadf94b1c012043d0,DUP-0830,False,EXACT_DUPLICATE,EXCLUDE,,Exact SHA-256 duplicate; keep preferred copy in DUP-0830.,OK
janus_redteam_gate/rtb01/cycles_T0.55_N500_C160_orbit_seed2026091900.npz,cycles_T0.55_N500_C160_orbit_seed2026091900.npz,.55_n500_c160_orbit_seed2026091900.npz,1242756,9a51e07a7892d7a3e7803350176257ec803e9b9952339d3ee93691f623ed45da,DUP-0530,False,EXACT_DUPLICATE,EXCLUDE,,Exact SHA-256 duplicate; keep preferred copy in DUP-0530.,OK
janus_redteam_gate/rtb01/cycles_T0.55_N500_C160_orbit_seed2026101900.npz,cycles_T0.55_N500_C160_orbit_seed2026101900.npz,.55_n500_c160_orbit_seed2026101900.npz,1242820,4b323320810b04b0185c9ad995be8b3069b6c52a538013097c51e5865f01778c,DUP-0258,False,EXACT_DUPLICATE,EXCLUDE,,Exact SHA-256 duplicate; keep preferred copy in DUP-0258.,OK
janus_redteam_gate/rtb01/cycles_T0.60_N300_C160_ground_seed2026111900.npz,cycles_T0.60_N300_C160_ground_seed2026111900.npz,.60_n300_c160_ground_seed2026111900.npz,746275,039ffa6f5d77159a1a6afeb242567309ddca7e3f610e98d8110fa93187460f25,,True,SUPPORTING,KEEP,research-os/janus_redteam_gate/rtb01/cycles_T0.60_N300_C160_ground_seed2026111900.npz,"Research OS evidence, code, data, audit, or provenance artifact.",OK
janus_redteam_gate/rtb01/cycles_T0.60_N300_C160_meta_seed2026111900.npz,cycles_T0.60_N300_C160_meta_seed2026111900.npz,.60_n300_c160_meta_seed2026111900.npz,746241,9ae92fc3ad6ea86b21609a52a550b16a56a114d8de1c26b916bd742743ab7969,,True,SUPPORTING,KEEP,research-os/janus_redteam_gate/rtb01/cycles_T0.60_N300_C160_meta_seed2026111900.npz,"Research OS evidence, code, data, audit, or provenance artifact.",OK
janus_redteam_gate/rtb01/cycles_T0.60_N300_C160_orbit_seed2026111900.npz,cycles_T0.60_N300_C160_orbit_seed2026111900.npz,.60_n300_c160_orbit_seed2026111900.npz,746230,ad23f4a55e09c5c89b92900618a93b21f2bf810e97c773536aec4a7919d2ddd7,,True,SUPPORTING,KEEP,research-os/janus_redteam_gate/rtb01/cycles_T0.60_N300_C160_orbit_seed2026111900.npz,"Research OS evidence, code, data, audit, or provenance artifact.",OK
janus_redteam_gate/rtb01/cycles_T0.60_N500_C160_orbit_seed2026091900.npz,cycles_T0.60_N500_C160_orbit_seed2026091900.npz,.60_n500_c160_orbit_seed2026091900.npz,1242991,628f55521a97b801b185817271dfce398a182654ec31a0773f80ed0d900f51ee,DUP-0343,False,EXACT_DUPLICATE,EXCLUDE,,Exact SHA-256 duplicate; keep preferred copy in DUP-0343.,OK
janus_redteam_gate/rtb01/cycles_T0.60_N500_C160_orbit_seed2026101900.npz,cycles_T0.60_N500_C160_orbit_seed2026101900.npz,.60_n500_c160_orbit_seed2026101900.npz,1242761,972703a6235733491fbac1175cb0440f2db70ea89df51e3b64c8981c7c63a277,DUP-0512,False,EXACT_DUPLICATE,EXCLUDE,,Exact SHA-256 duplicate; keep preferred copy in DUP-0512.,OK
janus_redteam_gate/rtb01/cycles_T0.65_N300_C160_ground_seed2026111900.npz,cycles_T0.65_N300_C160_ground_seed2026111900.npz,.65_n300_c160_ground_seed2026111900.npz,746253,2c1bf50ad662fe2f15eb97f1a2ba713b69fd8cf665f5ba6f8c75e60cab572afe,,True,SUPPORTING,KEEP,research-os/janus_redteam_gate/rtb01/cycles_T0.65_N300_C160_ground_seed2026111900.npz,"Research OS evidence, code, data, audit, or provenance artifact.",OK
janus_redteam_gate/rtb01/cycles_T0.65_N300_C160_meta_seed2026111900.npz,cycles_T0.65_N300_C160_meta_seed2026111900.npz,.65_n300_c160_meta_seed2026111900.npz,746253,aca10226846155b346a47f9e2baff547dcfee4d2650b9d6a5abd4e25515c5cea,,True,SUPPORTING,KEEP,research-os/janus_redteam_gate/rtb01/cycles_T0.65_N300_C160_meta_seed2026111900.npz,"Research OS evidence, code, data, audit, or provenance artifact.",OK
janus_redteam_gate/rtb01/cycles_T0.65_N300_C160_orbit_seed2026111900.npz,cycles_T0.65_N300_C160_orbit_seed2026111900.npz,.65_n300_c160_orbit_seed2026111900.npz,746271,68085b840f7e76bccf4e124c85c1a5591ec5a621f0492db4bd2f69dcc667744b,,True,SUPPORTING,KEEP,research-os/janus_redteam_gate/rtb01/cycles_T0.65_N300_C160_orbit_seed2026111900.npz,"Research OS evidence, code, data, audit, or provenance artifact.",OK
janus_redteam_gate/rtb01/cycles_T0.65_N500_C160_orbit_seed2026091900.npz,cycles_T0.65_N500_C160_orbit_seed2026091900.npz,.65_n500_c160_orbit_seed2026091900.npz,1242749,b247e7109fe2fe08effcd6c2ff90038683e52fa80043aade89b6f3f9cb6860de,DUP-0606,False,EXACT_DUPLICATE,EXCLUDE,,Exact SHA-256 duplicate; keep preferred copy in DUP-0606.,OK
janus_redteam_gate/rtb01/cycles_T0.65_N500_C160_orbit_seed2026101900.npz,cycles_T0.65_N500_C160_orbit_seed2026101900.npz,.65_n500_c160_orbit_seed2026101900.npz,1242712,61e19a74c56f75c6a943e754d2ceb4b470c7471cf79afab33e1bb8ce617572db,DUP-0341,False,EXACT_DUPLICATE,EXCLUDE,,Exact SHA-256 duplicate; keep preferred copy in DUP-0341.,OK
janus_redteam_gate/rtb01/cycles_T0.70_N300_C160_ground_seed2026111900.npz,cycles_T0.70_N300_C160_ground_seed2026111900.npz,.70_n300_c160_ground_seed2026111900.npz,746301,13b6ba6e897309c07b0a8216d5b2eb58b93c4369572b8147917ad8b41fcd4daf,,True,SUPPORTING,KEEP,research-os/janus_redteam_gate/rtb01/cycles_T0.70_N300_C160_ground_seed2026111900.npz,"Research OS evidence, code, data, audit, or provenance artifact.",OK
janus_redteam_gate/rtb01/cycles_T0.70_N300_C160_meta_seed2026111900.npz,cycles_T0.70_N300_C160_meta_seed2026111900.npz,.70_n300_c160_meta_seed2026111900.npz,746286,7cff9653d55c4391208ba10627f0ce0e2cb2de74a263c6233c08b4a5d2309daa,,True,SUPPORTING,KEEP,research-os/janus_redteam_gate/rtb01/cycles_T0.70_N300_C160_meta_seed2026111900.npz,"Research OS evidence, code, data, audit, or provenance artifact.",OK
janus_redteam_gate/rtb01/cycles_T0.70_N300_C160_orbit_seed2026111900.npz,cycles_T0.70_N300_C160_orbit_seed2026111900.npz,.70_n300_c160_orbit_seed2026111900.npz,746267,8286715650558cf799137bc4b15b7a62240bf8ae03796ca89e18115800c7fd46,,True,SUPPORTING,KEEP,research-os/janus_redteam_gate/rtb01/cycles_T0.70_N300_C160_orbit_seed2026111900.npz,"Research OS evidence, code, data, audit, or provenance artifact.",OK
janus_redteam_gate/rtb01/cycles_T0.70_N500_C160_orbit_seed2026091900.npz,cycles_T0.70_N500_C160_orbit_seed2026091900.npz,.70_n500_c160_orbit_seed2026091900.npz,1242838,826011643e691a8a4f50833753fcd079d318d7c051dcecd0626bd440032eb5e3,DUP-0455,False,EXACT_DUPLICATE,EXCLUDE,,Exact SHA-256 duplicate; keep preferred copy in DUP-0455.,OK
janus_redteam_gate/rtb01/cycles_T0.70_N500_C160_orbit_seed2026101900.npz,cycles_T0.70_N500_C160_orbit_seed2026101900.npz,.70_n500_c160_orbit_seed2026101900.npz,1242811,7735c477c1f362248a67b1465760381697bb4498412725c6b034e7a2a83459ac,DUP-0415,False,EXACT_DUPLICATE,EXCLUDE,,Exact SHA-256 duplicate; keep preferred copy in DUP-0415.,OK
janus_redteam_gate/rtb01/full_series_late_block_drift.csv,full_series_late_block_drift.csv,.csv,2918,acc483f68a85c31242e5184baf7144c32c16b03e525d0cc883c0e005e54aa887,,True,SUPPORTING,KEEP,research-os/janus_redteam_gate/rtb01/full_series_late_block_drift.csv,"Research OS evidence, code, data, audit, or provenance artifact.",OK
janus_redteam_gate/rtb01/highT_dt_T0.60.csv,highT_dt_T0.60.csv,.60.csv,558,6461b1ef871a5b70739982037ebcd608ff55409f437d5a5cf68d71638b5118ed,,True,SUPPORTING,KEEP,research-os/janus_redteam_gate/rtb01/highT_dt_T0.60.csv,"Research OS evidence, code, data, audit, or provenance artifact.",OK
janus_redteam_gate/rtb01/highT_dt_T0.65.csv,highT_dt_T0.65.csv,.65.csv,553,09aea92f2b1bd9e55b687f9fc8e5f7289e9c76a857cd9a903940ab538fd2c21f,,True,SUPPORTING,KEEP,research-os/janus_redteam_gate/rtb01/highT_dt_T0.65.csv,"Research OS evidence, code, data, audit, or provenance artifact.",OK
janus_redteam_gate/rtb01/highT_dt_T0.70.csv,highT_dt_T0.70.csv,.70.csv,555,2adcff3eada909e743bd7955e0e4336bf12cb7ee3b9340d230fd5b41589e8f60,,True,SUPPORTING,KEEP,research-os/janus_redteam_gate/rtb01/highT_dt_T0.70.csv,"Research OS evidence, code, data, audit, or provenance artifact.",OK
janus_redteam_gate/rtb01/highT_dt_pairwise_z.csv,highT_dt_pairwise_z.csv,.csv,496,98bc5249229ea0d33c5929ad7a274742c98c325ac966ad3dc37c47301a27adc9,DUP-0519,False,EXACT_DUPLICATE,EXCLUDE,,Exact SHA-256 duplicate; keep preferred copy in DUP-0519.,OK
janus_redteam_gate/rtb01/independent_seed_stationary_current.csv,independent_seed_stationary_current.csv,.csv,2552,bbaa21ccc858e6d279a45ec1491dfbbf35fcc4e8fbe2a0c9bdf4baf96cc7cd6f,,True,SUPPORTING,KEEP,research-os/janus_redteam_gate/rtb01/independent_seed_stationary_current.csv,"Research OS evidence, code, data, audit, or provenance artifact.",OK
janus_redteam_gate/rtb01/initial_state_memory_loss.csv,initial_state_memory_loss.csv,.csv,1415,c92faf5a93f099c5bd692b0a8957e93d9e5083641793af09f3822feb985b78a2,DUP-0686,False,EXACT_DUPLICATE,EXCLUDE,,Exact SHA-256 duplicate; keep preferred copy in DUP-0686.,OK
janus_redteam_gate/rtb01/initial_state_paired_differences.csv,initial_state_paired_differences.csv,.csv,1652,548ac203103900f1b08d6e4193deeacf304314cd6966c8170110d0067e15e5f3,,True,SUPPORTING,KEEP,research-os/janus_redteam_gate/rtb01/initial_state_paired_differences.csv,"Research OS evidence, code, data, audit, or provenance artifact.",OK
janus_redteam_gate/rtb01/initial_state_stationary_current.csv,initial_state_stationary_current.csv,.csv,1454,084a7232ee1085630a145a203c4d92efd2cb94d42701a0cf270d2bf6fa7b8b0c,,True,SUPPORTING,KEEP,research-os/janus_redteam_gate/rtb01/initial_state_stationary_current.csv,"Research OS evidence, code, data, audit, or provenance artifact.",OK
janus_redteam_gate/rtb01/late_block_drift_two_seed.csv,late_block_drift_two_seed.csv,.csv,3675,e86bbbd0e479ea2d3e597dfab22ff320f8bd03c40ffec7c39bced3a6d88968d7,DUP-0786,False,EXACT_DUPLICATE,EXCLUDE,,Exact SHA-256 duplicate; keep preferred copy in DUP-0786.,OK
janus_redteam_gate/rtb01/measurement_length_sensitivity.csv,measurement_length_sensitivity.csv,.csv,8344,76bfc9c0790f77b5f1a5598b025ca0939f891b9cc4ed1abd30f6d261684eee90,DUP-0414,False,EXACT_DUPLICATE,EXCLUDE,,Exact SHA-256 duplicate; keep preferred copy in DUP-0414.,OK
janus_redteam_gate/rtb01/orbit_block_stationarity_N500.csv,orbit_block_stationarity_N500.csv,.csv,5331,b320c4439334ca4ea327c3948cbdf72be0770c5401a181dcac63a7bbfd8e223d,,True,SUPPORTING,KEEP,research-os/janus_redteam_gate/rtb01/orbit_block_stationarity_N500.csv,"Research OS evidence, code, data, audit, or provenance artifact.",OK
janus_redteam_gate/rtb01/orbit_cumulative_stationarity_N500.csv,orbit_cumulative_stationarity_N500.csv,.csv,3935,47e77d10ea081f09aafa257af7c5c9f30c66da0a3c9fbb6334cac99c45829591,,True,SUPPORTING,KEEP,research-os/janus_redteam_gate/rtb01/orbit_cumulative_stationarity_N500.csv,"Research OS evidence, code, data, audit, or provenance artifact.",OK
janus_redteam_gate/rtb01/orbit_cycle_means_N500.csv,orbit_cycle_means_N500.csv,.csv,70441,b599ca820d0f1b011f10e5fdf310c4e53471a8382cc186d00c3d96f0ec71aa09,,True,SUPPORTING,KEEP,research-os/janus_redteam_gate/rtb01/orbit_cycle_means_N500.csv,"Research OS evidence, code, data, audit, or provenance artifact.",OK
janus_redteam_gate/rtb01/orbit_paired_drift_N500.csv,orbit_paired_drift_N500.csv,.csv,2612,b6c03d5bb3dcae13bf82b0cfbe7010f100e4ec089d8d3e5ba36cdb44b0221956,,True,SUPPORTING,KEEP,research-os/janus_redteam_gate/rtb01/orbit_paired_drift_N500.csv,"Research OS evidence, code, data, audit, or provenance artifact.",OK
janus_redteam_gate/rtb01/stationary_current_two_seed_pooled.csv,stationary_current_two_seed_pooled.csv,.csv,2567,728954c7ca271e58840548bcdade21e79c1bc1956d8a36fddc45c802d42e29d9,DUP-0400,False,EXACT_DUPLICATE,EXCLUDE,,Exact SHA-256 duplicate; keep preferred copy in DUP-0400.,OK
janus_redteam_gate/rtb01/stationary_sign_target_bootstrap.csv,stationary_sign_target_bootstrap.csv,.csv,474,34e9f08eab5a519a73c4f239edc6b308a8777355ee1c3db7d8dfa550d9b6bc6e,DUP-0182,False,EXACT_DUPLICATE,EXCLUDE,,Exact SHA-256 duplicate; keep preferred copy in DUP-0182.,OK
janus_redteam_gate/rtb01/stationary_thermal_bootstrap_50k.csv,stationary_thermal_bootstrap_50k.csv,.csv,951,f08ef0ad8135ef4c6293a8561648310a0cb66650c169125be2c673093385c225,DUP-0806,False,EXACT_DUPLICATE,EXCLUDE,,Exact SHA-256 duplicate; keep preferred copy in DUP-0806.,OK
janus_redteam_gate/rtb01/stationary_thermal_effect_sizes.csv,stationary_thermal_effect_sizes.csv,.csv,1021,1481e511f429dc4686691aa93a6a5442632630ce4f8d15d245c06f07a25ad064,,True,SUPPORTING,KEEP,research-os/janus_redteam_gate/rtb01/stationary_thermal_effect_sizes.csv,"Research OS evidence, code, data, audit, or provenance artifact.",OK
janus_redteam_gate/rtb01/thermal_stationary_series_N500.csv,thermal_stationary_series_N500.csv,.csv,4230,c13fb88c3d084b86c5fac9b1c354d6edb66ef1825c4cf68e2d0ba91b6e7bd7c9,DUP-0657,False,EXACT_DUPLICATE,EXCLUDE,,Exact SHA-256 duplicate; keep preferred copy in DUP-0657.,OK
janus_redteam_gate/rtb01_analyze_cycles.py,rtb01_analyze_cycles.py,.py,2462,7d121ae4c0d8d33566b41b572a1b415371ec69ea78960ab8fa9878a6aa4e7962,DUP-0431,False,EXACT_DUPLICATE,EXCLUDE,,Exact SHA-256 duplicate; keep preferred copy in DUP-0431.,OK
janus_redteam_gate/rtb01_highT_dt.py,rtb01_highT_dt.py,.py,3610,82bb227b56890527ef12fd7c0df87a56a9a0bdbc594d52d16ee699ac163ea8b0,,True,SUPPORTING,KEEP,research-os/janus_redteam_gate/rtb01_highT_dt.py,"Research OS evidence, code, data, audit, or provenance artifact.",OK
janus_redteam_gate/rtb01_sim_one.py,rtb01_sim_one.py,.py,3660,c19d1798c42ad32c17474519613f726ee8f50bd71948edf95d33194665efc8b9,DUP-0658,False,EXACT_DUPLICATE,EXCLUDE,,Exact SHA-256 duplicate; keep preferred copy in DUP-0658.,OK
janus_redteam_gate/rtb01_stationarity_cycle_scan.py,rtb01_stationarity_cycle_scan.py,.py,6184,997a4f594bf9e403ed3edc140746d8fcb1c31b2c1b3bffaf3af26ab69dc56480,,True,SUPPORTING,KEEP,research-os/janus_redteam_gate/rtb01_stationarity_cycle_scan.py,"Research OS evidence, code, data, audit, or provenance artifact.",OK
janus_redteam_gate/thermal_stationarity_pilot.py,thermal_stationarity_pilot.py,.py,2913,05daa5a9375e42db27fa3dff320d7a27b7b17d5aaecdb7d1931a821bb44192b4,,True,SUPPORTING,KEEP,research-os/janus_redteam_gate/thermal_stationarity_pilot.py,"Research OS evidence, code, data, audit, or provenance artifact.",OK
janus_render/page-01.png,page-01.png,.png,475134,66e272ffc2685f52f81e102a12feb0d084f78ce4a0c62d2f609404a495a75a30,,True,EPHEMERAL_QA,EXCLUDE,,Rendered page/QA-only intermediate; reproducible from source document.,OK
janus_render/page-02.png,page-02.png,.png,329286,04fb8470c153a5ca1b77ef21b9a2fb17f11d13827bd5fd679461445d5b2a0cc3,,True,EPHEMERAL_QA,EXCLUDE,,Rendered page/QA-only intermediate; reproducible from source document.,OK
janus_render/page-03.png,page-03.png,.png,349615,05250045ad9e1d42fbdff291222d86c119ed948f02ca95352a1dbb8867274848,,True,EPHEMERAL_QA,EXCLUDE,,Rendered page/QA-only intermediate; reproducible from source document.,OK
janus_render/page-04.png,page-04.png,.png,351347,849a9819bf6209fa8035569732539161771aac05d182c0f169981177b119ce7a,,True,EPHEMERAL_QA,EXCLUDE,,Rendered page/QA-only intermediate; reproducible from source document.,OK
janus_render/page-05.png,page-05.png,.png,387308,bd574a9c87fa6a7d5ec102acb8b9c80d17c457a90248c82977697dc8fe893b15,,True,EPHEMERAL_QA,EXCLUDE,,Rendered page/QA-only intermediate; reproducible from source document.,OK
janus_render/page-06.png,page-06.png,.png,457949,e55e1a5cf81b38f1a7ce736ea2c1876c20c60b87bda719eabe22469c71730161,,True,EPHEMERAL_QA,EXCLUDE,,Rendered page/QA-only intermediate; reproducible from source document.,OK
janus_render/page-07.png,page-07.png,.png,475214,af5aa56f9b72453af622d6e96ba5043d42967cba80f9c45fe5afba1eb9fdb510,,True,EPHEMERAL_QA,EXCLUDE,,Rendered page/QA-only intermediate; reproducible from source document.,OK
janus_render/page-08.png,page-08.png,.png,491805,7f9966b1662800fe8c0ebe3bc7ba5f9157578fa0ab54a756cad863007a09838c,,True,EPHEMERAL_QA,EXCLUDE,,Rendered page/QA-only intermediate; reproducible from source document.,OK
janus_render/page-09.png,page-09.png,.png,532155,feb4c18fdda07f8841cccbc69b8258bd0381da93443ab0dea3267fc47671ffe3,,True,EPHEMERAL_QA,EXCLUDE,,Rendered page/QA-only intermediate; reproducible from source document.,OK
janus_render/page-10.png,page-10.png,.png,542829,12abd87bf51142c093468d5249c8f1afade59a93c7571d3c8740fd186d50c232,,True,EPHEMERAL_QA,EXCLUDE,,Rendered page/QA-only intermediate; reproducible from source document.,OK
janus_symmetry_gate/N2_SAME2H_SYMMETRY_CAUSALITY_GATE_REPORT.md,N2_SAME2H_SYMMETRY_CAUSALITY_GATE_REPORT.md,.md,5468,87bef1db1c162b1acdb4926c663591eebafebdd72178ad369e2be761df284306,,True,SUPPORTING,KEEP,research-os/janus_symmetry_gate/N2_SAME2H_SYMMETRY_CAUSALITY_GATE_REPORT.md,"Research OS evidence, code, data, audit, or provenance artifact.",OK
janus_symmetry_gate/__pycache__/independent_same2h_symmetry_audit.cpython-313.pyc,independent_same2h_symmetry_audit.cpython-313.pyc,.cpython-313.pyc,28948,7c65ebf36ef39203fe685ee9224927d865e48ebbd3fe3d27e8a889f602e28600,,True,EPHEMERAL_QA,EXCLUDE,,Rendered page/QA-only intermediate; reproducible from source document.,OK
janus_symmetry_gate/__pycache__/janus_fourier_landscapes_v12.cpython-313.pyc,janus_fourier_landscapes_v12.cpython-313.pyc,.cpython-313.pyc,12300,1836bad0ff1e62838222202b7e340a6b84c09ab867fcbb6703dcd2d82315ba3e,,True,EPHEMERAL_QA,EXCLUDE,,Rendered page/QA-only intermediate; reproducible from source document.,OK
janus_symmetry_gate/continuous_prepared_branch_verification_fast.py,continuous_prepared_branch_verification_fast.py,.py,7725,85a902be0b3601d69acff2f9a6afb7664d583b993843671ee07886c0e0af5955,DUP-0466,True,SUPPORTING,KEEP,research-os/janus_symmetry_gate/continuous_prepared_branch_verification_fast.py,"Research OS evidence, code, data, audit, or provenance artifact.",OK
janus_symmetry_gate/dft_guided_material_v12.py,dft_guided_material_v12.py,.py,10403,3dbb2ef66165b519ee48de20e34ed855e319cb3877f2f5952e710adcff671356,DUP-0216,False,EXACT_DUPLICATE,EXCLUDE,,Exact SHA-256 duplicate; keep preferred copy in DUP-0216.,OK
janus_symmetry_gate/independent_same2h_symmetry_audit.py,independent_same2h_symmetry_audit.py,.py,13685,39863cc440dd510eb1188212596840cf79c8fccb229e96e38b4b2eac68ba1f75,,True,SUPPORTING,KEEP,research-os/janus_symmetry_gate/independent_same2h_symmetry_audit.py,"Research OS evidence, code, data, audit, or provenance artifact.",OK
janus_symmetry_gate/janus_fourier_landscapes_v12.py,janus_fourier_landscapes_v12.py,.py,7446,f2b1ffc29da25d053fa534145d2d1896cdfb33441928d4b12a218961114942d9,DUP-0817,False,EXACT_DUPLICATE,EXCLUDE,,Exact SHA-256 duplicate; keep preferred copy in DUP-0817.,OK
janus_symmetry_gate/same2h_dynamical_contracts.csv,same2h_dynamical_contracts.csv,.csv,787,b6fdd6b60a9b4c99a9ce051a51a94e764b86a8d4d9f5388bcfdf7edcf252be0c,,True,SUPPORTING,KEEP,research-os/janus_symmetry_gate/same2h_dynamical_contracts.csv,"Research OS evidence, code, data, audit, or provenance artifact.",OK
janus_symmetry_gate/same2h_static_branch_contracts.csv,same2h_static_branch_contracts.csv,.csv,1396,06fa6468c2eddfacd3f0ef36f71e5a35feb0bec7bad89fc6b00ab5ecfbf7d221,,True,SUPPORTING,KEEP,research-os/janus_symmetry_gate/same2h_static_branch_contracts.csv,"Research OS evidence, code, data, audit, or provenance artifact.",OK
janus_symmetry_gate/same2h_symmetry_audit_summary.json,same2h_symmetry_audit_summary.json,.json,2070,9ddab8041e1d357cb180509d27e03dfcd64818d6ec04cb2047b1b2f3a749814b,,True,SUPPORTING,KEEP,research-os/janus_symmetry_gate/same2h_symmetry_audit_summary.json,"Research OS evidence, code, data, audit, or provenance artifact.",OK
janus_symmetry_gate/same2h_timestep_contracts.csv,same2h_timestep_contracts.csv,.csv,741,dc79fecbbd3d2f696f1037697f8ac55b34c6e13994b89901f07681016f6527fc,,True,SUPPORTING,KEEP,research-os/janus_symmetry_gate/same2h_timestep_contracts.csv,"Research OS evidence, code, data, audit, or provenance artifact.",OK
붙여넣은 텍스트 (1)(7).txt,붙여넣은 텍스트 (1)(7).txt,.txt,24242,1e213e7a4a0c32e81b91469223df2c1a2269d73be10ab1a1c4dc4686556032b6,,True,SUPPORTING,KEEP,provenance/source-inputs/붙여넣은 텍스트 (1)(7).txt,"Research OS evidence, code, data, audit, or provenance artifact.",OK
