theta_deg,U_ground,zero_eig_ground,Fc_ground_plus,hard_ground_plus,soft_ground_plus,Fc_ground_minus,hard_ground_minus,soft_ground_minus,U_meta,zero_eig_meta,Fc_meta_plus,hard_meta_plus,soft_meta_plus,Fc_meta_minus,hard_meta_minus,soft_meta_minus,DeltaU0,DeltaF_plus,DeltaF_minus
0.0,-0.6541619275241644,16.470540456959952,3.485120232370068,16.820108412143306,1.4016565685892601e-15,1.4222355051564721,26.412876826421353,-2.340524404468398e-15,-0.2876015302382088,6.080525985319081,0.1956730084058918,12.317606584786681,3.9497146330468025e-18,0.5678970777535396,11.81641051479768,8.81239525796218e-16,0.3665603972859556,3.289447223964176,0.8543384274029325
0.01,-0.6541575305577131,16.470441027486714,3.485102091214107,16.81994766219531,3.191891195797325e-16,1.4222283355379022,26.41267203840109,4.3227182968644424e-16,-0.2875999069815479,6.080520425183967,0.19567406380807562,12.317581769001084,-3.3515094725097144e-15,0.5679001047786866,11.816382397485931,6.522560269672795e-16,0.36655762357616517,3.2894280274060312,0.8543282307592156
0.02,-0.654144339764871,16.470142740429957,3.485047667522091,16.819465420813778,-7.494005416219807e-16,1.4222068266016787,26.412057682586372,4.4004801565871235e-16,-0.28759503721756446,6.080503741145081,0.1956772298106479,12.317507314050435,-4.0368023255187534e-16,0.567909185261106,11.816298038335425,1.2559397966072083e-15,0.3665493025473065,3.2893704377114434,0.8542976413405727
0.03,-0.6541223554651766,16.469645599878625,3.4849569606217283,16.818661713385577,1.0269562977782698e-15,1.422170978106294,26.411033783714725,-6.51042228753864e-17,-0.28758692096425875,6.08047592230234,0.1956825058016735,12.317383197155092,4.193194253735051e-16,0.5679243174222985,11.816157415701323,-2.220446049250313e-15,0.36653543450091786,3.2892744548200548,0.8542466606839954
0.04,-0.6540915781911837,16.468949612647975,3.484829969392967,16.817536582219805,1.6237011735142914e-15,1.422120789649366,26.409600383012872,-1.5448385944766534e-15,-0.2875755582516491,6.080436950491099,0.19568989076127358,12.317209380355187,-2.8566829891191192e-15,0.567945498297395,11.815960493516279,-7.45931094670027e-15,0.3665160199395346,3.2891400786316938,0.8541752913519709
0.05,-0.6540520086884556,16.46805478828012,3.484666692268588,16.81609008654466,1.5265566588595902e-16,1.4220562606678349,26.407757538193167,1.1303205753646593e-15,-0.2875609491217944,6.080386800285224,0.1956993832616441,12.316985810520022,1.875825188945744e-15,0.5679727237361097,11.81570722129793,4.9682480351975755e-15,0.36649105956666117,3.288967309006944,0.8540835369317251
0.06,-0.654003647915549,16.46696113904478,3.4844671272350953,16.814322302502784,-5.412337245047638e-16,1.421977390438233,26.40550532344853,-4.545754777370709e-16,-0.28754309362882957,6.080325439001514,0.19571098146708266,12.316712419361233,6.602573966485751e-15,0.5680059884023787,11.8153975341624,-1.7208456881689926e-15,0.3664605542867194,3.2887561457680126,0.8539714020358542
0.07,-0.6539464970439963,16.465668679940208,3.4842312718338606,16.812233323145072,-2.7755575615628914e-16,1.4218841780770362,26.40284382944585,1.9499160078750247e-15,-0.28752199183900795,6.080252826705341,0.1957246831340203,12.316389123449623,-1.2032272422336787e-15,0.5680452857746158,11.815031352840432,6.106226635438361e-16,0.36642450520498837,3.2885065886998404,0.8538388923024204
0.08,-0.653880557458283,16.464177428694363,3.48395912316248,16.809823258423428,-9.853229343548264e-16,1.4217766225410964,26.39977316331801,-1.3436407409329713e-15,-0.2874976438307564,6.080168916217591,0.19574048561106933,12.316015824235691,3.3123748562806712e-15,0.5680906081456333,11.814608583697662,4.371503159461554e-16,0.3663829136275266,3.2882186375514104,0.8536860143954631
0.09,-0.6538058307558234,16.462487405766332,3.48365067787638,16.807092235182445,1.1657341758564144e-15,1.4216547226281437,26.396293448654546,1.7171687181449617e-16,-0.2874700496947378,6.080073653122777,0.19575838583906177,12.31559240807412,-9.290092194060452e-16,0.568141946622982,11.81412911875804,-1.3877787807814457e-17,0.36633578106108566,3.287892292037318,0.8535127760051617
0.1,-0.6537223187469265,16.46059863434784,3.4833059321907163,16.80404039714901,4.163336342344337e-16,1.4215184769773699,26.392404825490658,1.5212123044788892e-15,-0.2874392095339229,6.07996697577847,0.19577838035112002,12.315118746251713,4.498366248587146e-15,0.5681992911290433,11.813592835730997,-9.020562075079397e-17,0.36628310921300367,3.287527551839596,0.8533191858483266
0.11,-0.6536300234547668,16.458511140365154,3.4829248818824685,16.800667904921426,-7.632783294297951e-16,1.4213678840700998,26.38810745029494,-7.260016799705542e-16,-0.287405123463675,6.079848815325938,0.1958004652727156,12.314594695019261,2.7391292156003257e-15,0.5682626304012274,11.81299959804257,-4.871103520542874e-15,0.3662248999910918,3.287124416609753,0.8531052536688725
0.12,-0.6535289471153424,16.456224952481033,3.48250752229288,16.796974935956168,-4.996003610813204e-16,1.4212029422305192,26.383401495955674,-7.358259916092832e-17,-0.2873677916118418,6.079719095702114,0.19582463632174316,12.314020095627058,-3.1570357900178106e-16,0.5683319519921328,11.812349254869739,5.974387651264124e-15,0.3661611555035006,3.286682885971137,0.8528709902383864
0.13,-0.6534190921774335,16.45374010209694,3.4820538483299606,16.79296168455469,-8.187894806610529e-16,1.4210236496264963,26.378287151765495,1.063004749463992e-15,-0.28732721411885603,6.079577733652687,0.1958508888086073,12.313394774364063,-1.8188753522535746e-15,0.568407242269827,11.811641641178612,-2.491062911502695e-15,0.3660918780585775,3.2862029595213533,0.8526164073566693
0.14,-0.6533004613025571,16.451056623355505,3.481563854471421,16.788628361847763,3.4416913763379853e-15,1.4208300042704785,26.372764623404862,9.980080997729068e-16,-0.2872833911378483,6.079424638746522,0.19587921763631344,12.312718542600905,-2.4361590828946185e-15,0.5684884864181338,11.810876577765914,7.056855100273651e-15,0.36601707016470886,3.2856846368351076,0.8523415178523447
0.15,-0.6531730573649137,16.448174553143144,3.4810375347678266,16.783975195778382,-3.594347042223944e-15,1.4206220040204576,26.366834132923945,1.2001461598880412e-15,-0.28723632283476846,6.0792597133913535,0.19590961730056503,12.311991196836473,3.9932817726888274e-15,0.5685756684368292,11.810053871304593,-1.547373340571312e-15,0.36593673453014525,3.2851279174672614,0.8520463355836284
0.16,-0.6530368834513387,16.445093931092977,3.4804748828458045,16.7790024310852,-4.8155923693116165e-15,1.420399646581023,26.360495918723153,1.9608744966301273e-15,-0.28718600938851563,6.079082852850582,0.19594208188987788,12.311212518748212,5.884121044141127e-15,0.56866877114211,11.809173314392286,-2.3245294578089215e-15,0.3658508740628231,3.2845328009559265,0.8517308754389129
0.17,-0.6528919428612368,16.441814799587775,3.4798758919118247,16.773710329281577,-3.3306690738754696e-16,1.4201629295044842,26.35375023553213,1.5222749073112198e-16,-0.2871324509910783,6.078893945261429,0.19597660508570372,12.310382275246141,2.520412179608583e-15,0.568767776166738,11.808234685604152,-1.0269562977782698e-15,0.36575949187015844,3.283899286826121,0.8513951533377462
0.18,-0.6527382391065243,16.438337203763304,3.479240554755925,16.76809916863609,4.3021142204224816e-15,1.41991185019207,26.346597354387487,1.1427694185904558e-15,-0.28707564784768574,6.078692871654301,0.19601318016255131,12.309500218530468,4.1410280356125005e-15,0.5688726639605874,11.807237749548555,-3.122502256758253e-16,0.36566259125883854,3.2832273745933738,0.8510391862314826
0.19,-0.6525757759115612,16.43466119151179,3.4785688637558296,16.76216924415038,1.1518563880486e-15,1.4196464058952094,26.339037562608986,-9.461993295540976e-16,-0.2870156001769663,6.078479505973352,0.1960517999881333,12.308566086152927,-4.070340595065287e-15,0.5689834137908937,11.806182256926887,-1.2975731600306517e-15,0.3655601757345949,3.2825170637676964,0.8506629921043157
0.2,-0.6524045572130793,16.430786813485543,3.4778608108813116,16.755920867535426,-2.095545958979983e-15,1.4193665937168822,26.33107116377429,3.189379743108716e-16,-0.28695230821111484,6.07825371509833,0.19609245702352077,12.307579601081645,3.609251010447357e-15,0.5691000037428523,11.80506794459625,-3.2890357104520263e-15,0.3654522490019645,3.2817683538577906,0.8502665899740299
0.21,-0.6522245871601094,16.426714123100947,3.4771163876987203,16.749354367187685,-1.2073675392798577e-15,1.4190724106130492,26.32269847769249,-1.3151931393994357e-15,-0.2868857721960746,6.078015358867543,0.19613514332329748,12.306540471769804,-2.529104008196833e-15,0.5692224107199062,11.80389453563659,-1.6028844918025698e-15,0.36533881496403486,3.2809812443754227,0.849849999893143
0.22,-0.6520358701139013,16.422443176542416,3.476335585375828,16.742470088162584,1.7763568394002505e-15,1.4187638533941576,26.313919840376023,-3.8940730387416675e-16,-0.2868159923917226,6.077764290102189,0.19617985053574086,12.305448392227738,-4.592502949246147e-15,0.5693506104443576,11.802661739420394,-4.3021142204224816e-16,0.3652198777221787,3.280155734840087,0.8494132429497999
0.23,-0.651838410647841,16.417974032766782,3.475518394686913,16.735268392147177,4.760081218080359e-15,1.4184409187267202,26.30473560401121,7.312257556727451e-16,-0.286742969072065,6.077500354631732,0.1962265699030059,12.30430304209874,8.436765792008052e-16,0.5694845774578938,11.801369251686477,-2.0816681711721685e-15,0.365095441575776,3.279291824783907,0.8489563412688264
0.24,-0.6516322135473649,16.413306753507776,3.474664806017976,16.727749657432213,6.800116025829084e-16,1.418103603134972,26.295146136927602,-3.092773517891995e-15,-0.28666670252544835,6.077223391320729,0.1962752922613252,12.3031040867384,1.421159925716264e-15,0.5696242851220706,11.800016754617193,1.942890293094024e-16,0.36496551102191654,3.2783895137566508,0.8484793180129014
0.25,-0.6514172838098657,16.40844140328064,3.4737748093723213,16.71991427888161,3.83026943495679e-15,1.417751903002594,26.285151823565588,-3.7266315657284374e-16,-0.28658719305477043,6.0769332320965415,0.1963260080412164,12.301851177297522,-2.8315180637726676e-15,0.569769705619014,11.798603916918749,-1.1449174941446927e-15,0.3648300907550953,3.2774488013311047,0.84798219738358
0.26,-0.6511936266446019,16.403378049387157,3.4728483943763733,16.711762667901162,-6.661338147750939e-16,1.41738581457453,26.27475306444302,1.7501902975936706e-15,-0.2865044409777073,6.0766297019785664,0.19637870726771622,12.300543950808585,-2.382314892503557e-15,0.5699208099519659,11.79713039390562,1.3114509478384662e-15,0.3646891856668946,3.276469687108657,0.847465004622564
0.27,-0.6509612474725931,16.398116761920612,3.4718855502855743,16.703295252406367,6.245004513516506e-16,1.41700533395885,26.263950276120063,-1.816216939348617e-15,-0.28641844662694793,6.076312619108439,0.1964333795606079,12.299182030275741,1.396695073100718e-15,0.570077567946096,11.795595827587555,-5.204170427930421e-16,0.36454280084564517,3.275452170724966,0.846927766012754
0.28,-0.6507201519265213,16.392657613771156,3.470886265990699,16.694512476788248,-3.899658373995862e-15,1.4166104571287101,26.252743891162957,-1.4024625204385726e-15,-0.28632921035043574,6.075981794781568,0.19649001413468703,12.297765024768324,4.67399556558501e-16,0.570239948249108,11.793999846760801,2.2898349882893854e-16,0.3643909415760856,3.274396251856012,0.8463705088796022
0.29,-0.6504703458506212,16.387000680631274,3.469850530024337,16.68541480187779,1.3183898417423734e-15,1.4162011799243786,26.24113435810632,-1.2303445785235515e-15,-0.2862367325116221,6.075637033479781,0.19654859980002135,12.296292529517782,-7.021424559122951e-16,0.5704079183320095,11.792342067102446,-4.718447854656915e-16,0.3642336133389991,3.273301930224316,0.845793261592369
0.3,-0.6502118353005677,16.381146041001493,3.4687783305675834,16.676002704909614,-2.831068712794149e-15,1.4157774980553335,26.22912214141407,-8.670695116216008e-16,-0.286141013489729,6.075278132905209,0.19660912496223884,12.294764126018197,-1.4911083300169978e-15,0.5705814444900156,11.790622091267807,-2.7478019859472624e-15,0.3640708218108387,3.2721692056053446,0.8451960535653179
0.31,-0.6499446265433639,16.375093776196216,3.4676696554569095,16.666276679484433,5.412337245047638e-16,1.4153394071024317,26.21670772143902,-1.1301105111937403e-15,-0.28604205368001645,6.074904884015287,0.19667157762282694,12.293179382130216,7.252118217472396e-16,0.5707604918433494,11.788839508991632,-1.2906342661267445e-15,0.3639025728633475,3.270998077834083,0.8445789152590822
0.32,-0.6496687260572154,16.36884397034983,3.466524492191458,16.656237235528685,-1.8041124150158794e-16,1.4148869025201523,26.203891594381034,-5.425927888686333e-16,-0.28593985349406326,6.074517071058949,0.1967359453794518,12.291537852188249,-8.504549603612077e-16,0.570945024338108,11.786993897192596,-1.3183898417423734e-15,0.3637288725631521,3.269788546812006,0.8439418781820442
0.33,-0.6493841405314115,16.362396710422935,3.4653428279403267,16.645884899254934,-1.3877787807814457e-15,1.414419979638914,26.190674272244042,3.955245758192373e-16,-0.28583441336005677,6.074114471614039,0.196802215426292,12.289839077111328,-6.225590518365437e-16,0.5711350047473273,11.785084820080732,-4.579669976578771e-16,0.3635497271713547,3.268540612514035,0.8432849748915868
0.34,-0.6490908768661948,16.355752086208835,3.464124649550245,16.63522021311939,-1.5265566588595902e-16,1.4139386336674598,26.17705628279156,7.422138905810016e-16,-0.28572573372308707,6.0736968566258,0.19687037455438847,12.288082584517198,2.946612900645582e-15,0.5713303946718504,11.783111829268794,3.0531133177191805e-16,0.36336514314310775,3.2672542749958566,0.8426082389956093
0.35000000000000003,-0.6487889421726284,16.34891019034013,3.4628699435533843,16.62424373577879,1.5404344466674047e-15,1.413442859695319,26.163038169500897,-4.388088064568793e-16,-0.2856138150454555,6.073263990446591,0.19694040915202335,12.286267888839753,3.393527812407685e-15,0.5715311545415769,11.78107446388607,8.326672684688674e-16,0.36317512712717287,3.265929534401361,0.8419117051537421
0.36,-0.6484783437724603,16.34187111829559,3.4615786961754567,16.612956042045624,-1.6237011735142914e-15,1.412932652695327,26.148620491516088,1.1082930600548376e-15,-0.2854986578069863,6.072815630876648,0.19701230520510316,12.284394491449799,-1.296759584884814e-15,0.571737243616375,11.778972250696457,-1.7277845820728999e-15,0.362979685965474,3.2645663909703533,0.841195409078952
0.37,-0.648159089197983,16.334634968407173,3.4602508933439924,16.601357722842288,1.124100812432971e-15,1.412408007526236,26.133803823599628,2.434118580524683e-16,-0.28538026250535437,6.072351529206206,0.19708604829757453,12.282461880779266,1.8010927425589178e-15,0.571948619987452,11.77680470421883,5.204170427930421e-16,0.3627788266926287,3.263164845046418,0.840459387538784
0.38,-0.6478311861918863,16.327201841867147,3.458886520696872,16.589449385153422,-4.579669976578771e-16,1.4118689189353708,26.118588756082573,-1.48828643975322e-15,-0.28525862965641147,6.071871430258414,0.19716162361185513,12.280469532448473,-3.935031316906149e-16,0.5721652405783895,11.774571326851321,1.7763568394002505e-15,0.3625725565354748,3.261724897085017,0.8397036783569813
0.39,-0.6474946427071123,16.319571842735588,3.4574855635909874,16.57723165197794,-4.163336342344337e-16,1.4113153815613764,26.102975894813767,1.2147151265808152e-15,-0.2851337597945304,6.071375072433688,0.19723901592928672,12.27841690939679,4.335622843815862e-17,0.5723870611466568,11.772271608998182,1.2628786905111156e-15,0.36236088291258195,3.2602465476617004,0.8389283204147195
0.4,-0.6471494669066972,16.31174507794781,3.4560480071112716,16.56470516227818,-4.163336342344337e-17,1.4107473899370147,26.086965861107434,1.2915486381933055e-15,-0.28500565347295265,6.0708621877550275,0.19731820963060875,12.27630346201648,9.344090544447913e-16,0.5726140362848267,11.769905029200318,-2.9559688030644793e-15,0.3621438134337445,3.2587297974806626,0.838133353652188
0.41000000000000003,-0.6467956671636178,16.303721657322225,3.454573836079797,16.551870570929268,-2.3592239273284576e-16,1.4101649384920472,26.07055929168977,1.335692183755937e-15,-0.28487431126414575,6.070332501914483,0.1973991886964616,12.274128628289755,1.6091762525347747e-16,0.5728461194220554,11.767471054268713,3.0531133177191805e-16,0.36192135589947205,3.2571746473833354,0.8373188190699917
0.42,-0.6464332520606273,16.295501693568184,3.4530630350651763,16.538728548666015,2.498001805406602e-16,1.4095680215561746,26.05375683864405,1.8081243865705494e-15,-0.2847397337601679,6.069785734320708,0.1974819367079065,12.271891833928905,9.944226093071794e-16,0.573083262825599,11.764969139420895,3.122502256758253e-16,0.36169351830045937,3.2555810983572697,0.8364847587305756
0.43,-0.6460622303900911,16.28708530229409,3.4515155883921214,16.525279782029127,5.134781488891349e-16,1.4089566333620402,26.036559169354625,2.4002038048330943e-15,-0.28460192157304226,6.069221598147639,0.19756643684696992,12.269592492519678,1.2986637149502416e-15,0.57332541760234,11.762398728420637,1.0477729794899915e-15,0.3614603088170489,3.2539491515451515,0.8356312157597002
0.44,-0.6456826111538146,16.278472602015682,3.4499314801512577,16.5115249733098,1.8457457784393227e-15,1.4083307680483184,26.018966966449632,-1.053640376715622e-15,-0.28446087533513986,6.0686398003842505,0.19765267189721744,12.267230005667692,-4.1490723075125746e-16,0.5735725337004757,11.759759253720617,-1.27675647831893e-15,0.3612217358186748,3.25227880825404,0.8347582343478427
0.45,-0.6452944035628708,16.26966371416447,3.4483106942091166,16.497464840492853,5.551115123125783e-17,1.4076904196628446,26.00098092774241,-9.351129388239596e-16,-0.28431659569956724,6.068040041885362,0.19774062424435873,12.264803763147928,-9.362721034122772e-17,0.5738245599111962,11.757050136608132,1.3183898417423734e-16,0.3609778078633036,3.2505700699647577,0.8338658597516484
0.46,-0.6448976170374189,16.26065876309631,3.4466532142183173,16.483100117198987,0.0,1.407035582165827,25.982601766171815,1.0381447559785519e-16,-0.2841690833405663,6.067422017423611,0.19783027587685903,12.26231314305717,2.475114975171791e-15,0.5740814438706067,11.754270787353505,-7.632783294297951e-17,0.3607285336968526,3.2488229383414584,0.8329541382952202
0.47000000000000003,-0.6444922612065246,16.25145787610023,3.4449590236280105,16.468431552625113,-5.273559366969494e-16,1.4063662494331233,25.963830209741154,-1.1356509537017306e-15,-0.2840183389539188,6.066785415742296,0.1979216083866046,12.259757511969632,-8.206491414967498e-16,0.5743431320613465,11.751420605362245,-1.186550857568136e-15,0.36047392225260577,3.247037415241406,0.8320231173717768
0.48,-0.6440783459079692,16.24206118340732,3.4432281056944127,16.453459911484103,-1.8041124150158794e-16,1.40568241525957,25.944667001456054,-8.98505021876576e-16,-0.28386436325736203,6.066129919609566,0.19801460296957726,12.257136225095323,2.0051751668044744e-15,0.5746095698148402,11.748498979329081,-1.7139067942650854e-15,0.36021398265060717,3.2452135027248357,0.8310728454447297
0.49,-0.6436558811880613,16.23246881819989,3.441460443491728,16.438185973941955,1.3461454173580023e-15,1.40498407336239,25.925112899261144,-3.12439114023063e-16,-0.2837071569910086,6.065455205873377,0.19810924042656577,12.254448626441583,-1.5756960047451276e-15,0.5748807013131694,11.745505287395655,3.469446951953614e-17,0.35994872419705265,3.243351203065162,0.8301033720492206
0.5,-0.6432248773014383,16.222680916620725,3.4396560199230093,16.422610535555393,6.522560269672795e-16,1.4042712173846543,25.90516867597534,-7.965074319505813e-16,-0.2835467209177754,6.064760945517623,0.1982055011639109,12.251694048977253,-1.0601616833765329e-15,0.5751564695912406,11.742438897310798,-7.008282842946301e-16,0.3596781563836629,3.2414505187590983,0.8291147477934138
0.51,-0.6427853447108662,16.21269761778248,3.4378148177314283,16.40673440720656,2.914335439641036e-16,1.4035438408988048,25.884835119226246,-1.4142028206039908e-15,-0.2833830558238219,6.064046803719291,0.1983033651942725,12.248871814799841,-1.5384672126474066e-15,0.5754368165390609,11.739299166593586,5.898059818321144e-16,0.35940228888704434,3.2395114525371556,0.8281070243597439
0.52,-0.6423372940870378,16.20251906377729,3.435936819511709,16.390558415036622,-1.942890293094024e-16,1.4028019374102487,25.864113031383184,3.57232503262828e-15,-0.2832161625189933,6.063312439906682,0.1984028121374368,12.245981235305566,-7.768893018592245e-16,0.5757216829039997,11.73608544269926,9.992007221626409e-16,0.3591211315680445,3.2375340073742724,0.827080254506249
0.53,-0.6418807363083596,16.19214539968654,3.4340220077215156,16.37408340037981,-4.0245584642661925e-16,1.4020455003610042,25.84300322948917,2.301271627143213e-15,-0.2830460418372725,6.062557507818462,0.1985038212211508,12.243021611362018,-2.6079636226191555e-16,0.576011008293274,11.732797063187858,-2.3592239273284576e-16,0.3588346944710871,3.235518186500365,0.8260344920677302
0.54,-0.6414156824607421,16.181576773590706,3.4320703646934465,16.357310219692906,-5.412337245047638e-16,1.401274523133414,25.82150654519172,-2.267037096514036e-16,-0.2828726946372401,6.061781655563904,0.19860637128199693,12.239992233483646,1.8891460525907386e-16,0.5763047311763524,11.729433355895747,1.5890067039947553e-15,0.358542987823502,3.2334639934114495,0.8249697919570617
0.55,-0.6409421438373789,16.170813336579442,3.430081872646824,16.340239744486325,-4.996003610813204e-16,1.4004889990539109,25.799623824672494,1.1529270376939293e-15,-0.2826961218025385,6.060984525684037,0.1987104407662907,12.236892382009923,1.1249558921932242e-15,0.5766027888876637,11.725993639109479,-6.730727086790012e-16,0.3582460220348404,3.2313714318805333,0.8238862101662472
0.56,-0.640460131938528,16.15985524276175,3.4280565136998673,16.322872861252478,-2.498001805406602e-16,1.3996889213968535,25.7773559285759,1.2931990818910305e-15,-0.2825163242423474,6.060165755213814,0.19881600773102906,12.233721327286215,-2.0060713276626695e-15,0.576905117629263,11.722477221742654,-2.761679773755077e-15,0.3579438076961806,3.2292405059688383,0.8227838037675905
0.5700000000000001,-0.6399696584712815,16.14870264927634,3.4259942698819685,16.305210471393195,-4.996003610813204e-16,1.3988742833884094,25.75470373193653,-1.7878443002309133e-15,-0.2823333028918634,6.059324975745179,0.198923049844863,12.230478329847152,-1.4352380368161041e-15,0.5772116524736758,11.71888340351516,-7.632783294297951e-16,0.3576363555794181,3.2270712200371054,0.8216626309147336
0.58,-0.6394707353493373,16.137355716302075,3.42389512314619,16.28725349114557,2.914335439641036e-16,1.3980450782105005,25.731668124105475,-1.9200750371432557e-15,-0.2821470587127873,6.058461813491158,0.1990315443891124,12.22716264060264,1.5912280478989297e-15,0.5775223273668829,11.715211475134883,-1.790234627208065e-15,0.35732367663655,3.224863578757078,0.8205227508436176
0.59,-0.6389633746927635,16.125814607068676,3.421759055381957,16.26900285150646,8.326672684688674e-16,1.397201299004816,25.708250008675726,4.0159551506209305e-15,-0.2819575926938182,6.057575889350916,0.19914146825881732,12.223773501026487,-1.6791026339788798e-15,0.5778370751312435,11.711460718482456,-8.673617379884035e-16,0.35700578199894534,3.2226175871231395,0.8193642238735724
0.6,-0.638447588827758,16.114079487867386,3.4195860484278113,16.25045949815615,-1.8041124150158794e-16,1.3963429388768605,25.684450303406237,-2.2290773149828344e-16,-0.2817649058511564,6.056666818975686,0.19925279796383077,12.22031014334726,-4.892758764872378e-16,0.5781558274687519,11.70763040679785,3.1155633628543455e-15,0.3566826829766016,3.2203332504639803,0.8181871114081085
0.61,-0.6379233902864023,16.102150528061944,3.4173760840844523,16.23162439138008,1.6653345369377348e-16,1.3954699909000752,25.660269940145128,-5.0105962944285015e-15,-0.28156899922900797,6.055734212835659,0.19936550962994876,12.216771790741827,4.770934251233528e-16,0.5784785149642453,11.703719804869888,-2.733924198139448e-15,0.35635439105739436,3.2180105744545036,0.8169914759358299
0.62,-0.6373907918064169,16.09002790009961,3.4151291441278526,16.21249850598998,-8.465450562766819e-16,1.3945824481200082,25.635709864751853,4.906353643675809e-17,-0.28136987390010176,6.054777676287838,0.1994795790000804,12.213157657531218,-1.3452005521053401e-15,0.5788050670888969,11.699728169227786,-1.5959455978986625e-16,0.3560209179063151,3.215649565127772,0.8157773810311113
0.63,-0.6368498063309054,16.077711779522325,3.41284521032263,16.19308283124273,4.3021142204224816e-16,1.3936803035585397,25.6107710370182,3.43047920121518e-16,-0.2811675309662084,6.053796809644713,0.1995949814354658,12.209466949378738,2.042615717139009e-16,0.579135412203629,11.695654748335485,1.1657341758564144e-15,0.355682275364697,3.2132502288871643,0.8145448913549107
0.64,-0.6363004470080971,16.06520234497798,3.4105242644355247,16.17337837075847,1.3183898417423734e-15,1.3927635502181615,25.58545443058835,-1.968592237329035e-15,-0.28096197155866875,6.0527912082439075,0.19971169191693106,12.205698863490472,-2.7366690084050255e-15,0.5794694775627676,11.69149878278796,-4.787836793695988e-16,0.3553384754494283,3.2108125725185936,0.8132940726553939
0.65,-0.6357427271910832,16.052499778231855,3.4081662882489323,16.15338614243815,2.498001805406602e-16,1.3918321810863017,25.559761032877915,3.370530444373257e-16,-0.2807531968389252,6.051760462518656,0.19982968504618528,12.201852588818003,-1.8243298209174186e-15,0.5798071893179476,11.687259505509676,4.0245584642661925e-16,0.35498953035215797,3.208336603202747,0.8120249917683541
0.66,-0.6351766604375547,16.039604264178212,3.405771263574857,16.133107178377887,2.0816681711721685e-16,1.3908861891397197,25.533691844992063,2.2726444546248593e-15,-0.28054120799906374,6.050704158069224,0.1999489350471629,12.197927306263392,-1.4546486438353837e-15,0.5801484725217664,11.682936141956084,-3.469446951953614e-16,0.354635452438491,3.2058223285276943,0.8107377166179534
0.67,-0.6346022605095255,16.02651599085189,3.403339172268768,16.112542524783542,6.661338147750939e-16,1.3899255673489281,25.507247881642463,-9.615602720525543e-17,-0.28032600626235643,6.049621875735044,0.20006941576742204,12.193922188886141,-2.30064312869635e-16,0.580493251132038,11.678527910316191,3.95516952522712e-16,0.3542762542471691,3.203269756501346,0.8094323162168902
0.68,-0.6340195413730604,16.01323514944014,3.400869996243625,16.091693241884318,1.5265566588595902e-16,1.388950308682687,25.480430171063546,-3.270855842305107e-16,-0.280107592883816,6.048513191667947,0.2001911006795732,12.189836402112487,2.6614550237876854e-15,0.5808414480158691,11.674034021718033,7.840950111415168e-16,0.3539119484892444,3.2006788955640517,0.808108860666818
0.6900000000000001,-0.6334285171979922,15.999761934294481,3.3983637174842625,16.070560403842947,2.636779683484747e-16,1.3879604061125306,25.45323975492748,3.1530263595619824e-15,-0.27988596915074987,6.0473776774059695,0.20031396288276096,12.185669103946545,1.625180516556671e-15,0.5811929849540134,11.669453680435927,-3.0531133177191805e-16,0.35354254804724233,3.1980497546015014,0.8067674211585172
0.7000000000000001,-0.6328292023576394,15.986096542942773,3.395820318061631,16.049145098667214,-5.551115123125783e-17,1.3869558526173589,25.425677688258528,1.844655223519733e-15,-0.27966113638332546,6.046214899948177,0.20043797510420092,12.181419445183515,-1.8166845015355013e-15,0.5815477826452011,11.664786084100108,2.8796409701214998e-15,0.35316806597431394,3.19538234295743,0.8054080699721577
0.71,-0.6322216114285125,15.972239176101262,3.3932397801473915,16.027448428118074,1.3877787807814457e-17,1.3859366411880596,25.397745039346184,-5.5292756491302514e-15,-0.27943309593513715,6.045024421830179,0.2005631097007549,12.177086569624908,1.3157966503743544e-15,0.5819057607108711,11.660030423907827,-1.249000902703301e-16,0.35278851549337537,3.1926766704466365,0.8040308804771885
0.72,-0.6316057591900244,15.95819003768691,3.3906220860285203,16.005471507618065,2.3592239273284576e-16,1.3849027648321957,25.36944288965771,2.5694714808806047e-15,-0.27920184919378105,6.043805801200533,0.20068933866056052,12.172669614295582,9.126754595676669e-16,0.582266837699882,11.6551858848368,8.743006318923108e-16,0.3524039099962433,3.1899327473679597,0.8026359271323137
0.73,-0.6309816606241881,15.943949334829629,3.387967218122154,15.983215466156825,1.942890293094024e-16,1.3838542165787193,25.340772333749428,-4.811697711820141e-17,-0.27896739758143396,6.0425585918979685,0.20081663360471108,12.1681677096626,-1.1731901833746203e-15,0.5826309310933403,11.650251645860497,-3.885780586188048e-16,0.3520142630427542,3.187150584517443,0.801223285485379
0.74,-0.6303493309153133,15.929517277884754,3.385275158990411,15.960681446197228,4.440892098500626e-16,1.3827909894827513,25.31173447917738,-2.86943125849177e-15,-0.27872974255543725,6.0412823435291365,0.20094496578899268,12.163579979855868,3.0350206939658286e-16,0.5829979573096538,11.645226880165277,1.124100812432971e-15,0.35161958835987606,3.1843301932014185,0.7997930321730975
0.75,-0.6297087854497013,15.914894080445633,3.382545891355511,15.937870603578647,-1.249000902703301e-16,1.3817130766303922,25.282330446407087,-5.1202993430756686e-15,-0.278488885608888,6.039976601547518,0.20107430610566043,12.15890554289065,4.3911839699910075e-16,0.5833678317098271,11.640110755369099,-5.967448757360216e-16,0.3512198998408133,3.1814715852498505,0.7983452449205651
0.76,-0.6290600398153289,15.900079959356148,3.379779398114923,15.914784107419418,-1.942890293094024e-16,1.3806204711435786,25.252561368722297,-1.313189059446232e-16,-0.27824482827123126,6.038640907332762,0.20120462508527934,12.154143510891544,-1.2512163173768447e-15,0.583740468602621,11.634902433742512,0.0,0.3508152115440976,3.1785747730296436,0.7968800025409576
0.77,-0.6284031098015301,15.885075134723506,3.3769756623565614,15.891423140019011,5.412337245047638e-16,1.3795131661849822,25.222428392133015,2.74368582934008e-15,-0.2779975721088621,6.03727479827092,0.20133589289861567,12.149292990318187,-1.082795250760115e-15,0.5841157812503124,11.629601072430567,7.771561172376096e-16,0.350405537692668,3.1756397694579457,0.7953973849346698
0.78,-0.6277380113986788,15.869879829931069,3.3741346673743005,15.867788896757247,-1.970645868709653e-15,1.3783911549629604,25.191932675282747,2.8598246343204854e-16,-0.2777471187257287,6.035877807835377,0.20146807935858035,12.14435308219253,-2.9372455632818966e-15,0.584493681874153,11.624205823677222,-1.0061396160665481e-15,0.3499908926729501,3.17266658801572,0.7938974730888074
0.79,-0.6270647607978564,15.854494271651172,3.3712563966834206,15.843882585993487,-1.5265566588595902e-16,1.3772544307365364,25.16107538935475,-2.9788624095628685e-16,-0.27749346976393974,6.034449465668456,0.2016011539222365,12.139322882327559,2.218929860274728e-17,0.5848740816603104,11.618715835050791,8.187894806610529e-16,0.3495712910339167,3.169655242761184,0.792380349076226
0.8,-0.6263833743905209,15.838918689858147,3.3683408340361423,15.819705428964905,3.191891195797325e-16,1.3761029868204149,25.12985771797765,-1.8420620321517138e-15,-0.2772366269043796,6.032989297663758,0.20173508569284915,12.134201481557461,-3.1924006861150985e-15,0.5852568907659027,11.61313024967095,-1.1796119636642288e-16,0.34914674748614133,3.1666057483432932,0.7908460960545122
0.81,-0.6256938687681748,15.823153317841436,3.3653879634376103,15.795258659680991,9.992007221626409e-16,1.3749368165900622,25.09828085713022,-9.042500228413283e-17,-0.2769765918673275,6.031496826049277,0.20186984342200753,12.12898796596927,2.669512424698442e-15,0.5856420183250205,11.607448206437798,2.0816681711721685e-17,0.3487172769008473,3.1635181200156026,0.7892947982650417
0.8200000000000001,-0.6249962607220177,15.807198392218604,3.362397769161403,15.770543524820862,-1.8596235662471372e-15,1.3737559134867918,25.066346015045298,-6.956118318889645e-16,-0.2767133664130753,6.029971569470936,0.2020053955117977,12.123681417135687,-9.071172293677841e-16,0.5860293724553021,11.601668840261393,9.645062526431047e-16,0.34828289430894244,3.1603923736496053,0.7877265410314898
0.8300000000000001,-0.6242905672426041,15.791054152948638,3.3593702357656303,15.74556128362601,-6.800116025829084e-16,1.372560271022913,25.034054412113115,2.6342296907970377e-15,-0.2764469523425561,6.028413043077066,0.20214171001703174,12.118280912349274,-8.302358603937739e-16,0.5864188602642699,11.595791282293604,2.8449465006019636e-16,0.347843614900048,3.1572285257485984,0.7861414107586431
0.84,-0.6235768055194915,15.774720843345241,3.356305348108917,15.720313207793302,2.5673907444456745e-15,1.3713498827869037,25.001407280783788,6.682539382420714e-16,-0.2761773514979769,6.026820758603379,0.202278754647539,12.112785524857866,-9.707370270031074e-16,0.5868103878561672,11.589814660160634,5.689893001203927e-16,0.34739945402151456,3.1540265934613783,0.7845394949307365
0.85,-0.6228549929408831,15.758198710090078,3.3532030913665265,15.69480058136612,-1.3739009929736312e-15,1.3701247424486196,24.968405865468934,2.756777147056369e-15,-0.27590456576344596,6.025194224458646,0.2024164967705272,12.107194324100977,-5.120225227692784e-16,0.5872038603387535,11.583738098197221,1.824929096727601e-15,0.3469504271774371,3.150786594595999,0.7829208821098661
0.86,-0.6221251470932703,15.74148800324631,3.350063451046513,15.669024700625258,1.3461454173580023e-15,1.3688848437645418,24.93505142244291,-4.471385284601781e-16,-0.27562859706561754,6.023532945810857,0.20255490341298177,12.10150637594753,-1.447132073461449e-15,0.5875991818301908,11.577560717682289,4.2327252813834093e-16,0.3464965500276527,3.147508547633531,0.781285661934351
0.87,-0.6213872857610646,15.724588976271976,3.346886413006082,15.64298687397728,1.1102230246251565e-15,1.3676301805830555,24.901345219743064,-1.9128138472029182e-15,-0.2753494473743286,6.021836424674149,0.202693941264155,12.09572074293434,3.3508030470317043e-16,0.5879962554667862,11.571281637074318,-3.184952301893418e-15,0.346037838386736,3.1441924717419267,0.7796339251162693
0.88,-0.6206414269262295,15.707501886033585,3.3436719634677954,15.616688421843662,2.220446049250313e-15,1.3663607468497643,24.867288537069424,-1.0293318016788445e-15,-0.2750671187032471,6.020104159996338,0.20283357667809312,12.089836484505826,2.7368163921378478e-15,0.5883949834099707,11.564899972249862,-8.326672684688674e-16,0.34557430822298235,3.140838386789702,0.7779657634397936
0.89,-0.6198875887679002,15.690226992819607,3.3404200890362246,15.590130676545733,-3.219646771412954e-15,1.3650765366128257,24.832882665683577,1.466033190162955e-15,-0.2747816131105156,6.01833564774676,0.20297377567624422,12.08385265725433,-2.186901003440201e-15,0.58879526685403,11.558414836741747,-3.469446951953614e-16,0.3451059756573846,3.1374463133599804,0.7762812697587956
0.9,-0.6191257896620121,15.67276456035425,3.337130776714283,15.563314982191915,8.326672684688674e-17,1.3637775440283353,24.798128908307266,1.2890553967130625e-15,-0.2744929326994084,6.01653038100511,0.2031145039501137,12.077768315161553,2.149955120346863e-15,0.5891970060339555,11.55182534197874,-2.005340338229189e-15,0.34463285696260376,3.134016272764169,0.7745805379943798
0.91,-0.6183560481809064,15.655114855810988,3.333804013919834,15.536242694561523,-9.020562075079397e-16,1.3624637633657233,24.763028579019768,-2.5288304165548697e-15,-0.2742010796189805,6.014687850050361,0.20325572686400464,12.07158250984055,-1.9706475627755474e-15,0.5896001002335155,11.545130597525628,-5.204170427930421e-16,0.3441549685619259,3.1305482870558294,0.7728636631322078
0.92,-0.6175783830929488,15.637278149826425,3.3304397885024573,15.508915180987536,2.3314683517128287e-15,1.3611351890131964,24.72758300315528,7.17602077749107e-16,-0.2739060560647304,6.012807542450609,0.20339740945780113,12.065294290778578,1.8565518012639195e-15,0.5900044477933016,11.538329711325169,-5.689893001203927e-16,0.34367232702821837,3.127042379044656,0.7711307412198948
0.93,-0.6167928133621263,15.619254716513947,3.3270380887599904,15.481333820239543,-2.498001805406602e-16,1.359791815483188,24.691793517199095,-3.3989882103021597e-15,-0.27360786427925465,6.010888943153178,0.20353951644983767,12.058902705580419,-8.83514656292543e-17,0.5904099461191851,11.531421789939788,-4.579669976578771e-16,0.34318494908287167,3.1234985723101527,0.769381869364003
0.9400000000000001,-0.6159993581476534,15.601044833477603,3.323598903455402,15.453500002404205,-1.2906342661267445e-15,1.3584336374178538,24.655661468683647,-3.4970305798809505e-16,-0.27330650655291666,6.008931534575406,0.20368201223981658,12.052406800212484,1.7246022792900655e-15,0.5908164916909467,11.524405938794622,-6.453171330633722e-16,0.3426928515947367,3.1199168912155857,0.7676171457269071
0.9500000000000001,-0.6151980368035647,15.582648781825917,3.3201222218335524,15.425415128765415,2.6645352591003757e-15,1.3570606495945783,24.61918821608377,2.1359193608943856e-15,-0.2730019852245073,6.006934796695769,0.2038248609118017,12.045805619247272,1.0548783153680342e-15,0.591223980070987,11.517281262421173,5.551115123125783e-16,0.34219605157905736,3.1162973609217506,0.7658366695235913
0.96,-0.6143888688783039,15.564066846185709,3.316608033638104,15.3970806116827,9.853229343548264e-16,1.355672846931516,24.58237512871131,-4.77373327160773e-15,-0.27269430268191575,6.00489820714562,0.20396802623728202,12.03909820610831,-1.0320884704056836e-16,0.591632305913395,11.510046864701309,8.118505867571457e-16,0.34169456619638816,3.112640007400822,0.764040541018121
0.97,-0.6135718741143121,15.545299314716114,3.3130563291284116,15.368497874469291,2.0261570199409107e-15,1.3542702244931617,24.545223586609467,1.3678120966322937e-15,-0.2723834613627994,6.002821241301308,0.2041114716783001,12.03228360331558,1.2673222253524116e-15,0.5920413629730793,11.502701849112299,5.551115123125783e-17,0.34118841275151274,3.1089448574501115,0.7622288615200824
0.98,-0.6127470724476036,15.526346479122337,3.309467099096464,15.33966835126845,-1.4432899320127035e-15,1.3528527774959163,24.50773498044625,-1.1079262947886765e-15,-0.27206946375525404,6.000703372376766,0.20425516039064032,12.025360852731046,1.3869884990416574e-15,0.592451044115168,11.495245318971907,-6.869504964868156e-16,0.3406776086923496,3.105211938705824,0.7604017333807482
0.99,-0.6119144840073444,15.507208634669732,3.3058403348838796,15.310593486929248,2.0261570199409107e-15,1.3514205013137122,24.4699107114077,4.515363235223224e-15,-0.27175231239849096,5.998544071516536,0.20439905522710058,12.01832899580468,-8.739685949769871e-18,0.5928612413247398,11.487676377684,-7.563394355258879e-16,0.3401621716088534,3.101441279656779,0.7585592599889723
1.0,-0.6110741291154201,15.487886080197672,3.302176028398981,15.281274736880547,3.608224830031759e-15,1.349973391483631,24.431752191090474,1.1138669603642445e-15,-0.2714320098835111,5.9963428078891425,0.2045431187408276,12.011187073820517,2.6610560712695287e-15,0.5932718457164237,11.479994128984973,-9.159339953157541e-16,0.339642119231909,3.0976329096581536,0.7567015457672073
1.01,-0.6102260282860017,15.468379118133582,3.2984741721338042,15.251713567004693,1.9984014443252818e-15,1.348511443711551,24.393260841393968,-4.763454950309273e-16,-0.2711085588537853,5.994099048781132,0.20468731318870903,12.003934128142848,9.862385769708083e-17,0.593682747544574,11.47219767718992,1.124100812432971e-15,0.3391174694322164,3.093786858945095,0.7548286961669771
1.02,-0.609370202225104,15.44868805450682,3.2947347591812295,15.221911453509634,-2.525757381022231e-15,1.347034653877817,24.354438094411915,1.91745304665503e-15,-0.2707819620059303,5.991812259691007,0.20483160053486402,11.996569200462515,-3.151148064001446e-15,0.5940938362134373,11.464286127439367,-3.157196726277789e-15,0.33858824021917366,3.0899031586463654,0.7529408176643798
1.03,-0.6085066718301403,15.428813198962754,3.2909577832519674,15.191869882800916,1.8041124150158794e-15,1.3455430180429149,24.31528539232354,1.7096970405172315e-15,-0.2704522220903921,5.989481904424116,0.20497594245417172,11.989091333043095,3.292135851038977e-15,0.5945050002877009,11.456258585945893,2.0747292772682613e-15,0.3380544497397482,3.0859818407977957,0.751038017755214
1.04,-0.6076354581894721,15.408754864776688,3.2871432386919004,15.16159035135059,1.915134717478395e-15,1.3440365324531827,24.275804187284443,2.4055536649279525e-15,-0.2701193419121282,5.987107445187414,0.20512030033589523,11.981499568967198,-9.544536656250907e-17,0.594916127502964,11.448114160241609,1.3877787807814457e-17,0.33751611627734385,3.082022938356005,0.7491204049502187
1.05,-0.6067565825819555,15.38851336886791,3.283291120499027,15.131074365567944,8.187894806610529e-16,1.3425151935465218,24.2359959413168,-3.906249137358448e-16,-0.2697833243312911,5.984688342684889,0.20526463528736408,11.973792952382379,-1.0047589523625236e-15,0.5953271047767532,11.439851959424804,1.186550857568136e-15,0.33697325825066443,3.0780264852116628,0.7471880887697686
1.06,-0.6058700664764753,15.368089031813579,3.2794014243407026,15.10032344166689,-2.400857290751901e-15,1.3409789979581217,24.195862126199206,5.0252232828781624e-15,-0.2694441722639096,5.98222405621311,0.20540890813773163,11.965970528746986,6.494443010988688e-16,0.5957378182196157,11.43147109440693,2.213507155346406e-15,0.33642589421256575,3.073992516202971,0.745241179738506
1.07,-0.6049759315314833,15.34748217786275,3.2754741465707853,15.069339105533572,6.38378239159465e-16,1.3394279425262103,24.155404223356246,2.341752178725443e-15,-0.2691018886825785,5.979714043757221,0.20555307944180284,11.958031345075668,1.8701958079782918e-15,0.5961481531462999,11.422970678159947,-1.8110513089197866e-15,0.3358740428489048,3.0699210671289823,0.7432797893799105
1.08,-0.6040741995945247,15.326693134950345,3.2715092842467777,15.038122892592899,-8.881784197001252e-16,1.3378620242978085,24.11462372374762,9.259010320060955e-16,-0.26875647661714125,5.977157762087192,0.2056971094839379,11.949974450184612,-4.749186680312774e-16,0.5965579940874396,11.41434982596278,1.6792123247455493e-15,0.33531772297738344,3.06581217476284,0.741304030210369
1.09,-0.6031648927017618,15.305722234711041,3.2675068351470458,15.00667634767326,-3.469446951953614e-16,1.3362812405344962,24.073522127756807,-4.072250654361346e-16,-0.2684079391553792,5.974554666854269,0.20584095828202004,11.94179889493628,9.149446608333611e-16,0.5969672248011143,11.405607655648312,4.399258735077183e-15,0.3347569535463826,3.0616658768650256,0.7393140157333818
1.1,-0.602248033077492,15.284569812493226,3.2634667977878395,14.97500102487218,1.4155343563970746e-15,1.3346855887181877,24.03210094507945,9.897995034810654e-16,-0.2680562794436942,5.971904212687838,0.2059845855915024,11.93350373248364,2.6997438776188952e-15,0.5973757282850168,11.396743287849382,-9.575673587391975e-16,0.3341917536337978,3.057482212196337,0.7373098604331708
1.11,-0.6013236431336614,15.26323620737292,3.259389171440657,14.94309848741813,-3.3306690738754696e-16,1.3330750665569302,23.990361694611504,-2.0416619580404007e-15,-0.26770150068780196,5.969205853292461,0.20612795090952946,11.925088018514028,1.020930081875029e-15,0.5977833867883536,11.387755846245376,2.3800406090401793e-15,0.3336221424458594,3.0532612205311276,0.7352916797685766
1.12,-0.6003917454693724,15.241721762167588,3.2552739561491078,14.910970307535194,-1.4432899320127035e-15,1.3314496719906805,23.948305904336877,1.2436125026093429e-15,-0.2673436061534157,5.966459041545109,0.20627101347911492,11.91655081149221,1.0964977027478479e-15,0.5981900818245457,11.378644457807384,3.0461744238152733e-15,0.33304813931595667,3.049002942669993,0.7332595901661348
1.1300000000000001,-0.5994523628703842,15.220026823449988,3.251121152746244,14.878618066303018,7.771561172376096e-16,1.3298094031971215,23.90593511121478,-3.1341489597829994e-16,-0.2669825991669316,5.963663229592644,0.20641373229341822,11.907891172902794,9.141662375548344e-16,0.5985956941836118,11.369408253043762,6.938893903907228e-17,0.33246976370345255,3.0447074204528257,0.7312137090135097
1.1400000000000001,-0.5985055183086115,15.198151741562036,3.2469307628715134,14.846043353518944,1.0685896612017132e-15,1.328154258597468,23.863250861066945,2.567392438511569e-15,-0.26661848311612146,5.960817868949599,0.20655606610006685,11.899108167492024,7.371287282821604e-16,0.5990001039451444,11.360046366244733,-8.298917109073045e-15,0.3318870351924901,3.0403746967714467,0.7291541546523236
1.1500000000000001,-0.5975512349416163,15.176096870628506,3.242702788987905,14.813247767557275,-3.635980405647388e-15,1.3264842368622756,23.82025470846446,1.7725557790494468e-15,-0.2662512614508164,5.957922410595996,0.2066979734055699,11.890200863508637,-1.4853146246577784e-15,0.5994031904912712,11.350557935726586,-1.4432899320127035e-15,0.3312999734907999,3.036004815582335,0.7270810463710043
1.16,-0.5965895361120935,15.153862568570807,3.238437234399025,14.780232915228021,-4.191091917959966e-15,1.3247993369172637,23.77694821661425,-9.967553380439177e-16,-0.26588093768359317,5.954976305075456,0.2068394124797966,11.881168332943876,-6.060289921126392e-16,0.5998048325199151,11.340942104075221,-8.604228440844963e-16,0.33070859842850037,3.0315978219192283,0.7249945043973486
1.17,-0.5956204453473521,15.131449197120606,3.234134103265864,14.747000411637277,-1.3461454173580023e-15,1.32309955794913,23.73333295724551,-2.2102757246526307e-15,-0.265507515390462,5.951979002593382,0.206980341360528,11.8720096517706,1.0366524956837266e-15,0.6002049080585039,11.3311980183886,-1.5681900222830336e-15,0.3301129299568901,3.027153761905336,0.7228946498906261
1.18,-0.5946439863587889,15.108857121833486,3.229793400624074,14.713551880042026,1.7069679003611782e-15,1.3213848994113782,23.68941051049564,-9.853618978704001e-17,-0.26513099821155006,5.94892995311529,0.2071207178580809,11.862723900181283,1.3584945224542596e-15,0.6006032944774257,11.321324830519128,4.65599780952175e-15,0.32951298814723884,3.022672682765993,0.7207816049339525
1.19,-0.5936601830413635,15.086086712102562,3.2254151324006526,14.67988895170901,-1.8041124150158794e-16,1.319655361030137,23.64518246479634,2.0993711597697834e-17,-0.26475138985178753,5.94582860646543,0.20726049956000614,11.853310162825185,2.707068171513803e-15,0.6009998685041209,11.311321697314657,8.396061623727746e-16,0.32890879318957594,3.0181546328406466,0.718655492526016
1.2,-0.592669059473058,15.063138341171918,3.2209993054309685,14.64601326576918,-1.9290125052862095e-15,1.3179109428099824,23.60065041675899,-2.0138000797898913e-15,-0.26436869408159025,5.942674412425242,0.2073996438358592,11.843767529043973,1.0443723539650023e-15,0.6013945062371907,11.301187780858708,-4.669875597329565e-15,0.3283003653914678,3.013599661595109,0.7165164365727917
1.21,-0.5916706399143389,15.040012386150165,3.216545927475523,14.611926469073719,-1.1518563880486e-15,1.3161516450397637,23.55581597106042,-2.9827053980445613e-15,-0.2639829147375418,5.939466820832099,0.2075381078420383,11.834095093106669,-9.028312426546774e-18,0.6017870831607682,11.290922248709915,-2.2898349882893854e-16,0.32768772517679706,3.0090078196334846,0.7143645618789954
1.22,-0.590664948807611,15.016709228023727,3.212055007236616,14.577630216048947,-5.689893001203927e-16,1.3143774682984128,23.51068074032791,8.901727587744355e-16,-0.26359405572307476,5.936205281678131,0.20767584852669788,11.824291954442842,8.354180079650757e-17,0.6021774741592631,11.280524274139824,2.9282132274488504e-15,0.32707089308453624,3.0043791587099182,0.7121999941391497
1.23,-0.5896520107766644,14.99322925167026,3.2075265543753457,14.543126168548154,2.8727020762175925e-15,1.3125884134607684,23.465246345024553,1.5805135046326364e-15,-0.26320212100915064,5.932889245209006,0.2078128226347388,11.814357217874822,1.8232473128108276e-15,0.6025655535318473,11.269993036370888,-6.314393452555578e-16,0.32644988976751377,2.999713731740607,0.7100228599289211
1.24,-0.5886318506261202,14.969572845871864,3.202960579527911,14.50841599570711,-6.661338147750939e-16,1.310784481703383,23.419514413334134,1.6515511933035392e-15,-0.2628071146349377,5.929518162022839,0.20794898671285905,11.80428999384832,2.1171292055089698e-16,0.6029511950079658,11.259327720811378,2.5673907444456745e-16,0.3258247359911825,2.995011592815052,0.7078332866954171
1.25,-0.5876044933408644,14.94574040332825,3.1983570943224624,14.473501373794289,-1.609823385706477e-15,1.3089656745103202,23.37348658104596,9.101521484177963e-16,-0.26240904070848603,5.926091483169099,0.2080842971146773,11.794089398661741,-1.3980141151578298e-15,0.6033342717621698,11.24852751929101,-2.9004576518332215e-15,0.32519545263237837,2.990272797207785,0.7056314027481504
1.26,-0.5865699640854836,14.92173232066988,3.1937161113955246,14.43838398606347,-1.6514567491299204e-15,1.3071319936789667,23.32716449143968,4.1098885633725907e-17,-0.2620079034074045,5.922608660247574,0.20821871000594336,11.783754554693889,-1.2673063434846506e-15,0.6037146564298079,11.237591630294022,1.5126788710517758e-15,0.3245620606780791,2.985497401389581,0.7034173372491588
1.27,-0.5855282882036895,14.897548998470953,3.189037644408381,14.403065522604972,-2.1788126858268697e-15,1.30528344132581,23.28054979516986,-6.345250862824052e-17,-0.26160370697952967,5.919069145507286,0.2083521813697967,11.773284590630116,-2.313944722341795e-15,0.6040922211226811,11.22651925919131,1.5543122344752192e-15,0.32392458122415985,2.980685463038584,0.701191220203129
1.28,-0.5844794912177406,14.873190841262364,3.184321708063521,14.367547680195447,1.942890293094024e-15,1.3034200198922243,23.233644150150553,5.725883431132762e-16,-0.26119645574360034,5.9154723919454595,0.20848466701210205,11.76267864168694,7.834067968718727e-16,0.6044668374449842,11.21530961847106,3.406996906818449e-15,0.3232830354741402,2.975837041051419,0.6989531824472401
1.29,-0.5834235988278555,14.848658257544452,3.1795683181209005,14.331832162147732,1.6653345369377348e-15,1.3015417321502396,23.186449221439695,1.1395155415235784e-15,-0.2607861540899199,5.91181785340633,0.2086161225668678,11.75193584983474,-1.3101888687470573e-15,0.6048383765093079,11.203961927968143,-1.8457457784393227e-15,0.32263744473793565,2.9709521955540326,0.6967033556409317
1.3,-0.5823606369116275,14.823951659799924,3.1747774914141615,14.295920678160016,-5.967448757360216e-16,1.2996485812083043,23.138966681123662,-1.7980582470253793e-15,-0.2603728064810274,5.908104984680112,0.20874650350171225,11.741055364019044,-1.8236551591749306e-15,0.6052067089530394,11.192475415091774,2.5951463200613034e-15,0.32198783043060014,2.966030987912449,0.6944418722552649
1.31,-0.5812906315234246,14.799071464506296,3.169949245866626,14.259814944165074,2.7755575615628914e-16,1.2977405705170308,23.091198208201426,2.1028567003477348e-16,-0.25995641745235637,5.904333241601677,0.20887576512341724,11.730036340379613,-7.816415802097947e-16,0.6055717049550307,11.180849315051155,2.1788126858268697e-15,0.32133421407106827,2.9610734807432086,0.6921688655620002
1.32,-0.58021360889379,14.774018092148582,3.165083600507432,14.223516682177534,-4.440892098500626e-16,1.2958177038749277,23.04314548846909,4.762167460229446e-16,-0.2595369916128968,5.900502081149359,0.20900386258353393,11.718877942468033,1.6911645949060179e-15,0.6059332342521696,11.169082871080295,4.808653475407709e-15,0.32067661728089325,2.956079737923898,0.6898844696227581
1.33,-0.5791295954288354,14.748791967231654,3.1601805754874532,14.18702762014113,1.2628786905111156e-15,1.2938799854341219,22.994810214404044,2.1668386045680093e-15,-0.25911453364585124,5.896610961543492,0.20913075088406605,11.707579341463077,-4.1224564147274764e-16,0.6062911661563836,11.157175334660568,-4.760081218080359e-15,0.3200150617829841,2.951049824603387,0.6875888192777383
1.34,-0.5780386177096283,14.723393518292625,3.1552401920950417,14.150349491776533,1.3183898417423734e-15,1.2919274197060673,22.946194085049363,-2.0083303645329967e-15,-0.25868904830929085,5.8926593423450395,0.20925638488321996,11.6961397163843,-8.888141179270396e-16,0.6066453695718695,11.145125965741492,7.029099524658022e-15,0.31934956940033743,2.945983807211822,0.6852820501341977
1.35,-0.5769407024915735,14.697823177913014,3.1502624727717223,14.113484036427735,7.632783294297951e-16,1.289960011567224,22.89729880589804,4.3853987349612607e-16,-0.2582605404368041,5.888646684553849,0.2093807193012152,11.684558254303457,-1.569382221156294e-15,0.6069957130125031,11.132934032959584,-6.00908212078366e-15,0.3186801620547694,2.940881753470507,0.682964298554721
1.36,-0.5758358767037908,14.67208138273087,3.1452474411279305,14.076432998907034,1.0269562977782698e-15,1.2879777662647351,22.848126088777395,-2.2444801856121802e-15,-0.257829014938145,5.884572450707019,0.20950370872616128,11.672834150553982,7.753269495880139e-16,0.6073420646192264,11.12059881385586,2.491062911502695e-15,0.3180068617656458,2.9357437324017694,0.6806357016455088
1.37,-0.5747241674484848,14.646168573452778,3.140195121958337,14.039198129342093,-5.551115123125783e-16,1.285980689422081,22.798677651733463,1.4496918070280515e-15,-0.25739447679987953,5.880436104976932,0.209625307620007,11.660966608938141,2.3113610600944325e-15,0.6076842921781469,11.108119595090379,1.2281842209915794e-15,0.3173296906486052,2.93056981433833,0.6782963972439342
1.3800000000000001,-0.5736056020003096,14.620085194865645,3.1351055412573716,14.00178118301961,-9.43689570931383e-16,1.2839687870447065,22.748955218915306,-1.044698673407932e-15,-0.2569569310860232,5.876237113269243,0.20974547032454516,11.648954841932104,-3.3819886825672395e-15,0.6080222631380995,11.095495672656027,1.8735013540549517e-16,0.31664867091428645,2.9253600709328262,0.675946523906607
1.3900000000000001,-0.5724802078057284,14.593831695848472,3.1299787262343393,13.964183920231296,1.1379786002407855e-15,1.2819420655256324,22.69896052045963,-1.4008180059714784e-15,-0.2565163829386794,5.87197494332054,0.2098641510674828,11.636798070888798,2.095949146662876e-16,0.6083558446292934,11.082726352088592,2.633310236532793e-15,0.315963824867049,2.9201145751668562,0.673586220896339
1.4000000000000001,-0.5713480124823679,14.567408529383922,3.124814705328681,13.92640810611709,1.1102230246251565e-16,1.279900531651048,22.64869529237526,-2.5504742259395852e-15,-0.2560728375786729,5.867649064795995,0.20998130396857048,11.624495526238313,-8.234646790134231e-16,0.6086849034812262,11.0698109486766,-6.151329445813758e-15,0.315275174903695,2.9148334013601107,0.6712156281698217
1.41,-0.570209043818365,14.54081615256981,3.119613508224841,13.888455510510308,-5.551115123125783e-16,1.2778441926058814,22.598161276427863,-2.948814127517259e-15,-0.2556263003061779,5.863258949386616,0.21009688304580865,11.612046447686136,1.98723289139926e-15,0.6090093062416984,11.056748787666884,9.575673587391975e-15,0.3145827435121871,2.9095166251790325,0.6688348863641831
1.42,-0.569063329771711,14.51405502663038,3.114375165867305,13.85032790777987,1.8041124150158794e-15,1.2757730559793368,22.54736022002467,-2.2407562052595767e-15,-0.2551767765013431,5.858804070906402,0.21021084222169148,11.599450084408891,1.279385033312497e-15,0.6093289191951126,11.04353920446999,-7.008282842946301e-15,0.3138865532703679,2.9041643236456136,0.6664441367842242
1.43,-0.5679108984695862,14.487125616927509,3.1090997104752462,13.812027076674351,1.762479051592436e-15,1.2736871297704164,22.496293876099358,-1.5375367469548477e-15,-0.25472427162491285,5.854283905389155,0.21032313532952943,11.58670569524755,7.695478555471346e-16,0.6096436083817371,11.030181544861414,5.745404152435185e-15,0.31318662684467335,2.8987765751457166,0.6640435213886793
1.44,-0.566751778207692,14.460028392971713,3.1037871755570716,13.773554800165467,-1.609823385706477e-15,1.2715864223934155,22.44496400299714,8.38882160961109e-16,-0.2542687912188426,5.8496979311851085,0.21043371611982226,11.573812548898417,2.0921601565315707e-15,0.6099532396167564,11.016675165181539,-4.2327252813834093e-16,0.31248298698884935,2.8933534594372494,0.6616331827766591
1.45,-0.565585997449575,14.432763828433002,3.0984375959249735,13.734912865289886,-2.1510571102112408e-15,1.2694709426833777,22.393372364359692,8.732075358738791e-16,-0.25381034090691,5.845045629057212,0.21054253826668604,11.560769924101173,-1.2425825105454816e-16,0.6102576785095744,11.003019432532682,6.012551567735613e-15,0.31177565654266504,2.8878950576582874,0.6592132641738033
1.46,-0.5644135848259483,14.405332401151705,3.093051007709333,13.696103062991224,-1.9567680809018384e-15,1.2673406999015484,22.341520729010796,1.217849148485656e-15,-0.25334892639532314,5.840326482277263,0.2106495553743508,11.547577109824765,-2.771934378131011e-16,0.610556790483137,10.98921372497431,-7.934625179117916e-15,0.31106465843062514,2.8824014523349826,0.6567839094184114
1.47,-0.5632345691340024,14.377734593148887,3.087627448372664,13.65712718796388,-1.8735013540549517e-15,1.2651957037407708,22.28941087084156,5.670870758790964e-16,-0.2528845534733204,5.835539976721426,0.21075472098369671,11.534233405450294,-9.241008752349433e-16,0.6108504407938902,10.975257431714475,-3.5388358909926865e-15,0.310350015660682,2.876872727388967,0.6543452629468807
1.48,-0.5620489793367156,14.349970890636868,3.0821669567237833,13.617987038493895,-2.275957200481571e-15,1.26303596433087,22.23704456869619,-1.0722117858424094e-15,-0.2524172280137708,5.8306856009659205,0.21085798857886082,11.520738120951542,-1.4662500305974522e-15,0.6111384945514464,10.961149953299833,3.2057689836051395e-15,0.3096317513229448,2.8713089681449224,0.6518974697794235
1.49,-0.560856844562155,14.322041784029393,3.076669572931698,13.578684416300476,3.094746681142624e-15,1.2608614922439993,22.184423606257816,2.6130146918418697e-15,-0.2519469559737619,5.825762846381816,0.21095931159388615,11.507090577072457,-1.5032674879748333e-16,0.6114208167385532,10.946890701802559,2.168404344971009e-15,0.30890988858839313,2.865710261337812,0.6494406755054462
1.5,-0.5596581941027723,14.293947767951725,3.0711353385392615,13.539221126378077,1.6930901125533637e-15,1.2586722984999557,22.131549771934594,1.0016164601282102e-16,-0.25147374339518863,5.820771207229893,0.2110586434194298,11.493290105502231,2.410331777783414e-15,0.6116972722313072,10.93247910100451,9.71445146547012e-17,0.30818445070758366,2.8600766951198318,0.6469750262686484
1.51,-0.5584530574146939,14.265689341250528,3.065564296476722,13.499598976837845,1.2906342661267445e-15,1.2564683945714625,22.078424858745908,2.0104934749220474e-15,-0.25099759640533337,5.81571018075498,0.2111559374095175,11.479336049047264,3.02636931120081e-15,0.6119677258195557,10.917914586578533,-1.627170620466245e-15,0.3074554610093605,2.8544083590672047,0.6445006687519068
1.52,-0.5572414641170085,14.237267007003632,3.0599564910751327,13.459819778748765,-5.551115123125783e-17,1.2542497923894191,22.02505066420906,-1.4063599307871264e-15,-0.25051852121744417,5.810579267279946,0.21125114688835264,11.465227761800556,4.369802740819941e-16,0.6122320422272866,10.903196606267393,-2.220446049250313e-16,0.3067229428995643,2.8487053441867802,0.6420177501621326
1.53,-0.5560234439910435,14.208681272529514,3.0543119680795825,13.419885345978694,1.1102230246251565e-16,1.2520165043481135,21.971428990225817,-7.276351830093342e-16,-0.2500365241313016,5.805377970299242,0.2113442251571783,11.450964609308018,-6.480670255266333e-17,0.6124900861333387,10.888324620059343,4.565792188770956e-15,0.3059869198597419,2.8429677429224043,0.6395264182147748
1.54,-0.5547990269796378,14.179932649396676,3.0486307746622066,13.37979749503587,-1.6237011735142914e-15,1.2497685433103953,21.917561642969645,3.9658887271746233e-16,-0.24955161153378388,5.80010579657204,0.21143512550116667,11.436545968732002,-5.683965888155515e-16,0.6127417221921915,10.873298100361156,1.141448047192739e-15,0.3052474154458539,2.83719564916104,0.6370268211182039
1.55,-0.55356824318641,14.151021653432805,3.0429129594350965,13.339558044909591,-1.6514567491299204e-15,1.2475059226128224,21.863450432772794,4.66538547567617e-16,-0.2490637898994259,5.7947622562150825,0.2115238011963878,11.421971229011863,3.018928126759181e-15,0.6129868150548652,10.858116532168093,-1.7486012637846216e-15,0.30450445328698406,2.831389158238709,0.6345191075579573
1.56,-0.5523311228750203,14.121948804733789,3.0371585724629893,13.299168816911486,-4.996003610813204e-16,1.24522865607076,21.809097174014056,2.246030679422129e-16,-0.24857306579097183,5.789346862794909,0.21161020551679038,11.407239791021507,4.545625604846252e-16,0.6132252293901709,10.842779413230623,-6.366435156834882e-15,0.30375805708404846,2.8255483669461987,0.6320034266805891
1.57,-0.5510876964684245,14.092714627672446,3.0313676652758548,13.258631634515769,2.0261570199409107e-15,1.2429367579834425,21.754503685006505,5.794310987776701e-16,-0.24807944585991865,5.783859133419737,0.2116942917412508,11.392351067723936,-1.252158853288902e-15,0.6134568299056391,10.827286254218873,4.3680337125096e-15,0.30300825060850584,2.819673373534604,0.6294799280778034
1.58,-0.5498379945481261,14.063319650907173,3.025540290881159,13.217948323201066,-1.457167719820518e-15,1.2406302431389988,21.69967178788577,-4.412722535532027e-15,-0.24758293684705945,5.778298588830897,0.21177601316065098,11.377304484322833,-3.612764926629042e-17,0.6136814813692407,10.811636578882826,2.3037127760972e-15,0.30225505770106664,2.813764277720508,0.6269487617697581
1.59,-0.5485820478534171,14.033764407390269,3.0196765037760276,13.17712071029127,1.6792123247455493e-15,1.238309126819433,21.644603308498393,6.736137509740598e-16,-0.24708354558301376,5.772664753493663,0.211855323085002,11.362099478410947,1.464342088883762e-16,0.6138990486306837,10.795829924210347,7.0915495697931874e-15,0.30149850227040337,2.8078211806910254,0.6244100781887494
1.6,-0.5473198872806198,14.004049434376178,3.013776359959336,13.136150624795643,-1.4155343563970746e-15,1.2359734248055665,21.589300076290804,-3.319994764674171e-15,-0.246581278988756,5.766957155687756,0.21193217485060917,11.346735500115479,-2.8134053229868184e-15,0.614109396643054,10.779865840581783,5.908468159177005e-15,0.3007386082918637,2.801844185108727,0.6218640281625125
1.61,-0.5460515438823141,13.974175273429395,3.0078399169433445,13.095039897251121,-2.275957200481571e-15,1.2336231533819293,21.533763924198304,2.272363027928134e-15,-0.24607614407613485,5.761175327597208,0.2120065218272693,11.331212012240282,1.5690660661087314e-15,0.6143123904846645,10.76374389192098,2.0469737016526324e-16,0.29997539980617927,2.795833395116075,0.6193107628972648
1.62,-0.544777048866569,13.944142470432299,3.0018672337654446,13.053790359562264,-2.9282132274488504e-15,1.2312583293416197,21.477996688534745,7.711739470476261e-16,-0.24556814794838608,5.75531880539976,0.21207831742550998,11.315528490404976,1.7636873440916943e-15,0.6145078953807971,10.747463655843667,-1.5265566588595902e-15,0.29920890091818286,2.7897889163399348,0.6167504339608226
1.6300000000000001,-0.5434964335961584,13.913951575592653,2.9958583709994397,13.01240384484353,-1.1518563880486e-15,1.2288789699911136,21.422000208882245,-1.4346048796880315e-15,-0.24505729780063928,5.749387129355734,0.21214751510386784,11.299684423180736,6.167526409831155e-16,0.6146957767257856,10.731024723802006,1.5334955527634975e-15,0.2984391357955191,2.783710855895572,0.614183193265328
1.6400000000000001,-0.5422097295877799,13.88360314345096,2.989813390766841,12.97088218725995,-2.5396351688300456e-15,1.2264850931550229,21.36577632798159,1.0691575967928472e-15,-0.24454360092041852,5.743379843896335,0.21221406837618573,11.2836793122231,1.2376983068133765e-15,0.6148759001051542,10.714426701225934,-2.7755575615628914e-16,0.2976661286673614,2.777599322390655,0.6116091930498686
1.6500000000000001,-0.5409169685112594,13.853097732887564,2.9837323567477796,12.929227221869315,6.938893903907228e-17,1.2240767171808102,21.309326891622682,8.614005318638646e-16,-0.24402706468813076,5.737296497711377,0.2122779308189588,11.267512672401343,1.0208284379213586e-15,0.6150481313177442,10.697669207661306,-8.673617379884035e-17,0.29688990382312863,2.771454425928821,0.6090285858630661
1.6600000000000001,-0.5396181821887569,13.822435907129497,2.9776153341920186,12.887440784462392,1.3877787807814457e-17,1.2216538609434675,21.252653748535757,-4.3411264403906465e-16,-0.2435076965775547,5.731136643836442,0.21233905607870254,11.251184031924783,-8.808191856961431e-16,0.6152123363978976,10.680751876904914,-1.2732870313669764e-15,0.29611048561120223,2.765276278113316,0.6064415245455699
1.67,-0.5383134025939608,13.7916182337572,2.971462389929354,12.845524711406227,-2.3592239273284576e-16,1.2192165438501203,21.195758750282618,2.8590989388429253e-15,-0.24298550415631437,5.7248998397394955,0.21239739787934866,11.234692932465606,1.3717122598379261e-15,0.6153683816381482,10.663674357134934,-1.8596235662471372e-15,0.2953278984376464,2.759064992050005,0.6038481622119721
1.68,-0.537002661851282,13.760645284710895,2.9652735923801,12.803480839485832,-2.2065682614424986e-15,1.216764785844618,21.138643751148628,-9.322588613081863e-16,-0.24246049508635187,5.71858564740686,0.21245291002968297,11.218038929278642,-1.802087370997231e-15,0.6155161336115109,10.64643631103918,1.0408340855860843e-17,0.2945421667649301,2.752820682350417,0.6012486522331071
1.69,-0.5356859922350363,13.7295176362968,2.959049011565313,12.761311005745997,-9.43689570931383e-16,1.2142986074120412,21.081310608034954,-6.460455813980109e-16,-0.2419326771243874,5.712193633428506,0.2125055464307798,11.201221591317683,1.9863704001007185e-15,0.6156554591941401,10.629037415939115,-1.3808398868775384e-15,0.29375331511064895,2.746543465134533,0.5986431482179011
1.7,-0.5343634261686242,13.698235869193066,2.9527887191167523,12.719017047334168,1.887379141862766e-15,1.2118180295831729,21.023761180351244,4.52678335693458e-16,-0.24140205812237525,5.705723369082905,0.2125552610834916,11.184240501348576,-1.9693649431351675e-15,0.6157862255879649,10.61147736391051,-1.863093013199091e-15,0.29296136804624895,2.7402334580332606,0.5960318039952079
1.71,-0.5330349962237044,13.666800568455473,2.9464927882866787,12.676600801342904,-1.1102230246251565e-16,1.2093230739389154,20.965997329908774,2.3181527820237543e-15,-0.240868646027948,5.6991744304209755,0.21260200809594484,11.167095256058843,-2.0689101609206242e-15,0.6159083003434628,10.593755861900505,4.423544863740858e-15,0.29216635019575643,2.733890780190734,0.5934147735954526
1.72,-0.5317007351193613,13.635212323522946,2.9401612939574804,12.634064104652744,1.8457457784393227e-15,1.206813762614665,20.908020920814135,-2.5215971787017916e-15,-0.24033244888485727,5.69254639834967,0.21264574169106318,11.149785466164158,-2.0054203828427045e-15,0.616021551382362,10.575872631841348,1.0408340855860843e-16,0.29136828623450406,2.7275155522664174,0.5907922112323031
1.73,-0.5303606757212673,13.6034717282227,2.9337943126509156,12.591408793776111,-4.579669976578771e-16,1.2042901183046066,20.849833819363297,-2.3556754945541726e-15,-0.23979347483340166,5.685838858714599,0.21268641621409534,11.132310756511343,-1.823614925109936e-15,0.6161258470206852,10.557827410759792,-5.828670879282072e-16,0.2905672008878657,2.7211078964368203,0.5881642712839215
1.74,-0.5290148510408347,13.571579380775246,2.927391922537391,12.548636704700023,-8.326672684688674e-16,1.2017521642659807,20.791437893936084,-5.02541682990661e-16,-0.2392517321108506,5.6790514023822025,0.21272398614018634,11.114670766177937,1.8403389553787617e-15,0.6162210559915499,10.539619950883644,5.676015213396113e-15,0.2897631189299841,2.7146679363972046,0.5855311082744309
1.75,-0.5276632942343703,13.539535883799127,2.9209542034448126,12.505749672730772,-6.938893903907228e-17,1.1991999243232863,20.732835014891414,4.0441863352364427e-16,-0.23870722905185776,5.672183625321135,0.21275840608194524,11.0968651485686,1.6421564332481865e-15,0.6163070474682903,10.521250019744002,9.922618282587337e-16,0.28895606518251254,2.708195797362867,0.5828928768549959
1.76,-0.526306038602216,13.507341844315283,2.9144812368672595,12.462749532338162,1.5543122344752192e-15,1.1966334228724125,20.674027054462645,-1.3126886747326415e-15,-0.23815997408886488,5.665235128682953,0.2127896307970252,11.078893571507908,6.0072571882988e-16,0.6163836910874617,10.502717400274037,-3.7470027081099033e-16,0.2881460645133511,2.7016916060702343,0.5802497317849508
1.77,-0.524943117587887,13.474997873751379,2.9079731059737157,12.419638116998556,-1.457167719820518e-15,1.1940526848847395,20.615015886653804,-8.402564719180291e-16,-0.23760997575250073,5.658205518882151,0.21281761519573286,11.060755717329869,-2.1598348067645187e-15,0.616450856971745,10.484021890904618,2.5326962749261384e-16,0.2873331418353863,2.695155490777983,0.5776018279129945
1.78,-0.5235745647772047,13.442504587945578,2.9014298956160234,12.37641725904228,-7.216449660063518e-16,1.191457735911159,20.555803387136045,1.5911446151536252e-15,-0.23705724267196585,5.651094407675167,0.21284231434862977,11.042451282964052,5.782995686392568e-16,0.6165084157535289,10.4651633056544,8.187894806610529e-16,0.28651732210523884,2.6885875812673934,0.5749493201576302
1.79,-0.5222004138974207,13.409862607150334,2.8948516923372014,12.333088789496909,9.992007221626409e-16,1.1888486020860511,20.496391433144787,-1.1956314742791758e-16,-0.2365017835754156,5.6439014122392726,0.2128636834941603,11.023979980018277,4.883286818939707e-16,0.6165562385975888,10.446141474218628,2.4320823133194835e-15,0.28569863032200504,2.681988008843041,0.5722923634884624
1.8,-0.5208206988163394,13.377072556035722,2.8882385843791956,12.289654537933759,6.522560269672795e-16,1.1862253101311877,20.436781903377412,2.030705798625903e-15,-0.23594360729032687,5.636626155249962,0.21288167804626124,11.005341534857925,-1.68843841936528e-16,0.6165941972246208,10.426956242051977,3.2959746043559335e-16,0.28487709152601254,2.6753569063329343,0.5696311129065669
1.81,-0.5194354535414308,13.344135063692569,2.881590661690455,12.246116332314323,-9.992007221626409e-16,1.1835878873595904,20.37697667789137,5.914674369581537e-16,-0.23538272274386196,5.629268264958197,0.2128962536020118,10.986535688681826,1.9827534635368242e-15,0.6166221639343451,10.407607470448749,6.591949208711867e-16,0.2840527307975689,2.6686944080884434,0.5669657234252453
1.82,-0.5180447122189381,13.311050763635304,2.874908015933439,12.202475998835915,3.802513859341161e-15,1.1809363616793158,20.3169776380029,-7.193404011151096e-16,-0.23481913896321976,5.62182737526648,0.2129073659492516,10.967562197594752,-2.749997389467427e-15,0.616640011628815,10.388095036618786,-1.124100812432971e-15,0.28322557325571834,2.6620006499841873,0.5642963500505008
1.83,-0.5166485091329818,13.27782029380453,2.868190740491724,12.15873536177925,2.914335439641036e-16,1.178270761597183,20.25678666618645,-6.834035460201882e-16,-0.23425286507597837,5.614303125804326,0.2129149710742214,10.948420832676529,6.247422792580917e-16,0.6166476138355486,10.368418833759943,1.3877787807814457e-17,0.2823956440570034,2.6552757694175027,0.5616231477616345
1.84,-0.5152468787046555,13.244444296569311,2.861438930477004,12.114896243355503,1.0130785099704553e-15,1.1755911162224433,20.196405645974423,1.7101192864414378e-15,-0.23368391031043048,5.6066951620028975,0.2129190251692047,10.929111380047724,-1.516536576730927e-15,0.6166448447310107,10.348578771126013,-3.2890357104520263e-15,0.281562968394225,2.6485199053077992,0.5589462714914326
1.85,-0.5138398554911145,13.210923418729147,2.854652682735819,12.070960463554002,1.5265566588595902e-16,1.1728974552703706,20.13583646185763,-4.956080830426741e-16,-0.23311228399590497,5.599003135168796,0.21291948464014798,10.909633640931924,1.1988301883253632e-15,0.6166315791636352,10.328574774091589,3.122502256758253e-16,0.28072757149520955,2.6417331980956713,0.5562658761067354
1.86,-0.5124274741846648,13.177258311515738,2.847832095856064,12.026929839990826,2.0816681711721685e-15,1.1701898090658134,20.075080999186433,7.199426415406074e-16,-0.23253799556308555,5.591226702557093,0.21291630611429915,10.88998743171464,6.691528519573451e-16,0.6166076926773271,10.30840678421228,-9.159339953157541e-16,0.2798894786215793,2.6349157897417648,0.5535821163884863
1.87,-0.5110097696118376,13.143449630594354,2.840977270173226,11.982806187757784,-1.5681900222830336e-15,1.167468208546657,20.01414114407225,4.095121602728396e-16,-0.23196105454431243,5.583365527443476,0.21290944644783003,10.870172583998855,1.8084425533213618e-15,0.6165730615347448,10.288074759281198,-1.817990202823694e-15,0.2790487150675252,2.628067823725396,0.5508951470119122
1.8800000000000001,-0.5095867767324652,13.109498036065041,2.834088307776671,11.938591319269808,-3.622102617839573e-15,1.1647326852672275,19.953018783289906,-2.0281907460472683e-15,-0.23138147057388003,5.575419279195564,0.21289886273344083,10.850188944657166,1.0486072010639186e-15,0.6165275627402075,10.267578673382484,-1.1449174941446927e-16,0.2782053061585852,2.6211894450432305,0.54820512252702
1.8900000000000001,-0.5081585306387457,13.075404192463333,2.827165312515222,11.894287044117021,4.787836793695988e-16,1.1619832714016443,19.891715804180315,-3.303115092101287e-16,-0.23079925338832286,5.567387633343381,0.21288451230798336,10.830036375880473,8.192212557059158e-16,0.6164710740634202,10.246918516939044,-1.1587952819525071e-15,0.27735927725042286,2.6142808002072386,0.5455121973382241
1.9000000000000001,-0.5067250665543064,13.041168768760965,2.8202083900030077,11.849895168912967,-2.220446049250313e-16,1.159219999747083,19.830234094554147,-1.4121008024662609e-15,-0.23021441282669064,5.559270271648999,0.21286635276003957,10.809714755223533,-1.8025945319743997e-15,0.6164034740623587,10.22609429675819,-6.036837696399289e-16,0.27651065372761574,2.6073420372429683,0.5428165256847242
1.9100000000000001,-0.5052864198332584,13.006792438365977,2.8132176476248323,11.80541749714555,-2.220446049250313e-16,1.156442903726984,19.768575542595823,-6.60250959198176e-16,-0.22962695883081494,5.5510668821752285,0.21284434193750953,10.789223975646909,2.9300466302631823e-15,0.6163246421065223,10.20510603607234,-4.2674197509029455e-16,0.27565946100244343,2.600373305687323,0.5401182616204618
1.92,-0.5038426259592443,12.972275879122664,2.806193194541314,11.760855829028486,-7.632783294297951e-17,1.1536520173941884,19.706742036768183,-1.1322067059799578e-15,-0.22903690144556513,5.542777159353479,0.21281843795517566,10.768563945555718,2.216249000996668e-16,0.6162344584001965,10.183953774575798,1.1102230246251565e-15,0.27480572451367924,2.5933747565861385,0.5374175589939919
1.93,-0.5023937205444856,12.937619773311305,2.799135141693909,11.716211961352707,4.2327252813834093e-16,1.1508473754340118,19.64473546571798,-1.9708277690350757e-15,-0.22844425081909503,5.534400804050769,0.2127885992022525,10.747734588835069,4.1895467181059373e-16,0.6161328040055314,10.162637568457917,8.465450562766819e-16,0.2739494697253906,2.5863465424916567,0.5347145714284804
1.94,-0.5009397393288171,12.902824807647352,2.7920436018098096,11.671487687336933,-2.2898349882893854e-15,1.1480290131672326,19.58255771818184,-2.2095773459876195e-15,-0.22784901720307696,5.5259375236356565,0.21275478434990916,10.726735844882121,2.5348041164153807e-15,0.6160195608654851,10.141157490432391,1.1275702593849246e-15,0.27309072212574015,2.5792888174599002,0.5320094523017475
1.95,-0.4994807181787201,12.867891673280537,2.7849186894063,11.626684796481923,7.91033905045424e-16,1.1451969665530277,19.52021068289293,-7.820866960235769e-17,-0.22725121095292938,5.517387032043545,0.21271695235878896,10.70556766863492,2.7863529964756474e-16,0.615894611827016,10.119513629762107,-4.215378046623641e-15,0.2722295072257907,2.5722017370475108,0.5293023547260117
1.96,-0.49801669308634905,12.832821065793528,2.77776052079528,11.581805074421812,-3.0531133177191805e-16,1.1423512721918263,19.457696248488354,1.7287407763912316e-15,-0.2266508425280307,5.508749049840749,0.2126750624864831,10.684230030597877,-2.4034990806352688e-15,0.6157578406639986,10.097706092280347,-5.904998712225051e-15,0.27136585055831836,2.565085458308797,0.5265934315278277
1.97,-0.49654770016855115,12.79761368520033,2.770569214087298,11.536850302778296,1.3322676295501878e-15,1.1394919673280963,19.39501630341711,7.042072046003459e-16,-0.22604792249192338,5.500023304287871,0.2126290742950015,10.662722916864041,-7.248879375240332e-16,0.6156091321002183,10.075735000407953,-1.3010426069826053e-15,0.2704997776766278,2.5579401397922967,0.523882835227878
1.98,-0.4950737756658814,12.762270235944305,2.763344889195636,11.491822259012947,2.518818487118324e-15,1.1366190898530544,19.332172735848772,-2.37035055212359e-15,-0.22544246151251002,5.491209529402105,0.21257894765820143,10.641046329134129,-1.058479264185049e-15,0.6154483718320118,10.053600493166943,-6.904199434387692e-16,0.2696313141533714,2.5507659415374344,0.5211707180210425
1.99,-0.4935949559416115,12.726791426896005,2.7560876678399064,11.446722716282654,-1.1796119636642288e-16,1.1337326783073096,19.269167433583007,6.607191566597708e-16,-0.22483447036223564,5.482307466018661,0.21252464276919172,10.619200284732344,-1.5426296384293326e-15,0.6152754465513138,10.03130272618936,-6.349087922075114e-16,0.2687604855793759,2.5435630250707146,0.5184572317559958
2.0,-0.49211127748073197,12.691177971350475,2.7487976735496766,11.401553443293174,3.7470027081099033e-16,1.1308327718834275,19.206002283959414,1.085489133169739e-15,-0.2242239599182609,5.4733168618511705,0.2124661201477143,10.597184816618924,4.297956347442647e-16,0.6150902439682217,10.008841871722918,-5.898059818321144e-16,0.2678873175624711,2.536331553401962,0.5157425279152058
2.0100000000000002,-0.49062277688895023,12.655430587024458,2.741475031667793,11.35631620415419,2.498001805406602e-16,1.1279194104284203,19.14267917376849,-1.9654997200386094e-16,-0.2236109411626234,5.464237471551168,0.21240334064748098,10.574999973399597,2.4539084465460955e-16,0.6148926528337392,9.986218118632209,-3.434752482434078e-16,0.2670118357263268,2.529071691020312,0.5130267575946811
2.02,-0.48912949089168106,12.61954999605306,2.7341198693536612,11.311012758233371,1.942890293094024e-16,1.1249926344461707,19.079199989162966,-6.057484124488612e-16,-0.22299542518239077,5.455069056766591,0.21233626546348938,10.552645819331792,-2.7707559435431435e-15,0.6146825629621292,9.963431672396705,1.5300261058115439e-15,0.2661340657092903,2.5217836038901718,0.5103100714840415
2.0300000000000002,-0.4876314563330349,12.583536924986305,2.726732315585964,11.26564486001405,-5.134781488891349e-16,1.122052485099774,19.015566615570094,7.148959133617479e-16,-0.22237742316980008,5.445811386199252,0.21226485613929383,10.53012243432786,7.097357886470747e-16,0.6144598652537284,9.940482755103549,-6.938893903907228e-18,0.2652540331632348,2.5144674594466703,0.5075926198460455
2.04,-0.4861287101747934,12.547392104785112,2.719312501165661,11.220214258948886,4.371503159461554e-16,1.1190990042137918,18.951780937604394,1.6551204842641504e-15,-0.2217569464223867,5.436464235661385,0.2121890745742306,10.507429913954963,-7.892658296471491e-16,0.6142244517170867,9.917371605437706,-2.393918396847994e-16,0.26437176375240673,2.50712342659143,0.5048745524967051
2.05,-0.4846212894953892,12.511116270817174,2.711860558718668,11.174722699315627,-9.71445146547012e-17,1.116132234276465,18.887844838981458,-2.4763237970666413e-15,-0.22113400634310515,5.427027388131143,0.2121088830306336,10.484568369432138,7.438566051030829e-16,0.6139762154912475,9.894098478667857,-1.3010426069826053e-15,0.26348728315228404,2.4997516756880342,0.5021560187852175
2.06,-0.48310923148886803,12.474710162852304,2.704376622698041,11.129171920075075,2.3592239273284576e-16,1.1131522184418072,18.823760202432034,-6.619906589927179e-16,-0.22050861444043318,5.41750063380709,0.21202424414097276,10.461537927624041,-1.5611530843154817e-15,0.6137150508681274,9.870663646627698,-6.036837696399289e-16,0.26260061704843485,2.4923523785570683,0.49943716757367984
2.07,-0.481592573463858,12.438174525057617,2.696860829386493,11.083563654725758,1.186550857568136e-15,1.1101590005316524,18.75952890961739,-4.032160796726037e-15,-0.2198807823284711,5.407883770161687,0.21193512091496997,10.438338731031887,-3.7566747655763634e-16,0.6134408533145473,9.847067397694165,-8.187894806610529e-16,0.2617117911353869,2.484925708471523,0.49671814721710505
2.08,-0.4800713528425231,12.40151010599224,2.6893133168983945,11.037899631161192,3.5388358909926865e-16,1.1071526250376134,18.6951528410449,-1.3371974671823263e-15,-0.2192505217270255,5.398176601993772,0.21184147674666895,10.41497093778128,1.6927777691540637e-15,0.6131535194941599,9.823310036761598,-8.465450562766819e-16,0.2608208311154976,2.4774718401517255,0.4939991055434535
2.09,-0.4785456071595149,12.364717658601704,2.6817342251818204,10.992181571525691,2.2065682614424986e-15,1.104133137122956,18.63063387598465,5.76490941538632e-16,-0.21861784446168234,5.38837894147997,0.21174327542144664,10.391434721607009,6.284024145022959e-16,0.6128529472894031,9.799391885211826,-4.2674197509029455e-16,0.2599277626978326,2.4699909497603736,0.4912801898335528
2.1,-0.4770153740609202,12.327797940212076,2.6741236960202697,10.946411192071974,2.636779683484747e-16,1.1011005826244071,18.565973892386815,3.3832825253941705e-16,-0.21798276246387144,5.378490608225094,0.2116404811229918,10.367730271835056,7.545275791121517e-16,0.6125390358234531,9.775313280880148,-1.0581813203458523e-15,0.25903261159704877,2.462483214897278,0.488561546800954
2.11,-0.4754806913031992,12.290751712523628,2.6664818730345643,10.900590203015685,-6.938893903907228e-17,1.0980550080538745,18.501174766799593,3.112286827656129e-15,-0.21734528777091608,5.368511429311463,0.21153305844021575,10.343857793361533,-1.0445622481638649e-15,0.6122116854814851,9.751074578018743,4.85722573273506e-16,0.25813540353228315,2.4549488145943483,0.4858433225723894
2.12,-0.47394159675212105,12.253579741604211,2.658808901684177,10.85472030839378,1.7832957333041577e-15,1.0949964606000886,18.43623837428804,2.1401269970598713e-15,-0.21670543252607194,5.358441239347194,0.2114209723741286,10.319817506628812,-2.3729332085193277e-15,0.6118707979327205,9.726676147254285,1.491862189340054e-16,0.2572361642260491,2.4473879293100484,0.4831256626673681
2.13,-0.47239812838169476,12.21628279788237,2.65110492926875,10.808803205920274,6.938893903907228e-18,1.0919249881301711,18.37116658835373,-4.774770251693406e-16,-0.21606320897855777,5.348279880513465,0.21130418834464892,10.295609647598884,-2.445718802616449e-15,0.611516276151707,9.702118375543218,-5.551115123125783e-16,0.256334919403137,2.439800740924101,0.48040871197846413
2.14,-0.4708503242730892,12.178861656139896,2.6433701049296774,10.762840586839776,3.469446951953614e-17,1.0888406391911085,18.305961280854987,-1.876102909873325e-15,-0.21541862948357002,5.338027202610661,0.2111826721973596,10.271234467723664,1.114478729910399e-15,0.6111480244393529,9.677401666123448,6.487865800153259e-16,0.2554316947895192,2.432187432732318,0.4776926147517556
2.15,-0.469298222613554,12.141317095504231,2.635604579650913,10.716834135786907,-1.7763568394002505e-15,1.0857434630111602,18.240624321928024,-4.525715036629856e-16,-0.21477170650228872,5.327683063103452,0.21105639021020692,10.246692233912768,-5.102620706675287e-16,0.610765948444775,9.652526438460246,-4.510281037539698e-16,0.25452651611126526,2.424548189440706,0.47497751456638515
2.16,-0.4677418616953295,12.103649899440374,2.6278085062605667,10.670785530637524,-2.5673907444456745e-16,1.0826335095011768,18.175157579908742,9.914143717950057e-16,-0.21412245260187054,5.317247327164793,0.21092530910015134,10.221983228498324,-2.643658438049399e-15,0.6103699551858189,9.627493128191027,-3.642919299551295e-16,0.2536194090934589,2.4168831971604154,0.4722635543153578
2.17,-0.4661812799145571,12.06586085574257,2.619982039431695,10.624696442365966,6.314393452555578e-16,1.0795108292558433,18.109562921255595,-1.2871015034619836e-16,-0.21347088045543122,5.306719867718877,0.21078939602973504,10.19710774919724,-1.2154627390358855e-15,0.6099599530704582,9.602302187064279,-4.926614671774132e-16,0.2527103994591259,2.40919264340196,0.46955087618538505
2.18,-0.46461651577017643,12.02795075652547,2.612125335683489,10.578568534897212,9.159339953157541e-16,1.0763754735548217,18.04384221047274,2.7603611552144388e-15,-0.21281700284201444,5.296100565482959,0.2106486186136044,10.17206610907068,1.8022805474487643e-15,0.609535851917498,9.576954082875798,-8.083811398051921e-16,0.251799512928162,2.4014767170698845,0.4668396216373236
2.19,-0.463047607862824,11.989920398215073,2.6042385533823205,10.53240346495964,-1.8735013540549517e-16,1.073227494363841,17.97799731003451,-6.710129892490747e-16,-0.21216083264655106,5.285389309008079,0.21050294492496335,10.146858636480868,-2.4192647990033947e-16,0.6090975629772094,9.551449299401405,-8.083811398051921e-16,0.25088677521627295,2.393735608457357,0.4641299313866315
2.2,-0.46147459489372394,11.951770581539291,2.5963218527424945,10.486202881938855,2.8033131371785203e-15,1.0700669443356798,17.91203008031031,3.1700634214443778e-15,-0.21150238285980547,5.2745859947187546,0.21035234350195914,10.121485675045413,1.0301878872907226e-15,0.6086449989524761,9.525788336324332,-5.793976409762536e-16,0.24997221203391848,2.3859695092405353,0.4614219453832037
2.21,-0.45989751566357134,11.913502111518028,2.588375395827486,10.439968427726136,2.0122792321330962e-16,1.066893876811077,17.845942379490417,-1.6784964230864418e-15,-0.21084166657830997,5.263690526951442,0.21019678335400205,10.095947583588895,4.6704973195128494e-17,0.6081780740187296,9.499971709161446,6.453171330633722e-16,0.24905584908526138,2.378178612473484,0.45871580279234736
2.22,-0.4583164090714126,11.875115797453034,2.5803993465508506,10.393701736568577,2.643718577388654e-15,1.0637083458195553,17.779736063512587,3.1195151950697605e-15,-0.21017869700428732,5.252702817991955,0.21003623396801505,10.070244736091986,-7.02693186146688e-16,0.6076967038446687,9.473999949183781,-8.153200337090993e-16,0.24813771206712526,2.3703631125828357,0.45601164197488664
2.23,-0.45673131411352014,11.836612452917382,2.5723938706770304,10.347404434919149,-1.0269562977782698e-15,1.060510406080168,17.713412985989507,-2.0210211415443526e-16,-0.20951348744556264,5.241622788111883,0.20987066531461743,10.044377521638122,1.2256887031102906e-15,0.6072008056128775,9.447873603333463,4.822531263215524e-16,0.2472178266679575,2.362523205362413,0.4533096004672905
2.24,-0.45514226988226114,11.79799289574444,2.5643591358228557,10.301078141279131,1.1934897514720433e-15,1.0573001130021427,17.64697499813696,-6.741564343954538e-16,-0.20884605131546072,5.230450365603557,0.20970004785421736,10.01834634435761,1.4301346103693378e-15,0.6066902980394233,9.421593234138895,2.435551760271437e-15,0.24629621856680042,2.3546590879686384,0.45060981496271935
2.25,-0.4535493155649594,11.75925794801663,2.5562953114582907,10.254724466046326,-1.8457457784393227e-15,1.0540775226854688,17.580423948702762,1.2363162666808127e-15,-0.20817640213269378,5.219185486814276,0.2095243525430651,9.992151623369303,7.535728141619185e-16,0.606165101394596,9.395159419623678,7.181755190543981e-16,0.24537291343226564,2.3467709589152257,0.44791242129087283
2.2600000000000002,-0.45195249044275726,11.720408436053798,2.54820256890796,10.208345011355188,-4.996003610813204e-16,1.0508426919213816,17.51376168389674,-1.3196078221809659e-15,-0.20750455352123712,5.207828096179186,0.2093435508391959,9.965793792720042,1.3623360286282946e-15,0.6056251375226906,9.368572753213744,4.423544863740858e-15,0.24444793692152014,2.338859018068764,0.44521755439869093
2.27,-0.45035183388946487,11.681445190401114,2.540081081352485,10.161941370917186,-4.510281037539698e-16,1.0475956781927602,17.4469900473212,1.3881240525865702e-15,-0.2068305192101902,5.196378146253021,0.2091576147083155,9.939273301321528,1.0306167506598293e-16,0.6050703298620534,9.34183384364016,-2.348815586472597e-15,0.24352131467927468,2.3309234666441694,0.4425253483307068
2.2800000000000002,-0.4487473853704092,11.642369045816661,2.5319310238301687,10.115515129857144,-3.400058012914542e-16,1.0443365396744506,17.380110879902425,6.966938105999634e-16,-0.20615431303362874,5.18483559774078,0.208966516629597,9.912590612885039,6.923231735316904e-16,0.604500603464879,9.314943314838565,-9.818534874028728e-16,0.24259307233678046,2.3229645072005716,0.4398359362095716
2.29,-0.4471391844412773,11.603180841258705,2.523752573238648,10.069067864548739,-3.2612801348363973e-16,1.0410653352335026,17.313126019822953,4.2254879142447133e-16,-0.2054759489304439,5.173200419527227,0.2087702296014136,9.885746205853792,7.52135134552632e-16,0.6039158850173152,9.287901805844381,-2.078198724220215e-15,0.2416632355108334,2.3149823436372343,0.43714945021618745
2.3000000000000003,-0.44552727074695275,11.563881419872507,2.515545908337106,10.022601142443472,-6.730727086790012e-16,1.0377821244293115,17.24603730245458,-9.502410531410399e-16,-0.20479544094416763,5.161472588705245,0.2085687271469684,9.858740573333137,-8.802159923585796e-17,0.6033161028589555,9.260709970685458,9.71445146547012e-17,0.24073182980278512,2.3069771811901374,0.43446602157035596
2.31,-0.4439116840203476,11.524471628976778,2.507311209748421,9.976116521899396,-4.510281037539698e-16,1.0344869675136812,17.17884656029232,-5.952725207154569e-16,-0.20411280322278758,5.149652090603063,0.20836198331985523,9.831574223018539,-1.3843618498722218e-15,0.6027011870030756,9.233368478269423,8.847089727481716e-16,0.23979888079756,2.2989492264285656,0.43178578051060557
2.32,-0.442292464081229,11.484952320049777,2.499048659962163,9.929615552000804,-9.506284648352903e-16,1.0311799254308034,17.11155562288904,4.365448991471054e-17,-0.20342805001854977,5.137738918810245,0.20814997270953486,9.804247677121296,1.9204469375466596e-15,0.6020710691557722,9.205878012269864,3.2959746043559335e-16,0.23886441406267925,2.290898687252628,0.42910885627503115
2.33,-0.4406696508350416,11.445324348715026,2.490758443337313,9.883099772379204,-6.869504964868156e-16,1.027861059817146,17.044166316790985,1.7010789037953927e-15,-0.20274119568774876,5.125733075202621,0.2079326704467198,9.776761472292332,-1.6522904413082554e-15,0.6014256827363105,9.178239271006028,-5.724587470723463e-16,0.23792845514729286,2.282825772890593,0.42643537708083556
2.34,-0.4390432842717252,11.405588574726718,2.4824407461060596,9.836570713023631,1.4988010832439613e-15,1.024530433001258,16.976680465474267,1.7842872912480373e-15,-0.20205225469050572,5.113634569966112,0.2077100522086731,9.749116159543826,1.35040874593977e-15,0.6007649628966006,9.150452967320996,-6.973588373426765e-16,0.23699102958121945,2.2747306938973866,0.42376547010465726
2.35,-0.4374134044645232,11.36574586195452,2.474095756377644,9.79002989408885,2.0816681711721685e-17,1.0211881080034897,16.909099889281816,-3.49321469645357e-15,-0.20136124159053442,5.101443421619115,0.20748209422442992,9.72131230416872,9.069694221184883e-16,0.6000888465411202,9.122519828455086,1.7763568394002505e-15,0.23605216287398878,2.266613662153214,0.42109926146236953
2.36,-0.4357800515687934,11.325797078368328,2.465723664143008,9.743478825695473,-1.2490009027033011e-15,1.0178341485356193,16.841426405361588,-2.1439520919705533e-16,-0.2006681710548939,5.089159657034099,0.20724877327990918,9.693350485658426,-1.1726104952013432e-15,0.5993972723469023,9.094440595915732,3.434752482434078e-16,0.2351118805138995,2.2584748908630985,0.41843687618871694
2.37,-0.4341432658208053,11.285743096022312,2.4573246612802198,9.696919007721455,2.636779683484747e-16,1.0144686190004004,16.77366182760526,1.6592344174098462e-15,-0.1999730578537313,5.076783311457719,0.20701006672295164,9.665231297618401,8.28084661405544e-16,0.5986901807832217,9.066216025344307,-2.8275992658421956e-16,0.23417020796707402,2.2503145945572682,0.41577843821717875
2.38,-0.4325030875365396,11.245584791038862,2.4488989415601203,9.650351929590514,-1.339206523454095e-15,1.01109158449102,16.705807966587948,-6.470394686824955e-16,-0.19927591686001,5.064314428529971,0.2067659524682575,9.636955347681955,-8.513793115346786e-16,0.5979675141322479,9.037846886377412,-8.760353553682876e-16,0.2332271706765296,2.242132989091863,0.4131240703587721
2.39,-0.430859557110479,11.20532304359193,2.4404467006535024,9.603779070045249,1.8735013540549517e-16,1.0077031107904726,16.63786662950866,-4.5871545714589465e-17,-0.19857676304922836,5.0517530603020315,0.20651640900223941,9.608523257422075,-1.941999717359325e-15,0.5972292165088202,9.00933396250659,1.0946105133413653e-15,0.23228279406125066,2.233930291651263,0.4104738942816524
2.4,-0.4292127150143952,11.164958737890139,2.431968136138619,9.557201896915831,-3.7470027081099033e-16,1.0043032643708416,16.56983962013166,8.896469101328682e-17,-0.19787561149912233,5.039099267253027,0.2062614153877657,9.579935662261523,5.674630261587793e-16,0.5964752338813091,8.98067805093206,-2.3071822230491534e-16,0.23133710351527284,2.2257067207508534,0.40782803048953253
2.41,-0.42756260179612976,11.124492762159452,2.4234634475100183,9.510621866875402,9.71445146547012e-17,1.0008921123924988,16.50172873872853,9.21683549082598e-16,-0.1971724773893593,5.026353118305596,0.20600095126882262,9.551193211381058,1.020605112390859e-15,0.5957055140923183,8.951879962413543,3.8337388819087437e-16,0.23039012440677045,2.2174624962411955,0.40518659830018044
2.42,-0.4259092580783722,11.083926008625408,2.414932836188563,9.464040425183072,-9.71445146547012e-17,0.9974697227032121,16.433535782021238,-2.000141647045636e-15,-0.19646737600121847,5.013514690840204,0.2057349968750682,9.522296567625997,1.837403350941815e-15,0.5949200068796429,8.9229405211169,3.122502256758253e-16,0.22944188207715374,2.209197839313495,0.40254971582356924
2.43,-0.4242527245574318,11.043259373495125,2.4063765055325606,9.417459005415546,-8.534839501805891e-16,0.9940361638371749,16.365262543125866,4.296268713704582e-15,-0.1957603227172589,5.00058407070847,0.20546353302630274,9.493246407411004,2.0461854316160938e-16,0.5941186638979796,8.89386056445584,8.326672684688674e-17,0.2284924018401729,2.200912972506258,0.39991749993919523
2.44,-0.42259304200200476,11.002493756938714,2.397794660850719,9.370879029180351,1.6653345369377348e-16,0.9905915050139378,16.29691081149727,-4.114763767379631e-16,-0.19505133302097566,4.9875613522450255,0.2051865411368225,9.464043420623241,-8.960452646675291e-16,0.593301438740447,8.864640942930608,9.384854005034526e-16,0.2275417089810291,2.1926081197138965,0.3972900662734907
2.45,-0.42093025125193795,10.961630063070508,2.3891875094163235,9.324301905816483,2.2898349882893854e-16,0.9871358161372659,16.228482372874556,-4.513467204910355e-16,-0.1943404224964433,4.97444663827849,0.20490400321969007,9.434688310523924,-5.931165042273394e-16,0.5924682869612506,8.83528251996076,1.2038980923279041e-15,0.22658982875549466,2.1842835061966333,0.3946675291760152
2.46,-0.4192643932169852,10.920669199929755,2.3805552604835536,9.277729032073669,1.7694179454963432e-15,0.9836691677938906,16.159979009227357,7.279829959133005e-17,-0.19362760682794727,4.9612400401410754,0.20461590189088996,9.405181793648266,-1.4547458408660811e-15,0.5916191660985772,8.805786171714086,2.96637714392034e-16,0.22563678638903795,2.1759393585926636,0.39205000169531334
2.47,-0.41759550887556157,10.879612079461019,2.3718981253057367,9.231161791772298,2.983724378680108e-16,0.9801916312521934,16.09140249870297,6.078650948444905e-16,-0.19291290179960438,4.947941677677139,0.20432222037338663,9.375524599703873,-8.92295873326508e-16,0.5907540356982707,8.776152786930403,2.5777990853015353e-15,0.2246826070759572,2.16757590493235,0.38943759555392277
2.48,-0.4159236392734928,10.838459617494141,2.3632163171559815,9.184601555439738,2.2898349882893854e-16,0.976703278460797,16.022754615574293,4.922147896466346e-16,-0.19219632329496894,4.93455167925036,0.20402294250109104,9.345717471467669,1.650207587290957e-15,0.589872857338295,8.746383266740356,4.116498808492963e-15,0.22372731597852386,2.1591933746548904,0.386830421122502
2.49,-0.41424882552275805,10.797212733723873,2.3545100513503283,9.138049679921505,4.996003610813204e-16,0.9732041820470614,15.95403713018861,-1.2043306349963755e-15,-0.19147788729662785,4.921070181749979,0.20371805272270177,9.315761164681359,9.14915755834036e-16,0.5889755946541807,8.716478524478582,7.73686670285656e-16,0.2227709382261302,2.1507919986276267,0.3842285873928807
2.5,-0.4125711088002301,10.755872351689062,2.3457795452740147,9.091507507961964,5.967448757360216e-16,0.9696944153155022,15.885251808917195,1.1694611472941129e-15,-0.1907576098857844,4.907497330595709,0.20340753610545995,9.285656447945474,2.029871577051976e-16,0.5880622133652995,8.686439485491787,-1.5334955527634975e-15,0.2218134989144457,2.1423720091685547,0.38163220195020264
2.5100000000000002,-0.4108905303464102,10.714439398751457,2.3370250184107175,9.044976367755321,-4.579669976578771e-16,0.9661740522461175,15.816400414105766,-2.649040220698457e-16,-0.19003550724182852,4.893833279741467,0.20309137833878158,9.255404102611985,1.575323892583487e-15,0.5871326813027984,8.656267086939629,5.5806054222173884e-15,0.2208550231045817,2.1339336400719358,0.37904137094331913
2.52,-0.40920713146415894,10.672914806074232,2.328246692375833,8.998457572457452,-5.793976409762536e-16,0.9626431674926309,15.747484704025727,1.4920683889231513e-16,-0.18931159564189512,4.880078191678004,0.20276956573780425,9.225004922675684,-2.010851822798295e-15,0.5861869684383615,8.625962277590604,5.032432803808717e-15,0.21989553582226382,2.125477126638029,0.3764561990542694
2.5300000000000002,-0.40752095351742174,10.631299508599964,2.3194447909536757,8.951952419658902,-6.210310043996969e-16,0.9591018363806499,15.678506432826243,1.0230272825128715e-15,-0.18858589146041166,4.866232237434293,0.20244208524680757,9.194459714664145,8.532503411407143e-16,0.5852250469151773,8.595526017609387,-4.855491009259083e-15,0.21893506205701008,2.1170027057068683,0.37387678946547265
2.54,-0.4058320379299515,10.589594445028348,2.3106195401396152,8.905462190809878,7.632783294297951e-17,0.9555501349057295,15.609467350487158,1.1942172998341755e-15,-0.18785841116863206,4.852295596577743,0.2021089244425342,9.16376929752657,-6.726650211335758e-16,0.5842468910801948,8.564959278338035,-4.577935253102794e-15,0.21797362676131943,2.108510615697081,0.3713032438255347
2.5500000000000003,-0.40414042618402496,10.547800557793474,2.3017711681873876,8.858988150594694,5.030698080332741e-16,0.9519881397313567,15.540369202772744,7.930795954921616e-18,-0.18712917133415932,4.838268457213237,0.2017700715373983,9.13293450252126,1.194385409404426e-16,0.5832524775189164,8.534263042067954,-5.204170427930421e-17,0.21701125484986564,2.100001096649989,0.36873566221244025
2.56,-0.4024461598191559,10.505918793040715,2.2928999056625496,8.812531546246191,-1.734723475976807e-17,0.948415928186847,15.471213731186198,-4.39777163638938e-16,-0.18639818862045648,4.824151015981071,0.20142551538258854,9.101956173102028,-1.4182103717054673e-15,0.5822417850924545,8.503438301803254,2.562186574017744e-15,0.2160479711986994,2.091474390279961,0.36617414309439245
2.57,-0.40074928043080527,10.463950100603313,2.2840059855029256,8.766093606792513,8.049116928532385e-16,0.944833578265156,15.402002672925065,-2.646325069820923e-15,-0.18566547978634457,4.809943478053586,0.20107524547105768,9.070835164803427,7.604581729365813e-16,0.5812147949773385,8.472486061014427,-6.978792543854695e-15,0.2150838006444607,2.082930740031868,0.3636187832878175
2.58,-0.39904982966908364,10.421895433978412,2.2750896430866865,8.719675542229275,-1.457167719820518e-16,0.9412411686206028,15.332737760837352,-9.203500545258236e-16,-0.18493106168548976,4.795646057130696,0.20071925194040138,9.039572345124835,-7.065902126834376e-16,0.5801714907087553,8.441407333380502,-2.9073965457371287e-15,0.2141187679835939,2.074370391146285,0.3610696779118475
2.59,-0.39734784923745325,10.379755750302897,2.2661511163096266,8.673278542602787,-2.5673907444456745e-16,0.9376387785665071,15.263420723378601,-9.044329554881557e-16,-0.18419495126587732,4.781258975434285,0.20035752557562325,9.008168593413568,9.618987675941008e-16,0.5791118582273327,8.410203142519496,-6.572867250476122e-15,0.21315289797157594,2.0657935907340033,0.35852692033917444
2.6,-0.3956433808914227,10.337532010328728,2.257190645672845,8.62690377699234,7.251144129583054e-16,0.9340264880727454,15.194053284569609,-1.123789130778161e-15,-0.18345716556927535,4.766782463701374,0.1999900578117956,8.976624800746889,1.0800417187021587e-15,0.5780358859300381,8.378874521705656,-3.0687258290029718e-15,0.21218621532214735,2.0572005878610495,0.3559906021427073
2.61,-0.3939364664372412,10.295225178397924,2.248208474381721,8.580552392382979,3.8163916471489756e-17,0.930404377763216,15.124637163955146,-4.504355512678063e-16,-0.18271772173068565,4.752216761176115,0.19961684073659486,8.944941869813091,-2.212091035372605e-15,0.5769435647267842,8.347422513569683,-2.1684043449710089e-16,0.21121874470655552,2.048591633645126,0.35346081303643184
2.62,-0.392227147730584,10.252836222417166,2.239204848459343,8.53422551239858,3.8163916471489756e-17,0.9267725289132248,15.055174076563281,4.719336577507042e-16,-0.18197663697778152,4.7375621156006416,0.19923786709273417,8.913120714791534,7.057445561647226e-16,0.575834888101759,8.315848169784005,-9.35015953551499e-16,0.21025051075280246,2.039966981366609,0.35093764081146583
2.63,-0.39051546667523873,10.21036611383205,2.230180016874904,8.487924235889913,1.897787482718627e-15,0.9231310234467778,14.985665732865677,-4.873061543079571e-16,-0.18123392863033788,4.7228187832048425,0.19885313028027427,8.881162261231918,-2.1204064686261253e-15,0.5747098521825433,8.284152550725835,2.0452389781766556e-15,0.20928153804490085,2.0313268865946297,0.34842117126423444
2.64,-0.3888014652217843,10.167815827600897,2.221134231691218,8.441649635338315,3.7816971776294395e-16,0.9194799439338047,14.916113838738578,4.70161876583285e-16,-0.1804896140996439,4.707987028694804,0.19846262435883333,8.849067445932524,6.776990702880061e-16,0.5735684558159908,8.252336725120179,1.6445178552260131e-15,0.20831185112214043,2.0226716073323847,0.3459114881178139
2.65,-0.3870851853662674,10.125186342168199,2.2120677482326845,8.395402755061259,-9.957312752106873e-16,0.9158193735872759,14.846520095424674,-1.0444935987904679e-15,-0.1797437108879091,4.693067125240151,0.19806634404965665,8.81683721681771,-1.1332176133327262e-15,0.5724107006545257,8.220401769653794,-2.8119867545584043e-15,0.2073414744783583,2.014001404183028,0.34340867293275024
2.66,-0.3853666691488746,10.082478639437753,2.2029808252791807,8.349184609168304,-2.983724378680108e-16,0.9121493962602559,14.776886199495705,-8.002013029288879e-16,-0.17899623658765532,4.678059354460388,0.197664284737602,8.7844725328146,2.4249809280560464e-15,0.5712365912520605,8.188348768561891,6.609296443471635e-16,0.20637043256121926,2.0053165405415787,0.34091280500819543
2.67,-0.38364595865260104,10.039693704745316,2.1938737252887015,8.302996179239086,-2.0573820425084932e-15,0.9084700964428615,14.70721384281588,9.48100547943769e-16,-0.1782472088810967,4.6629640064098705,0.19725644247298302,8.751974363728959,-1.1722782597626725e-15,0.570046135173178,8.15617881317829,-3.937822290467352e-16,0.20539874977150432,1.9966172828157185,0.33842396126968344
2.68,-0.3819230960019143,9.996832526830946,2.1847467146548,8.256838411666024,1.1483869410966463e-15,0.904781559259137,14.637504712506061,1.2180482674027098e-15,-0.1774966455395095,4.647781379561766,0.19684281397331307,8.719343690120343,1.716901942471246e-15,0.5688393431175421,8.123893001444173,-4.336808689942018e-17,0.20442645046240482,1.9879039006814867,0.3359422161415948
2.69,-0.380198123361418,9.953896097810961,2.175600064005422,8.210712214598017,-8.153200337090993e-16,0.9010838704638562,14.567760490908814,-6.140005978502617e-16,-0.17674456442259046,4.632511780790815,0.19642339662492778,8.686581503176626,-1.2404254815882945e-15,0.5676162290616356,8.091492437369745,-1.9654416982817224e-15,0.20345355893882755,1.9791766673804942,0.3334676414022206
2.7,-0.3784710829345055,9.910885413149487,2.1664340485505336,8.164618454413716,-4.579669976578771e-16,0.897377116439223,14.497982855554172,1.489971314016762e-15,-0.17599098347780193,4.617155525354963,0.1959981884844815,8.653688804587766,-1.675645568266335e-15,0.5663768104225871,8.058978230436713,-4.614364446098307e-16,0.20248009945670356,1.970435860066052,0.3310003060166359
2.71,-0.3767420169620159,9.86780147162968,2.1572489484889017,8.118557951625348,-2.914335439641036e-16,0.8936613841915123,14.428173479126132,-1.0992262010117459e-15,-0.17523592073970776,4.601712936875895,0.19556718828035027,8.620666606418983,-1.4411157374034446e-15,0.5651211082469982,8.026351494934048,-4.484260185400046e-16,0.20150609622230817,1.9616817602085515,0.32854027594451407
2.72,-0.37501096772088366,9.824645275324508,2.148045049485897,8.072531476098629,1.0061396160665481e-15,0.8899367613476071,14.358334029430043,-8.075620655626421e-16,-0.17447939432929635,4.586184347318345,0.1951303954138873,8.587515930983333,1.0347100042902112e-15,0.563849147431585,7.993613349209455,-1.0495077029659683e-15,0.2005315733915873,1.9529146540720097,0.32608761391602215
2.73,-0.3732779775227853,9.781417829567234,2.1388226432378037,8.026539741440189,7.28583859910259e-17,0.8862033361514684,14.288466169360731,2.4049810905079433e-15,-0.17372142245329333,4.570570096968354,0.1946878099605851,8.554237810713776,-1.460744462024087e-15,0.5625609569812361,7.960764914822075,1.8275311819415663e-15,0.19955655506949196,1.9441348332772186,0.3236423791702323
2.74,-0.3715430887127816,9.738120142921488,2.129582028142142,7.980583398365081,-5.551115123125783e-17,0.8824611974605207,14.218571556871268,1.5802575749511125e-15,-0.1729620234034626,4.554870534410464,0.1942394326711153,8.520833288034572,2.4042672534916447e-16,0.5612565703133405,7.927807315573611,4.3194614551822497e-16,0.198581065309319,1.9353425954710268,0.3212046271471801
2.75,-0.3698063436679586,9.694753227150947,2.120323510098376,7.9346630268105045,6.279698983036042e-16,0.8787104347419481,14.148651844942762,1.6762355862711016e-16,-0.17220121555589601,4.539086016503553,0.19378526497223358,8.487303415232402,-1.6216827634841559e-15,0.5599360256198229,7.894741676388319,-4.891920202254596e-16,0.1976051281120626,1.9265382451261424,0.3187744091221252
2.752,-0.369458775642173,9.686071625760535,2.118469685638622,7.925483314589223,-4.0939474033052647e-16,0.8779592552307359,14.134665035734901,1.144183136431758e-15,-0.17204888655364442,4.5359189502649055,0.19369373675653,8.48058249194508,9.672096575559404e-16,0.5596699814399573,7.888115682755864,-3.518886571018953e-15,0.19740988908852858,1.924775948882092,0.31828927379077865
2.7539999999999996,-0.36911113540261636,9.677387303927015,2.11661516016344,7.91630506509186,-3.712308238590367e-16,0.8772077350829011,14.120677301644525,-4.928164146497566e-16,-0.17189650208568327,4.532748503350721,0.19360197702650533,8.473856605645407,-9.8134976418833e-16,0.5594032930304113,7.881485421513718,-2.3158558404290375e-16,0.1972146333169331,1.9230131831369348,0.3178044420524898
2.7559999999999993,-0.36876342328873946,9.668700269789957,2.1147599362473106,7.907128281749957,1.6028844918025698e-15,0.8764558750228894,14.106688655823275,9.061083337182655e-17,-0.17174406230022124,4.529574678734506,0.193509985803328,8.467125764891184,2.1296026490861836e-15,0.5591359607739527,7.874850901651929,-1.6323747908941755e-15,0.19701936098851822,1.9212499504439826,0.3173199142489367
2.757999999999999,-0.36841563964004065,9.66001053149399,2.1129040164808797,7.8979529678411176,6.140921104957897e-16,0.8757036757761073,14.092699111414788,9.990701705626674e-15,-0.1715915673456001,4.526397479402949,0.19341776310924594,8.460389978255519,-1.7091046997893048e-16,0.5588679850630449,7.868212132156337,-3.1537272793258353e-15,0.19682407229444054,1.9194862533716337,0.3168356907130624
2.759999999999999,-0.3680677847960633,9.651318097188696,2.1110474034713533,7.8887791264850575,-8.847089727481716e-16,0.8749511380689214,14.078708681554609,-1.6855896192618146e-15,-0.1714390173702926,4.523216908355862,0.1933253089675947,8.45364925432676,-1.4614300690204404e-15,0.5585993662998868,7.861569122008362,-5.154730808865082e-15,0.19662876742577068,1.9177220945037585,0.3163517717690346
2.7619999999999987,-0.36771985909639493,9.642622975028639,2.1091900998431155,7.879606760637634,2.8449465006019636e-16,0.8741982626286544,14.06471737937018,-4.686209780684417e-16,-0.1712864125229039,4.520032968606158,0.19323262340279154,8.446903601708442,-6.976843296049936e-17,0.5583301048965864,7.854921880184509,-2.3245294578089215e-16,0.19643344657349102,1.915957476440324,0.315868157732068
2.7639999999999985,-0.36737186288066875,9.63392517317338,2.107332108238259,7.870435873085812,-8.81239525796218e-16,0.8734450501835879,14.05072521798087,8.729390131947097e-16,-0.1711337529521701,4.516845663179896,0.19313970644034187,8.440153029019278,1.2512677249975537e-15,0.5580602012751972,7.848270415656224,-1.2351231148954867e-15,0.19623810992849866,1.9141924017979168,0.3153848489083907
2.7659999999999982,-0.3670237964885622,9.625224699787417,2.105473431316796,7.861266466445375,-1.1796119636642288e-16,0.8726915014629595,14.036732210497956,-1.8898423500693286e-15,-0.17098103880695847,4.513654995116218,0.19304655810683208,8.433397544893076,1.2787290625431301e-15,0.5577896558685091,7.841614737387776,3.0427049768633196e-15,0.19604275768160373,1.9124268732099639,0.31490184559445034
2.767999999999998,-0.36667566025979653,9.616521563040212,2.103614071757563,7.8520985431523,2.480654570646834e-16,0.8719376171969601,14.02273837002457,-2.420429039171951e-16,-0.17082827023626776,4.51046096746737,0.19295317842993825,8.426637157978718,-1.5843693838969952e-15,0.5575184691196532,7.834954854337237,1.857021481033172e-15,0.19584739002352877,1.9106608933276246,0.31441914807730686
2.769999999999998,-0.36632745453413584,9.607815771106166,2.101754032258561,7.84293210545945,-6.418476861114186e-17,0.8711833981167371,14.00874370965574,6.369276753849573e-16,-0.1706754473892271,4.5072635832986965,0.19285956743842303,8.419871876940125,-1.4773121981705321e-15,0.5572466414826734,7.828290775454905,3.0357660829594124e-17,0.19565200714490874,1.9088944648201378,0.3139367566340636
2.7719999999999976,-0.36597917965138715,9.599107332164586,2.099893315537564,7.833767155430505,-3.122502256758253e-16,0.8704288449543839,13.99474824247836,-1.971694975263109e-15,-0.17052257041509533,4.504062845688561,0.19276572516212737,8.4131017104562,9.527227537973765e-16,0.5569741734227722,7.821622509682635,-3.6056227448177935e-15,0.19545660923629182,1.9071275903754366,0.31345467153161166
2.7739999999999974,-0.36563083595140106,9.59039625439976,2.098031924332688,7.824603694934636,1.1102230246251565e-15,0.869673958442952,13.980751981571213,-5.12943469267348e-16,-0.1703696394632626,4.500858757728485,0.1926716516319868,8.4063266672208,4.1237670956429564e-15,0.5567010654166176,7.814950065953022,2.3418766925686896e-17,0.19526119648813844,1.905360272700701,0.31297289302633446
2.775999999999997,-0.3652824237740685,9.581682546000824,2.0961698614031796,7.815441725638717,1.3704315460216776e-15,0.8689187393164354,13.966754940004895,1.2698892678869066e-15,-0.17021665468324892,4.497651322522993,0.19257734688001596,8.399546755942689,2.4976507797331368e-15,0.5564273179524195,7.808273453189045,8.76902717106276e-16,0.19506576909081957,1.9035925145231636,0.31249142136401586
2.777999999999997,-0.36493394345932356,9.572966215161832,2.0943071295299407,7.806281249002309,-2.2794266474335245e-15,0.868163188309781,13.952757130841878,3.958588064175455e-16,-0.17006361622470317,4.494440543189636,0.19248281093931827,8.392761985345476,-9.333594052608534e-16,0.556152931530365,7.801592680302965,-1.5256892971216018e-15,0.1948703272346204,1.9018243185906225,0.31201025677941596
2.7799999999999967,-0.3645853953471405,9.564247270081754,2.0924437315163127,7.797122266270023,-1.294103713078698e-15,0.8674073061588797,13.938758567136453,3.2583267360901135e-16,-0.16991052423740452,4.491226422859085,0.19238804384408498,8.385972364167625,3.947685492829761e-16,0.5558779066628496,7.794907756195629,-4.211908599671688e-15,0.194674871109736,1.9000556876722277,0.3115293994960301
2.7819999999999965,-0.3642367797775349,9.555525718964397,2.0905796701886077,7.787964778466376,3.0704605524789486e-16,0.8666510936005705,13.92475926193475,-1.768588250254728e-15,-0.16975737887126108,4.488008964674959,0.19229304562959032,8.37917790116234,-1.1405088530903566e-15,0.5556022438750772,7.788218689754867,1.2290515827295678e-15,0.1944794009062738,1.8982866245590173,0.3110488497254933
2.7839999999999963,-0.36388809709056213,9.54680157001847,2.08871494839714,7.778808786385783,-9.35015953551499e-16,0.8658945513726325,13.910759228274713,8.426767726118572e-16,-0.1696041802763097,4.484788171793937,0.1921978163321954,8.372378605097587,-1.9226145411807976e-16,0.5553259437049466,7.781525489855721,5.452235884995105e-15,0.19428391681425244,1.8965171320649445,0.3105686076676859
2.785999999999996,-0.36353934762631757,9.538074831457534,2.08684956901677,7.769654290587335,-1.231653667943533e-16,0.8651376802137937,13.896758479186085,-4.615406329710654e-16,-0.1694509286027165,4.481564047385715,0.19210235598935177,8.365574484756031,5.016134076723642e-17,0.5550490067038261,7.774828165358399,-3.694961003830599e-16,0.19408841902360108,1.8947472130274183,0.3100886735099676
2.787999999999996,-0.36319053172493654,9.529345511499983,2.0849835349479773,7.760501291384406,-9.71445146547012e-17,0.8643804808637158,13.882757027690463,1.6457077909331176e-16,-0.1692976240007757,4.478336594632968,0.19200666463958857,8.358765548934986,3.799556172490582e-16,0.5547714334364793,7.768126725108353,-5.84601811404184e-16,0.19389290772416085,1.8929768703083887,0.3096090474272365
2.7899999999999956,-0.3628416497265922,9.520613618369065,2.0831168491173595,7.751349788839691,6.401129626354418e-16,0.8636229540630082,13.868754886801142,9.496192250786368e-18,-0.1691442666209098,4.475105816731403,0.1919107423225337,8.351951806446356,-3.3753521529557225e-15,0.5544932244820833,7.761421177933663,-6.174748212739445e-15,0.1936973831056824,1.8912061067948258,0.3091297295809249
2.7919999999999954,-0.36249270197149697,9.511879160292837,2.081249514479189,7.742199782750466,1.2281842209915794e-15,0.8628651005532134,13.854752069523315,-2.4426209053433194e-16,-0.16899085661366914,4.471871716889626,0.19181458907889046,8.34513326611664,-1.2754917919542303e-15,0.5542143804336582,7.754711532646342,-4.2977774117325396e-15,0.19350184535782783,1.8894349254002987,0.3086507201195552
2.793999999999995,-0.3621436887999016,9.503142145504214,2.0793815340154262,7.733051272648056,6.227657278756737e-16,0.862106921076814,13.840748588853884,-7.685474368445334e-16,-0.16883739412973267,4.468634298329323,0.19171820495045358,8.338309936786867,6.656728104761059e-16,0.5539349018998161,7.747997798037913,-1.2351231148954867e-15,0.19330629467016894,1.8876633290649727,0.3081720191769979
2.795999999999995,-0.36179461055209355,9.494402582240863,2.077512910737827,7.723904257777862,-1.5751289161869408e-15,0.8613484163772286,13.826744457781533,-1.5060497099651554e-15,-0.1686838793199057,4.465393564285062,0.19162158998010476,8.331481827312528,1.1954345854410535e-15,0.5536547895036764,7.741279982881956,-2.489328188026718e-15,0.19311073123218786,1.8858913207577221,0.3076936268735522
2.7979999999999947,-0.3614454675683986,9.48566047874529,2.0756436476879645,7.714758737098827,-1.9637069748057456e-15,0.8605895871988126,13.812739689286715,1.4853219799477852e-15,-0.16853031233512109,4.462149518004389,0.19152474421181467,8.324648946563574,-3.958572182307694e-16,0.5533740438847307,7.734558095929402,3.097348766356589e-15,0.19291515523327754,1.8841189034761499,0.30721554331408196
2.7999999999999945,-0.3610962601891783,9.476915843264749,2.0737737479389766,7.705614709266692,5.48172618408671e-16,0.8598304342868482,13.798734296341639,-8.842917263035876e-16,-0.1683766933264395,4.45890216274778,0.19142766769063355,8.317811303424362,2.3604236700889046e-15,0.5530926656985594,7.727832145909093,6.071532165918825e-17,0.19271956686273878,1.8823460802483432,0.30673776858828883
2.8019999999999943,-0.3607469887548309,9.468168684051316,2.071903214596635,7.696472172623798,-5.984795992119984e-16,0.8590709583875574,13.784728291910252,6.090534688345985e-16,-0.16822302244504705,4.455651501788679,0.1913303604627052,8.310968906793583,-8.594779622882219e-16,0.5528106556172634,7.721102141526626,4.975186929101483e-15,0.19252396630978386,1.8805728541339297,0.30626030277029404
2.803999999999994,-0.36039765360579057,9.459419009361788,2.0700320508003536,7.687331125189136,-1.6792123247455493e-15,0.8583111602480888,13.770721688948242,9.596308104080478e-16,-0.16806929984225719,4.452397538413407,0.19123282257525798,8.304121765584274,-3.026177239862575e-16,0.552528014330485,7.714368091461699,-2.447694824603275e-15,0.19232835376353338,1.8787992282250956,0.3057831459176038
2.805999999999994,-0.3600482550825265,9.450666827457734,2.0681602597246234,7.678191564644608,3.2959746043559335e-17,0.8575510406165202,13.756714500403028,9.222923440872696e-16,-0.1679155256695095,4.449140275921199,0.19113505407660644,8.29726988872373,1.8798247163952786e-15,0.5522447425456832,7.707630004367277,-3.1667377053956614e-15,0.192132729413017,1.877025205648017,0.305306298070837
2.8079999999999936,-0.3596987935255435,9.441912146605464,2.066287844580313,7.669053488322486,2.0573820425084932e-15,0.8567906002418558,13.74270673921377,1.1241660769833014e-15,-0.16776170007836955,4.445879717624231,0.19103705501614912,8.290413285153486,-1.3294338775164261e-16,0.5519608409888377,7.700887888867749,3.791238156747312e-15,0.19193709344717397,1.8752507895641637,0.30482975925301814
2.8099999999999934,-0.35934926927538063,9.433154975076038,2.0644148086162795,7.659916893189953,-5.238864897449957e-16,0.8560298398740326,13.7286984183113,4.398064888460142e-16,-0.16760782322052817,4.442615866847539,0.19093882544438032,8.283551963829261,-1.2721801330128437e-15,0.5516763104048015,7.694141753557934,3.0869404255007282e-15,0.19174144605485247,1.8734759831718992,0.3043535294692311
2.811999999999993,-0.35899968267261095,9.424395321145212,2.062541155120519,7.650781775837806,-1.3877787807814457e-17,0.8552687602639063,13.714689550618207,3.5343723582329013e-17,-0.1674538952478023,4.439348726929033,0.1908403654128701,8.27668593372093,-2.8258068696795503e-15,0.5513911515583898,7.687391607000227,2.0105445086571194e-15,0.19154578742480866,1.871700789707649,0.3038776087055165
2.813999999999993,-0.358650034057841,9.415633193093456,2.060666887422103,7.641648132462011,1.0842021724855044e-15,0.8545073621632591,13.700680149048733,-1.549050594847051e-15,-0.16729991631213378,4.4360783012194975,0.1907416749742832,8.26981520381246,-4.855534037540187e-15,0.5511053652347662,7.680637457723492,1.2368578383714635e-15,0.19135011774570723,1.8699252124478196,0.3034019969284929
2.8159999999999927,-0.3583003237717106,9.406868599205952,2.0587920088925427,7.6325159588503935,-1.994931997373328e-15,0.8537456463247937,13.68667022650883,4.1784769901020586e-16,-0.16714588656558932,4.43280459308259,0.19064275418236684,8.262939783101896,-7.969147853150392e-17,0.5508189522403927,7.673879314220628,-2.843211777125987e-15,0.1911544372061213,1.868149254710176,0.302926694084401
2.8179999999999925,-0.3579505521548927,9.398101547772573,2.0569165229478643,7.623385250362832,-8.656270145124267e-16,0.8529836135021369,13.672659795896148,7.071567222151956e-16,-0.16699180616036025,4.4295276058947985,0.19054360309195878,8.256059680601286,1.9742400892395652e-15,0.5505319134035485,7.667117184947072,7.988401606873197e-16,0.19095874599453244,1.8663729198559056,0.30245170009858846
2.8199999999999923,-0.3576007195480921,9.38933204708786,2.0550404330501735,7.614256001915999,-3.642919299551295e-17,0.8522212644498325,13.658648870099999,-3.9769540214904187e-16,-0.16683767524876256,4.426247343045445,0.19044422175897852,8.249174905336691,2.162888767512232e-15,0.550244249575434,7.66035107831797,-3.7626152193936946e-15,0.19076304429932953,1.864596211291195,0.30197701487439843
2.821999999999992,-0.357250826292046,9.380560105451037,2.053163742709979,7.605128207961172,9.228728892196614e-16,0.8514585999233438,13.64463746200137,1.166744504182754e-15,-0.16668349398323673,4.422963807936683,0.19034461024043625,8.24228546634808,-5.446981074570074e-16,0.5499559616306912,7.6535810027066855,6.841749389252527e-15,0.1905673323088093,1.8628191324695427,0.30150263829265267
2.823999999999992,-0.35690087272752224,9.371785731165968,2.051286455487806,7.596001862468517,-2.5847379792054426e-16,0.8506956206790484,13.630625584472883,1.1772728093884922e-15,-0.16652926251634645,4.4196770039834945,0.19024476859442574,8.2353913726893,-4.909210179572363e-16,0.549667050468813,7.646806966441183,-9.228728892196614e-16,0.1903716102111758,1.8610416868933801,0.3010285702102353
2.8259999999999916,-0.3565508591953201,9.363008932541158,2.0494085749969195,7.586876958901083,1.1275702593849246e-16,0.8499323274742415,13.616613250378846,-8.584037292964789e-16,-0.16637498100077935,4.416386934613624,0.19014469688012883,8.22849263342811,-2.0941231256083305e-15,0.5493775170146051,7.640028977802702,1.835337437583462e-15,0.19017587819454074,1.8592638781167907,0.3005548104596364
2.8279999999999914,-0.3562007860362697,9.354229717889801,2.0475301049052588,7.577753490196067,1.0859368959614812e-15,0.8491687210671305,13.602600472575228,4.952479219865236e-17,-0.16622064958934696,4.413093603267674,0.1900443951578126,8.221589257646025,-2.964869648612993e-15,0.549087362219572,7.63324704502217,-1.6601303665098044e-15,0.18998013644692274,1.8574857097474462,0.3000813588475585
2.829999999999991,-0.35585065359123036,9.345448095529632,2.045651048938142,7.568631448738843,-3.2439329000766293e-16,0.8484048022168378,13.588587263909563,1.434810508516506e-15,-0.16606626843498273,4.409797013398939,0.1899438634888338,8.214681254438332,-1.5075291208363452e-15,0.548796587062901,7.626461176277555,4.047977231191879e-15,0.18978438515624763,1.8557071854493081,0.29960821515393676
2.831999999999991,-0.35550046220109205,9.336664073783094,2.043771410880987,7.559510826336817,-1.0061396160665481e-16,0.8476405716833938,13.57457363722111,1.0223877941443905e-15,-0.1659118376907446,4.406497168473601,0.18984310193563003,8.207768632914089,3.29565187156814e-16,0.5485051925522829,7.619671379691705,2.089474426814064e-15,0.18958862451034744,1.853928308945357,0.2991353791311109
2.8339999999999907,-0.35515021220677334,9.327877660977142,2.0418911945817317,7.550391614196133,-1.8908485888147197e-15,0.8468760302277397,13.560559605340693,1.3272534989049078e-15,-0.16575735750981188,4.40319407197047,0.1897421105617278,8.200851402195985,9.558391104330558e-17,0.5482131797259304,7.612877663327087,1.285430095698814e-15,0.18939285469696146,1.8521490840200039,0.2986628505018093
2.8359999999999905,-0.35479990394922156,9.319088865443396,2.0400104039542026,7.541273802889277,1.968911145233676e-15,0.8461111786117257,13.546545181090755,1.2635306560719564e-15,-0.16560282804548668,4.399887727381212,0.1896408894317427,8.193929571420348,3.0107570464168413e-15,0.547920549653157,7.60608003518422,3.1320432358761252e-15,0.18919707590373488,1.85036951452246,0.29819062895856874
2.8379999999999903,-0.3544495377694123,9.310297695518004,2.038129042981133,7.532157382326168,4.85722573273506e-16,0.8453460175981058,13.53253037728537,-1.039886632912466e-15,-0.16544824945119288,4.396578138210142,0.18953943861137,8.187003149737162,2.0303354930267203e-17,0.5476273034359395,7.599278503197539,2.255140518769849e-16,0.1890012883182194,1.848589604369763,0.29771871416216633
2.83999999999999,-0.35409911400834965,9.301504159541725,2.036247115717499,7.5230423417220535,5.776629175002768e-16,0.8445805479505426,13.518515206730214,1.5732667374134594e-16,-0.16529362188047697,4.3932653079743735,0.18943775816739492,8.180072146309904,-1.414989581863092e-16,0.547333442210682,7.59247307523088,-2.832803436270126e-15,0.18880549212787268,1.8468093575501041,0.2972471057398606
2.84199999999999,-0.35374863300706433,9.292708265859863,2.0343646262940966,7.513928669563083,1.5092094240998222e-15,0.8438147704335989,13.50449968222255,-1.0354768569663295e-15,-0.16513894548700594,4.389949240203702,0.18933584816768564,8.173136570315606,8.84133036666153e-16,0.5470389671496055,7.585663759073714,1.0714519549370749e-14,0.18860968752005838,1.845028778126411,0.29677580328399333
2.8439999999999896,-0.35339809510661385,9.283910022822251,2.032481578921656,7.504816353566949,3.7296554733501353e-16,0.8430486858127427,13.490483816551217,-2.1842825069628828e-16,-0.16498422042456895,4.386629938440602,0.18923370868119987,8.166196430944726,8.934830313611155e-16,0.5467438794621273,7.578850562437617,9.037909309839165e-16,0.1884138746820449,1.8432478702404562,0.2963048063506154
2.8459999999999894,-0.35304750064808316,9.275109438783277,2.0305979778945127,7.495705380647513,-2.411265631607762e-16,0.8422822948543398,13.476467622496664,-1.8006186770780575e-15,-0.1648294468470754,4.38330740624025,0.18913133977797458,8.15925173740121,-5.08744569783492e-16,0.5464481803972245,7.572033492950029,4.950033438699819e-15,0.18821805380100776,1.841466638116538,0.29583411445711527
2.847999999999989,-0.35269684997258266,9.266306522101871,2.028713827595328,7.486595736869608,3.469446951953614e-18,0.8415155983256586,13.462451112830891,1.5152574626819833e-15,-0.16467462490855606,4.379981647170532,0.18902874152913907,8.152302498902337,-1.1968303617348693e-15,0.5461518712448555,7.5652125581506375,1.960237527853792e-15,0.1880222250640266,1.839685086066189,0.29536372708080305
2.849999999999989,-0.35234614342124904,9.25750128114146,2.026829132499515,7.477487407406446,-2.7113727929517495e-15,0.8407485969948642,13.448434300317496,2.8194293518245196e-16,-0.16451975476316208,4.3766526648119735,0.1889259140069034,8.145348724678765,-3.0917118696260913e-15,0.5458549533385394,7.558387765484552,-2.6281060661048627e-16,0.18782638865808696,1.8379032184926118,0.29489364365632476
2.8519999999999888,-0.3519953813352426,9.248693724269955,2.024943897180471,7.468380376489403,-9.228728892196614e-16,0.8399812916310143,13.4344171977116,6.861924102708291e-16,-0.1643648365651645,4.373320462757722,0.18882285728456022,8.138390423974421,5.920028147203776e-16,0.5455574280570163,7.55155912229799,5.487797716252629e-15,0.1876305447700781,1.836121039895911,0.29442386357399797
2.8539999999999885,-0.35164456405575006,9.239883859859809,2.0230581263149823,7.459274627356381,4.649058915617843e-16,0.8392136830040671,13.420399817759893,8.276255745112159e-16,-0.16420987046895485,4.369985044613656,0.18871957143649343,8.131427606046522,-5.07797761483571e-16,0.5452592968267175,7.544726635831887,1.6436504934880247e-15,0.1874346935867952,1.8343385548784887,0.2939543861773496
2.8559999999999883,-0.351293691923982,9.231071696287918,2.0211718246887083,7.450170142198905,1.087671619437458e-15,0.8384457718848708,13.406382173200635,1.1957040924651518e-15,-0.1640548566290436,4.366646413998176,0.18861605653816643,8.124460280165476,-4.630908083164786e-16,0.5449605611247198,7.537890313214193,-4.935288289154016e-16,0.18723883529493843,1.8325557681505418,0.293485210760151
2.857999999999988,-0.3509427652811718,9.22225724193565,2.0192849972026705,7.441066902100053,-8.98586760555986e-16,0.8376775590451642,13.392364276763589,1.0132617850700563e-15,-0.16389979520006095,4.363304574542368,0.188512312666127,8.117488455614888,8.976241051298897e-16,0.5446612224810269,7.531050161453884,8.239936510889834e-16,0.18704297008111084,1.8307726845365435,0.2930163365641373
2.859999999999988,-0.3505917844685777,9.213440505188853,2.0173976488798466,7.43196488697123,6.557254739192331e-16,0.8369090452575799,13.378346141170084,5.032743052786706e-16,-0.1637446863367565,4.359959529889903,0.1884083398980098,8.11051214169148,2.731025300669364e-15,0.5443612824815701,7.524206187433231,1.805847138491856e-15,0.18684709813182118,1.8289893089818368,0.2925477627760098
2.8619999999999877,-0.35024074982747977,9.204621494437816,2.0155097848723242,7.422864075483533,1.2472661792273243e-15,0.836140231295638,13.364327779132955,1.7249072607819138e-15,-0.1635895301939988,4.356611283697074,0.18830413831253268,8.103531347705053,-2.101305866566554e-15,0.5440607427715771,7.517358397899065,-1.2325210296815214e-15,0.18665121963348097,1.8272056465597917,0.29207948852406085
2.8639999999999874,-0.34988966169918134,9.195800218077268,2.013621410469343,7.413764444990702,-8.72565908416334e-16,0.8353711179337447,13.350309203356565,-8.09795976821863e-16,-0.16343432692677437,4.353259839632721,0.18819970798949684,8.096546082978477,-9.976415950686387e-16,0.5437596050583995,7.51050679945531,-1.478851763270228e-15,0.18645533477240697,1.8254217024798463,0.29161151287534526
2.8659999999999872,-0.349538520425007,9.186976684506337,2.011732531105185,7.404665971453378,-1.196959198423997e-16,0.8346017059471902,13.336290426536804,-9.95178022075426e-16,-0.1632790766901882,4.349905201378231,0.18809504900978294,8.089556356847613,1.9732438138846522e-15,0.5434578711160472,7.503651398551372,-2.727852665973529e-15,0.18625944373481879,1.823637482095402,0.29114383483114303
2.867999999999987,-0.34918732634630373,9.178150902128603,2.009843152368631,7.395568629348666,-3.5214886562329184e-16,0.8338319961121553,13.322271461361057,-9.246959671655874e-16,-0.16312377963946378,4.346547372627611,0.18799016145536276,8.082562178661272,-1.8683104085906547e-15,0.54315554278853,7.496792201473431,3.3523531173251797e-15,0.18606354670683994,1.8218529909132684,0.29067645332362535
2.869999999999987,-0.3488360798044392,9.169322879352036,2.0079532800126763,7.38647239157687,1.1275702593849246e-16,0.8330619892056967,13.308252320508206,-3.183875997641421e-16,-0.16296843592994198,4.343186357087369,0.18788504540928558,8.075563557781216,-6.556837716086512e-16,0.5428526219942563,7.4899292143329985,5.93275428784068e-16,0.18586764387449722,1.8200682346033907,0.2902093672114404
2.8719999999999866,-0.34848478114080145,9.160492624588969,2.006062919965242,7.37737722935892,-1.878705524482882e-15,0.8322916860057561,13.29423301664863,-1.0583898244541361e-15,-0.16281304571708105,4.33982215847655,0.18777970095568539,8.068560503582045,-1.2436946176559316e-15,0.5425491107308328,7.483062443054538,2.1089900659188032e-15,0.1856717354237204,1.8182832190095568,0.2897425752749233
2.8739999999999863,-0.3481334306967991,9.151660146256157,2.004172078340673,7.36828311212629,-2.2898349882893854e-16,0.8315210872911516,13.280213562444196,3.7166378177217555e-16,-0.1626576091564566,4.336454780526714,0.18767412817977677,8.061553025451218,-1.9472496995311203e-15,0.5422450110800019,7.4761918933626825,-4.649058915617843e-16,0.18547582154034248,1.8164979501608964,0.2892760762111497
2.875999999999986,-0.3477820288138615,9.142825452774721,2.0022807614524676,7.359190007399079,-1.2646134139870924e-15,0.8307501938415843,13.266193970548288,1.5129889761003382e-15,-0.16250212640376172,4.333084226981949,0.18756832716785982,8.054541132788977,3.956148850824101e-15,0.5419403252132046,7.469317570767872,-5.210675640965334e-15,0.18527990241009978,1.8147124342846077,0.28880986862837976
2.877999999999986,-0.3474305758334356,9.133988552570099,2.0003889758267768,7.350097880656541,-1.0408340855860843e-16,0.8299790064376267,13.252174253605709,4.1353069136976714e-16,-0.16234659761480513,4.329710501598798,0.18746229800731432,8.047524835008321,2.2817248074652837e-15,0.5416350553977511,7.4624394805503265,-1.8383732036664213e-15,0.18508397821863048,1.8129266778194624,0.28834395103987553
2.8799999999999857,-0.3470790720969887,9.125149454072135,1.9984967282179564,7.341006695188508,-2.411265631607762e-16,0.8292075258607294,13.238154424252782,1.8666594445963244e-15,-0.16219102294551274,4.326333608146334,0.1873560407866014,8.04050414153494,1.895627538776961e-15,0.5413292040026555,7.455557627745044,1.601149768326593e-15,0.18488804915147594,1.811140687431355,0.28787832185807394
2.8819999999999855,-0.34672751794600565,9.116308165714948,1.996604025624179,7.331916411945555,-4.336808689942018e-17,0.8284357528932159,13.224134495117246,1.0267572748141671e-16,-0.16203540255192603,4.322953550406046,0.18724955559526704,8.033479061807196,-4.669456395430013e-16,0.5410227735071147,7.448672017119913,2.187919984075748e-15,0.18469211539407962,1.809354470028912,0.2874129793861012
2.8839999999999852,-0.34637591372198906,9.107464695937011,1.99471087530602,7.322826989361296,1.9949319973733282e-16,0.8276636883182781,13.210114478818337,2.16225921689163e-15,-0.16187973659020272,4.319570332171908,0.18714284252393323,8.026449605276067,2.2069810229138014e-15,0.540715766506958,7.441782653158997,-2.856222203195813e-15,0.18449617713178634,1.8075680327820869,0.2869479218113201
2.885999999999985,-0.34602425976646034,9.098619053181116,1.9928172848061578,7.313738383163845,6.071532165918825e-17,0.8268913329199843,13.19609438796672,-1.4020226018005791e-15,-0.16172402521661608,4.316183957250329,0.18703590166430875,8.019415781405119,2.3816058696784236e-15,0.5404081857242032,7.434889540037942,2.6441522582576482e-15,0.18430023454984426,1.805781383141849,0.28648314719578105
2.887999999999985,-0.34567255642095723,9.08977124589435,1.9909232619707433,7.3046505461711515,2.4511642715552284e-15,0.8261186874832663,13.182074235164524,-2.0489273897629193e-15,-0.16156826858755383,4.312794429460145,0.18692873310917726,8.012377599670444,1.407452386567764e-15,0.5401000340162647,7.427992681600195,1.474514954580286e-15,0.1841042878334034,1.803994528861566,0.2860186534670016
2.8899999999999846,-0.3453208040270335,9.080921282528065,1.9890288149738715,7.295563428056946,-1.3062467774105357e-15,0.8253457527939261,13.168054033005294,-1.9135547876191677e-16,-0.1614124668595199,4.309401752632593,0.18682133695240813,8.005335069560633,1.5039065172580744e-15,0.5397913143860692,7.421092081330929,7.849623728795052e-16,0.18390833716751362,1.8022074780214634,0.2855544384078569
2.8919999999999844,-0.34496900292626087,9.07206917153793,1.9871339523436502,7.286476975101268,5.152128723651117e-16,0.824572529638628,13.154033794074046,-4.130896088886518e-16,-0.16125662018913212,4.306005930611349,0.18671371328894404,7.998288200576729,-7.030194418967106e-17,0.5394820299941206,7.414187742325968,-3.0205872525446154e-15,0.18371238273712875,1.8004202390547062,0.2850904996445074
2.893999999999984,-0.34461715346022476,9.063214921383839,1.985238682991653,7.277391129908706,-2.1597307275911248e-16,0.823799018804905,13.140013530947176,-6.871912333420288e-16,-0.1611007287331228,4.302606967252412,0.18660586221481631,7.991237002232186,-1.8262649090444517e-15,0.5391721841710195,7.40727966725952,-5.84601811404184e-16,0.18351642472710195,1.7986328207768367,0.2846268346338855
2.895999999999984,-0.3442652559705269,9.054358540529966,1.9833430162454144,7.2683058310974795,-7.606762442158299e-16,0.8230252210811471,13.125993256192526,-3.758359988910124e-16,-0.16094479264833841,4.299204866424233,0.1864977838271269,7.984181484052794,-2.489064941932676e-16,0.5388617804319668,7.400367858346811,-2.5591508079347847e-15,0.18332046332218846,1.7968452324182875,0.2841634406491803
2.8979999999999837,-0.3439133107987842,9.045500037444734,1.981446961885098,7.259221012948934,8.673617379884035e-17,0.822251137256608,13.11197298236937,-1.5129607435988512e-15,-0.16078881209173973,4.295799632007579,0.1863894782240601,7.977121655576724,-3.5620251483856144e-15,0.5385508224916477,7.393452317305787,5.230191280070073e-16,0.18312449870704445,1.795057483661038,0.2837003147649604
2.8999999999999835,-0.343561318286627,9.03663942060077,1.9795505301832026,7.25013660502756,9.454242944073599e-17,0.8214767681214009,13.097952722028342,-1.6192478630525162e-16,-0.16063278722040036,4.292391267895571,0.1862809455048828,7.9700575263543545,9.204234262733377e-17,0.5382393142832629,7.386533045308141,-3.0140820395097023e-16,0.18292853106622664,1.7932695846783198,0.28323745383813803
2.9019999999999833,-0.34320927877570023,9.027776698474936,1.9776537319506151,7.241052531740781,-2.8102520310824275e-16,0.8207021144664943,13.08393248771154,-1.545062893598734e-16,-0.16047671819150763,4.288979777993648,0.18617218576993314,7.9629891059483775,1.1716159461723686e-15,0.5379272599769538,7.379610042931861,5.43835809718729e-16,0.1827325605841926,1.791481546180682,0.28277485448954054
2.903999999999983,-0.34285719260766284,9.018911879548309,1.9757565785869375,7.231968711857752,-1.6896206656014101e-15,0.8199271770837167,13.069912291952434,-5.677392635379317e-16,-0.16032060516236216,4.2855651662196195,0.18606319912063296,7.955916403933626,-1.0291668068571907e-15,0.5376146640028141,7.372683310102106,-1.7984745637189548e-15,0.18253658744530069,1.7896933794663046,0.28231251308090255
2.905999999999983,-0.34250506012418525,9.010044972306137,1.9738590821379818,7.222885057959573,-4.0592529337857286e-16,0.819151956765744,13.05589214727587,1.3272086210479544e-16,-0.1601644482903764,4.282147436503544,0.18595398565947685,7.948839429897113,-2.336692857548938e-15,0.5373015310754555,7.36575284602795,-1.3817072486155269e-15,0.18234061183380884,1.787905096478505,0.2818504256902885
2.9079999999999826,-0.3421528816669519,9.001175985237888,1.9719612553605057,7.2138014758207065,-1.3782378016635732e-15,0.8183764543061134,13.041872066198096,2.2357177513683845e-16,-0.16000824773307581,4.278726592787824,0.18584454549004256,7.941758193437932,-8.02031392057686e-16,0.5369878662221831,7.358818649130022,2.669305748659312e-15,0.1821446339338761,1.7861167098704631,0.2813885880839303
2.9099999999999824,-0.3418006575776589,8.99230492683717,1.9700631117955199,7.2047178637081135,-6.245004513516506e-16,0.8176006704992054,13.027852061226767,6.017417240967636e-16,-0.1598520036480983,4.275302639027102,0.1857348787169778,7.934672704167303,2.1878609204848795e-15,0.5366736748150176,7.351880716958172,-3.864963904476326e-15,0.18194865392956058,1.7843282330785422,0.2809269956841878
2.911999999999982,-0.3414483881980135,8.983431805601763,1.9681646658517487,7.195634111583682,3.0296945507934936e-15,0.8168246061402556,13.01383214486087,-2.0231473505790967e-15,-0.1596957161931929,4.271875579188316,0.1856249854460133,7.927582971708395,1.1177738117387198e-15,0.5363589626071483,7.344939046097769,-6.331740687315346e-16,0.1817526720048206,1.7825396804057354,0.2804656435331073
2.913999999999982,-0.3410960738697347,8.9745566300336,1.9662659329013104,7.186550100189974,-4.354155924701786e-16,0.8160482620253419,12.999812329590789,-6.442043083737409e-16,-0.15953938552622024,4.2684454172506205,0.1855148657839484,7.920489005696421,-4.857438851683981e-16,0.5360437357741584,7.337993632063832,1.6410484082740595e-15,0.18155668834351443,1.7807510671173619,0.28000452625118344
2.9159999999999817,-0.34074371493455247,8.965679408638739,1.9643669293889392,7.177465700006591,-7.563394355258879e-16,0.8152716389513939,12.98579262789825,2.419922034531918e-15,-0.15938301180515282,4.265012157205434,0.18540451983866668,7.913390815778499,-3.559366339054348e-15,0.5357280009621084,7.331044469177545,-5.282232984349378e-16,0.18136070312939964,1.7789624095502725,0.2795436379892855
2.9179999999999815,-0.34039131173420684,8.956800149927382,1.9624676729586779,7.168380770039861,8.543513119185775e-16,0.8144947377161819,12.9717730522564,8.14801828216392e-16,-0.15922659518807405,4.261575803056401,0.1852939477191187,7.906288411613675,-2.9732952125183506e-15,0.5354117653418609,7.3240915504266875,3.8935868418299435e-15,0.18116471654613278,1.7771737252395592,0.279082972374321
2.9199999999999813,-0.34003886461044774,8.947918862413836,1.9605681825994659,7.159295156431968,5.186823193170653e-16,0.813717559118322,12.957753615129647,-4.0225817507563745e-16,-0.15907013583317708,4.258136358819378,0.1851831495353373,7.899181802872809,-2.8759764218687276e-15,0.5350950366734832,7.317134867300375,-1.3830082912225095e-15,0.18096872877727066,1.7753850330641285,0.27862252244483876
2.921999999999981,-0.3396863739050342,8.939035554616497,1.9586684788161899,7.150208690827281,3.885780586188048e-16,0.8129401039572683,12.943734328973832,9.065932207894894e-16,-0.15891363389876673,4.254693828522386,0.18507212539842371,7.892070999238612,-4.477032680115408e-15,0.5347778233793463,7.310174409601359,-8.578207588705311e-16,0.18077274000626747,1.7735963534177661,0.278162280577922
2.923999999999981,-0.33933383995973476,8.930150235057864,1.9567685838283277,7.141121188475134,-6.938893903907228e-18,0.8121623730333171,12.929715206236086,-4.029015772491868e-16,-0.15875708954325707,4.251248216205653,0.18496087542055623,7.8849560104055465,-3.465470318381893e-16,0.5344601346314103,7.303210165222054,4.548444954011188e-15,0.1805767504164777,1.7718077084077715,0.2777022384019068
2.9259999999999806,-0.338981263116326,8.921262912264504,1.9548685218050053,7.1320324459851365,-8.239936510889834e-16,0.8113843671476005,12.915696259354897,1.4038974738673553e-15,-0.15860050292517225,4.24779952592156,0.18484939971498623,7.877836846079797,2.322993385479362e-16,0.5341419804529751,7.296242119883461,-1.2602766052971504e-15,0.18038076019115373,1.770019122090019,0.2772423866946254
2.9279999999999804,-0.3386286437165929,8.912373594767072,1.9529683191428877,7.122942238673808,-6.496539417533143e-16,0.8106060871020887,12.901677500760101,3.377021568867977e-15,-0.15844387420314576,4.244347761734661,0.18473769839603701,7.870713515979254,-1.839922693692697e-15,0.5338233718395863,7.289270256825009,-7.479693947542998e-15,0.18018476951344714,1.7682306207468508,0.2767827152625024
2.92999999999998,-0.3382759821023279,8.90348229110024,1.9510680047983415,7.113850317393247,8.448103328007051e-16,0.8098275336995838,12.887658942872832,1.0454736097065865e-15,-0.15828720353592074,4.2408929277216325,0.18462577157910556,7.863586029833439,1.946718572029679e-15,0.5335043209030664,7.282294556435103,-1.4905611467330715e-15,0.17998877856640716,1.766442233219236,0.2763232127965174
2.93199999999998,-0.33792327861533056,8.894589009802756,1.949167610686178,7.104756404724638,1.3383391617161067e-15,0.809048707743726,12.873640598105592,1.7265402271872713e-15,-0.15813049108234906,4.237435027971264,0.1845136193806609,7.856454397383464,3.33953721880302e-15,0.5331848410451234,7.275314995805982,2.727418985104535e-15,0.1797927875329815,1.764653991305517,0.2758638666986025
2.9339999999999797,-0.33757053359740713,8.885693759417373,1.947267172163826,7.095660190356554,4.640385298237959e-16,0.8082696100389788,12.859622478862146,-2.9920270396764625e-16,-0.15797373700139067,4.233974066584483,0.1844012419182421,7.84931862838201,3.4726244188317925e-15,0.5328649471666714,7.268331548196922,3.699297812520541e-16,0.17959679659601646,1.7628659302455838,0.27540466287230736
2.9359999999999795,-0.33721774739037,8.876796548490885,1.9453667286220697,7.086561325446935,1.3617579286417936e-16,0.8074902413906433,12.845604597537603,-7.980759780468211e-16,-0.15781694145211492,4.230510047674284,0.18428863931046321,7.842178732593262,2.435100093393999e-16,0.5325446559258171,7.261344182373012,-1.8323016715005025e-16,0.1794008059382551,1.7610780893116065,0.27494558546482617
2.9379999999999793,-0.3368649203360375,8.867897385574063,1.94346632421652,7.077459415642336,-1.0000680839006293e-15,0.8067106026048426,12.831586966518383,-1.4608587186209426e-16,-0.15766010459369814,4.227042975365745,0.18417581167700434,7.835034719792892,4.3886487327578603e-16,0.5322239860538762,7.2543528617950725,7.513521055324546e-16,0.17920481574233935,1.7592905125395157,0.2744866165509664
2.939999999999979,-0.33651205277623375,8.858996279221705,1.9415660087795743,7.068354012375951,-1.691355389077387e-16,0.8059306944885294,12.817569598182203,-1.3199027955111853e-15,-0.15750322658542545,4.223572853796031,0.18406275913862008,7.827886599768004,-1.3493153755041701e-16,0.5319029587513422,7.247357543604956,2.813504637599884e-15,0.1790088261908083,1.7575032496409542,0.2740277357371872
2.9405,-0.3364238295973569,8.856770699974604,1.9410909502921376,7.066077057116613,4.36282954208167e-16,0.8057356754711935,12.81406529859191,-1.6463996019908603e-15,-0.15746400067236677,4.222704847442467,0.1840344608768821,7.826098929155881,-8.984652011950926e-16,0.5318226488359609,7.245608083705781,-9.638557313396134e-16,0.17895982892499013,1.7570564894152556,0.27391302663523265
2.9410000000000003,-0.3363356039135976,8.854544999931559,1.9406159018265168,7.063799843047191,1.3721662694976544e-15,0.8055406396838201,12.810561016385757,1.0631948864403643e-15,-0.15742477219989698,4.221836650834345,0.18400614856810815,7.824311002607868,-1.2201540909848478e-15,0.5317423184845368,7.243858369975188,3.909633033982729e-15,0.17891083171370065,1.7566097532584086,0.27379832119928327
2.9415000000000004,-0.33624737573029223,8.852319179226237,1.9401408643767224,7.061522361102089,-1.083334810747516e-15,0.8053455871390333,12.807056751756715,3.0530958466306676e-16,-0.15738554117050615,4.220968264036597,0.18397782221421666,7.822522820277135,3.2690136945373394e-16,0.5316619681220645,7.242108401503485,2.3865458220750924e-15,0.17886183455978608,1.7561630421625058,0.2736836190169688
2.9420000000000006,-0.33615914505278294,8.850093237992452,1.939665838972553,7.059244601874405,2.42861286636753e-16,0.8051505178494694,12.803552504897917,9.803990033092495e-16,-0.1573463075866865,4.220099687114278,0.18394948181712992,7.820734382316989,-1.8056339972090584e-16,0.5315815981887255,7.240358177342186,1.2396767640199258e-15,0.17881283746609644,1.755716357155423,0.2735689196607439
2.942500000000001,-0.33607091188641025,8.847867176364025,1.939190826681133,7.056966555600877,-1.3765030781875964e-15,0.8049554318277684,12.800048276002428,4.502064593578591e-16,-0.1573070714509311,4.219230920132479,0.18392112737877608,7.818945688880773,-1.3668048916365495e-15,0.5315012091413502,7.238607696500171,3.6077911491627646e-15,0.17876384043547916,1.755269699302357,0.27345422268641817
2.943000000000001,-0.33598267623651573,8.845640994474785,1.9387158286092423,7.0546882121397285,7.572067972638763e-16,0.8047603290865731,12.796544065263298,-3.0488366998604867e-16,-0.15726783276573322,4.218361963156349,0.18389275890108486,7.817156740121874,-9.751867529293969e-16,0.5314208014539268,7.236856957942402,2.458753686762627e-15,0.1787148434707825,1.7548230697081575,0.27333952763264635
2.943500000000001,-0.3358944381084403,8.843414692458568,1.9382408459054554,7.052409560950219,6.513886652292911e-16,0.8045652096385268,12.793039872873543,-9.39376677997504e-16,-0.157228591533586,4.2174928162510446,0.1838643763859887,7.815367536193735,-4.25624971380811e-16,0.5313403756183545,7.235105960587973,-1.6885364634289246e-15,0.17866584657485426,1.7543764695194668,0.2732248340201724
2.9440000000000013,-0.3358061975075255,8.841188270449244,1.937765879762348,7.050130591071642,-3.469446951953614e-17,0.8043700734962796,12.789535699026128,9.916220052956948e-16,-0.15718934775698437,4.216623479481815,0.18383597983542962,7.813578077249822,2.3901461430620223e-16,0.5312599321459007,7.23335470330639,-1.6950416764638376e-15,0.17861684975054112,1.7539298999269184,0.2731101413503789
2.9445000000000014,-0.33571795443911245,8.838961728580694,1.9372909314192708,7.047851291096851,-1.5308934675495323e-16,0.8041749206724841,12.786031543914019,4.942623280148606e-16,-0.15715010143842187,4.215753952913927,0.18380756925134864,7.811788363443668,4.290003771822197e-15,0.5311794715678932,7.23160318491579,-2.1746927175714248e-15,0.17856785300069059,1.7534833621679222,0.27299544910459084
2.9450000000000016,-0.33562970890854166,8.8367350669868,1.9368160021646852,7.0455716491499185,-1.0438698516690437e-15,0.803979751179794,12.782527407730086,1.942761936583242e-15,-0.15711085258039387,4.214884236612709,0.1837791446356952,7.809998394928822,1.324557118409834e-16,0.5310989944373926,7.229851404178673,-2.5673907444456745e-15,0.1785188563281478,1.75303685752899,0.2728807567424014
2.945500000000002,-0.3355414609211557,8.834508285801487,1.9363410933395269,7.043291652854242,-7.060324547225605e-16,0.8037845650308701,12.779023290667238,2.4641079459073802e-16,-0.15707160118539576,4.214014330643548,0.1837507059904201,7.80820817185891,1.4442878683979853e-15,0.5310185013297002,7.228099359800601,-4.487512791917503e-15,0.17846985973575996,1.7525903873491067,0.27276606370116996
2.946000000000002,-0.3354532104822949,8.832281385158668,1.935866206339959,7.041011289306004,4.44956571588051e-16,0.8035893622383711,12.775519192918301,1.170756105315606e-15,-0.15703234725592274,4.213144235071836,0.18372225331747644,7.806417694387568,2.393051542585311e-16,0.5309379928444594,7.226347050424777,4.6284590743406184e-15,0.17842086322637213,1.7521439530224825,0.27265136939391166
2.946500000000002,-0.3353649575973005,8.830054365192275,1.9353913426208638,7.0387305450411155,5.967448757360216e-16,0.8033941428149618,12.772015114676085,-2.703225157182716e-16,-0.15699309079447157,4.212273949963044,0.18369378661882566,7.804626962668513,3.0812143662482204e-15,0.5308574696069499,7.224594474628788,6.237848779178101e-15,0.17837186680282893,1.751697556002038,0.2725366732080119
2.9470000000000023,-0.33527670227151474,8.82782722603628,1.934916503699863,7.036449405996834,-6.982261990806649e-17,0.8031989067733144,12.768511056133367,7.138679244191375e-16,-0.1569538318035386,4.211403475382695,0.18366530589643518,7.80283597685547,-1.0600053099999098e-15,0.5307769322690555,7.222841630922114,-1.6104739070099683e-15,0.17832287046797612,1.7512511978034278,0.27242197450425887
2.9475000000000025,-0.3351884445102779,8.825599967824655,1.9344416911604472,7.034167857481728,-6.804452834519026e-16,0.8030036541260965,12.76500701748287,-1.299511919236942e-15,-0.1569145702856206,4.210532811396367,0.18363681115226882,7.801044737102233,-9.997672523739142e-17,0.5306963815123253,7.221088517738232,9.168013570537425e-16,0.1782738742246573,1.7508048800081784,0.2723072726137712
2.9480000000000026,-0.3351001843189314,8.823372590691351,1.9339669066575156,7.031885884123098,5.039371697712625e-16,0.8028083848859813,12.76150299891731,6.90361203844207e-16,-0.15687530624321497,4.209661958069614,0.18360830238829925,7.799253243562623,-2.077620128235539e-15,0.5306158180479598,7.219335133434729,2.2425637735690174e-15,0.17822487807571644,1.7503586042692163,0.2721925668380215
2.948500000000003,-0.3350119217028169,8.821145094770403,1.9334921519207735,7.029603469834454,-5.421010862427522e-16,0.8026130990656486,12.757999000629352,9.104711486047746e-16,-0.15683603967881957,4.208790915468125,0.1835797796065045,7.797461496390513,-1.8981549428682014e-15,0.5305352426208129,7.217581476283022,9.71445146547012e-16,0.17817588202399734,1.7499123723142689,0.27207785644483573
2.949000000000003,-0.334923656667276,8.818917480195825,1.9330174287608068,7.027320597757647,-3.387047586844716e-16,0.80241779667778,12.754495022811644,-2.0479307090378074e-15,-0.1567967705949329,4.207919683657588,0.18355124280886492,7.795669495739823,-1.4777936584392734e-15,0.5304546560100014,7.215827544466799,4.182851981449076e-15,0.17812688607234312,1.7494661859519418,0.2719631406677786
2.949500000000003,-0.33483538921764955,8.81668974710164,1.932542739073959,7.025037250216245,1.584236214435819e-15,0.8022224777350573,12.750991065656779,-3.4019086439364794e-16,-0.15675749899405325,4.207048262703752,0.18352269199736512,7.793877241764516,-1.3314737877801395e-15,0.5303740590323281,7.2140733360732465,1.6364947591496204e-15,0.1780778902235963,1.7490200470765938,0.27184841870272913
2.9500000000000033,-0.33474711935927876,8.814461895621875,1.9320680848487841,7.022753408654116,4.2413988987632933e-16,0.8020271422501675,12.747487129357316,3.1628646950140214e-16,-0.15671822487867954,4.206176652672395,0.1834941271739941,7.792084734618583,-4.3761182286076314e-16,0.5302934525444118,7.212318849087607,-7.381248390281314e-16,0.17802889448059922,1.74857395767479,0.2717336897057556
2.9505000000000035,-0.33465884709750526,8.812233925890618,1.931593468172389,7.020469053574952,8.344019919448442e-16,0.801831790235803,12.743983214105796,1.4866667070485913e-15,-0.15667894825131132,4.205304853629368,0.18346554834074535,7.7902919744560695,-8.524491511633932e-17,0.5302128374457638,7.210564081385309,-1.197392879292991e-15,0.17797989884619395,1.7481279198316435,0.2716189527900392
2.9510000000000036,-0.3345705724376707,8.810005838041945,1.9311188912378794,7.018184164471251,-7.125376677574735e-16,0.8016364217046562,12.740479320094723,-1.5574682992958185e-15,-0.15663966911444874,4.204432865640573,0.18343695549961628,7.788498961431072,-3.029065116081575e-16,0.5301322146815839,7.208809030724814,-2.0708261494473135e-15,0.17793090332322195,1.7476819357382631,0.2715042070230723
2.951500000000004,-0.3344822953851159,8.807777632209937,1.9306443563521398,7.01589871975006,-1.9949319973733282e-17,0.8014410366694225,12.73697544751656,3.057624279464326e-16,-0.15660038747059166,4.203560688771922,0.18340834865260633,7.786705695697734,-1.7314734964815785e-15,0.530051585246744,7.207053694737374,-6.815294856243881e-16,0.17788190791452427,1.7472360076995335,0.27138945142267845
2.952000000000004,-0.3343940159451824,8.805549308528702,1.9301698659446687,7.013612696648906,9.540979117872439e-18,0.8012456351428022,12.733471596563739,-2.781505949696658e-16,-0.15656110332224102,4.202688323089381,0.18337972780172418,7.784912177410217,-3.1174282083030255e-15,0.5299709501891086,7.205298070918616,1.4398204850607499e-15,0.1778329126229414,1.7467901381429445,0.27127468495369367
2.952500000000004,-0.33430573412321224,8.80332086713238,1.9296954225769947,7.011326071145897,9.913944665207453e-16,0.8010502171375006,12.729967767428658,6.781764137822364e-16,-0.1565218166718979,4.20181576865902,0.18335109294897856,7.783118406722746,2.473361645069266e-15,0.5298903106140918,7.203542156616817,-1.5586490431651612e-15,0.17778391745131433,1.7463443296280161,0.2711599065234088
2.9530000000000043,-0.33421744992454583,8.801092308155088,1.929221028953622,7.009038817855364,1.7316877098938477e-15,0.8008547826662206,12.726463960303679,-6.511025068526669e-16,-0.1564825275220636,4.200943025546873,0.18332244409638213,7.781324383789592,1.8019037654906743e-15,0.5298096676886901,7.201785949022559,-1.5579985218616699e-15,0.17773492240248223,1.74589858485724,0.2710451149775305
2.9535000000000045,-0.3341291633545252,8.798863631730988,1.9287466879336173,7.006750909917502,-1.2780575209259126e-15,0.8006593317416745,12.722960175381125,-7.468451030356125e-16,-0.15644323587524034,4.2000700938190745,0.18329378124595544,7.779530108765046,7.366776788691998e-16,0.5297290226471039,7.2000294451544296,-1.6267369395972509e-15,0.17768592747928486,1.7454529066876618,0.2709303090945706
2.9540000000000046,-0.3340408744184914,8.796634837994246,1.9282724025435436,7.004462318874955,1.9545996765568674e-15,0.8004638643765715,12.7194564128533,-1.0614643168069298e-15,-0.15640394173393,4.199196973541776,0.18326510439971794,7.7777355818034675,-1.822369031539121e-15,0.529648376796255,7.198272641844815,-5.570630762230522e-16,0.1776369326845614,1.7450072981438256,0.2708154875803165
2.954500000000005,-0.3339525831217864,8.794405927079055,1.927798175992178,7.002173014532634,-1.0967789176863363e-15,0.8002683805836311,12.715952672912461,-1.3680353320001064e-15,-0.15636464510063583,4.198323664781224,0.18323641355969972,7.775940803059245,1.9986475463773455e-16,0.5295677315219534,7.1965155357241954,4.690258598172292e-16,0.17758793802115055,1.7445617624324783,0.2707006490616778
2.955000000000005,-0.333864289469751,8.792176899119601,1.9273240116866943,6.999882964803339,1.8951853975046618e-16,0.8000728803755701,12.712448955750832,9.039705107575284e-17,-0.15632534597786069,4.197450167603645,0.18320770872792994,7.774145772686817,-1.032150146594818e-15,0.5294870882958431,7.194758123203288,-1.3639263329867646e-16,0.1775389434918903,1.7441163029587643,0.270585792079727
2.955500000000005,-0.3337759934677267,8.789947754250104,1.9268499132505392,6.997592135537387,-2.067790383364354e-15,0.7998773637651091,12.708945261560617,1.5842605011565373e-15,-0.1562860443681083,4.196576482075348,0.1831789899064406,7.772350490840675,-1.5957911077021015e-16,0.5294064486835643,7.19300040045223,1.5287250632045613e-16,0.17748994909961838,1.7436709233440986,0.27047091508154475
2.9560000000000053,-0.3336876951210553,8.787718492604794,1.926375884543882,6.9953004903277645,4.956972332603726e-16,0.7996818307649762,12.705441590533951,1.8316673462124592e-15,-0.1562467402738825,4.1957026082627085,0.18315025709727503,7.770554957675316,-1.0602836092818353e-15,0.5293258143534892,7.191242363378208,-5.61486621086793e-15,0.1774409548471728,1.7432256274466071,0.270356016411487
2.9565000000000055,-0.3335993944350779,8.785489114317906,1.92590192968664,6.993007990290544,-8.101158632811689e-16,0.7994862813878967,12.70193794286299,4.42404536488012e-16,-0.15620743369768753,4.194828546232089,0.18312151030247248,7.7687591733453285,3.5133248743119184e-15,0.529245187086261,7.18948400760101,2.6983623668819234e-15,0.1773919607373904,1.7427804193841676,0.2702410943016357
2.9570000000000056,-0.3335110914151359,8.783259619523713,1.9254280530843242,6.99071459381862,2.389581588158052e-16,0.7992907156466055,12.698434318739782,7.594484649181529e-16,-0.15616812464202834,4.1939542960499665,0.18309274952408489,7.7669631380053,-2.9153572041787838e-15,0.5291645687859543,7.1877253284245315,6.648327721681113e-16,0.17734296677310757,1.7423353035602394,0.2701261468606512
2.957500000000006,-0.3334227860665714,8.781030008356487,1.9249542594567026,6.9884202563084425,-7.645793720367777e-16,0.7990951335538333,12.694930718356435,-4.3462007953679896e-16,-0.15612881310941018,4.193079857782819,0.1830639747641575,7.765166851809908,2.1694224980640517e-16,0.5290839614936772,7.185966320801932,1.9613217300262775e-15,0.1772939729571612,1.741890284692545,0.2700111720601561
2.958000000000006,-0.333334478394725,8.778800280950511,1.9244805538718432,6.986124929835634,-2.5934115965853266e-16,0.7988995351223229,12.691427141904933,-4.938623191870616e-16,-0.15608949910233877,4.192205231497194,0.18303518602475305,7.763370314913824,2.6475415205957676e-15,0.5290033674009462,7.184206979301456,2.0168328812575353e-15,0.17724497929238625,1.7414453678470903,0.2698961677213767
2.958500000000006,-0.33324616840493854,8.77657043744009,1.9240069417836432,6.98382856279717,1.3873450999124515e-15,0.7987039203648096,12.687923589577283,-2.9020200955078897e-16,-0.15605018262331968,4.191330417259654,0.1830063833079244,7.761573527471802,-1.146789809034304e-15,0.5289227888664929,7.182447298063371,1.0542781925249045e-15,0.17719598578161885,1.7410005584757187,0.26978113149831673
2.9590000000000063,-0.3331578561025534,8.774340477959544,1.923533429075775,6.981531099492731,7.892991815694472e-16,0.798508289294042,12.684420061565415,3.036846031614092e-16,-0.15601086367485978,4.190455415136865,0.18297756661574016,7.7597764896385995,-4.415572784571582e-16,0.5288422284349817,7.180687270752155,1.010259584321993e-15,0.1771469924276936,1.740555862460035,0.2696660608590603
2.9595000000000065,-0.33306954149291085,8.772110402643213,1.9230600221115197,6.97923247964965,-1.734723475976807e-18,0.7983126419227652,12.680916558061263,-1.5892516054717081e-15,-0.15597154225946577,4.189580225195482,0.18294873595026745,7.757979201569064,1.803643738099722e-18,0.5287616888590237,7.178926890500145,-8.777700788442644e-16,0.17709799923344507,1.7401112861612522,0.26955095306374144
2.9600000000000066,-0.3329812245813526,8.769880211625445,1.9225867277917592,6.976932637870295,-7.025630077706069e-17,0.7981169782637304,12.677413079256723,2.2945513947377707e-15,-0.15593221837964466,4.188704847502226,0.18291989131357733,7.756181663418049,-2.0072950276933062e-15,0.5286811731244974,7.177166149842769,-2.9132512374685504e-16,0.17704900620170794,1.739666836478182,0.26943580513923304
2.960500000000007,-0.33289290537322036,8.767649905040601,1.9221135536231806,6.974631502982094,3.447762908503904e-16,0.7979212983296903,12.67390962534364,-6.535830613210179e-16,-0.15589289203790455,4.187829282123876,0.18289103270774662,7.754383875340467,-2.4556143990260065e-16,0.5286006844788552,7.1754050406461545,-3.469446951953614e-18,0.17700001333531581,1.739222520915434,0.26932061385083506
2.961000000000007,-0.33280458387385475,8.765419483023068,1.9216405077964815,6.9723289972922835,-3.5995512126518747e-16,0.7977256021334034,12.670406196513817,-3.449377241683687e-16,-0.1558535632367529,4.186953529127259,0.18286216013485726,7.752585837491258,-1.7276236075816676e-15,0.5285202264665003,7.173643554016614,1.916544180302626e-15,0.17695102063710186,1.7387783476616243,0.26920537566690306
2.961500000000007,-0.3327162600885977,8.763188945707233,1.921167599280012,6.970025035695576,8.651933336434325e-16,0.7975298896876272,12.666902792959045,5.104232407223524e-16,-0.1558142319786987,4.186077588579218,0.18283327359699228,7.750787550025432,-1.6507416877053695e-15,0.5284398029680112,7.171881680200348,9.507368850525388e-16,0.17690202810989902,1.7383343256830197,0.269090086719616
2.9620000000000073,-0.332627934022791,8.760958293227507,1.9206948379293587,6.9677195246299455,-1.0842021724855044e-17,0.7973341610051259,12.663399414871076,-1.439231695238247e-15,-0.1557748982662506,4.185201460546665,0.1828043730962403,7.748989013098017,-2.0834758637654962e-15,0.5283594182485152,7.170119408459712,1.118788221787792e-15,0.1768530357565404,1.7378904648331184,0.2689747427566107
2.9625000000000075,-0.33253960568177504,8.758727525718305,1.9202222346189008,6.9654123608230805,6.817463260588852e-16,0.7971384160986656,12.659896062441602,5.05417873642072e-16,-0.15573556210191752,4.184325145096562,0.18277545863469669,7.747190226864072,-4.4340943932378916e-16,0.528279077013852,7.1683567269295585,-8.859015951379057e-16,0.17680404357985752,1.7374467759842043,0.26885933908481363
2.9630000000000076,-0.33245127507089245,8.756496643314103,1.9197498013992842,6.963103429791977,8.803721640582296e-17,0.7969426549810161,12.656392735862344,7.1584760556865e-17,-0.15569622348820966,4.183448642295938,0.18274653021445625,7.745391191478758,1.31404649991533e-15,0.528198784479159,7.166593622441879,-4.316208848664793e-16,0.1767550515826828,1.737003271184828,0.2687438705018571
2.963500000000008,-0.33236294219548385,8.754265646149321,1.9192775516877514,6.960792604029276,6.2363308961366215e-16,0.796746877664949,12.65288943532492,3.4724104967809693e-16,-0.1556568824276371,4.1825719522118,0.18271758783762146,7.743591907097212,-7.66774599793987e-16,0.5281185464518016,7.164830080313667,-2.7180948464211596e-15,0.17670605976784676,1.73655996385013,0.26862833121314744
2.964000000000008,-0.3322746070608911,8.752034534358442,1.918805500502186,6.958479740773528,2.243647975741503e-15,0.7965510841632405,12.649386161020939,1.759311602078271e-15,-0.15561753892271002,4.181695074911258,0.1826886315062968,7.7417923738746435,-2.1462929005816657e-15,0.5280383694311976,7.163066084091678,-2.225758639895492e-15,0.1766570681381811,1.7361168689958892,0.26851271473204286
2.964500000000008,-0.33218626967245535,8.749803308075936,1.9183336647480134,6.956164679275632,1.4823212102221817e-15,0.7963552744886689,12.645882913141985,-8.64860850884221e-16,-0.15557819297593944,4.1808180104614525,0.1826596612225936,7.739992591966301,-4.600516659924515e-16,0.5279582607336597,7.161301615233165,2.940139451346191e-15,0.1766080766965159,1.7356740035254197,0.26839701375500924
2.9650000000000083,-0.33209793003551813,8.747571967436329,1.917862063576554,6.953847237384662,1.6523241108679088e-16,0.7961594486540144,12.642379691879611,8.028221173730777e-17,-0.15553884458983647,4.179940758929588,0.18263067698862298,7.738192561527489,4.0082072536440004e-16,0.5278782286483125,7.159536652707214,-1.960237527853792e-16,0.17655908544568166,1.735231386587931,0.268281220005702
2.9655000000000085,-0.33200958815542086,8.74534051257411,1.917390718837889,6.951527207233493,1.4059933772792022e-15,0.7959636066720652,12.6388764974253,-1.4970626403309731e-15,-0.15549949376691288,4.179063320382877,0.18260167880650569,7.736392282713506,3.619191940399913e-16,0.5277982826314719,7.1577711724976805,3.41664630615357e-15,0.17651009438850798,1.7347890400313832,0.26816532404059334
2.9660000000000086,-0.3319212440375053,8.743108943623827,1.9169196556590853,6.9492043497302,3.3501847129802087e-16,0.7957677485556084,12.635373329970559,6.8000689351476695e-16,-0.1554601405096813,4.178185694888613,0.18257266667836314,7.734591755679762,-1.0804753618051881e-16,0.5277184335572539,7.156005146962457,5.784218590210166e-16,0.176461103527824,1.7343469889807221,0.2680493149983545
2.966500000000009,-0.33183289768711227,8.740877260720021,1.916448903194575,6.946878387409399,-7.611099250848241e-17,0.7955718743174329,12.63187018970681,-5.278133835409232e-16,-0.15542078482065355,4.177307882514121,0.18254364060631942,7.7327909805816635,-1.0017831037728564e-15,0.5276386940427618,7.154238544001976,-8.44593492366208e-16,0.17641211286645872,1.7339052625882556,0.26793318027467117
2.967000000000009,-0.3317445491095835,8.738645463997242,1.915978495617018,6.944548994993307,5.770123961967855e-16,0.7953759839703352,12.628367076825464,5.911317667973922e-16,-0.15538142670234262,4.176429883326756,0.182514600592507,7.730989957574678,-1.642275191332855e-15,0.5275590788761666,7.1524713259648145,1.820809128472156e-15,0.1763631224072409,1.7334638950245111,0.26781690509416856
2.967500000000009,-0.3316561983102603,8.736413553590067,1.9155084734503312,6.942215786693224,-1.7911019889460533e-16,0.7951800775271118,12.624863991517884,2.4523460211727984e-15,-0.15534206615726232,4.1755516973939555,0.18248554663905953,7.729188686814286,1.2723439239151212e-15,0.5274796055929228,7.150703448174455,-1.3243529536910437e-15,0.17631413215299796,1.7330229268112716,0.267700471934189
2.9680000000000093,-0.33156784529448413,8.734181529633098,1.915038885402495,6.939878298750926,1.8928001527251936e-15,0.7949841550005665,12.621360933975408,9.222418061371148e-17,-0.15530270318792577,4.1746733247831935,0.1824564787481184,7.727387168456039,-2.646994305727113e-16,0.5274002952689462,7.148934856901566,1.6167622796103842e-15,0.17626514210655836,1.7325824066543765,0.26758385973162035
2.9685000000000095,-0.3314794900675961,8.731949392260915,1.9145697909528285,6.937535964793716,1.695692197767329e-16,0.7947882164034976,12.617857904389354,1.5949347214100707e-16,-0.1552633377968474,4.173794765561954,0.1824273969218221,7.725585402655533,1.0125370307350095e-15,0.5273211736386864,7.147165486505691,9.074772183703672e-16,0.1762161522707487,1.7321423940310063,0.26746704276481126
2.9690000000000096,-0.331391132634938,8.729717141608157,1.9141012641134556,6.935188080006132,-5.735429492448318e-16,0.7945922617487152,12.614354902950977,-5.362862357398511e-16,-0.1552239699865416,4.172916019797814,0.18239830116231986,7.723783389568387,5.11411567128457e-16,0.527242272723087,7.1453952552736855,-2.1895462873344762e-16,0.17616716264839644,1.7317029629511358,0.26734998902562823
2.96950000000001,-0.3313027730018509,8.727484777809451,1.9136333991040835,6.932833747078513,5.767955557622884e-17,0.7943962910490282,12.610851929851517,-8.036327476476904e-16,-0.15518459975952356,4.172037087558384,0.18236919147176178,7.721981129350278,-7.832568962901716e-16,0.5271636332800955,7.143624059155583,-5.635682892579652e-16,0.17611817324232734,1.7312642076323217,0.2672326577689327
2.97000000000001,-0.3312144111736762,8.725252300999442,1.9131663192908883,6.9304717910679905,1.1172703387463123e-15,0.7942003043172519,12.607348985282169,-5.541323238595578e-16,-0.1551452271183083,4.171157968911295,0.18234006785230586,7.720178622156901,-2.751412156162437e-16,0.527085308673593,7.141851761875039,-2.0434500445920545e-15,0.17606918405536792,1.7308262514385824,0.2671149956436588
2.97050000000001,-0.33112604715575555,8.723019711312801,1.9127001920756808,6.928100617589873,1.5807667674838655e-16,0.7940043015661993,12.60384606943412,1.9521586629810044e-15,-0.1551058520654117,4.170278663924255,0.18231093030610732,7.718375868144033,-2.9955653101023294e-16,0.5270073713071864,7.140078178484158,-2.060092547939707e-15,0.17602019509034386,1.7303892617695735,0.26699693025901283
2.9710000000000103,-0.33103768095342984,8.720787008884205,1.9122352555050925,6.925717959391807,-9.290528416028287e-16,0.7938082828086912,12.60034318249848,1.1833536131605759e-15,-0.15506647460334982,4.169399172665012,0.18228177883533225,7.7165728674674545,-1.8316712364008748e-15,0.5269299241286454,7.138303045958562,-4.654154665828525e-15,0.17597120635008,1.7299534766697602,0.26687835868004584
2.9715000000000105,-0.3309493125720404,8.718554193848329,1.9117718705765487,6.923320378207016,2.6284313267566084e-15,0.7936122480575488,12.596840324666337,-5.132220499910146e-16,-0.1550270947346389,4.168519495201328,0.1822526134421483,7.714769620282996,2.5113896829723987e-15,0.5268531232394615,7.136525965410078,-3.067207945961492e-15,0.1759222178374015,1.7295192571344005,0.2667591248180873
2.9720000000000106,-0.33086094201692917,8.716321266339905,1.9113106389649226,6.92090214359523,2.2305291294544283e-15,0.7934161973255999,12.593337496128784,-5.264359042029624e-16,-0.15498771246179652,4.167639631601056,0.18222343412872674,7.712966126746553,-1.6981168002418015e-16,0.5267772287828668,7.134746272028063,3.9205563708705204e-15,0.17587322955513265,1.7290872048361958,0.26663896854273306
2.972500000000011,-0.33077256929343685,8.71408822649364,1.9108527308716314,6.91845211080368,3.1951438023147816e-16,0.7932201306256716,12.589834697076844,2.612461813739716e-16,-0.15494832778733944,4.166759581932083,0.18219424089724387,7.7111623870140455,3.250114916795644e-16,0.526702746646578,7.13296267293108,-4.71698418172406e-15,0.1758242415060974,1.7286584899743875,0.26651738397909364
2.973000000000011,-0.3306841944069047,8.711855074444275,1.9104012611937715,6.915940615852783,8.516408064873637e-16,0.7930240479705957,12.58633192770149,-1.358386333197031e-16,-0.15490894071378564,4.165879346262317,0.18216503374987955,7.709358401241422,-1.228901622383714e-15,0.5266310232269275,7.131171727194273,1.152421528431008e-14,0.17577525369311908,1.728236227443892,0.2663930247436682
2.973500000000011,-0.33059581736267435,8.709621810326555,1.909960262987227,6.91332924226866,3.8652328377758926e-11,0.7928279493732068,12.582829188193699,5.618539372531898e-18,-0.1548695512436531,4.164998924659739,0.18213581268881815,7.707554169584691,2.0174866484971783e-15,0.5265645429745496,7.129367085129273,3.763118038850552e-12,0.17572626611902126,1.7278244502984088,0.2662634063986572
2.9740000000000113,-0.330507438166087,8.707388434275263,1.9094098459164144,6.911759627940323,-8.904460285438787e-14,0.7926318348463438,12.579326478744395,1.3231044134717222e-15,-0.15483015937946074,4.164118317192385,0.1821065777162477,7.705749692199905,5.652987446879181e-16,0.5264567279929522,7.127667783776751,2.6750389190810086e-10,0.17567727878662628,1.7273032682001668,0.26617510685339163
2.9745000000000115,-0.330419056822484,8.705154946425163,1.9088910014311335,6.909889280155078,-8.298537638312675e-15,0.7924357044028462,12.57582379954448,1.347626351068498e-16,-0.15479076512372683,4.163237523928277,0.18207732883436067,7.70394496924315,2.3792289393042767e-15,0.5263483578265575,7.125969618042687,6.744957240303884e-15,0.17562829169875718,1.7268136725967729,0.26608734657628863
2.9750000000000116,-0.3303306733372061,8.70292134691106,1.9083767377499086,6.907975210700403,5.643272307787051e-16,0.7922395580555599,12.572321150784784,1.0334694428789036e-15,-0.15475136847897097,4.162356544935572,0.1820480660453554,7.702140000870538,-1.1823882113239975e-15,0.5262493941795972,7.124247125856592,9.653194042724689e-16,0.17557930485823514,1.7263286717045532,0.26599016387596275
2.975500000000012,-0.330242287715595,8.700687635867757,1.9078651757693967,6.906035310351642,-1.8667793005855415e-15,0.7920433958173295,12.56881853265616,3.3761399885067586e-16,-0.1547119694477131,4.161475380282394,0.18201878935142868,7.70033478723826,8.620447033723331e-16,0.5261515700892889,7.122521434004948,-5.123397366080251e-16,0.1755303182678819,1.725846386417968,0.2658918257280406
2.976000000000012,-0.3301538999629919,8.698453813430092,1.9073554717734145,6.904077611795634,-1.0667465175084878e-15,0.7918472177010091,12.565315945349385,8.084234531679865e-16,-0.1546725680324732,4.160594030036972,0.181989498754791,7.698529328502519,-2.5765694339208604e-15,0.5260545211138763,7.120793473561698,4.369334755116583e-16,0.17548133193051868,1.7253659730186235,0.2657926965871328
2.976500000000012,-0.3300655100847377,8.696219879732897,1.9068471548453063,6.902106598360387,-2.4269865631088017e-15,0.7916510237194486,12.5618133890552,2.6333825330763735e-16,-0.15463316423577145,4.159712494267538,0.1819601942576471,7.696723624819565,-3.713520027784831e-15,0.5259580438670794,7.1190637641569285,-4.592138301562354e-15,0.17543234584896628,1.7248869605876593,0.26569297985236917
2.9770000000000123,-0.3299771180861739,8.693985834911018,1.9063399283017437,6.90012509458626,-4.0440741033709315e-17,0.791454813885506,12.558310863964348,1.956467815014797e-15,-0.15459375806012945,4.158830773042379,0.1819308758622119,7.6949176763457015,2.713584349690459e-16,0.5258620102248048,7.117332633164417,-1.4037165527169826e-15,0.17538336002604446,1.724409052439532,0.26559280366070115
2.9775000000000125,-0.32988872397264185,8.691751679099339,1.9058335899818133,6.898135025143983,-1.485356976305141e-15,0.7912585882120411,12.554808370267505,3.0888108305854015e-16,-0.15455434950806798,4.157948866429861,0.18190154357070248,7.693111483237252,-1.7940249106653385e-15,0.5257663328933673,7.1156003036644355,-1.9122615817213084e-15,0.17533437446457387,1.7239320464111108,0.2654922553186738
2.9780000000000126,-0.32980032774948215,8.689517412432737,1.905327994310174,6.896137776018217,1.3704315460216776e-15,0.7910623467119161,12.551305908155332,5.213141278106986e-16,-0.15451493858210885,4.15706677449834,0.18187219738534033,7.691305045650602,-4.1409987873719953e-16,0.5256709490183846,7.113866936316014,1.4446993948369347e-16,0.1752853891673733,1.7234557969248336,0.2653913976935315
2.978500000000013,-0.3297119294220363,8.687283035046109,1.9048230320556803,6.8941343872142,-9.345822726825048e-17,0.7908660893979971,12.547803477818423,4.706012858945099e-16,-0.15447552528477404,4.156184497316262,0.1818428373083509,7.689498363742159,-8.955680723615585e-16,0.5255758114419852,7.112132651689887,-3.6398835334683355e-15,0.17523640413726227,1.7229801947473293,0.2652902779560119
2.979000000000013,-0.3296235289956455,8.68504854707437,1.9043186186026975,6.892125664417202,4.0072112295064244e-16,0.790669816283153,12.544301079447383,4.900769814620575e-16,-0.15443610961858634,4.155302034952107,0.18181346334196533,7.687691437668389,6.214006145590582e-15,0.5254808836369305,7.110397543208442,4.1333039421664886e-15,0.17518741937705917,1.7225051552607322,0.26518893264622256
2.979500000000013,-0.32953512647565053,8.682813948652438,1.9038146867146746,6.890112247883137,-1.4456751767921716e-15,0.7904735273802543,12.540798713232752,-5.960132552445132e-16,-0.15439669158606834,4.154419387474391,0.1817840754884147,7.6858842675858,6.756368605662221e-16,0.5253861365804738,7.108661685130457,3.632510958695434e-15,0.1751384348895822,1.72203061122626,0.2650873907997805
2.9800000000000133,-0.3294467218673926,8.680579239915268,1.90331118184153,6.888094657111138,-1.5092094240998222e-16,0.790277222702178,12.537296379365042,-7.95746620109853e-16,-0.1543572711897435,4.1535365549517005,0.18175467374993923,7.684076853650911,-3.1937990323782982e-15,0.5252915467276192,7.1069251377275915,-4.713460524663482e-15,0.1750894506776491,1.7215565080915909,0.2649856759745588
2.9805000000000135,-0.32935831517621295,8.678344420997812,1.9028080589518281,6.886073320999721,-1.1622647289044608e-16,0.7900809022618007,12.533794078034736,-5.039842806184354e-16,-0.15431784843213553,4.15265353745263,0.18172525812878054,7.682269196020323,3.2847034712628843e-15,0.5251970946438552,7.105187950776303,-6.17886818099489e-16,0.17504046674407742,1.7210828008230477,0.2648838076179455
2.9810000000000136,-0.3292699064074526,8.676109492035039,1.9023052803238671,6.884048598874117,-8.847089727481716e-17,0.7898845660720045,12.530291809432292,5.297496519157499e-16,-0.15427842331576844,4.151770335045843,0.1816958286271847,7.680461294850656,7.608243239015842e-16,0.5251027640494269,7.103450165998652,1.7288687842453854e-15,0.17499148309168414,1.7206094516966823,0.2647818020225776
2.981500000000014,-0.3291814955664524,8.67387445316193,1.9018028139584526,6.882020795595137,-7.068998164605489e-17,0.7896882141456727,12.526789573748088,-8.36977985258576e-16,-0.15423899584316655,4.1508869478000605,0.18166638524740253,7.678653150298575,-2.854058742650869e-18,0.5250085411361793,7.10171181880685,-1.4929463915125396e-16,0.17494249972328582,1.72013642871105,0.26467967300949335
2.982000000000014,-0.3290930826585536,8.671639304513505,1.9013006324146255,6.879990172641809,-1.7245319755554434e-15,0.7894918464956935,12.52328737117254,-8.354409276147353e-16,-0.15419956601685506,4.150003375784027,0.1816369279916872,7.676844762520783,-5.772161819893071e-16,0.5249144140625386,7.099972939592932,4.672911363412524e-15,0.17489351664169853,1.7196637044229384,0.2645774324331549
2.982500000000014,-0.3290046676890969,8.669404046224743,1.9007987119341898,6.877956956444573,-1.076829597712603e-15,0.7892954631349568,12.51978520189596,-8.211366043954765e-16,-0.15416013383935911,4.149119619066528,0.18160745686229923,7.675036131674018,-1.3050001527994675e-15,0.5248203725769295,7.098233554690301,-2.3487071662553483e-15,0.1748445338497378,1.7191912550718906,0.2644750905580273
2.9830000000000143,-0.32891625066342384,8.667168678430722,1.9002970317735763,6.875921344744954,-1.723664613817455e-15,0.7890990640763568,12.516283066108684,6.05383544728563e-16,-0.15412069931320418,4.148235677716446,0.18157797186150074,7.6732272579150855,7.548657476524e-16,0.524726407729792,7.096493687109097,-9.590852417806772e-16,0.17479555135021965,1.7187190599120756,0.2643726563465648
2.9835000000000145,-0.3288278315868746,8.664933201266441,1.8997955736864287,6.873883511520299,1.1069704181077e-15,0.7889026493327881,12.512780964000953,-3.9882895045305347e-16,-0.15408126244091644,4.1473515518026325,0.18154847299155819,7.671418141400791,-5.564694125683696e-16,0.5246325116476729,7.094753357112969,-2.485750320857516e-15,0.17474656914595818,1.7182471006948705,0.2642701376851152
2.9840000000000146,-0.32873941046479077,8.662697614866978,1.8992943215140308,6.871843610882171,-9.128982292327947e-16,0.7887062189171534,12.509278895763032,-5.75819989287601e-17,-0.15404182322502225,4.146467241394036,0.1815189602547439,7.669608782288011,4.254434755395991e-15,0.524538677359086,7.0930125826636825,2.9559688030644793e-15,0.17469758723976853,1.717775361259287,0.26416754155806743
2.984500000000015,-0.32865098730251296,8.660461919367403,1.8987932608605858,6.869801780166851,-6.310056643865636e-16,0.7885097728423522,12.505776861585115,1.5300020977472945e-15,-0.1540023816680486,4.1455827465596355,0.1814894336533309,7.667799180733665,2.332848648975842e-15,0.5244448986529893,7.091271379782434,-5.441610703704747e-16,0.17464860563446435,1.717303827207255,0.264064874189363
2.985000000000015,-0.3285625621053821,8.658226114902801,1.898292378830399,6.867758142436784,7.155734338404329e-17,0.7883133111212911,12.50227486165738,7.469884430184621e-16,-0.15396293777252254,4.144698067368461,0.18145989318959999,7.665989336894704,-1.3275662430085911e-15,0.5243511699661321,7.089529762837464,-2.303929616531697e-16,0.17459962433285955,1.7168324856407988,0.26396214115515904
2.985500000000015,-0.32847413487873917,8.655990201608278,1.8977916638147552,6.865712808508894,-1.0820337681405334e-15,0.7881168337668812,12.49877289616995,-8.388781522887642e-17,-0.15392349154097165,4.143813203889586,0.18143033886583607,7.664179250928091,-2.1940554760696773e-15,0.5242574862895951,7.087787744782588,-1.1917550279960665e-15,0.1745506433377675,1.7163613249489191,0.2638593474772861
2.9860000000000153,-0.328385705627925,8.653754179618943,1.897291105315458,6.863665878633897,-1.457167719820518e-16,0.7879203407920303,12.495270965312947,-6.560579785017956e-17,-0.1538840429759244,4.142928156192127,0.18140077068432237,7.662368922990891,5.536289638548521e-16,0.5241638430943365,7.086045337347294,-3.254883342018733e-15,0.17450166265200062,1.7158903346311356,0.2637564976976938
2.9865000000000155,-0.3282972743582801,8.651518049069928,1.8967906937995884,6.86161744387865,-4.891920202254596e-16,0.7877238322096562,12.491769069276419,1.7231914636119425e-16,-0.15384459207990853,4.142042924345251,0.18137118864735427,7.6605583532401464,-5.177940525277992e-16,0.5240702362672799,7.0843025511998725,-2.207435623180487e-16,0.17445268227837157,1.715419505152234,0.26365359594237636
2.9870000000000156,-0.3282088410751457,8.649281810096387,1.896290420577318,6.859567587288882,-1.3825746103535153e-15,0.7875273080326771,12.488267208250402,6.181000253887147e-16,-0.15380513885545333,4.141157508418163,0.1813415927572277,7.658747541832987,-1.3295539728968824e-16,0.5239766620592072,7.082559396080422,-1.9711879697958956e-15,0.17440370221969237,1.7149488278200902,0.2635506459734699
2.987500000000016,-0.3281204057838625,8.647045462833466,1.895790277699559,6.857516384863178,-9.48026379621325e-16,0.7873307682740124,12.484765382424904,1.7067534757335094e-16,-0.15376568330508777,4.140271908480116,0.18131198301624052,7.656936488926561,9.380245333096511e-16,0.5238831170405561,7.08081588091363,8.912141857830846e-17,0.1743547224787747,1.7144782946833184,0.26344765123345626
2.988000000000016,-0.32803196848977106,8.644809007416345,1.8952902578710955,6.855463906379649,3.959506333917062e-16,0.7871342129465859,12.481263591989887,4.317581956332416e-16,-0.15372622543134132,4.139386124600413,0.1812823594266968,7.655125194678064,-6.334518169431511e-16,0.5237895980635944,7.079072013905359,-1.0200174038743626e-15,0.17430574305842975,1.7140078984443987,0.26334461488299155
2.988500000000016,-0.3279435291982122,8.642572443980209,1.8947903543765174,6.853410216100803,-7.919012667834124e-16,0.7869376420633264,12.477761837135278,1.9289625679273406e-16,-0.15368676523674413,4.138500156848404,0.1812527219909064,7.653313659244725,-9.108451214575044e-16,0.5236961022305485,7.077327802623978,-4.5404218579347955e-15,0.17425676396146805,1.713537632385611,0.26324153983277787
2.9890000000000163,-0.32785508791452667,8.64033577266026,1.8942905610165346,6.85135537337943,-4.679416576447437e-16,0.7867410556371617,12.47426011805098,1.5521719593375562e-15,-0.15364730272382637,4.137614005293468,0.18122307071117882,7.651501882783823,-2.2198752340108222e-15,0.5236026268663883,7.075583254069787,-4.8305543592919165e-15,0.1742077851907003,1.7130674903053558,0.2631384287707734
2.9895000000000165,-0.32776664464405486,8.638098993591722,1.8937908720532677,6.849299433179301,-2.5196858488563123e-16,0.7865444536810275,12.470758434926832,6.791630122613558e-17,-0.15360783789511906,4.1367276700050635,0.18119340558983432,7.649689865452665,2.1620140748602153e-15,0.5235091694952092,7.073838374735303,-7.95153873300869e-16,0.1741588067489358,1.7125974664634334,0.26303528418581834
2.9900000000000166,-0.32767819939213755,8.635862106909803,1.8932912821631462,6.847242446523236,1.5178830414797062e-17,0.7863478362078584,12.467256787952666,-5.916091151093033e-17,-0.153568370753153,4.135841151052658,0.18116372662919128,7.647877607408599,-4.0345655996741007e-16,0.5234157278192277,7.07209317065887,1.300175245244617e-15,0.17410982863898455,1.712127555533955,0.2629321083886307
2.990500000000017,-0.32758975216411595,8.633625112749781,1.89279178639514,6.845184460890685,8.990204414249803e-16,0.7861512032305948,12.463755177318301,8.962802434409501e-16,-0.15352890130046007,4.134954448505786,0.1811340338315746,7.646065108809042,-1.621763196200475e-15,0.5233222997018346,7.070347647467888,-2.1308909498030104e-15,0.17406085086365589,1.7116577525635654,0.2628289035287602
2.991000000000017,-0.3275013029653301,8.631388011246889,1.8922923801349842,6.843125520557956,-6.574601973952099e-16,0.7859545547621793,12.460253603213475,-3.691814737067753e-16,-0.15348942953957187,4.134067562434002,0.18110432719931346,7.64425236981141,1.826600136395398e-15,0.5232288831513033,7.068601810420374,9.361001557239845e-16,0.17401187342575822,1.711188052935671,0.262725671610876
2.991500000000017,-0.32741285180112045,8.629150802536412,1.8917930590733876,6.841065666900752,-3.0878077872387166e-16,0.785757890815555,12.456752065827912,4.56639149823705e-16,-0.15344995547302068,4.133180492906958,0.18107460673473894,7.642439390573187,-1.3773352907983096e-16,0.5231354763076006,7.066855664438612,-2.905878662695649e-15,0.17396289632809978,1.7107184523386487,0.2626224145079544
2.9920000000000173,-0.3273243986768279,8.626913486753644,1.8912938191783972,6.839004938657189,1.2047654540658925e-15,0.7855612114036725,12.4532505653513,-7.830142542796802e-16,-0.1534104791033396,4.1322932399943015,0.18104487244018994,7.6406261712518795,-4.809471681162315e-16,0.5230420774298356,7.065109214141216,3.676095886029351e-15,0.17391391957348828,1.7102489467382074,0.26251913397383697
2.9925000000000175,-0.3272359435977928,8.624676064033867,1.8907946566702876,6.836943372166557,-1.1501216645726231e-15,0.7853645165394824,12.449749101973293,8.453262778931416e-16,-0.15337100043306123,4.131405803765734,0.18101512431800687,7.638812712005048,-1.0856632267713357e-15,0.5229486848863525,7.06336246386834,-3.024056699496569e-15,0.17386494316473156,1.7097795323522806,0.26241583165312987
2.9930000000000176,-0.32714748656935533,8.622438534512412,1.8902955680001228,6.834881001573393,-1.2511693070482721e-15,0.7851678062359388,12.446247675883516,-2.9677858182605018e-15,-0.15333151946471926,4.130518184291021,0.1809853623705352,7.6369990129902865,-3.8307710361170195e-15,0.5228552971445345,7.06161541770774,6.891189008317866e-16,0.17381596710463607,1.7093102056295875,0.26231250909140436
2.993500000000018,-0.32705902759685646,8.620200898324608,1.8897965498299651,6.832817859015702,3.3133218391157016e-16,0.7849710805060005,12.442746287271547,1.3467486005109045e-15,-0.1532920362008474,4.129630381639963,0.18095558660012448,7.635185074365225,5.2443471615537324e-17,0.5227619127629765,7.059868079514715,5.741067343745243e-15,0.17376699139600907,1.7088409632298407,0.26220916774302405
2.994000000000018,-0.32697056668563623,8.617963155605784,1.8892975990154968,6.830753974790282,-1.5178830414797062e-15,0.7847743393626262,12.439244936326935,8.099857753779673e-16,-0.15325255064397994,4.128742395882388,0.18092579700912764,7.633370896287545,1.1356490727447165e-15,0.522668530383906,7.058120452931449,-4.3018973799879845e-15,0.1737180160416563,1.7083718020063692,0.26210580897872016
2.994500000000018,-0.3268821038410356,8.615725306491335,1.8887987125910004,6.828689377495669,1.6128591517894364e-15,0.7845775828187818,12.435743623239217,-1.34448671984533e-15,-0.15321306279665176,4.127854227088234,0.18089599359990233,7.631556478914964,4.3400797188056916e-16,0.5225751487256293,7.056372541406281,-3.3599425325325782e-15,0.17366904104438385,1.707902718991098,0.2620024340931525
2.9950000000000183,-0.32679363906839426,8.613487351116605,1.8882998877544512,6.826624094173866,-1.6306400674181987e-16,0.7843808108874315,12.432242348197853,9.623399331034701e-16,-0.15317357266139764,4.126965875327404,0.18086617637481056,7.629741822405233,-6.279152837553591e-17,0.5224817665779911,7.054624348205273,-3.946495907847236e-17,0.17362006640699662,1.7074337113796407,0.26189904430944044
2.9955000000000185,-0.32670517237305274,8.611249289616984,1.8878011218556037,6.8245581504237265,4.410534437671032e-16,0.784184023581546,12.428741111392302,-2.4206483353505902e-15,-0.15313408024075284,4.126077340669873,0.18083634533621795,7.6279269269161425,-3.02435108097906e-16,0.5223883827958701,7.0528758764288035,1.104802013762729e-15,0.1735710921322999,1.7069647765193858,0.26179564078567596
2.9960000000000186,-0.3266167037603515,8.60901112212788,1.8873024123845041,6.822491570510227,-7.489668607529865e-16,0.7839872209140987,12.425239913011968,-1.979651345419523e-15,-0.1530945855372531,4.125188623185677,0.1808065004864939,7.626111792605522,4.683773640205641e-16,0.5222949962944241,7.051127129023715,1.470178145890344e-16,0.1735221182230984,1.7064959118980103,0.26169222461967456
2.996500000000019,-0.32652823323563074,8.60677284878471,1.8868037569611449,6.820424377462848,-1.2503019453102837e-15,0.7837904028980645,12.421738753246235,1.467223697658658e-15,-0.15305508855343497,4.124299722944901,0.18077664182801367,7.624296419631255,-3.5766387221887876e-15,0.5222016060448949,7.049378108793997,2.3787395664331967e-16,0.17347314468219577,1.7060271151331312,0.2615887968531696
2.997000000000019,-0.3264397608042307,8.604534469722893,1.8863051533261361,6.818356593164324,8.721322275473398e-16,0.783593569546422,12.418237632284448,1.4711033466817015e-15,-0.15301558929183479,4.123410640017647,0.18074676936315434,7.622480808151257,5.161327314308685e-16,0.5221082110705231,7.047628818411175,5.197448374461011e-15,0.17342417151239592,1.7055583839629818,0.26148535847589893
2.997500000000019,-0.3263512864714914,8.60229598507789,1.8858065993321036,6.816288238432449,-2.7668839441830073e-16,0.783396720872153,12.414736550315913,-5.826116406480768e-16,-0.15297608775498933,4.122521374474103,0.18071688309429843,7.620664958323468,-1.4236261074303335e-15,0.5220148104431573,7.045879260423007,8.227142925254505e-15,0.1733751987165021,1.7050897162378051,0.2613819104289956
2.9980000000000193,-0.3262628102427534,8.600057394985145,1.8853080929364843,6.814219333088666,2.9967348047499343e-16,0.7831998568882437,12.411235507529913,2.0411708650983298e-15,-0.1529365839454363,4.121631926384442,0.1806869830238333,7.618848870305891,-2.337770954197925e-16,0.5219214032790588,7.044129437264171,-3.2252846227098786e-15,0.1733262262973171,1.704621109912651,0.2612784536091849
2.9985000000000195,-0.32617433212335645,8.597818699580136,1.8848096321940013,6.812149896029475,1.5005358067199381e-16,0.7830029776076783,12.407734504115684,-3.6741861967932194e-16,-0.1528970778657129,4.120742295818943,0.18065706915414692,7.617032544256565,-1.726449920932968e-15,0.5218279887367382,7.0423793512617285,6.546412717467476e-16,0.17327725425764354,1.7041525630398544,0.26117498887094015
2.9990000000000197,-0.32608585211864083,8.59557989899835,1.8843112152503443,6.810079945286769,1.1076209394111913e-15,0.7828060830434502,12.404233540262435,-5.906214574254095e-16,-0.15285756951835777,4.119852482847899,0.18062714148763576,7.615215980333554,-7.398062701006748e-16,0.521734566014024,7.040629004642684,-2.1549602380321886e-15,0.17322828260028306,1.7036840737627086,0.2610715170294262
2.99950000000002,-0.32599737023394654,8.593340993375282,1.8838128403363796,6.808009498082691,1.496198998029996e-16,0.7826091732085527,12.400732616159326,3.425211553257235e-16,-0.1528180589059088,4.1189624875416495,0.18059720002669757,7.613399178694955,2.936226411626758e-16,0.5216411343452708,7.038878399541021,1.7585759237714882e-15,0.17317931132803774,1.703215640309682,0.2609680388632819
3.00000000000002,-0.32590888647461375,8.591101982846451,1.8833145057626464,6.805938570882143,-2.914335439641036e-16,0.7824122481159831,12.397231731995513,4.385655290198123e-16,-0.15277854603090535,4.118072309970592,0.18056724477373598,7.611582139498944,2.3345767244012356e-16,0.5215476929993306,7.037127538002938,-1.308848862624501e-15,0.1731303404437084,1.7027472609889105,0.2608645551166525
