theta,Ff,Fr,hard_f,hard_r,soft_vy_signed_f,soft_vy_signed_r,cubic_f,cubic_r,qfu,qfv,qru,qrv
0.0,3.485120232370067,1.422235505156472,16.820108412143327,26.412876826421353,0.08486990716934285,-0.9999999285485408,-19.97484344968158,-80.71117599426235,0.9104610855122774,0.20929234920965237,0.10030238395812265,0.7995056690696518
0.01,3.4851020912141037,1.4222283355379017,16.819947662195347,26.41267203840109,0.08486962277289457,-0.9999999285503427,-19.974712577143677,-80.71102917879145,0.9104607789595842,0.20929278682139926,0.100302358887608,0.7995057177025183
0.02,3.485047667522013,1.4222068266016787,16.81946542081439,26.41205768258638,0.08486876956866427,-0.9999999285557484,-19.97431995174329,-80.71058869528123,0.910459859311335,0.20929409963550208,0.1003022836780582,0.7995058635971639
0.03,3.484956960621723,1.4221709781062932,16.818661713385623,26.411033783714725,0.08486734751139922,-0.9999999285647574,-19.97366555380034,-80.70985442185017,0.9104583265969036,0.209296287588565,0.10030215833545561,0.7995061067417262
0.04,3.4848299693929663,1.4221207896493662,16.81753658221981,26.40960038301288,0.08486535652651132,-0.9999999285773691,-19.972749348899196,-80.70882615883035,0.9104561808654105,0.20929935057490717,0.10030198286976932,0.7995064471164374
0.05,3.484666692268585,1.4220562606678346,16.816090086544676,26.40775753819317,0.08486279650902978,-0.9999999285935821,-19.971571291106166,-80.70750362673735,0.9104534221855187,0.20930328844659524,0.1003017572949526,0.7995068846936301
0.06,3.484467127235095,1.4219773904382338,16.814322302502788,26.405505323448537,0.0848596673240504,-0.9999999286133954,-19.970131317808537,-80.7058864614335,0.9104500506455225,0.2093081010134355,0.10030148162893956,0.7995074194377426
0.07,3.4842312718338584,1.4218841780770368,16.81223332314508,26.40284382944585,0.0848559688066205,-0.9999999286368071,-19.968429357421865,-80.7039742278037,0.9104460663533275,0.20931378804298295,0.10030115589364139,0.7995080513053283
0.08,3.4839591231624736,1.4217766225410964,16.80982325842348,26.39977316331801,0.08485170076166405,-0.9999999286638155,-19.966465321081778,-80.70176640122133,0.9104414694364369,0.20932034926055051,0.10030078011494027,0.7995087802450662
0.09,3.483650677876371,1.4216547226281435,16.807092235182505,26.396293448654546,0.08484686296399511,-0.9999999286944183,-19.96423910996083,-80.69926238432856,0.9104362600419575,0.209327784349218,0.10030035432268405,0.7995096061977722
0.1,3.483305932190708,1.42151847697737,16.80404039714907,26.392404825490658,0.08484145515818982,-0.999999928728613,-19.961750607003484,-80.69646149566431,0.9104304383365769,0.20933609294984448,0.10029987855067886,0.7995105290964148
0.11,3.4829248818824468,1.4213678840701005,16.800667904921603,26.38810745029494,0.08483547705860868,-0.9999999287663968,-19.958999687274236,-80.69336297695821,0.9104240045065717,0.20934527466107983,0.10029935283668047,0.7995115488661301
0.12,3.4825075222928743,1.4212029422305192,16.796974935956214,26.383401495955667,0.08482892834908691,-0.9999999288077663,-19.955986208019613,-80.68996598957827,0.9104169587577491,0.20935532903938553,0.10029877722238627,0.7995126654242398
0.13,3.482053848329899,1.4210236496264967,16.792961684555173,26.378287151765498,0.08482180868331268,-0.9999999288527184,-19.952710015696134,-80.68626961566535,0.9104093013155263,0.2093662555990379,0.10029815175342478,0.7995138786802717
0.14,3.481563854471417,1.4208300042704793,16.788628361847778,26.372764623404866,0.08481411768399541,-0.9999999289012493,-19.9491709427248,-80.68227285752708,0.9104010324247713,0.209378053812167,0.10029747647934555,0.7995151885359806
0.15,3.4810375347678195,1.4206220040204576,16.783975195778446,26.366834132923945,0.0848058549436756,-0.9999999289533549,-19.94536880745698,-80.67797464093672,0.9103921523499651,0.20939072310875081,0.10029675145360592,0.7995165948853721
0.16,3.4804748828458014,1.4203996465810227,16.779002431085235,26.36049591872316,0.08479702002390944,-0.999999929009031,-19.941303418491085,-80.67337381060406,0.9103826613750491,0.20940426287665453,0.10029597673356015,0.799518097614728
0.17,3.479875891911824,1.4201629295044846,16.773710329281595,26.353750235532132,0.08478761245537673,-0.999999929068273,-19.93697456462727,-80.6684691334979,0.9103725598034493,0.20941867246164872,0.10029515238044462,0.7995196966026333
0.18,3.479240554755915,1.41991185019207,16.768099168636176,26.346597354387487,0.08477763173782701,-0.9999999291310758,-19.93238202553069,-80.6632593004824,0.9103618479580732,0.20943395116743074,0.10029427845936377,0.7995213917200054
0.19,3.478568863755826,1.41964640589521,16.762169244150396,26.339037562608986,0.08476707733984402,-0.9999999291974345,-19.927525568955975,-80.65774292127689,0.9103505261812668,0.2094500982556536,0.10029335503927506,0.7995231828301238
0.2,3.477860810881302,1.4193665937168818,16.755920867535508,26.331071163774283,0.0847559486987621,-0.9999999292673433,-19.92240494573632,-80.65191852968988,0.9103385948348081,0.2094671129459509,0.10029238219297201,0.7995250697886646
0.21,3.477116387698716,1.4190724106130488,16.749354367187724,26.32269847769249,0.08474424522047559,-0.9999999293407967,-19.917019896718873,-80.64578458321989,0.9103260542998738,0.20948499441596846,0.1002913599970679,0.7995270524437321
0.22,3.47633558537583,1.4187638533941587,16.74247008816256,26.313919840376023,0.08473196627931753,-0.9999999294177883,-19.911370150273576,-80.63933945872984,0.9103129049770224,0.20950374180139206,0.10029028853197726,0.7995291306358977
0.23,3.475518394686906,1.4184409187267204,16.735268392147233,26.304735604011217,0.08471911121784094,-0.9999999294983118,-19.905455416795753,-80.63258146082029,0.9102991472861601,0.20952335419598334,0.10028916788189687,0.7995313041982349
0.24,3.4746648060179743,1.418103603134972,16.727749657432227,26.2951461369276,0.08470567934666728,-0.9999999295823608,-19.89927539821516,-80.62550881436123,0.910284781666516,0.20954383065161183,0.10028799813478641,0.7995335729563611
0.25,3.4737748093723195,1.4177519030025936,16.719914278881625,26.28515182356559,0.08469166994435282,-0.9999999296699279,-19.892829780570242,-80.61811966959846,0.9102698085766271,0.20956517017828855,0.10028677938234798,0.7995359367284764
0.26,3.4728483943763657,1.41738581457453,16.71176266790122,26.27475306444302,0.08467708225706987,-0.9999999297610058,-19.886118239154325,-80.61041209997525,0.9102542284942796,0.20958737174420872,0.10028551172000419,0.799538395325409
0.27,3.47188555028557,1.41700533395885,16.703295252406395,26.263950276120056,0.08466191549851837,-0.9999999298555875,-19.879140436181395,-80.602384104871,0.9102380419165029,0.20961043427578574,0.10028419524687665,0.7995409485506573
0.28,3.4708862659906927,1.4166104571287093,16.694512476788297,26.252743891162957,0.08464616884970784,-0.9999999299536644,-19.87189601822306,-80.59403361017029,0.9102212493595343,0.20963435665769325,0.10028283006576233,0.7995435962004371
0.29,3.469850530024335,1.4162011799243783,16.685414801877798,26.24113435810632,0.0846298414586107,-0.9999999300552287,-19.86438462151874,-80.5853584628268,0.9102038513587588,0.20965913773291017,0.10028141628310965,0.79954633806373
0.3,3.4687783305675772,1.415777498055333,16.676002704909656,26.22912214141407,0.08461293244007237,-0.9999999301602718,-19.85660587006154,-80.57635643994868,0.9101858484687018,0.20968477630276175,0.10027995400899478,0.7995491739223307
0.31,3.4676696554569024,1.4153394071024317,16.66627667948449,26.216707721439025,0.08459544087556867,-0.9999999302687852,-19.848559371671747,-80.56702524235611,0.9101672412629901,0.20971127112696525,0.10027844335709492,0.7995521035508998
0.32,3.466524492191454,1.4148869025201527,16.65623723552872,26.20389159438103,0.0845773658128024,-0.9999999303807594,-19.84024472594529,-80.55736249715451,0.9101480303342814,0.2097386209236817,0.10027688444466314,0.7995551267170156
0.33,3.46534282794032,1.4144199796389136,16.645884899255,26.19067427224404,0.08455870626565895,-0.9999999304961853,-19.83166151544981,-80.5473657620395,0.9101282162942662,0.20976682436955965,0.10027527739250089,0.799558243181227
0.34,3.4641246495502416,1.41393863366746,16.63522021311941,26.17705628279156,0.08453946121376243,-0.9999999306150532,-19.8228093141025,-80.53703251923916,0.9101077997735897,0.209795880099791,0.10027362232493027,0.7995614526971109
0.35000000000000003,3.4628699435533763,1.413442859695319,16.624243735778848,26.163038169500897,0.08451962960235333,-0.9999999307373532,-19.8136876784194,-80.52636018163079,0.9100867814218374,0.20982578670816004,0.10027191936976615,0.7995647550113271
0.36,3.4615786961754456,1.4129326526953272,16.612956042045703,26.148620491516088,0.08449921034187509,-0.9999999308630746,-19.804296159645972,-80.51534608663812,0.9100651619074644,0.20985654274710183,0.10027016865828633,0.7995681498636781
0.37,3.4602508933439786,1.4124080075262369,16.601357722842394,26.133803823599628,0.084478202307752,-0.9999999309922075,-19.794634288035773,-80.50398750672223,0.9100429419177624,0.20988814672775594,0.1002683703252022,0.799571636987168
0.38,3.4588865206968653,1.4118689189353713,16.58944938515348,26.118588756082573,0.08445660434001176,-0.9999999311247406,-19.784701587681262,-80.49228163923657,0.9100201221587947,0.2099205971200281,0.1002665245086275,0.7995752161080643
0.39,3.4574855635909834,1.4113153815613766,16.57723165197796,26.102975894813767,0.08443441524314099,-0.9999999312606628,-19.774497567946646,-80.48022561379165,0.9099967033553789,0.2099538923526449,0.10026463135004793,0.7995788869459598
0.4,3.4560480071112516,1.410747389937015,16.56470516227833,26.086965861107434,0.08441163378557603,-0.9999999313999626,-19.764021725733446,-80.46781649057976,0.9099726862509975,0.20998803081322107,0.10026269099428842,0.799582649213837
0.41000000000000003,3.454573836079796,1.410164938492047,16.551870570929275,26.07055929168977,0.08438825869939758,-0.9999999315426285,-19.7532735453905,-80.45505126189659,0.9099480716077484,0.21002301084832362,0.10026070358948147,0.7995865026181328
0.42,3.4530630350651634,1.4095680215561741,16.538728548666107,26.053756838644055,0.0843642886801854,-0.9999999316886483,-19.742252502106915,-80.44192685001877,0.9099228602063263,0.2100588307635315,0.1002586692870328,0.7995904468588056
0.43,3.45151558839211,1.4089566333620402,16.525279782029205,26.036559169354625,0.08433972238637664,-0.9999999318380095,-19.730958054500412,-80.42844011264323,0.9098970528459085,0.2100954888235111,0.10025658824158841,0.7995944816294022
0.44,3.449931480151252,1.4083307680483188,16.511524973309854,26.018966966449632,0.08431455843913495,-0.9999999319906996,-19.719389652866106,-80.4145878390356,0.9098706503441382,0.21013298325208096,0.10025446061099967,0.7995986066171277
0.45,3.448310694209111,1.4076904196628448,16.497464840492874,26.000980927742415,0.08428879542184768,-0.9999999321467056,-19.707546735085725,-80.4003667509515,0.9098436535370396,0.21017131223228497,0.10025228655628854,0.7996028215029144
0.46,3.446653214218316,1.4070355821658267,16.483100117199,25.98260176617182,0.08426243187982727,-0.9999999323060144,-19.69542872380364,-80.38577350651275,0.9098160632789651,0.2102104739064664,0.1002500662416118,0.7996071259614946
0.47000000000000003,3.4449590236280065,1.4063662494331233,16.46843155262513,25.963830209741154,0.0842354663198363,-0.9999999324686123,-19.683035032102076,-80.3708046997702,0.9097878804425185,0.2102504663763429,0.10024779983422483,0.7996115196614719
0.48,3.443228105694408,1.4056824152595697,16.45345991148412,25.94466700145606,0.08420789720979324,-0.9999999326344856,-19.67036506566496,-80.35545685776158,0.909759105918503,0.21029128770308322,0.10024548750444455,0.7996160022653951
0.49,3.44146044349172,1.4049840733623895,16.438185973942012,25.92511289926114,0.08417972297821871,-0.9999999328036199,-19.65741820788351,-80.33972644662707,0.9097297406158251,0.21033293590739044,0.1002431294256128,0.7996205734298328
0.5,3.4396560199229977,1.4042712173846543,16.422610535555478,25.90516867597534,0.08415094201396264,-0.999999932976001,-19.644193842745178,-80.32360986682863,0.9096997854614521,0.21037540896957843,0.10024072577405828,0.7996252328054493
0.51,3.4378148177314216,1.4035438408988046,16.406734407206606,25.884835119226246,0.08412155266566684,-0.9999999331516141,-19.630691333969356,-80.30710345984998,0.9096692414003169,0.21041870482965877,0.10023827672905772,0.7996299800370807
0.52,3.4359368195117046,1.4028019374102487,16.390558415036658,25.864113031383184,0.08409155324131258,-0.9999999333304441,-19.61691003897617,-80.29020350324375,0.9096381093952379,0.21046282138742822,0.10023578247279781,0.7996348147638134
0.53,3.4340220077215067,1.4020455003610037,16.374083400379888,25.843003229489177,0.08406094200796893,-0.9999999335124758,-19.60284929829692,-80.27290621564299,0.9096063904268814,0.21050775650254902,0.1002332431903356,0.7996397366190613
0.54,3.4320703646934474,1.4012745231334143,16.35731021969291,25.821506545191724,0.08402971719095371,-0.9999999336976935,-19.588508447392353,-80.25520775266982,0.9095740854936071,0.21055350799464995,0.10023065906955839,0.7996447452306474
0.55,3.430081872646821,1.400488999053912,16.340239744486354,25.799623824672494,0.0839978769737033,-0.9999999338860813,-19.573886808124218,-80.23710421445954,0.909541195611452,0.2106000736434091,0.10022803030114458,0.799649840220882
0.56,3.4280565136998575,1.3996889213968542,16.322872861252563,25.7773559285759,0.08396541949708354,-0.999999934077623,-19.55898368958716,-80.21859164092754,0.9095077218140045,0.21064745118865347,0.10022535707852197,0.7996550212066454
0.5700000000000001,3.4259942698819645,1.3988742833884078,16.30521047139324,25.75470373193653,0.08393234285896926,-0.9999999342723019,-19.543798391964543,-80.1996660116472,0.9094736651523326,0.21069563833045324,0.10022263959782746,0.799660287799469
0.58,3.423895123146189,1.3980450782104998,16.287253491145577,25.731668124105468,0.08389864511374649,-0.9999999344701017,-19.528330205053834,-80.18032325468366,0.9094390266948953,0.21074463272921934,0.1002198780578652,0.7996656396056186
0.59,3.4217590553819632,1.397201299004816,16.26900285150642,25.70825000867573,0.08386432427170445,-0.9999999346710045,-19.512578403654302,-80.1605592372178,0.9094038075274312,0.21079443200580825,0.10021707266006535,0.7996710762261788
0.6,3.4195860484278118,1.3963429388768613,16.25045949815614,25.684450303406237,0.08382937829859394,-0.9999999348749935,-19.496542257750704,-80.14036977292784,0.9093680087528832,0.21084503374162034,0.1002142236084416,0.799676597257135
0.61,3.4173760840844496,1.3954699909000743,16.231624391380116,25.660269940145128,0.08379380511499322,-0.999999935082051,-19.480221023083836,-80.11975062216895,0.9093316314912807,0.21089643547870984,0.10021133110954872,0.7996822022894609
0.62,3.415129144127849,1.3945824481200075,16.212498505990006,25.635709864751853,0.08375760259582547,-0.9999999352921587,-19.463613945946175,-80.0986974886342,0.9092946768796553,0.21094863471988806,0.10020839537243982,0.7996878909092021
0.63,3.4128452103226268,1.3936803035585397,16.193082831242748,25.610771037018203,0.08372076856973842,-0.9999999355052983,-19.44672025967527,-80.07720602434284,0.9092571460719252,0.21100162892883628,0.10020541660862346,0.7996936626975639
0.64,3.4105242644355234,1.3927635502181621,16.173378370758495,25.585454430588356,0.0836833008184874,-0.9999999357214514,-19.429539193519943,-80.05527183039622,0.9092190402387837,0.21105541553021856,0.10020239503202015,0.799699517230997
0.65,3.4081662882489256,1.3918321810863024,16.153386142438205,25.559761032877915,0.0836451970764878,-0.9999999359405992,-19.412069960441134,-80.03289045432933,0.9091803605676193,0.21110999190979074,0.10019933085891822,0.7997054540812855
0.66,3.405771263574855,1.3908861891397197,16.133107178377905,25.533691844992063,0.08360645502996517,-0.9999999361627222,-19.39431176503119,-80.01005739651583,0.9091411082623543,0.21116535541452586,0.10019622430793114,0.799711472815634
0.67,3.403339172268766,1.3899255673489284,16.112542524783557,25.50724788164247,0.08356707231649166,-0.9999999363878012,-19.376263802639368,-79.98676810659197,0.909101284543363,0.211221503352728,0.10019307559995186,0.7997175729967569
0.68,3.400869996243626,1.3889503086826873,16.09169324188432,25.480430171063546,0.08352704652439964,-0.9999999366158163,-19.357925259604308,-79.96301798225323,0.9090608906473622,0.21127843299415236,0.10018988495810977,0.7997237541829668
0.6900000000000001,3.3983637174842367,1.3879604061125301,16.07056040384316,25.45323975492748,0.08348637519196184,-0.9999999368467474,-19.33929530997401,-79.93880237778166,0.9090199278272567,0.2113361415701344,0.10018665260772525,0.7997300159282629
0.7000000000000001,3.3958203180616096,1.3869558526173584,16.04914509866738,25.42567768825853,0.08344505580676242,-0.9999999370805743,-19.320373119142026,-79.91411659794612,0.9089783973520222,0.21139462627371547,0.10018337877626521,0.799736357782422
0.71,3.393239780147382,1.3859366411880594,16.027448428118156,25.397745039346184,0.083403085805123,-0.9999999373172762,-19.301157846692206,-79.8889559042677,0.9089363005065985,0.2114538842597678,0.10018006369329822,0.7997427792910875
0.72,3.3906220860285243,1.384902764832196,16.00547150761804,25.36944288965772,0.08336046257139086,-0.9999999375568324,-19.281648634553267,-79.86331551139558,0.9088936385917533,0.21151391264512867,0.10017670759044965,0.7997492799958594
0.73,3.3879672181221534,1.3838542165787198,15.983215466156826,25.340772333749428,0.08331718343708974,-0.9999999377992214,-19.261844624008077,-79.83719059026566,0.9088504129239237,0.21157470850873517,0.1001733107013558,0.7997558594343861
0.74,3.3852751589904124,1.382790989482752,15.96068144619722,25.31173447917738,0.08327324568032331,-0.9999999380444217,-19.241744939440323,-79.81057626688099,0.9088066248350992,0.21163626889176046,0.10016987326161907,0.7997625171404535
0.75,3.382545891355511,1.3817130766303924,15.93787060357864,25.28233044640709,0.08322864652498857,-0.9999999382924114,-19.22134870393823,-79.78346762835793,0.9087622756726755,0.21169859079775113,0.10016639550876252,0.7997692526440771
0.76,3.379779398114893,1.3806204711435786,15.91478410741967,25.252561368722297,0.08318338314003114,-0.9999999385431686,-19.200655025173514,-79.75585971916045,0.9087173667993085,0.21176167119277117,0.10016287768218395,0.7997760654715926
0.77,3.376975662356559,1.3795131661849818,15.891423140019032,25.22242839213302,0.08313745263855123,-0.9999999387966707,-19.179663006806244,-79.72774754211322,0.9086718995927447,0.21182550700554656,0.10015932002311066,0.7997829551457479
0.78,3.3741346673742636,1.3783911549629606,15.867788896757546,25.191932675282747,0.08309085207743187,-0.9999999390528952,-19.15837173822098,-79.69912606279716,0.908625875445748,0.2118900951276041,0.1001557227745538,0.7997899211857932
0.79,3.3712563966833744,1.377254430736537,15.84388258599386,25.16107538935475,0.08304357845587035,-0.9999999393118192,-19.13678030532312,-79.66999020696822,0.9085792957658163,0.21195543241343634,0.10015208618126199,0.7997969631075742
0.8,3.368340834036135,1.376102986820415,15.819705428964957,25.129857717977643,0.0829956287151704,-0.9999999395734193,-19.114887784080718,-79.64033486454431,0.9085321619751403,0.21202151568063804,0.10014841048967651,0.799804080423622
0.81,3.365387963437577,1.3749368165900626,15.79525865968126,25.09828085713022,0.082946999737628,-0.9999999398376719,-19.09269324106224,-79.61015488524212,0.9084844755103871,0.21208834171006877,0.10014469594788529,0.7998112726432464
0.8200000000000001,3.3623977691613627,1.3737559134867916,15.770543524821184,25.066346015045298,0.08289768834555801,-0.999999940104553,-19.070195734277167,-79.57944508995004,0.9084362378225106,0.21215590724601197,0.10014094280557616,0.7998185392726256
0.8300000000000001,3.3593702357656223,1.372560271022913,15.745561283626085,25.034054412113115,0.0828476913006435,-0.9999999403740385,-19.04739431747562,-79.54820025934883,0.9083874503766214,0.21222420899633127,0.10013715131399285,0.7998258798148993
0.84,3.3563053481089096,1.3713498827869035,15.720313207793357,25.001407280783795,0.08279700530310913,-0.9999999406461042,-19.02428802904153,-79.51641514222091,0.9083381146518272,0.21229324363262966,0.10013332172588799,0.7998332937702589
0.85,3.3532030913665243,1.3701247424486196,15.694800581366144,24.96840586546893,0.08274562699045278,-0.9999999409207253,-19.00087590979803,-79.48408445811013,0.9082882321409809,0.21236300779042616,0.10012945429547765,0.7998407806360404
0.86,3.350063451046505,1.3688848437645422,15.669024700625329,24.93505142244291,0.08269355293686373,-0.9999999411978767,-18.977156982447777,-79.4512028900476,0.908237804350566,0.21243349806931378,0.10012554927839665,0.799848339906814
0.87,3.346886413006068,1.3676301805830557,15.642986873977382,24.90134521974307,0.08264077965200609,-0.9999999414775335,-18.953130268660328,-79.41776509499758,0.9081868328004571,0.21250471103313862,0.10012160693165166,0.7998559710744763
0.88,3.3436719634677954,1.3663607468497643,15.616688421843655,24.86728853706943,0.0825873035803523,-0.9999999417596696,-18.9287947799217,-79.3837656985254,0.9081353190237833,0.21257664321016556,0.10011762751357689,0.7998636736283405
0.89,3.3404200890362126,1.3650765366128252,15.590130676545835,24.832882665683577,0.08253312109991535,-0.9999999420442593,-18.9041495226013,-79.34919929753217,0.9080832645666803,0.2126492910932622,0.1001136112837883,0.7998714470552282
0.9,3.337130776714281,1.3637775440283353,15.563314982191926,24.79812890830727,0.08247822852131774,-0.9999999423312766,-18.879193494035075,-79.31406046434903,0.9080306709881026,0.21272265114007646,0.10010955850313868,0.799879290839558
0.91,3.33380401391983,1.3624637633657226,15.53624269456155,24.76302857901976,0.08242262208697088,-0.9999999426206951,-18.853925683274223,-79.27834374323012,0.9079775398596581,0.21279671977321368,0.10010546943367236,0.7998872044634375
0.92,3.3304397885024524,1.3611351890131964,15.50891518098758,24.72758300315528,0.08236629796964699,-0.9999999429124881,-18.828345078712903,-79.24204365203707,0.9079238727653236,0.2128714933804322,0.10010134433858049,0.799895187406752
0.93,3.3270380887599833,1.3597918154831885,15.481333820239605,24.6917935171991,0.08230925227172542,-0.9999999432066285,-18.802450652987215,-79.20515468930913,0.9078696713012927,0.21294696831482257,0.10009718348215611,0.7999032391472549
0.9400000000000001,3.3235989034553928,1.3584336374178543,15.45350000240427,24.655661468683647,0.0822514810239203,-0.9999999435030892,-18.776241378567978,-79.1676713243393,0.9078149370757199,0.21302314089500318,0.10009298712974962,0.7999113591606563
0.9500000000000001,3.320122221833548,1.357060649594578,15.425415128765454,24.61918821608377,0.08219298018425836,-0.9999999438018423,-18.749716217858715,-79.12958800953976,0.9077596717085139,0.21310000740531287,0.10008875554772513,0.7999195469207112
0.96,3.316608033638101,1.355672846931516,15.397080611682718,24.582375128711313,0.08213374563684744,-0.9999999441028604,-18.72287413220052,-79.09089917425322,0.9077038768310906,0.21317756409600858,0.10008448900341486,0.7999278018993101
0.97,3.313056329128408,1.3542702244931617,15.368497874469329,24.545223586609467,0.08207377319078561,-0.9999999444061154,-18.695714069776518,-79.05159922740421,0.9076475540861498,0.21325580718346482,0.10008018776507648,0.7999361235665648
0.98,3.309467099096466,1.3528527774959156,15.339668351268438,24.50773498044625,0.08201305857890337,-0.9999999447115788,-18.668234976575786,-79.01168256175754,0.9075907051274238,0.21333473285037718,0.10007585210184891,0.7999445113908968
0.99,3.305840334883872,1.3514205013137117,15.310593486929294,24.469910711407707,0.08195159745668291,-0.999999945019222,-18.64043579357538,-78.97114355204347,0.9075333316194543,0.21341433724596562,0.10007148228370856,0.7999529648391247
1.0,3.3021760283989754,1.3499733914836318,15.28127473688059,24.431752191090478,0.08188938540078039,-0.9999999453290159,-18.612315451784664,-78.92997655428542,0.9074754352372961,0.21349461648618906,0.10006707858142658,0.7999614833765502
1.01,3.298474172133808,1.3485114437115517,15.251713567004678,24.393260841393968,0.08182641790795049,-0.9999999456409318,-18.583872881679376,-78.88817591056082,0.9074170176662976,0.21357556665395186,0.10006264126652559,0.7999700664670439
1.02,3.2947347591812224,1.3470346538778166,15.221911453509684,24.35443809441191,0.08176269039367735,-0.9999999459549396,-18.55510700613228,-78.84573594864685,0.9073580806018208,0.21365718379932075,0.10005817061123685,0.7999787135731327
1.03,3.2909577832519594,1.3455430180429147,15.191869882800983,24.31528539232354,0.08169819819091471,-0.9999999462710101,-18.526016738017717,-78.80265098423469,0.9072986257489856,0.21373946393974166,0.10005366688845836,0.7999874241560817
1.04,3.2871432386918964,1.3440365324531833,15.161590351350625,24.275804187284443,0.08163293654852627,-0.999999946589113,-18.496600993382476,-78.75891531929467,0.9072386548223543,0.21382240306026593,0.10004913037171217,0.7999961976759813
1.05,3.283291120499026,1.3425151935465218,15.131074365567962,24.2359959413168,0.08156690063019399,-0.9999999469092183,-18.466858675942934,-78.7145232432168,0.9071781695457053,0.21390599711376665,0.10004456133510264,0.8000050335918296
1.06,3.2794014243407017,1.340978997958122,15.100323441666902,24.19586212619921,0.08150008551278026,-0.9999999472312954,-18.436788690528413,-78.66946904112567,0.9071171716517028,0.21399024202117106,0.10003996005327531,0.8000139313616158
1.07,3.275474146570782,1.3394279425262103,15.0693391055336,24.15540422335625,0.08143248618497151,-0.9999999475553135,-18.406389929776605,-78.6237469854914,0.9070556628816178,0.2140751336716898,0.10003532680137532,0.8000228904424024
1.08,3.2715092842467732,1.3378620242978088,15.038122892592938,24.11462372374762,0.08136409754582202,-0.9999999478812414,-18.375661287827565,-78.57735133915101,0.9069936449850318,0.21416066792304947,0.1000306618550067,0.8000319102904077
1.09,3.267506835147039,1.336281240534497,15.00667634767332,24.073522127756807,0.081294914403101,-0.999999948209048,-18.34460165335546,-78.53027636318194,0.9069311197195011,0.21424684060173171,0.1000259654901919,0.8000409903610862
1.1,3.2634667977878267,1.3346855887181877,14.975001024872297,24.03210094507945,0.08122493147203137,-0.9999999485387014,-18.313209907340656,-78.48251631070919,0.9068680888502959,0.21433364750320721,0.10002123798333162,0.8000501301092093
1.11,3.2593891714406444,1.333075066556931,14.943098487418233,23.990361694611504,0.08115414337325837,-0.9999999488701703,-18.281484929478378,-78.43406543142514,0.9068045541499925,0.21442108439218902,0.10001647961116476,0.8000593289889456
1.12,3.2552739561491046,1.3314496719906803,14.910970307535228,23.948305904336877,0.08108254463178283,-0.9999999492034223,-18.24942559383187,-78.38491796978636,0.9067405173982472,0.21450914700286544,0.10001169065072948,0.8000685864539384
1.1300000000000001,3.251121152746226,1.329809403197122,14.878618066303154,23.90593511121478,0.08101012967488759,-0.999999949538425,-18.217030769410172,-78.33506817196675,0.9066759803813821,0.21459783103915817,0.1000068713793237,0.8000779019573853
1.1400000000000001,3.246930762871502,1.3281542585974684,14.846043353519036,23.863250861066945,0.08093689283060113,-0.9999999498751458,-18.18429932432537,-78.28451027925341,0.9066109448920664,0.21468713217497384,0.10000202207446673,0.800087274952115
1.1500000000000001,3.2427027889879008,1.326484236862276,14.813247767557302,23.820254708464468,0.08086282832598565,-0.9999999502135521,-18.151230120948657,-78.23323853612825,0.9065454127289715,0.21477704605445574,0.09999714301386084,0.8000967048906639
1.16,3.238437234399004,1.324799336917263,14.780232915228195,23.776948216614258,0.08078793028522652,-0.9999999505536108,-18.117822016529374,-78.1812471874842,0.9064793856963821,0.2148675682922484,0.09999223447535363,0.8001061912253522
1.17,3.23413410326586,1.3230995579491307,14.747000411637309,23.733332957245516,0.080712192728078,-0.9999999508952881,-18.084073867382426,-78.12853047904301,0.9064128656038779,0.21495869447375235,0.09998729673690003,0.8001157334083587
1.18,3.2297934006240556,1.321384899411378,14.713551880042179,23.68941051049564,0.08063560956780146,-0.9999999512385508,-18.049984525070418,-78.0750826644447,0.906345854265918,0.2150504201553942,0.09998233007652593,0.8001253308917952
1.19,3.2254151324006357,1.3196553610301371,14.679888951709144,23.64518246479634,0.08055817460930283,-0.999999951583365,-18.015552837724417,-78.02089799681411,0.906278353501462,0.2151427408648953,0.09997733477229144,0.8001349831277792
1.2,3.220999305430963,1.317910942809983,14.646013265769216,23.600650416758995,0.08047988154716189,-0.9999999519296966,-17.980777650340414,-77.96597073939243,0.9062103651335734,0.21523565210154277,0.09997231110225405,0.8001446895685074
1.21,3.216545927475515,1.3161516450397637,14.611926469073776,23.55581597106042,0.08040072396376044,-0.9999999522775115,-17.94565780273208,-77.91029515909626,0.9061418909890375,0.21532914933646258,0.09996725934443394,0.8001544496663263
1.22,3.212055007236613,1.3143774682984128,14.577630216048977,23.51068074032791,0.08032069532724245,-0.9999999526267747,-17.910192136388464,-77.853865532458,0.9060729328979513,0.21542322801289668,0.09996217977677754,0.8001642628738037
1.23,3.207526554375322,1.312588413460769,14.543126168548332,23.46524634502456,0.08023978898915168,-0.9999999529774515,-17.874379486362823,-77.79667614663443,0.9060034926932499,0.21551788354649234,0.09995707267712375,0.800174128643798
1.24,3.202960579527903,1.3107844817033834,14.50841599570716,23.419514413334127,0.08015799818263174,-0.9999999533295072,-17.83821868488976,-77.73872129699839,0.9059335722103405,0.21561311132557825,0.09995193832316869,0.8001840464295276
1.25,3.1983570943224584,1.3089656745103204,14.473501373794324,23.37348658104596,0.08007531602010189,-0.9999999536829062,-17.801708561558225,-77.67999529075743,0.9058631732866387,0.21570890671145496,0.09994677699243226,0.8001940156846375
1.26,3.1937161113954957,1.307131993678966,14.438383986063698,23.32716449143968,0.07999173549094866,-0.9999999540376133,-17.76484794464254,-77.62049244725267,0.905792297761104,0.21580526503868852,0.0999415889622246,0.8002040358632688
1.27,3.189037644408379,1.3052834413258105,14.40306552260498,23.280549795169854,0.07990724945919854,-0.9999999543935926,-17.727635658490208,-77.56020710445185,0.905720947473777,0.21590218161540609,0.09993637450961265,0.800214106420123
1.28,3.1843217080635275,1.3034200198922243,14.367547680195393,23.23364415015056,0.07982185066144558,-0.999999954750808,-17.690070525689993,-77.49913360703941,0.905649124265361,0.21599965172358476,0.09993113391138832,0.8002242268105272
1.29,3.179568318120895,1.301541732150239,14.331832162147768,23.186449221439695,0.07973553170405753,-0.9999999551092238,-17.65215136406698,-77.43726632097966,0.9055768299766721,0.21609767061936405,0.09992586744403578,0.8002343964904994
1.3,3.1747774914141376,1.299648581208305,14.295920678160213,23.138966681123662,0.07964828506080883,-0.999999955468803,-17.613876992816618,-77.37459962828468,0.9055040664481645,0.2161962335333473,0.09992057538370003,0.8002446149168108
1.31,3.1699492458666194,1.297740570517031,14.259814944165136,23.091198208201426,0.0795601030704116,-0.9999999558295096,-17.575246226701918,-77.31112792986094,0.9054308355194433,0.21629533567090622,0.09991525800615614,0.8002548815470487
1.32,3.165083600507408,1.2958177038749277,14.223516682177724,23.043145488469097,0.07947097793402531,-0.9999999561913061,-17.536257877657523,-77.24684564329863,0.9053571390287704,0.21639497221248932,0.09990991558677845,0.8002651958396775
1.33,3.160180575487448,1.2938799854341219,14.187027620141178,22.994810214404048,0.07938090171204652,-0.9999999565541561,-17.496910755690436,-77.18174720973414,0.9052829788124355,0.21649513831395176,0.09990454840051023,0.8002755572540989
1.34,3.155240192095007,1.291927419706067,14.150349491776812,22.946194085049363,0.07928986632205078,-0.9999999569180221,-17.457203669273287,-77.11582709090887,0.9052083567043482,0.21659582910685174,0.09989915672183414,0.8002859652507119
1.35,3.150262472771703,1.2899600115672238,14.113484036427892,22.897298805898032,0.07919786353539361,-0.9999999572828664,-17.417135425044613,-77.04907976885619,0.9051332745353728,0.21669703969879067,0.09989374082474343,0.8002964192909707
1.36,3.1452474411279225,1.287977766264735,14.076432998907087,22.84812608877739,0.07910488497459547,-0.9999999576486516,-17.37670482575628,-76.98149975313332,0.9050577341328192,0.21679876517372607,0.09988830098271283,0.8003069188374418
1.37,3.140195121958329,1.285980689422081,14.039198129342154,22.798677651733463,0.07901092211041069,-0.9999999580153398,-17.33591067189243,-76.91308157447806,0.9049817373198672,0.2169010005923016,0.09988283746867084,0.8003174633538608
1.3800000000000001,3.1351055412573756,1.283968787044706,14.001781183019586,22.748955218915306,0.07891596625840873,-0.9999999583828929,-17.294751766197653,-76.84381979236622,0.9049052859149089,0.2170037409921856,0.09987735055497172,0.8003280523051879
1.3900000000000001,3.1299787262343317,1.2819420655256322,13.96418392023136,22.698960520459636,0.0788200085763006,-0.9999999587512723,-17.25322690365447,-76.77370899203072,0.9048283817310252,0.21710698138839343,0.09987184051336861,0.8003386851576618
1.4000000000000001,3.124814705328677,1.2799005316510488,13.926408106117108,22.648695292375265,0.07872304006019828,-0.9999999591204404,-17.211334879009588,-76.70274378674681,0.9047510265752685,0.2172107167736397,0.09986630761498695,0.800349361378853
1.41,3.119613508224838,1.2778441926058823,13.888455510510328,22.598161276427867,0.07862505154181777,-0.9999999594903576,-17.169074487242426,-76.63091882061013,0.9046732222481209,0.21731494211866564,0.09986075213029805,0.8003600804377167
1.42,3.1143751658673025,1.2757730559793372,13.850327907779896,22.54736022002467,0.07852603368454879,-0.9999999598609856,-17.126444517052523,-76.55822876350777,0.9045949705427446,0.21741965237259586,0.09985517432909392,0.8003708418046432
1.43,3.1090997104752365,1.273687129770416,13.812027076674442,22.496293876099365,0.07842597698020226,-0.9999999602322851,-17.083443758285444,-76.48466832237084,0.904516273244358,0.21752484246328146,0.09984957448046174,0.8003816449515094
1.44,3.1037871755570623,1.271586422393416,13.773554800165549,22.44496400299714,0.07832487174545757,-0.9999999606042171,-17.040070997524257,-76.4102322338868,0.9044371321295603,0.21763050729764924,0.09984395285275979,0.8003924893517269
1.45,3.098437595924968,1.2694709426833783,13.734912865289942,22.3933723643597,0.07822270811798329,-0.999999960976742,-16.996325017252552,-76.33491526681716,0.9043575489655961,0.21773664176205987,0.09983830971359281,0.8004033744802905
1.46,3.093051007709331,1.2673406999015489,13.696103062991249,22.341520729010803,0.07811947605247183,-0.9999999613498204,-16.95220459938009,-76.25871222662748,0.9042775255096057,0.2178432407226718,0.09983264532978899,0.8004142998138262
1.47,3.0876274483726553,1.2651957037407708,13.657127187963955,22.28941087084156,0.07801516531709309,-0.9999999617234124,-16.907708524132786,-76.181617953715,0.904197063507958,0.21795029902579083,0.09982695996737617,0.800425264830636
1.48,3.0821669567237766,1.2630359643308697,13.617987038493958,22.23704456869619,0.07790976548911309,-0.9999999620974781,-16.86283556689854,-76.10362732403834,0.9041161646954272,0.2180578114982453,0.09982125389156013,0.8004362690107445
1.49,3.0766695729316695,1.2608614922439998,13.57868441630071,22.184423606257823,0.077803265950779,-0.9999999624719776,-16.817584502101834,-76.02473525383371,0.9040348307944263,0.21816577294775252,0.09981552736670227,0.8004473118359419
1.5,3.0711353385392592,1.2586722984999554,13.5392211263781,22.131549771934594,0.07769565588482777,-0.9999999628468703,-16.771954099922315,-75.94493669652024,0.9039530635141692,0.2182741781632956,0.0998097806562977,0.8004583927898279
1.51,3.0655642964767176,1.2564683945714619,13.499598976837873,22.078424858745908,0.07758692427053415,-0.9999999632221164,-16.725943129018212,-75.8642266438415,0.9038708645499393,0.21838302191548667,0.09980401402295482,0.8004695113578534
1.52,3.0599564910751362,1.254249792389419,13.45981977874874,22.02505066420906,0.0774770598785955,-0.9999999635976744,-16.67955035352828,-75.78260013087073,0.9037882355821439,0.21849229895696085,0.09979822772837416,0.8004806670273615
1.53,3.054311968079579,1.2520165043481135,13.419885345978726,21.971428990225817,0.07736605126666833,-0.9999999639735044,-16.632774534244152,-75.70005223248664,0.903705178275494,0.21860200402275093,0.09979242203332928,0.8004918592876282
1.54,3.0486307746622003,1.2497685433103956,13.379797495035925,21.917561642969645,0.07725388677444396,-0.9999999643495653,-16.58561442936503,-75.61657806839085,0.903621694278101,0.21871213183067742,0.09978659719764636,0.8005030876299001
1.55,3.0429129594350903,1.247505922612823,13.339558044909655,21.863450432772794,0.07714055451861543,-0.9999999647258159,-16.538068795724723,-75.53217280077952,0.90353778522056,0.21882267708173644,0.09978075348018574,0.8005143515474343
1.56,3.0371585724629835,1.2452286560707606,13.299168816911532,21.809097174014063,0.07702604238774396,-0.9999999651022152,-16.49013637988045,-75.44683163764836,0.9034534527150155,0.21893363446049385,0.09977489113882337,0.800525650535534
1.57,3.031367665275853,1.242936757983442,13.258631634515774,21.754503685006505,0.07691033803672159,-0.999999965478722,-16.441815928884658,-75.36054983196858,0.9033686983541588,0.21904499863548654,0.09976901043043247,0.8005369840915847
1.58,3.0255402908811515,1.2406302431389986,13.217948323201131,21.69967178788577,0.0767934288814922,-0.9999999658552946,-16.3931061860775,-75.2733226839739,0.9032835237102783,0.21915676425961692,0.09976311161086661,0.8005483517150901
1.59,3.0196765037760285,1.2383091268194335,13.177120710291252,21.644603308498397,0.07667530209320764,-0.9999999662318917,-16.344005884224725,-75.1851455412874,0.903197930334209,0.2192689259705613,0.09975719493494245,0.8005597529077051
1.6,3.0137763599593357,1.2359734248055667,13.13615062479567,21.589300076290808,0.07655594459230701,-0.9999999666084713,-16.294513758934595,-75.09601380081044,0.9031119197542739,0.21938147839117908,0.09975126065642291,0.8005711871732694
1.61,3.007839916943345,1.2336231533819297,13.095039897251116,21.533763924198304,0.07643534304248899,-0.9999999669849917,-16.24462853554525,-75.00592290982783,0.903025493475212,0.21949441612992107,0.0997453090280019,0.8005826540178393
1.62,3.001867233765436,1.2312583293416197,13.05379035956234,21.477996688534745,0.0763134838443795,-0.9999999673614113,-16.194348932867733,-74.91486836664001,0.902938652977054,0.21960773378125087,0.09973934030128824,0.8005941529497193
1.6300000000000001,2.9958583709994393,1.2288789699911133,13.012403844843549,21.422000208882245,0.07619035312899784,-0.9999999677376875,-16.14367366650148,-74.82284571776935,0.9028513997139693,0.2197214259260595,0.09973335472679065,0.8006056834794913
1.6400000000000001,2.9898133907668356,1.226485093155023,12.970882187260003,21.36577632798159,0.07606593675113592,-0.9999999681137787,-16.092601444971468,-74.72985056832918,0.9027637351131028,0.21983548713208909,0.09972735255390343,0.8006172451200445
1.6500000000000001,2.9837323567477725,1.224076717180811,12.929227221869382,21.309326891622682,0.07594022028237049,-0.9999999684896422,-16.041130966682978,-74.63587857236907,0.9026756605733499,0.21994991195436078,0.09972133403089241,0.8006288373866031
1.6600000000000001,2.977615334192014,1.221653860943467,12.887440784462443,21.252653748535757,0.07581318900359554,-0.999999968865236,-15.98926092657887,-74.5409254411409,0.9025871774640517,0.2200646949356129,0.09971529940488122,0.8006404597967537
1.67,2.971462389929349,1.2192165438501197,12.84552471140626,21.19575875028262,0.07568482789787809,-0.9999999692405172,-15.936990008886646,-74.4449869395893,0.9024982871237595,0.22017983060672425,0.09970924892183823,0.8006521118704713
1.68,2.9652735923800932,1.2167647858446184,12.803480839485879,21.13864375114863,0.07555512164273806,-0.9999999696154436,-15.884316890522355,-74.34805889041411,0.902408990858895,0.22029531348715978,0.09970318282656392,0.8006637931301452
1.69,2.959049011565302,1.2142986074120417,12.761311005746094,21.081310608034954,0.07542405460194626,-0.9999999699899722,-15.831240238244487,-74.2501371714014,0.9023192899423397,0.22041113808541302,0.09969710136267855,0.8006755031006029
1.7,2.952788719116747,1.211818029583173,12.719017047334212,21.023761180351247,0.07529161081737192,-0.9999999703640605,-15.777758711464232,-74.15121772252238,0.9022291856120334,0.22052729889945333,0.09969100477261113,0.8006872413091328
1.71,2.9464927882866743,1.2093230739389158,12.676600801342945,20.965997329908774,0.07515777400042847,-0.9999999707376659,-15.723870955804948,-74.05129654056256,0.9021386790695156,0.22064379041717558,0.09968489329758712,0.8006990072855085
1.72,2.940161293957471,1.2068137626146653,12.63406410465282,20.908020920814135,0.07502252752301043,-0.9999999711107452,-15.669575606627786,-73.95036968052503,0.9020477714783789,0.22076060711686063,0.09967876717761842,0.8007108005620087
1.73,2.933794312650912,1.204290118304607,12.591408793776147,20.849833819363297,0.07488585440849123,-0.9999999714832554,-15.614871291109502,-73.84843326332867,0.9019564639627455,0.22087774346762962,0.09967262665149282,0.8007226206734384
1.74,2.9273919225373906,1.2017521642659812,12.54863670470004,20.791437893936088,0.07474773732195317,-0.9999999718551537,-15.559756619927711,-73.74548346642125,0.9018647576056166,0.2209951939299119,0.09966647195676415,0.8007344671571489
1.75,2.9209542034448086,1.1991999243232865,12.505749672730797,20.732835014891414,0.0746081585604178,-0.9999999722263969,-15.50423018966472,-73.64151653365201,0.9017726534472288,0.22111295295591218,0.09966030332974264,0.8007463395530569
1.76,2.9144812368672457,1.196633422872413,12.462749532338279,20.674027054462645,0.07446710004264014,-0.9999999725969418,-15.448290587571162,-73.5365287697159,0.9016801524833454,0.22123101499008185,0.09965412100548644,0.8007582374036613
1.77,2.907973105973716,1.1940526848847395,12.419638116998556,20.615015886653804,0.0743245432977826,-0.9999999729667451,-15.391936380058088,-73.43051654658228,0.9015872556633581,0.22134937446961034,0.09964792521779223,0.8007701602540617
1.78,2.901429895616017,1.1914577359111589,12.37641725904233,20.555803387136052,0.0741804694553152,-0.9999999733357638,-15.335166122566948,-73.32347629875925,0.9014939638886211,0.22146802582488376,0.09964171619918806,0.8007821076519736
1.79,2.8948516923371987,1.188848602086051,12.333088789496937,20.496391433144787,0.07403485923258185,-0.9999999737039547,-15.277978348623442,-73.21540452766071,0.9014002780103771,0.22158696347999654,0.09963549418092478,0.8007940791477446
1.8,2.88823858437919,1.1862253101311875,12.289654537933803,20.436781903377412,0.07388769292325284,-0.999999974071274,-15.220371576589883,-73.1062978016865,0.9013061988278597,0.22170618185323068,0.09962925939296957,0.8008060742943679
1.81,2.8815906616904514,1.1835878873595902,12.246116332314347,20.376976677891363,0.07373895038480639,-0.9999999744376784,-15.162344305419568,-72.9961527568231,0.9012117270862318,0.22182567535755593,0.09962301206399854,0.800818092647497
1.82,2.8749080159334337,1.1809363616793165,12.202475998835952,20.3169776380029,0.0735886110254408,-0.9999999748031252,-15.10389501176439,-72.88496609872297,0.901116863474439,0.22194543840113615,0.09961675242139016,0.8008301337654579
1.83,2.868190740491721,1.1782707615971832,12.158735361779268,20.25678666618645,0.07343665379065033,-0.9999999751675701,-15.045022154285675,-72.77273460110375,0.9010216086230203,0.22206546538783534,0.09961048069122,0.8008421972092609
1.84,2.8614389304770023,1.1755911162224426,12.114896243355524,20.196405645974416,0.07328305714918261,-0.9999999755309702,-14.985724162873023,-72.65945510563674,0.9009259631018193,0.22218575071773258,0.09960419709825424,0.800854282542613
1.85,2.854652682735815,1.1728974552703713,12.070960463554048,20.13583646185763,0.07312779907833884,-0.9999999758932819,-14.925999444648346,-72.54512452908762,0.9008299274176028,0.22230628878764216,0.09959790186594539,0.8008663893319266
1.86,2.847832095856059,1.1701898090658132,12.026929839990867,20.075080999186433,0.07297085704884398,-0.9999999762544619,-14.865846386199479,-72.42973985763359,0.9007335020116138,0.2224270739916387,0.09959159521642609,0.8008785171463302
1.87,2.8409772701732203,1.1674682085466568,11.982806187757829,20.01414114407225,0.07281220800910991,-0.9999999766144666,-14.805263338949787,-72.3132981485284,0.9006366872570397,0.22254810072158474,0.09958527737050632,0.8008906655576771
1.8800000000000001,2.8340883077766708,1.1647326852672277,11.938591319269811,19.9530187832899,0.07265182836814647,-0.9999999769732525,-14.74424862894558,-72.1957965338825,0.9005394834562578,0.22266936336768264,0.09957894854766829,0.8009028341405526
1.8900000000000001,2.8271653125152207,1.1619832714016438,11.89428704411703,19.891715804180315,0.07248969397909057,-0.9999999773307763,-14.682800552540913,-72.07723222054621,0.9004418908382131,0.2227908563190005,0.09957260896606274,0.8009150224722826
1.9000000000000001,2.8202083900030095,1.159219999747083,11.849895168912958,19.830234094554147,0.0723257801205751,-0.9999999776869941,-14.620917368854458,-71.95760248538006,0.9003439095554336,0.22291257396403838,0.09956625884250658,0.800927230132939
1.9100000000000001,2.813217647624829,1.1564429037269846,11.805417497145577,19.768575542595823,0.0721600614782019,-0.9999999780418634,-14.558597306377894,-71.83690468535838,0.9002455396810863,0.22303451069128144,0.0995598983924789,0.8009394567053454
1.92,2.8061931945413066,1.1536520173941887,11.760855829028554,19.706742036768176,0.07199251212498443,-0.9999999783953402,-14.495838553535584,-71.7151362507288,0.9001467812058777,0.2231566608897645,0.09955352783011893,0.8009517017750828
1.93,2.799135141693909,1.1508473754340123,11.716211961352712,19.64473546571798,0.07182310550089328,-0.999999978747381,-14.432639263103537,-71.59229468950687,0.900047634034817,0.22327901894964533,0.09954714736822429,0.8009639649304937
1.94,2.7920436018097985,1.148029013167233,11.671487687337027,19.58255771818184,0.07165181439119521,-0.999999979097943,-14.368997544743591,-71.4683775872989,0.8999480979837967,0.22340157926279164,0.09954075721824805,0.8009762457626851
1.95,2.7849186894063,1.145196966553028,11.626684796481927,19.52021068289293,0.07147861090437678,-0.9999999794469825,-14.304911465665896,-71.34338260448983,0.8998481727761254,0.22352433622336387,0.09953435759029847,0.8009885438655316
1.96,2.777760520795268,1.1423512721918256,11.581805074421915,19.457696248488354,0.0713034664487512,-0.9999999797944565,-14.240379046036011,-71.2173074833813,0.8997478580388593,0.22364728422841437,0.09952794869313691,0.8010008588356778
1.97,2.770569214087285,1.1394919673280965,11.536850302778397,19.39501630341711,0.07112635170784488,-0.9999999801403221,-14.175398256847318,-71.09015004672312,0.8996471532989483,0.22377041767849698,0.09952153073417784,0.8010131902725398
1.98,2.76334488919562,1.1366190898530542,11.49182225901308,19.332172735848772,0.07094723661475691,-0.9999999804845355,-14.10996701783464,-70.96190819206899,0.8995460579792361,0.22389373097828474,0.09951510391948755,0.8010255377783054
1.99,2.7560876678398976,1.1337326783073098,11.446722716282736,19.269167433583007,0.0707660903255582,-0.9999999808270542,-14.04408319643532,-70.83257990037112,0.899444571394324,0.22401721853719087,0.09950866845378493,0.8010379009579344
2.0,2.7487976735496744,1.1308327718834272,11.401553443293189,19.206002283959414,0.0705828811910884,-0.999999981167835,-13.9777445993253,-70.7021632348136,0.8993426927461912,0.22414087477000746,0.0995022245404411,0.8010502794191584
2.0100000000000002,2.7414750316677967,1.1279194104284203,11.35631620415416,19.142679173768492,0.07039757672753327,-0.9999999815068351,-13.91094897411784,-70.57065633964065,0.8992404211196374,0.22426469409755298,0.09949577238147989,0.8010626727724792
2.02,2.7341198693536533,1.1249926344461703,11.311012758233435,19.079199989162962,0.0702101435852708,-0.9999999818440116,-13.843694004243828,-70.43805743911459,0.8991377554774642,0.2243886709473371,0.0994893121775792,0.8010750806311673
2.0300000000000002,2.7267323155859553,1.122052485099774,11.265644860014113,19.015566615570094,0.0700205475170205,-0.9999999821793218,-13.775977302273633,-70.3043648422868,0.8990346946555761,0.22451279975421762,0.09948284412807144,0.8010875026112589
2.04,2.7193125011656654,1.1190990042137925,11.220214258948843,18.951780937604394,0.06982875334346209,-0.9999999825127232,-13.707796413386127,-70.16957694190127,0.8989312373576834,0.22463707496109392,0.09947636843094584,0.8010999383315536
2.05,2.711860558718664,1.116132234276465,11.174722699315662,18.887844838981458,0.06963472491737183,-0.9999999828441731,-13.639148804649624,-70.03369221451823,0.8988273821497931,0.2247614910196043,0.09946988528284935,0.8011123874136094
2.06,2.704376622698038,1.1131522184418068,11.129171920075091,18.823760202432034,0.06943842508651649,-0.9999999831736291,-13.570031860164397,-69.89670921981453,0.8987231274545353,0.22488604239082796,0.09946339487908953,0.80112484948174
2.07,2.696860829386484,1.110159000531652,11.083563654725825,18.75952890961739,0.06923981565392695,-0.9999999835010491,-13.50044288466686,-69.75862660337899,0.8986184715450809,0.22501072354601614,0.09945689741363617,0.8011373241630091
2.08,2.6893133168983865,1.1071526250376127,11.037899631161258,18.6951528410449,0.06903885733643808,-0.9999999838263907,-13.4303790877526,-69.61944309763918,0.8985134125388181,0.22513552896733002,0.09945039307912415,0.8011498110872244
2.09,2.6817342251818097,1.1041331371229555,10.992181571525766,18.630633875984643,0.06883550972094822,-0.9999999841496117,-13.35983758786759,-69.47915751826969,0.8984079483906874,0.22526045314859916,0.09944388206685671,0.8011623098869326
2.1,2.674123696020268,1.1011005826244074,10.946411192071986,18.565973892386815,0.06862973121868185,-0.9999999844706704,-13.288815400070382,-69.33776877041045,0.8983020768862323,0.2253854905960916,0.09943736456680809,0.8011748201974124
2.11,2.666481873034562,1.098055008053875,10.90059020301571,18.50117476679959,0.06842147901612619,-0.9999999847895251,-13.217309438504596,-69.19527584357567,0.8981957956341405,0.22551063582931521,0.09943084076762748,0.801187341656667
2.12,2.65880890168417,1.0949964606000886,10.854720308393844,18.43623837428804,0.06821070902455376,-0.9999999851061339,-13.1453165005973,-69.05167781755118,0.8980891020586069,0.22563588338181995,0.09942431085664223,0.8011998739054174
2.13,2.6511049292687416,1.091924988130171,10.808803205920352,18.37116658835373,0.06799737582595873,-0.9999999854204553,-13.072833266644915,-68.90697385775995,0.8979819933911523,0.22576122780203067,0.0994177750198625,0.8012124165870929
2.14,2.6433701049296765,1.0888406391911083,10.762840586839786,18.30596128085499,0.06778143261539579,-0.9999999857324482,-12.99985629038961,-68.76116321890794,0.8978744666618927,0.225886663654121,0.0994112334419846,0.8012249693478236
2.15,2.635604579650905,1.0857434630111604,10.716834135786979,18.24062432192803,0.06756283114223531,-0.9999999860420712,-12.926381998270566,-68.61424524479683,0.8977665186907126,0.22601218551885716,0.09940468630639648,0.8012375318364303
2.16,2.6278085062605623,1.082633509501177,10.67078553063756,18.17515757990875,0.06734152164512146,-0.9999999863492834,-12.852406670084003,-68.4662193678073,0.8976581460774297,0.22613778799453804,0.09939813379518134,0.8012501037044157
2.17,2.619982039431691,1.079510829255843,10.624696442365998,18.109562921255595,0.06711745278592826,-0.9999999866540441,-12.777926440998176,-68.31708510965144,0.8975493451918876,0.22626346569789565,0.09939157608912348,0.8012626846059535
2.18,2.612125335683487,1.0763754735548217,10.578568534897222,18.04384221047274,0.06689057157794565,-0.9999999869563123,-12.7029372892477,-68.1668420841029,0.8974401121631499,0.22638921326506992,0.09938501336771347,0.8012752741978779
2.19,2.6042385533823182,1.0732274943638411,10.532403464959659,17.977997310034507,0.06666082331050284,-0.9999999872560476,-12.627435027037553,-68.01548999279325,0.8973304428681892,0.22651502535259624,0.09937844580915278,0.8012878721396723
2.2,2.596321852742495,1.0700669443356796,10.486202881938848,17.91203008031031,0.0664281514697367,-0.9999999875532101,-12.551415286999607,-67.86302862965861,0.8972203329200242,0.22664089663841247,0.09937187359036025,0.8013004780934586
2.21,2.588375395827482,1.0668938768110774,10.43996842772617,17.845942379490417,0.06619249765308761,-0.9999999878477593,-12.474873521837452,-67.70945787992147,0.8971097776549013,0.22676682182293056,0.09936529688697755,0.8013130917239839
2.22,2.580399346550846,1.0637083458195553,10.39370173656862,17.779736063512587,0.06595380147954587,-0.9999999881396556,-12.39780498172953,-67.55477771863845,0.8969987721188726,0.22689279563012701,0.09935871587337547,0.8013257126986092
2.23,2.5723938706770277,1.0605104060801684,10.347404434919172,17.713412985989514,0.06571200049486448,-0.9999999884288594,-12.3202047099003,-67.39898821497474,0.8968873110536518,0.22701881280865505,0.09935213072265976,0.8013383406872956
2.24,2.5643591358228526,1.057300113002143,10.301078141279158,17.64697499813696,0.06546703006869403,-0.9999999887153309,-12.242067529037307,-67.24208952887274,0.8967753888812275,0.22714486813305143,0.09934554160667848,0.8013509753625916
2.25,2.5562953114582827,1.0540775226854693,10.254724466046394,17.580423948702766,0.06521882328776431,-0.9999999889990313,-12.163388023064693,-67.08408191217725,0.8966629996879631,0.22727095640492548,0.09933894869602782,0.8013636163996191
2.2600000000000002,2.5482025689079513,1.050842691921381,10.208345011355256,17.51376168389674,0.0649673108401305,-0.9999999892799215,-12.084160529134081,-66.92496571091051,0.8965501372073302,0.22739707245424665,0.09933235216005912,0.8013762634760594
2.27,2.540081081352483,1.04759567819276,10.161941370917202,17.4469900473212,0.06471242089273814,-0.9999999895579629,-12.004379121106986,-66.76474136295134,0.8964367948016849,0.22752321114065963,0.09932575216688683,0.801388916272139
2.2800000000000002,2.5319310238301638,1.0443365396744504,10.115515129857192,17.380110879902425,0.06445407896040467,-0.9999999898331168,-11.924037587218098,-66.60340939996516,0.8963229654427711,0.22764936735486813,0.09931914888339445,0.801401574470614
2.29,2.5237525732386406,1.0410653352335024,10.069067864548803,17.313126019822953,0.06419220776654624,-0.9999999901053452,-11.843129420838013,-66.44097044743728,0.8962086416910227,0.2277755360200671,0.09931254247524288,0.8014142377567554
2.3000000000000003,2.5155459083371037,1.0377821244293117,10.022601142443499,17.246037302454585,0.06392672709340334,-0.9999999903746098,-11.761647797072877,-66.27742522420539,0.8960938156733017,0.227901712093458,0.09930593310687787,0.8014269058183336
2.31,2.5073112097484165,1.0344869675136807,9.976116521899431,17.17884656029232,0.0636575536231845,-0.9999999906408735,-11.679585551293354,-66.11277454282073,0.8959784790593281,0.22802789056781075,0.09929932094153751,0.8014395783456021
2.32,2.49904865996216,1.0311799254308034,9.929615552000833,17.11155562288904,0.06338460076586426,-0.9999999909040983,-11.596935162289586,-65.94701931115976,0.8958626230361014,0.22815406647314476,0.09929270614126051,0.8014522550312814
2.33,2.4907584433373113,1.0278610598171458,9.883099772379222,17.044166316790992,0.06310777847726846,-0.9999999911642473,-11.513688725415564,-65.78016053011895,0.8957462382809511,0.22828023487843843,0.0992860888668943,0.8014649355705421
2.34,2.482440746106052,1.0245304330012583,9.8365707130237,16.97668046547427,0.06282699306155892,-0.9999999914212837,-11.429837928890004,-65.612199295631,0.8956293149322375,0.2284063908934788,0.09927946927810274,0.8014776196609885
2.35,2.4740957563776336,1.0211881080034895,9.790029894088939,16.909099889281816,0.06254214696057361,-0.9999999916751711,-11.345374024593475,-65.44313679866985,0.8955118425581542,0.22853252967077814,0.09927284753337581,0.801490307002641
2.36,2.4657236641430025,1.0178341485356197,9.743478825695526,16.841426405361595,0.062253138526740685,-0.9999999919258727,-11.26028780243546,-65.27297432558623,0.895393810123097,0.2286586464076085,0.09926622379003677,0.8015029972979181
2.37,2.457324661280213,1.0144686190004002,9.696919007721519,16.77366182760526,0.061959861778037355,-0.9999999921733532,-11.174569558512946,-65.10171325655776,0.8952752059513784,0.22878473634816615,0.09925959820425177,0.8015156902516197
2.38,2.4488989415601123,1.0110915844910193,9.650351929590581,16.705807966587948,0.06166220613569518,-0.9999999924175765,-11.08820905964448,-64.92935506873306,0.895156017688439,0.22891079478582446,0.09925297093103835,0.8015283855709073
2.39,2.440446700653502,1.0077031107904724,9.603779070045254,16.63786662950866,0.06136005613868855,-0.9999999926585075,-11.001195505026242,-64.755901333473,0.8950362322585883,0.22903681706557705,0.09924634212427455,0.8015410829652875
2.4,2.4319681361386167,1.0043032643708412,9.557201896915855,16.56983962013166,0.06105329113751548,-0.999999992896111,-10.91351749493334,-64.58135371762603,0.8949158358197424,0.22916279858658403,0.09923971193670823,0.8015537821465913
2.41,2.423463447510009,1.000892112392498,9.510621866875482,16.501728738728538,0.060741784961592604,-0.9999999931303527,-10.825162976426828,-64.4057139834522,0.8947948137142482,0.22928873480491116,0.09923308051996593,0.8015664828289568
2.42,2.414932836188557,0.9974697227032125,9.464040425183125,16.433535782021238,0.06042540555912847,-0.9999999933611983,-10.736119205876905,-64.22898398856948,0.8946731504156556,0.22941462123644843,0.09922644802456258,0.8015791847288087
2.43,2.4063765055325557,0.9940361638371753,9.417459005415582,16.365262543125866,0.060104014607254584,-0.9999999935886132,-10.646372692015019,-64.0511656890673,0.8945508294711255,0.22954045346000676,0.09921981459991096,0.8015918875648398
2.44,2.397794660850715,0.990591505013938,9.370879029180383,16.296910811497263,0.05977746708684791,-0.9999999938125645,-10.555909147323975,-63.87226113249585,0.8944278334386004,0.22966622712067028,0.09921318039433119,0.8016045910579903
2.45,2.3891875094163217,0.9871358161372656,9.324301905816515,16.228482372874556,0.05944561082178062,-0.9999999940330189,-10.464713420899171,-63.692272465373456,0.8943041438187688,0.2297919379333492,0.09920654555506071,0.8016172949314289
2.46,2.380555260483549,0.9836691677938906,9.277729032073713,16.159979009227357,0.05910828597559893,-0.9999999942499431,-10.372769439137313,-63.511201928429834,0.8941797409807325,0.2299175816866238,0.09919991022826369,0.8016299989105318
2.47,2.3718981253057287,0.9801916312521931,9.231161791772372,16.091402498702973,0.058765324502717146,-0.9999999944633047,-10.280060127688895,-63.32905186056389,0.8940546040809771,0.230043154246871,0.09919327455904153,0.8016427027228621
2.48,2.363216317155971,0.9767032784607971,9.184601555439823,16.022754615574293,0.05841654954811151,-0.9999999946730718,-10.18656733938389,-63.14582469394195,0.8939287109747444,0.23016865156271912,0.09918663869144242,0.8016554060981506
2.49,2.3545100513503243,0.9732041820470616,9.13804967992155,15.95403713018861,0.05806177479032644,-0.9999999948792124,-10.092271763220223,-62.961522956314376,0.8938020381190536,0.23029406966985727,0.09918000276847186,0.8016681087682734
2.5,2.3457795452740093,0.9696944153155026,9.091507507962,15.885251808917197,0.057700803719784165,-0.9999999950816953,-9.997152829548883,-62.77614927444509,0.893674560466169,0.23041940469625521,0.09917336693210284,0.8016808104672318
2.5100000000000002,2.3370250184107113,0.9661740522461173,9.044976367755377,15.81640041410577,0.05733342884676755,-0.9999999952804897,-9.901188610804148,-62.58970636817286,0.8935462513467135,0.23054465286781065,0.09916673132328604,0.8016935109311304
2.52,2.3282466923758283,0.9626431674926313,8.998457572457497,15.74748470402573,0.05695943082770005,-0.9999999954755645,-9.804355699569848,-62.40219705474361,0.8934170823407097,0.23066981051451224,0.09916009608196005,0.8017062098981563
2.5300000000000002,2.319444790953672,0.9591018363806499,8.95195241965894,15.67850643282624,0.05657857750216374,-0.9999999956668901,-9.706629085245115,-62.2136242459981,0.8932870231354724,0.2307948740771401,0.0991534613470625,0.8017189071085578
2.54,2.310619540139611,0.9555501349057294,8.90546219080992,15.60946735048716,0.056190622826691065,-0.9999999958544366,-9.60798201125289,-62.023990949526116,0.8931560413682529,0.23091984011460567,0.09914682725653996,0.8017316023046213
2.5500000000000003,2.301771168187379,0.9519881397313565,8.85898815059477,15.540369202772746,0.05579530569391641,-0.9999999960381747,-9.508385818683315,-61.83330026972335,0.8930241024519828,0.23104470531197605,0.09914019394735911,0.8017442952306513
2.56,2.2928999056625488,0.9484159281868466,8.812531546246202,15.471213731186198,0.055392348620028425,-0.9999999962180757,-9.40780977010794,-61.64155540391658,0.8928911693815731,0.23116946648929432,0.0991335615555175,0.8017569856329466
2.57,2.28400598550292,0.944833578265156,8.766093606792575,15.402002672925065,0.05498145628302227,-0.9999999963941109,-9.306220859941051,-61.448759648361936,0.8927572025181943,0.23129412061129112,0.09912693021605345,0.8017696732597794
2.58,2.2750896430866727,0.9412411686206027,8.719675542229409,15.332737760837349,0.05456231389092625,-0.9999999965662523,-9.203583587653053,-61.25491639024456,0.8926221593484662,0.23141866479809592,0.09912030006305846,0.8017823578613724
2.59,2.266151116309625,0.9376387785665075,8.673278542602798,15.263420723378605,0.05413458535440913,-0.9999999967344726,-9.099859722408663,-61.06002911683786,0.8924859942147615,0.23154309633710465,0.09911367122968644,0.801795039189876
2.6,2.257190645672838,0.9340264880727455,8.62690377699241,15.194053284569609,0.0536979112348788,-0.9999999968987445,-8.995008022677334,-60.86410140628388,0.8923486580123603,0.23166741269615707,0.09910704384816621,0.8018077169993467
2.61,2.248208474381723,0.9304043777632159,8.580552392382959,15.124637163955146,0.05325190643564769,-0.9999999970590416,-8.888983924108231,-60.66713693368223,0.8922100978486948,0.23179161153817915,0.09910041804981161,0.8018203910457232
2.62,2.2392048484593396,0.9267725289132248,8.53422551239862,15.05517407656328,0.052796157591322175,-0.9999999972153377,-8.781739194714998,-60.46913946710008,0.8920702566579883,0.23191569073758778,0.09909379396503294,0.8018330610868045
2.63,2.230180016874898,0.9231310234467774,8.487924235889967,14.985665732865673,0.05233022011212854,-0.9999999973676073,-8.67322153241973,-60.27011287041363,0.8919290727649821,0.2320396483986171,0.09908717172334816,0.8018457268822262
2.64,2.221134231691208,0.9194799439338045,8.441649635338402,14.916113838738575,0.051853614819926244,-0.9999999975158247,-8.563374110355172,-60.070061102971955,0.8917864793883092,0.23216348287598337,0.09908055145339359,0.8018583881934385
2.65,2.2120677482326845,0.915819373587276,8.395402755061257,14.846520095424674,0.05136582411273773,-0.9999999976599654,-8.452135057633528,-59.868988214088624,0.8916424040742879,0.23228719279812793,0.09907393328293614,0.8018710447836815
2.66,2.202980825279175,0.9121493962602564,8.349184609168365,14.776886199495706,0.05086628756592281,-0.9999999978000056,-8.339436864035493,-59.666898350345946,0.8914967680474337,0.2324107770936211,0.09906731733888371,0.8018836964179638
2.67,2.193873725288691,0.9084700964428615,8.302996179239184,14.70721384281588,0.05035439687404817,-0.9999999979359209,-8.225205692484625,-59.463795750766174,0.8913494854636083,0.2325342350211436,0.09906070374729688,0.801896342863037
2.68,2.184746714654792,0.9047815592591368,8.2568384116661,14.637504712506061,0.049829490006753234,-0.9999999980676886,-8.109360582918441,-59.25968474881802,0.8912004625470419,0.23265756620372025,0.09905409263340043,0.8019089838873747
2.69,2.1756000640054243,0.901083870463856,8.210712214597997,14.567760490908817,0.04929084442255539,-0.9999999981952858,-7.991812528384723,-59.05456976947409,0.8910495965881443,0.23278077066801167,0.09904748412159421,0.8019216192611474
2.7,2.1664340485505282,0.8973771164392228,8.164618454413755,14.497982855554172,0.04873766915438736,-0.9999999983186905,-7.87246338898054,-58.84845533046263,0.890896774774619,0.23290384888956675,0.09904087833546536,0.8019342487561988
2.71,2.157248948488903,0.8936613841915126,8.118557951625329,14.428173479126132,0.04816909552569263,-0.9999999984378807,-7.751204628148573,-58.641346043441544,0.890741872820187,0.2330268018452627,0.0990342753977987,0.8019468721460234
2.72,2.1480450494858925,0.8899367613476075,8.072531476098671,14.358334029430043,0.047584166202627586,-0.9999999985528354,-7.62791580461386,-58.43324661063565,0.8905847533474374,0.2331496310743369,0.09902767543058974,0.8019594892057419
2.73,2.1388226432377992,0.8862033361514688,8.026539741440233,14.288466169360731,0.04698182220176435,-0.999999998663534,-7.5024627917537785,-58.22416182766136,0.890425263968498,0.23327233874988676,0.09902107855505465,0.8019720997120773
2.74,2.129582028142139,0.8824611974605208,7.980583398365104,14.218571556871266,0.04636088737201187,-0.9999999987699566,-7.374695636732217,-58.0140965815327,0.8902632349923967,0.233394927763121,0.09901448489164245,0.8019847034433322
2.75,2.1203235100983715,0.8787104347419483,7.934663026810551,14.148651844942762,0.04572004972924483,-0.9999999988720834,-7.244445990945422,-57.803055848168576,0.890098476667238,0.23351740182328032,0.09900789456004716,0.8019973001793637
2.7600000000000002,2.1110474034713245,0.874951138068921,7.888779126485293,14.078708681554591,0.045057838829892505,-0.9999999989698956,-7.111523979120263,-57.591044698711634,0.8899307758368648,0.23363976557704122,0.0990013076792181,0.8020098897015602
2.77,2.10175403225856,0.8711833981167366,7.84293210545942,14.008743709655715,0.044372598116580966,-0.9999999990633746,-6.975714373983163,-57.378068290534166,0.8897598918542976,0.23376202475227312,0.09899472436737286,0.8020224717928173
2.7800000000000002,2.092443731516309,0.8674073061588783,7.797122266270005,13.938758567136427,0.043662450809704184,-0.9999999991525026,-6.836771864086165,-57.164131873780924,0.8895855515411074,0.2338841863325955,0.09898814474200751,0.8020350462375138
2.79,2.0831168491173537,0.8636229540630062,7.751349788839688,13.868754886801117,0.042925257415898276,-0.9999999992372623,-6.694415148144621,-56.949240787964925,0.8894074429075092,0.23400625877135173,0.09898156891990956,0.8020476128214883
2.8000000000000003,2.073773747938994,0.8598304342868462,7.705614709266456,13.798734296341589,0.04215856221389989,-0.9999999993176372,-6.548319486217633,-56.733400461527516,0.8892252072429775,0.2341282522565269,0.09897499701716846,0.802060171332014
2.81,2.0644148086162724,0.8560298398740309,7.659916893189936,13.728698418311255,0.04135952504037377,-0.9999999993936108,-6.398107186980641,-56.516616411622714,0.889038429033742,0.23425017904244347,0.0989684291491879,0.802072721557776
2.82,2.055040433050184,0.8522212644498307,7.614256001915797,13.658648870099942,0.040524833153510395,-0.9999999994651676,-6.243335288496647,-56.29889424456119,0.8888466229350855,0.23437205387039003,0.09896186543069724,0.8020852632888461
2.83,2.0456510489381716,0.8484048022168339,7.568631448738437,13.588587263909508,0.03965058564330162,-0.9999999995322926,-6.083479380669793,-56.08023965519245,0.8886492166852261,0.23449389450937183,0.09895530597576317,0.8020977963166595
2.84,2.036247115717455,0.844580547950538,7.523042341722329,13.518515206730154,0.03873213924299694,-0.9999999995949715,-5.917911977793979,-55.860658425564566,0.888445528313185,0.2346157224624125,0.09894875089780132,0.8021103204339908
2.85,2.02682913249948,0.8407485969948604,7.477487407406626,13.448434300317418,0.03776389867556146,-0.9999999996531905,-5.745873062222444,-55.64015642448656,0.8882347351476602,0.23473756390556164,0.09894220030958754,0.8021228354349296
2.86,2.0173976488798138,0.8369090452575758,7.431964886971397,13.378346141169995,0.03673902524884524,-0.9999999997069362,-5.566429063187389,-55.41873960848971,0.8880158307416881,0.23485945096205174,0.09893565432327038,0.802135341114856
2.87,2.007953280012675,0.8330619892056921,7.386472391576687,13.308252320508103,0.03564902142351156,-0.9999999997561961,-5.3784142736154275,-55.19641401972158,0.8877875634652266,0.2349814234722207,0.0989291130503819,0.8021478372704176
2.88,1.998496728217927,0.8292075258607245,7.341006695188595,13.238154424252684,0.03448312071071692,-0.9999999998009581,-5.180344651299581,-54.97318578739428,0.8875483463263335,0.2351035315207942,0.09892257660184961,0.8021603236995049
2.89,1.989028814973877,0.8253457527939204,7.295563428056699,13.168054033005197,0.03322735957372998,-0.9999999998412108,-4.970286456953527,-54.74906112450564,0.8872961197987174,0.2352258391650768,0.09891604508800812,0.802172800201227
2.9,1.9795505301832341,0.8214767681213943,7.250136605027036,13.097952722028229,0.03186310432218975,-0.9999999998769435,-4.745647370771825,-54.52404632923876,0.8870281341178923,0.23534843015509246,0.09890951861861044,0.8021852665758882
2.91,1.9700631117954743,0.8176006704991986,7.204717863708298,13.027852061226643,0.03036458730639796,-0.9999999999081461,-4.502826484387207,-54.29814778530767,0.8867405852120832,0.2354714171450217,0.09890299730283997,0.8021977226249635
2.92,1.9605681825994172,0.8137175591183141,7.159295156432161,12.957753615129512,0.028694503994589258,-0.999999999934809,-4.236587682493696,-54.071371959488346,0.88642796420417,0.23559495746198986,0.09889648124932174,0.8022101681510749
2.93,1.9510680047983076,0.8098275336995762,7.113850317393291,12.8876589428727,0.026795431341227697,-0.9999999999569231,-3.938836049789887,-53.84372540099454,0.8860817898192398,0.2357192823473774,0.09888997056613413,0.8022226029579672
2.94,1.9415660087795281,0.8059306944885207,7.068354012376096,12.817569598182054,0.02457097835636072,-0.9999999999744804,-3.5959252681256273,-53.61521474255212,0.8856878249433391,0.23584475747438433,0.09888346536082034,0.8022350268504846
2.95,1.932068084848797,0.8020271422501691,7.022753408654032,12.747487129357335,0.02183634839610475,-0.9999999999874731,-3.1815820309162643,-53.385846699184,0.8852187791835376,0.23597203024366992,0.09887696574039984,0.8022474396345461
2.96,1.9225867277917332,0.798116978263733,6.976932637870627,12.67741307925677,0.0181431130972892,-0.9999999999958942,-2.6317770463185766,-53.15562806836595,0.8846084589705755,0.2361025005604746,0.09887047181138017,0.8022598411171221
2.97,1.913166319290852,0.794200304317255,6.930471791068468,12.607348985282245,0.011482449525657388,-0.9999999999997373,-1.6583071155192108,-52.92456572560497,0.8835606822214052,0.23624117948481244,0.09886398367976758,0.8022722311062105
2.98,1.903311181841611,0.7902772227021828,6.888094657110545,12.537296379365138,-0.01436101999609502,0.9999999999989968,2.0639877690241053,52.6926666305179,0.8797330338199006,0.23633231345773867,0.09885750145107974,0.8022846094108133
2.99,1.89329128216319,0.7863478362078654,6.847242446523054,12.467256787952785,-0.019528761784044647,0.9999999999936675,2.792569721445265,52.45993782051531,0.8789427919827032,0.23640557287357222,0.09885102523035602,0.8022969758409116
3.0,1.8833145057626999,0.7824122481159917,6.805938570881909,12.397231731995644,-0.022858913623581938,0.999999999983745,3.252376466005313,52.22638641172866,0.8784195245944243,0.23648432158326843,0.09884455512216954,0.8023093302074439
3.0100000000000002,1.8733542216221668,0.7784705621949544,6.764439473634558,12.327222726934927,-0.02543369419184034,0.9999999999692257,3.600535427233546,51.99201960082543,0.8780061083980313,0.23656557772732886,0.09883809123063828,0.8023216723222805
3.02,1.8634010870022357,0.7745228826941567,6.722837220620173,12.257231282691011,-0.02757678458179854,0.9999999999501064,3.8842387013678117,51.756844660024626,0.8776555888740809,0.23664828249218617,0.09883163365943633,0.8023340019982014
3.0300000000000002,1.8534505091495868,0.770569314338238,6.681178750770391,12.187258903652364,-0.029434639993863768,0.9999999999263847,4.124921273855865,51.52086894105408,0.8773467290269028,0.23673190260330074,0.09882518251180555,0.8023463190488718
3.04,1.8434998596408734,0.7666099623212543,6.6394923538452275,12.117307088665092,-0.031087506955507403,0.9999999998980587,4.3343715614393075,51.28409987116349,0.8770678948525564,0.2368161210465453,0.09881873789056661,0.8023586232888191
3.0500000000000003,1.8335475019001342,0.7626449323007767,6.597796908618362,12.047377331023092,-0.032584683376235934,0.9999999998651274,4.519857953212747,51.04654495399294,0.8768119397855982,0.23690072947720336,0.09881229989813005,0.8023709145334097
3.06,1.8235923657484192,0.758674330391936,6.556105922193656,11.977471118458777,-0.033958876174101316,0.9999999998275904,4.6862200672764995,50.8082117688488,0.8765741224091647,0.23698558130955086,0.09880586863650778,0.8023831925988252
3.0700000000000003,1.8136337329896093,0.7546982631614022,6.514429564529001,11.907589933134387,-0.03523302425641374,0.9999999997854478,4.836864292477109,50.56910796829782,0.8763511171673538,0.23707056815427655,0.09879944420732431,0.802395457302039
3.08,1.8036711181695841,0.7507168376213001,6.472775799211712,11.83773525163388,-0.036423907368367495,0.9999999997387008,4.97429126386652,50.3292412810807,0.8761404912037436,0.23715560675825306,0.09879302671182749,0.8024077084607938
3.09,1.7937041972413656,0.7467301612230688,6.4311510595150825,11.767908544955374,-0.037544212187513665,0.9999999996873505,5.100398363565735,50.08861950740175,0.8759404048883274,0.23724063121733338,0.09878661625090021,0.8024199458935776
3.1,1.7837327624082808,0.7427383418512514,6.3895606760779255,11.698111278504145,-0.03860378980438579,0.9999999996313997,5.216664136557416,49.8472505208183,0.8757494295678756,0.23732558806335013,0.09878021292507061,0.8024321694196016
3.11,1.7737566922181611,0.7387414878172343,6.348009159941658,11.628344912086225,-0.039610459338074465,0.9999999995708513,5.324266343771684,49.605142266559625,0.8755664311035471,0.23741043302143341,0.09877381683452405,0.8024443788587764
3.12,1.7637759310116534,0.7347397078529229,6.306500396908704,11.558610899902478,-0.040570542410387885,0.9999999995057085,5.4241606069001405,49.36230276134756,0.8753904924161775,0.23749512878926957,0.0987674280791135,0.8024565740316891
3.13,1.7537904743566288,0.7307331111043583,6.265037785174931,11.488910690543262,-0.041489230637132155,0.9999999994359763,5.517134571701757,49.11874009229542,0.8752208602310391,0.23757964346874608,0.09876104675837057,0.802468754759581
3.14,1.7438003584505188,0.7267218071252763,6.223624335376538,11.41924572698354,-0.042370845533793486,0.9999999993616591,5.6038462757502945,48.8744624152807,0.8750569074132195,0.23766394942896418,0.09875467297151656,0.8024809208643245
3.15,1.7338056522349439,0.7227059058706147,6.182262744956265,11.349617446578627,-0.04321902682503115,0.9999999992827628,5.684851995948525,48.62947795709651,0.8748981056777815,0.23774802246340582,0.09874830681747324,0.8024930721684004
3.16,1.7238064514115712,0.7186855176899574,6.140955454535483,11.280027281060406,-0.044036871782499265,0.999999999199294,5.7606268804111265,48.383795010091674,0.8747440053961218,0.23783184115278175,0.09874194839487367,0.8025052084948753
3.17,1.7138028738227291,0.7146607533209269,6.099704691375386,11.210476656533956,-0.04482704023532243,0.9999999991112596,5.831580528940426,48.13742193662173,0.8745942203764075,0.23791538637517465,0.09873559780207286,0.8025173296673792
3.18,1.7037950558301782,0.7106317238825269,6.058512503399534,11.14096699347484,-0.04559183501245928,0.9999999990186674,5.898068943889604,47.89036716404489,0.8744484162039988,0.2379986409236411,0.09872925513715858,0.8025294355100829
3.19,1.6937831494377835,0.706598540868419,6.0173807861848445,11.071499706726751,-0.046333264460551776,0.999999998921526,5.960403833251208,47.642639186132335,0.8743063011791966,0.23808158920371375,0.09872292049796237,0.8025415258476759
3.2,1.683767319976804,0.7025613161401625,5.9763113046373695,11.002076205499723,-0.04705309166835658,0.9999999988198447,6.018859946123527,47.394246561589625,0.8741676191813114,0.23816421699117987,0.0987165939820694,0.802553600505344
3.21,1.673747744223356,0.6985201619203892,5.935305710586675,10.932697893368761,-0.04775287367746902,0.999999998713633,6.073680928915031,47.14519791367673,0.8740321439838249,0.2382465112360587,0.0987102756868299,0.8025656593087469
3.22,1.6637246088512574,0.6944751907859349,5.894365557214675,10.863366168272957,-0.048433993053593916,0.9999999986029016,6.125084042331815,46.89550192902463,0.8738996746766695,0.23832845990233012,0.09870396570936918,0.8025777020839966
3.23,1.6536981091491816,0.6904265156609167,5.853492310990866,10.794082422515086,-0.04909768354938904,0.999999998487662,6.173264004742186,46.645167355749685,0.873770031944772,0.2384100518357841,0.09869766414659834,0.8025897286576352
3.24,1.6436684479476527,0.6863742498097642,5.812687361628855,10.724848042761607,-0.0497450511510343,0.9999999983679257,6.218396149731975,46.394203006309446,0.8736430550156549,0.23849127665413516,0.09869137109522441,0.802601738856613
3.25,1.6336358347144035,0.6823185068302026,5.771952030456062,10.655664410043151,-0.05037709147954708,0.999999998243706,6.260639037855347,46.142617752788915,0.8735185991353925,0.23857212465495742,0.09868508665176098,0.8026137325082667
3.2600000000000002,1.623600484786259,0.6782594006461791,5.731287577497303,10.586532899755415,-0.05099470428460722,0.999999998115016,6.300136639324311,45.89042052726373,0.8733965334660105,0.2386525867380409,0.09867881091253881,0.802625709440298
3.27,1.613562618711986,0.6741970455007579,5.690695207514025,10.5174548816605,-0.05159870560398526,0.9999999979818697,6.337020160831509,45.637620321305945,0.8732767393213149,0.2387326543394247,0.09867254397371569,0.8026376694807512
3.2800000000000002,1.6035224616874155,0.6701315559489575,5.650176075174932,10.448431719888628,-0.052189838022459044,0.9999999978442817,6.371409599887191,45.3842261846555,0.8731591086782031,0.23881231937514738,0.09866628593128664,0.8026496124579929
3.29,1.5934802430656254,0.6660630468505478,5.60973128952126,10.379464772940334,-0.05276877938920179,0.9999999977022678,6.403415055713023,45.13024722583671,0.8730435429115414,0.23889157419283782,0.0986600368810943,0.8026615382006899
3.3000000000000003,1.5834361959312058,0.6619916333628036,5.569361917829424,10.310555393688968,-0.05333615025552415,0.999999997555844,6.43313785789219,44.875692609977975,0.8729299517145335,0.2389704115300346,0.09865379691883934,0.8026734465377878
3.31,1.573390556727125,0.6579174309332093,5.529068988980131,10.241704929383719,-0.05389252026216773,0.9999999974050273,6.460671535039764,44.62057155700743,0.8728182521714625,0.23904882447797218,0.09864756614008997,0.8026853372984902
3.3200000000000003,1.5633435649264658,0.6538405552921345,5.488853496406287,10.172914721652845,-0.0544384136477997,0.9999999972498352,6.486102647510042,44.36489334282271,0.8727083679578824,0.23912680645003742,0.09864134464029213,0.802697210312238
3.33,1.5532954627425744,0.6497611224454506,5.448716400680638,10.10418610650748,-0.05497431401868603,0.999999997090286,6.509511513722062,44.108667297080736,0.8726002286479425,0.23920435115422684,0.09863513251477986,0.8027090654086871
3.34,1.5432464948709652,0.6456792486671222,5.4086586318062615,10.035520414345656,-0.055500668503682,0.9999999969263986,6.53097284401528,43.85190280391202,0.8724937691109358,0.2392814525688627,0.09862892985878452,0.8027209024176892
3.35,1.5331969082598427,0.6415950504917489,5.368681091238692,9.966918969956719,-0.05601789137807451,0.9999999967581927,6.550556289996848,43.59460929738212,0.8723889289848381,0.23935810492129822,0.09862273676744539,0.8027327211692696
3.36,1.5231469519037486,0.6375086447070798,5.328784653692482,9.898383092526183,-0.056526367247238515,0.9999999965856887,6.568326931963098,43.33679626616987,0.8722856522137841,0.23943430266896681,0.09861655333581906,0.802744521493608
3.37,1.5130968766585418,0.6334201483464728,5.2889701687477,9.829914095640735,-0.057026453843679395,0.9999999964089075,6.584345705886769,43.07847324719428,0.8721838866415902,0.2395100404826538,0.09861037965888889,0.8027563032210168
3.38,1.503046935073812,0.6293296786813378,5.249238462294654,9.761513287293866,-0.057518484501039066,0.999999996227871,6.598669781499607,42.81964982859925,0.8720835836522083,0.23958531323152393,0.09860421583157537,0.8027680661819209
3.39,1.492997381241311,0.6252373532135284,5.209590337828503,9.693181969891466,-0.05800277034287058,0.9999999960426014,6.611352898168459,42.56033564591457,0.8719846978515456,0.23966011596980724,0.09859806194874558,0.8027798102068382
3.4,1.4829484706568752,0.6211432896677063,5.170026577618922,9.624921440258104,-0.05847960222924025,0.999999995853122,6.622445664480588,42.30054038417965,0.8718871867844598,0.23973444392484325,0.09859191810522219,0.8027915351263584
3.41,1.4729004600943076,0.6170476059836716,5.13054794376829,9.556732989643258,-0.0589492524917689,0.9999999956594567,6.631995821469647,42.040273773548925,0.8717910106824724,0.2398082924863414,0.0985857843957937,0.8028032407711239
3.42,1.4628536074900098,0.6129504203086568,5.09115517917029,9.488617903728203,-0.05941197648311813,0.9999999954616301,6.640048484243057,41.77954559254473,0.8716961322384144,0.2398816571967328,0.09857966091522347,0.8028149269718088
3.43,1.4528081718368846,0.6088518509895913,5.051849008382395,9.42057746263287,-0.059868013965606835,0.999999995259667,6.6466463538605165,41.518365661893185,0.8716025164044359,0.23995453374245726,0.09857354775825958,0.8028265935591
3.44,1.4427644130862602,0.6047520165653346,5.0126301384245,9.35261294092318,-0.060317590360628955,0.9999999950535934,6.6518299103697025,41.25674384981246,0.8715101302102624,0.24002691794604145,0.09856744501964344,0.8028382403636768
3.45,1.4327225920575462,0.6006510357588831,4.973499259506001,9.284725607618654,-0.06076091787098614,0.9999999948434359,6.655637587169456,40.994690064880196,0.8714189425998756,0.24009880575896872,0.09856135279411977,0.8028498672161918
3.46,1.4226829703541626,0.5965490274695391,4.934457045695018,9.216916726200118,-0.06119819649567636,0.9999999946292217,6.658105925611988,40.73221425917839,0.871328924283846,0.24017019325516487,0.09855527117644529,0.8028614739472516
3.47,1.4126458102855108,0.5924461107650575,4.895504155532155,9.149187554617884,-0.061629614946536494,0.9999999944109788,6.659269717217509,40.46932642616321,0.8712400476059087,0.24024107662508998,0.09854920026139864,0.8028730603873958
3.48,1.4026113747939855,0.5883424048737712,4.856641232598276,9.08153934530004,-0.06205535148061316,0.9999999941887354,6.659162134699406,40.20603659977354,0.8711522864218095,0.2403114521703193,0.09854314014378869,0.8028846263670807
3.49,1.3925799273867798,0.5842380291766763,4.817868906038042,9.01397334516098,-0.06247557465540878,0.999999993962521,6.657814846179201,39.94235485311503,0.8710656159893507,0.2403813162986026,0.09853709091846378,0.8028961717166573
3.5,1.3825517320720773,0.5801331031995052,4.779187791043709,8.946490795610284,-0.06289044401526239,0.9999999937323656,6.655258124035003,39.67829129714219,0.8709800128684355,0.24045066551935962,0.09853105268032117,0.8029076962663539
3.5100000000000002,1.3725270532986846,0.5760277466047662,4.740598489307688,8.87909293256164,-0.0633001107198394,0.9999999934982995,6.651520939639511,39.41385608180784,0.8708954548295694,0.24051949643949083,0.09852502552431526,0.802919199846257
3.52,1.3625061558996618,0.5719220791837707,4.7021015894386675,8.811780986442198,-0.0637047181143643,0.9999999932603543,6.646631055334174,39.149059391976344,0.8708119207707785,0.24058780575960786,0.0985190095454671,0.8029306822862919
3.5300000000000002,1.352489305038518,0.5678162208486222,4.663697667354722,8.74455618220188,-0.06410440225524658,0.9999999930185612,6.640615104163199,38.883911449874326,0.8707293906410746,0.24065559027047811,0.09851300483887308,0.802942143416205
3.54,1.3424767661586579,0.5637102916242042,4.625387286647216,8.677419739323103,-0.06449929238913428,0.9999999927729533,6.633498664487139,38.61842250973753,0.870647845370655,0.24072284684980416,0.0985070114997131,0.8029535830655444
3.5500000000000003,1.332468804935234,0.5596044116401272,4.587170998923058,8.610372871830593,-0.0648895113941028,0.9999999925235638,6.625306328967471,38.35260286240313,0.8705672668066309,0.24078957245922644,0.09850102962326007,0.8029650010636424
3.56,1.3224656872294023,0.5554987011226742,4.549049344125526,8.543416788301375,-0.06527517618431194,0.999999992270426,6.616061767695098,38.086462828973886,0.8704876376540686,0.24085576414154677,0.0984950593048878,0.8029763972395962
3.5700000000000003,1.3124676790448695,0.5513932803867183,4.511022850834706,8.476552691874952,-0.06565639808259258,0.9999999920135748,6.605787786440609,37.82001276322402,0.8704089414216839,0.24092141901819036,0.09848910064008028,0.8029877714222512
3.58,1.3024750464861174,0.5472882698276208,4.4730920365533136,8.409781780263675,-0.06603328316540275,0.9999999917530452,6.5945063809057105,37.553263049556314,0.8703311623715932,0.24098653428679212,0.09848315372443978,0.8029991234401809
3.59,1.2924880557186653,0.5431837899131259,4.435257407974483,8.343105245763194,-0.066405932580184,0.9999999914888728,6.582238784387023,37.286224101568834,0.8702542854730597,0.24105110721899387,0.09847721865369488,0.8030104531216715
3.6,1.2825069729310024,0.5390799611752218,4.397519461234831,8.276524275263164,-0.06677444283857221,0.9999999912210941,6.569005516227102,37.01890636175804,0.8701782963597544,0.24111513515839414,0.0984712955237099,0.8030217602947017
3.61,1.2725320642980429,0.5349769042020066,4.359878682154396,8.210040050257977,-0.06713890608796311,0.9999999909497458,6.554826422761795,36.7513203004543,0.8701031812901725,0.24117861551863817,0.09846538443049234,0.8030330447869269
3.62,1.2625635959458597,0.5308747396295256,4.322335546465688,8.143653746857659,-0.06749941036433241,0.9999999906748657,6.539720715723293,36.483476414713486,0.870028927110797,0.2412415457816101,0.09845948547020132,0.8030443064256613
3.63,1.2526018339179,0.5267735881336059,4.284890520029885,8.077366535799005,-0.06785603982562925,0.9999999903964921,6.523707012055096,36.21538522682306,0.8699555212220755,0.24130392349577276,0.09845359873915613,0.8030555450378591
3.64,1.242647044142392,0.5226735704216758,4.2475440590427365,8.011179582456588,-0.06820887496867946,0.9999999901146636,6.506803363920953,35.94705728426719,0.8698829515467991,0.24136574627461443,0.09844772433384372,0.8030667604500998
3.65,1.2326994924007308,0.5185748072245733,4.210296610232656,7.945094046854123,-0.06855799283224641,0.9999999898294197,6.489027293841325,35.67850315761719,0.869811206500521,0.24142701179516451,0.09844186235092761,0.8030779524885685
3.66,1.2227594442970937,0.5144774192883486,4.173148611048056,7.879111083675792,-0.06890346718464904,0.9999999895408006,6.470395821580479,35.40973344093006,0.8697402749642034,0.24148771779663564,0.09843601288725526,0.8030891209790404
3.67,1.2128271652290032,0.5103815273660558,4.136100489836855,7.813231842277614,-0.06924536869883921,0.9999999892488466,6.450925493281354,35.14075874865166,0.8696701462586941,0.241547862079146,0.0984301760398658,0.8031002657468641
3.68,1.202902920358621,0.5062872522095381,4.09915266602046,7.747457466699078,-0.06958376511730063,0.999999988953599,6.430632405436849,34.8715897169048,0.8696008101207164,0.24160744250248203,0.09842435190599902,0.8031113866169434
3.69,1.1929869745851218,0.5021947145612062,4.062305550258209,7.681789095674647,-0.06991872140417311,0.9999999886550998,6.409532230596818,34.602237001782036,0.8695322566806858,0.24166645698498146,0.0984185405831018,0.8031224834137223
3.7,1.1830795925177329,0.49810403514581314,4.02555954460704,7.616227862645461,-0.07025029988862164,0.9999999883533909,6.387640238665094,34.33271127621527,0.8694644764418273,0.2417249035024516,0.09841274216883697,0.8031335559611675
3.71,1.1731810384495818,0.494015334662224,3.9889150426742797,7.550774895771033,-0.07057856039845466,0.9999999880485154,6.364971317556211,34.063023232732405,0.8693974602607045,0.24178278008716564,0.09840695676109044,0.803144604082753
3.72,1.1632915763321583,0.48992873377517804,3.9523724297658536,7.485431317941016,-0.070903560385992,0.9999999877405171,6.341539993639826,33.793183579359855,0.8693311993288917,0.24184008482689806,0.09840118445797894,0.8031556276014421
3.73,1.153411469750486,0.48584435310705887,3.9159320830289306,7.42019824678701,-0.07122535504571696,0.9999999874294397,6.31736044935221,33.523203040342345,0.8692656851558401,0.24189681586401923,0.09839542535785754,0.8031666263396734
3.74,1.1435409818989215,0.4817623132296536,3.8795943715896026,7.355076794694423,-0.07154399742469625,0.9999999871153279,6.292446541484695,33.25309235369997,0.8692009095527987,0.2419529713946435,0.09838967955932731,0.8031776001193434
3.75,1.1336803755576488,0.4776827346559163,3.843359656684909,7.290068068814257,-0.07185953852519651,0.999999986798227,6.266811815650898,32.982862271581226,0.869136864617857,0.24200854966784394,0.09838394716124255,0.8031885487617916
3.7600000000000002,1.12382991306941,0.47360573783173016,3.8072282917941065,7.225173171075088,-0.07217202740396064,0.9999999864781826,6.240469522555548,32.71252355895243,0.8690735427215248,0.24206354898484367,0.09837822826271869,0.8031994720877841
3.77,1.1139898563170099,0.46953144312767364,3.7712006227633026,7.1603931981949,-0.07248151126342664,0.9999999861552404,6.21343263275673,32.44208699181174,0.8690109364934516,0.24211796769829785,0.09837252296313852,0.8032103699174981
3.7800000000000002,1.104160466701462,0.46545997083078644,3.735276987925097,7.095729241692975,-0.07278803553649826,0.9999999858294479,6.185713847887177,32.17156335667986,0.8689490388100649,0.24217180421164228,0.09836683136216093,0.8032212420705068
3.79,1.0943420051200416,0.4613914411363447,3.6994577182204607,7.031182387901778,-0.07309164397097458,0.9999999855008521,6.157325616513613,31.90096344954275,0.8688878427823458,0.242225056978359,0.0983611535597264,0.8032320883657643
3.8000000000000003,1.0845347319455119,0.4573259741396303,3.663743137310162,6.966753717978868,-0.07339237870336313,0.9999999851695005,6.128280143364597,31.630298076039125,0.868827341745046,0.24227772450142254,0.0983554896560658,0.8032429086215893
3.81,1.0747389070051612,0.4532636898277227,3.6281335616894035,6.902444307918721,-0.0736902803334211,0.999999984835442,6.098589400232073,31.359578047175503,0.8687675292458915,0.24232980533264833,0.09834983975170628,0.8032537026556519
3.8200000000000003,1.0649547895606026,0.44920470807127477,3.592629300795892,6.838255228564554,-0.07398538799175795,0.9999999844987246,6.068265140361283,31.088814182103867,0.868708399035748,0.24238129807214404,0.09834420394747873,0.803264470284956
3.83,1.0551826382878438,0.44514914861631916,3.5572306571167207,6.774187545620098,-0.07427773940461173,0.9999999841593981,6.037318903274737,30.818017305494433,0.8686499450592164,0.24243220136775934,0.09833858234452435,0.803275211325828
3.84,1.0454227112577754,0.44109713107606985,3.5219379262921535,6.7102423196614245,-0.0745673709548467,0.999999983817512,6.005762027247857,30.54719824486921,0.868592161445776,0.24248251391456999,0.09833297504430226,0.803285925593899
3.85,1.0356752659168837,0.4370487749227305,3.486751397218292,6.646420606148532,-0.07485431774054509,0.9999999834731166,5.9736056585077035,30.27636783333162,0.8685350425012985,0.24253223445435748,0.0983273821485957,0.8032966129040916
3.86,1.0259405590685202,0.43300419947933044,3.451671352145654,6.582723455437074,-0.07513861362899744,0.9999999831262626,5.940860756691494,30.005536904575056,0.8684785827002032,0.24258136177515424,0.09832180375951882,0.8033072730706065
3.87,1.016218846854285,0.42896352391155007,3.4166980667775197,6.519151912789898,-0.07542029130939613,0.9999999827770013,5.907538106401459,29.73471629472479,0.8684227766778352,0.24262989471076202,0.09831623997952336,0.8033179059069061
3.88,1.006510384735891,0.4249268672195777,3.3818318103648126,6.455707018388555,-0.07569938234153818,0.9999999824253841,5.8736483217979485,29.46391684022181,0.8683676192234014,0.2426778321403266,0.09831069091140593,0.8033285112257023
3.89,0.9968154274771602,0.420894348229964,3.3470728458007675,6.392389807344706,-0.07597591720343115,0.9999999820714632,5.839201855024622,29.193149377222724,0.8683131052730971,0.24272517298788934,0.09830515665831312,0.8033390888389415
3.9,0.9871342291265466,0.41686608558750743,3.312421429711647,6.329201309711539,-0.07624992533462253,0.999999981715291,5.804209002937808,28.922424738909566,0.868259229903818,0.24277191622200614,0.09829963732374941,0.8033496385577908
3.91,0.9774670429997333,0.41284219774713793,3.2778778125475796,6.266142550494921,-0.07652143517888142,0.9999999813569206,5.7686799132581426,28.651753757890035,0.8682059883270015,0.24281806085534008,0.09829413301158296,0.8033601601926251
3.92,0.9678141216625104,0.4088228029658298,3.243442238672108,6.203214549664647,-0.07679047422503736,0.999999980996405,5.732624589216679,28.381147261891297,0.8681533758827433,0.24286360594426026,0.09828864382605214,0.8033706535530123
3.93,0.9581757169141586,0.40480801929452576,3.209114946447451,6.140418322165395,-0.07705706904339807,0.9999999806337981,5.696052898063312,28.110616073908595,0.8681013880345104,0.24290855058851987,0.0982831698717716,0.803381118447701
3.94,0.9485520797707452,0.4007979645700819,3.1748961683221335,6.07775487792774,-0.07732124532370678,0.9999999802691544,5.658974573994506,27.840171012315302,0.8680500203636979,0.24295289393085784,0.09827771125373846,0.8033915546846064
3.95,0.9389434604488858,0.39679275640722694,3.1407861309147584,6.015225221878913,-0.07758302790911605,0.9999999799025281,5.621399223954159,27.56982288839019,0.8679992685647265,0.24299663515666803,0.09827226807733874,0.803401962070798
3.96,0.9293501083497998,0.39279251219055067,3.1067850550962413,5.952830353953567,-0.07784244082828894,0.9999999795339742,5.583336332503533,27.299582505896677,0.8679491284404066,0.24303977349368988,0.09826684044835376,0.8034123404124851
3.97,0.919772272043308,0.38879734906650126,3.0728931560734973,5.89057126910424,-0.07809950732845321,0.9999999791635479,5.544795267303025,27.029460660094028,0.8678995958972161,0.24308230821163998,0.09826142847296497,0.8034226895150056
3.98,0.9102101992524985,0.3848073839354176,3.0391106434677773,5.828448957311897,-0.07835424990308287,0.9999999787913052,5.505785281363491,26.759468136643317,0.8678506669412853,0.24312423862195834,0.09825603225776176,0.8034330091828124
3.99,0.9006641368381503,0.3808227334435704,3.0054377213962526,5.766464403596091,-0.07860669032235387,0.9999999784173019,5.466315519643128,26.48961571069953,0.8678023376740607,0.24316556407745332,0.09825065190974541,0.8034432992194604
4.0,0.8911343307836105,0.3768435139752411,2.971874588550534,5.704618588025198,-0.07885684966036198,0.9999999780415947,5.426395020402338,26.219914146482928,0.867754604288404,0.2432062839720057,0.09824528753633616,0.803453559427595
4.01,0.8816210261800753,0.37286984164481646,2.9384214382718685,5.642912485726359,-0.07910474831904903,0.9999999776642399,5.386032721157354,25.95037419466949,0.8677074630651311,0.2432463977403381,0.09823993924537902,0.8034637896089387
4.0200000000000005,0.8721244672115999,0.3689018322889084,2.905078458630298,5.5813470668952485,-0.07935040605558398,0.9999999772852949,5.345237461185455,25.68100659332812,0.8676609103691398,0.2432859048576661,0.09823460714514866,0.8034739895642801
4.03,0.8626448971407845,0.36493960145850884,2.8718458324982183,5.519923296805819,-0.07959384200422837,0.999999976904817,5.304017984320063,25.4118220663663,0.8676149426462568,0.24332480483947527,0.0982292913443557,0.8034841590934605
4.04,0.8531825582943182,0.360983264411161,2.8387237376262604,5.458642135819696,-0.07983507470033067,0.9999999765228641,5.262382943457942,25.14283132151664,0.8675695564198362,0.24336309724122174,0.09822399195215226,0.8034942979953634
4.05,0.8437376920489162,0.35703293610316345,2.805712346716377,5.397504539395522,-0.08007412210142355,0.9999999761394939,5.220340902471643,24.874045050371386,0.8675247482877461,0.24340078165808732,0.09821870907813701,0.8035044060679011
4.0600000000000005,0.8343105388174159,0.35308873118180845,2.7728118274944045,5.33651145809803,-0.08031100160772774,0.999999975754765,5.177900338879273,24.605473928174074,0.8674805149194454,0.2434378577247346,0.09821344283236139,0.8035144831080044
4.07,0.824901338034954,0.3491507639776426,2.74002234278294,5.275663837607031,-0.08054573008287055,0.9999999753687357,5.135069647968395,24.337128610400207,0.8674368530530586,0.24347432511503553,0.09820819332533429,0.8035245289116104
4.08,0.8155103281454449,0.3452191484967608,2.7073440505721025,5.21496261872609,-0.08077832387247653,0.9999999749814654,5.091857143564883,24.06901973452671,0.8673937594927297,0.2435101835418403,0.09820296066802772,0.8035345432736514
4.09,0.8061377465882084,0.34129399841313396,2.6747771040899275,5.154408737391058,-0.08100879882236833,0.9999999745930128,5.0482710625953064,23.801157917710846,0.8673512311060455,0.24354543275674248,0.09819774497188165,0.8035445259880437
4.1,0.7967838297847385,0.33737542706096724,2.6423216518724413,5.094003124678444,-0.08123717029638766,0.9999999742034376,5.004319564833242,23.533553755544418,0.8673092648215228,0.24358007254983513,0.0981925463488102,0.803554476847676
4.11,0.7874488131257047,0.33346354742709294,2.609977837832338,5.033746706813469,-0.08146345319285182,0.9999999738127994,4.960010736951302,23.26621782217734,0.8672678576262811,0.2436141027494915,0.09818736491120551,0.8035643956443992
4.12,0.7781329309580768,0.32955847214339795,2.5777458013275787,4.973640405178017,-0.08168766196091723,0.999999973421158,4.915352594842035,22.999160668186736,0.8672270065637417,0.2436475232221326,0.09818220077194355,0.8035742821690152
4.13,0.7688364165724422,0.32566031347928215,2.545625677228907,4.913685136318266,-0.0819098106159413,0.9999999730285737,4.870353083476117,22.732392821045785,0.8671867087314684,0.24368033387200874,0.0981770540443888,0.803584136211266
4.14,0.7595595021904712,0.3217691833341595,2.5136175959871014,4.853881811952206,-0.08212991275456479,0.9999999726351066,4.82502008120329,22.465924782990864,0.8671469612790542,0.24371253464097464,0.09817192484239987,0.8035939575598233
4.15,0.7503024189525784,0.3178851932299926,2.4817216836991434,4.794231338976765,-0.0823479815687777,0.9999999722408174,4.779361399909341,22.199767030136385,0.8671077614061496,0.24374412550828112,0.09816681328033296,0.803603746002279
4.16,0.7410653969057331,0.3140084543038609,2.449938062173983,4.7347346194749225,-0.0825640298596496,0.9999999718457669,4.7333847877136295,21.933930012914725,0.8670691063605455,0.24377510649036138,0.09816171947304807,0.8036135013251331
4.17,0.7318486649914377,0.3101390773005794,2.418266848997608,4.675392550722355,-0.08277807005042266,0.9999999714500162,4.687097929838345,21.668424153383565,0.8670309934363452,0.24380547764062788,0.09815664353591275,0.803623223313786
4.18,0.7226524510338717,0.3062771725653369,2.386708157597332,4.616206025194003,-0.08299011419890924,0.9999999710536263,4.640508450518409,21.403259845550977,0.8669934199722378,0.24383523904927082,0.09815158558480765,0.8036329117525259
4.19,0.7134769817280799,0.30242285003639774,2.3552620973069223,4.557175930570315,-0.08320017401092221,0.9999999706566585,4.593623914357703,21.138447453925735,0.8669563833496514,0.2438643908430222,0.09814654573613019,0.803642566424521
4.2,0.7043224826285576,0.2985762192378254,2.323928773428458,4.498303149743257,-0.0834082608503196,0.999999970259174,4.546451827346163,20.873997313177814,0.8669198809913393,0.24389293318500285,0.09814152410679962,0.8036521871118091
4.21,0.6951891781377465,0.29473738927225523,2.2927082872961764,4.439588560822065,-0.08361438575137817,0.999999969861235,4.498999639335102,20.60991972616933,0.8668839103596855,0.24392086627449222,0.09813652081426116,0.8036617735952883
4.22,0.6860772914947816,0.2909064688137135,2.2616007363388766,4.38103303713874,-0.08381855942977887,0.9999999694629027,4.451274743393104,20.34622496419633,0.8668484689551949,0.2439481903467296,0.09813153597649085,0.803671325654707
4.23,0.6769870447644583,0.28708356610046964,2.230606214140879,4.322637447253287,-0.08402079229215488,0.9999999690642393,4.403284478979578,20.082923265551212,0.8668135543151674,0.243974905672746,0.09812656971199937,0.8036808430686552
4.24,0.6679186588262759,0.2832687889279459,2.1997248105034783,4.264402654958685,-0.08422109444634392,0.9999999686653066,4.355036131103078,19.820024834779673,0.866779164012296,0.24400101255916812,0.09812162213983662,0.803690325614556
4.25,0.6588723533635322,0.2794622446416526,2.168956611506519,4.206329519285559,-0.08441947571214342,0.999999968266167,4.306536932932077,19.557539841600516,0.8667452956532111,0.24402651134799658,0.09811669337959597,0.8036997730686544
4.26,0.6498483468527841,0.27566404013019297,2.1383016995675588,4.1484188945066,-0.08461594562936343,0.9999999678668822,4.257794065697057,19.295478420663088,0.8667119468773662,0.24405140241645648,0.09811178355141773,0.8037091852060119
4.2700000000000005,0.6408468565532448,0.27187428181828943,2.1077601535024524,4.090671630140727,-0.08481051346792413,0.9999999674675151,4.208814661117708,19.0338506697504,0.8666791153556795,0.2440756861767793,0.09810689277599437,0.8037185618004945
4.28,0.6318680984964881,0.26809307565988083,2.0773320485839144,4.033088570956943,-0.08500318823567367,0.9999999670681277,4.159605799452621,18.772666649996147,0.8666467987894643,0.24409936307604288,0.09810202117457259,0.8037279026247676
4.29,0.6229122874761734,0.2643205271312431,2.0470174566006563,3.975670556977911,-0.08519397868732853,0.9999999666687824,4.11017451346462,18.511936384036044,0.866614994909229,0.24412243359597116,0.09809716886895983,0.8037372074502833
4.3,0.613979637037995,0.2605567412241792,2.0168164459154214,3.9184184234832204,-0.08538289333221089,0.999999966269542,4.060527787876054,18.25166985581001,0.8665837014736302,0.2441448982527632,0.09809233598152589,0.8037464760472764
4.3100000000000005,0.6050703594696941,0.2568018224392439,1.986729081523174,3.8613330010124276,-0.08556994044261745,0.9999999658704686,4.010672559003406,17.99187700932221,0.8665529162683573,0.24416675759689502,0.09808752263520781,0.8037557081847537
4.32,0.5961846657912953,0.25305587477902974,1.9567554251080939,3.804415115367724,-0.08575512806087099,0.9999999654716253,3.9606157173897265,17.73256774861527,0.8665226371051843,0.2441880122129535,0.09808272895351279,0.8037649036304881
4.33,0.587322765745443,0.24931900174148994,1.9268955351002859,3.7476655876163676,-0.08593846400647938,0.9999999650730741,3.9103641073379376,17.47375193583256,0.866492861821014,0.24420866271946107,0.09807795506052301,0.8037740621510087
4.34,0.5784848677878451,0.2455913063133261,1.8971494667326352,3.691085234092797,-0.0861199558836812,0.9999999646748782,3.859924527527887,17.21543939126893,0.8664635882768824,0.24422870976868266,0.09807320108089775,0.8037831835115944
4.3500000000000005,0.5696711790778936,0.24187289096341585,1.867517272096463,3.6346748664004167,-0.08629961108793302,0.9999999642770997,3.809303732389557,16.957639891727695,0.8664348143570966,0.24424815404645736,0.09806846713987843,0.8037922674762665
4.36,0.560881905469398,0.23816385763630601,1.8379990001973374,3.5784352914131574,-0.08647743681280966,0.9999999638798016,3.7585084311176926,16.700363170899692,0.8664065379683299,0.24426699627201146,0.09806375336329043,0.8038013138077813
4.37,0.5521172515015019,0.23446430774574517,1.808594697009568,3.5223673112766303,-0.0866534400556832,0.9999999634830463,3.7075452899725905,16.44361891755573,0.8663787570388694,0.24428523719780373,0.09805905987754757,0.8038103222676221
4.38,0.5433774203896522,0.23077434216827772,1.7793044055313034,3.46647172340902,-0.08682762762447538,0.9999999630868963,3.6564209314359255,16.187416775583188,0.8663514695177392,0.24430287760933048,0.098054386809655,0.8038192926159939
4.39,0.534662614016756,0.22709406123689327,1.7501281658386485,3.4107493205017283,-0.08700000614354585,0.9999999626914146,3.60514193529597,15.9317663419084,0.8663246733739337,0.2443199183249531,0.09804973428721249,0.8038282246118146
4.4,0.525973032924519,0.22342356473472572,1.7210660151386172,3.3552008905195523,-0.08717058205835378,0.9999999622966628,3.553714838644764,15.676677167174718,0.8662983665958042,0.24433636019575636,0.09804510243841741,0.8038371180127102
4.41,0.5173088763046859,0.2197629518888152,1.6921179878243957,3.299827216700753,-0.0873393616438186,0.9999999619027039,3.502146136608558,15.422158754650743,0.86627254719,0.2443522041052918,0.09804049139206776,0.8038459725750065
4.42,0.5086703419908517,0.21611232136391803,1.6632841155251308,3.2446290775566027,-0.08750635100524873,0.9999999615096001,3.4504422826270487,15.168220558392264,0.8662472131813206,0.24436745096953486,0.0980359012775655,0.8038547880537243
4.43,0.5000576264498305,0.21247177125637956,1.634564427161643,3.189607246870781,-0.08767155608840482,0.999999961117414,3.398609688536144,14.914871983753722,0.866222362611457,0.24438210173656957,0.09803133222491914,0.8038635642025719
4.44,0.49147092477365917,0.2088413990880613,1.6059589489961814,3.1347624936983314,-0.08783498268125124,0.9999999607262071,3.3466547249904917,14.662122386310397,0.8661979935387509,0.2443961573865136,0.09802678436474631,0.80387230077394
4.45,0.48291043067147454,0.2052213018003306,1.5774677046845893,3.0800955823644025,-0.08799663641966202,0.9999999603360423,3.2945837220718412,14.409981070969463,0.8661741040374771,0.2444096189313197,0.09802225782827771,0.8038809975188949
4.46,0.47437633646157096,0.20161157574810162,1.549090715327288,3.025607272462559,-0.08815652279199039,0.9999999599469807,3.242402969123597,14.158457290998722,0.8661506921972645,0.24442248741461067,0.09801775274735837,0.8038896541871734
4.47,0.4658688330635232,0.19801231669394306,1.5208279995207166,2.9712983188528854,-0.08831464714476607,0.9999999595590848,3.1901187152192887,13.907560247757576,0.8661277561223877,0.24443476391147248,0.09801326925445096,0.8038982705271775
4.48,0.45738810999058316,0.19442361980224016,1.4926795734065483,2.9171694716596486,-0.08847101468552111,0.9999999591724159,3.1377371689125746,13.65729908995266,0.8661052939314088,0.24444644952833167,0.09800880748263836,0.8039068462859676
4.49,0.44893435534206305,0.19084557963341983,1.4646454507221702,2.8632214762687695,-0.08862563048802967,0.9999999587870357,3.085264499103137,13.407682912771929,0.8660833037565295,0.2444575454027542,0.0980043675656262,0.8039153812092587
4.5,0.4405077557959143,0.18727829013823652,1.4367256428498032,2.809455073324811,-0.08877849949605902,0.9999999584030057,3.0327068349840407,13.158720757206561,0.8660617837431271,0.24446805270328803,0.09799994963774467,0.8039238750414146
4.51,0.43210849660139566,0.18372184465211688,1.408920158865669,2.7558709987277883,-0.08892962652768764,0.9999999580203869,2.980070265608386,12.910421609144388,0.8660407320492258,0.2444779726292821,0.09799555383395164,0.803932327525443
4.5200000000000005,0.42373676157189066,0.1801763358895713,1.3812290055884806,2.7024699836295727,-0.08907901627909197,0.9999999576392407,2.927360841383862,12.66279439940737,0.8660201468450335,0.24448730641071864,0.09799118028983418,0.803940738402991
4.53,0.4153927330778393,0.17664185593866136,1.3536521876275023,2.6492527544299884,-0.08922667332827301,0.9999999572596274,2.8745845725417185,12.415848002040786,0.866000026312491,0.2444960553080449,0.09798682914161122,0.8039491074143398
4.54,0.4070765920397887,0.17311849625553663,1.3261897074303013,2.5962200327725693,-0.08937260213877825,0.9999999568816086,2.821747430433584,12.16959123479689,0.8659803686448224,0.244504220611998,0.09798250052613543,0.8039574342984013
4.55,0.3987885179216199,0.16960634765902852,1.2988415653294259,2.543372535540003,-0.08951680706223401,0.9999999565052439,2.768855347163063,11.924032857416085,0.8659611720462344,0.24451180364346742,0.09797819458089563,0.8039657187927123
4.5600000000000005,0.3905286887237405,0.16610550032531401,1.2716077595904167,2.4907109748492613,-0.08965929234389933,0.999999956130594,2.715914215677396,11.679181571815299,0.8659424347312487,0.2445188057532578,0.09797391144401792,0.8039739606334319
4.57,0.38229728097657956,0.1626160437826401,1.2444882864573426,2.438236058046353,-0.0898000621244588,0.9999999557577188,2.662929889936472,11.435046020894085,0.8659241549244974,0.24452522832196466,0.09796965125426813,0.8039821595553371
4.58,0.37409446973414645,0.15913806690611484,1.2174831401986128,2.3859484877008414,-0.08993912044293234,0.9999999553866783,2.609908184948476,11.191634788132953,0.8659063308603797,0.2445310727598145,0.09796541415105361,0.8039903152918181
4.59,0.3659204285676151,0.1556716579125599,1.1905923131532297,2.333848961599908,-0.0900764712411993,0.9999999550175318,2.556854876715259,10.948956397055843,0.8658889607825306,0.2445363405064491,0.09796120027442469,0.8039984275748756
4.6000000000000005,0.3577753295591337,0.15221690435543409,1.1638157957755744,2.2819381727421773,-0.09021211836645722,0.999999954650339,2.503775702439639,10.70701931041164,0.865872042943538,0.24454103303077168,0.0979570097650758,0.8040064961351181
4.61,0.3496593432958096,0.14877389311981926,1.1371535766792018,2.2302168093312575,-0.09034606557240185,0.9999999542851582,2.4506763602252573,10.465831929683137,0.8658555756048186,0.2445451518308313,0.0979528427643492,0.8040145207017556
4.62,0.3415726388635722,0.14534271041747568,1.110605642682609,2.1786855547688013,-0.09047831652517759,0.9999999539220489,2.3975625093619772,10.225402594433803,0.8658395570359178,0.24454869843355315,0.09794869941423345,0.8040225010026002
4.63,0.33351538384136514,0.14192344178196145,1.0841719788524578,2.127345087647393,-0.09060887480512844,0.9999999535610692,2.3444397702824995,9.985739581972899,0.8658239855143193,0.24455167439459904,0.09794457985736568,0.8040304367640615
4.64,0.32548774429553234,0.13851617206381658,1.057852568545385,2.0761960817430474,-0.09073774390610345,0.9999999532022774,2.291313724600396,9.746851106160415,0.8658088593255538,0.2445540812982988,0.09794048423703608,0.8040383277111416
4.65,0.31748988477393836,0.13512098542582685,1.0316473934536905,2.0252392060073734,-0.09086492724404774,0.9999999528457315,2.238189914955773,9.508745317765973,0.8657941767621843,0.24455592075729293,0.09793641269718324,0.8040461735674375
4.66,0.30952196830067774,0.1317379653383394,1.005556433645237,1.9744751245594436,-0.0909904281539808,0.9999999524914887,2.185073844805227,9.271430302928355,0.8657799361241987,0.24455719441253046,0.09793236538240079,0.8040539740551339
4.67,0.30158415637048347,0.12836719457466242,0.9795796676076862,1.9239044966773573,-0.09111424989740334,0.9999999521396065,2.131970978924202,9.034914083404509,0.8657661357181429,0.24455790393294263,0.09792834243793423,0.8040617288950043
4.68,0.2936766089436749,0.12500875520651708,0.9537170722873576,1.8735279767894055,-0.09123639565836801,0.9999999517901418,2.078886742914466,8.799204615266376,0.8657527738576258,0.24455805101546385,0.09792434400968589,0.8040694378064064
4.69,0.2857994844407515,0.12166272859957551,0.9279686231330704,1.82334621446503,-0.09135686855217934,0.9999999514431509,2.0258265232484582,8.56430978921031,0.8657398488622986,0.24455763738466063,0.09792037024421253,0.8040771005072818
4.7,0.27795293973743346,0.11832919540905731,0.9023342941357124,1.7733598544053786,-0.09147567162508564,0.9999999510986906,1.9727956674202667,8.330237429411175,0.8657273590579262,0.24455666479263385,0.09791642128872721,0.804084716714153
4.71,0.27013713015979157,0.11500823557539898,0.876814057867667,1.7235695364335724,-0.09159280785436365,0.9999999507568158,1.9197994834991865,8.096995293134954,0.8657153027764087,0.24455513501891135,0.09791249729110084,0.8040922861421245
4.72,0.26235220947931603,0.11169992831999391,0.8514078855237238,1.6739758954846746,-0.09170828015328288,0.9999999504175829,1.866843240586493,7.864591070351161,0.8657036783552197,0.24455304987018098,0.09790859839986213,0.8040998085048773
4.73,0.25459832990823306,0.10840435214100175,0.8261157469599859,1.6245795615953098,-0.09182209137217541,0.9999999500810466,1.8139321680976817,7.633032383230783,0.8656924841373115,0.2445504111801467,0.09790472476419743,0.8041072835146716
4.74,0.2468756420949132,0.10512158480923108,0.8009376107327238,1.575381159893066,-0.09193424430033695,0.9999999497472615,1.7610714562935286,7.4023267855140045,0.8656817184709242,0.24454722080935437,0.09790087653395277,0.8041147108823431
4.75,0.23918429511941225,0.10185170336408968,0.7758734441362453,1.526381310585409,-0.09204474166643704,0.999999949416282,1.7082662557095731,7.172481762052921,0.8656713797095744,0.24454348064506232,0.09789705385963293,0.804122090317305
4.76,0.23152443648897605,0.09859478410960827,0.7509232132422282,1.4775806289485107,-0.0921535861444568,0.999999949088162,1.6555216774993808,6.9435047286574925,0.8656614662113792,0.24453919260093657,0.09789325689240179,0.8041294215275439
4.7700000000000005,0.22389621213390856,0.09535090261053289,0.7260868829356046,1.4289797253156096,-0.09226078035087315,0.9999999487629552,1.6028427931982772,6.715403030930459,0.8656519763394352,0.24453435861701892,0.09788948578408418,0.8041367042196209
4.78,0.21629976640334822,0.0921201336884969,0.7013644169523643,1.3805792050651484,-0.09236632684859593,0.999999948440714,1.5502346341608275,6.488183944725024,0.8656429084613873,0.24452898065947812,0.09788574068716392,0.8041439380986726
4.79,0.2087352420612311,0.08890255141825572,0.6767557779158986,1.3323796686085694,-0.09247022814817178,0.9999999481214918,1.497702192354179,6.261854674971013,0.8656342609493235,0.24452306072044871,0.09788202175478451,0.8041511228684104
4.8,0.20120278028231195,0.08569822912399545,0.6522609273734958,1.2843817113778653,-0.09257248671095937,0.9999999478053404,1.4452504194481075,6.036422355429443,0.8656260321794383,0.24451660081780444,0.09787832914074997,0.804158258231118
4.8100000000000005,0.1937025206484347,0.08250723937572252,0.6278798258309126,1.236585923812778,-0.09267310494703362,0.9999999474923112,1.3928842273497717,5.8118940485480435,0.8656182205323274,0.2445096029950916,0.09787466299952359,0.8041653438876555
4.82,0.1862346011446983,0.07932965398571715,0.6036124327887424,1.1889928913477856,-0.09277208522118902,0.999999947182456,1.3406084873862145,5.588276744631856,0.8656108243923107,0.24450206932121218,0.0978710234862277,0.8041723795374579
4.83,0.17879915815595246,0.07616554400506084,0.579458706775781,1.14160319439869,-0.09286942984983133,0.9999999468758253,1.288428030938383,5.365577361758809,0.8656038421478517,0.2444940018903856,0.0978674107566448,0.804179364878536
4.84,0.17139632646318062,0.07301497972023982,0.5554186053844679,1.0944174083490106,-0.09296514110724771,0.9999999465724696,1.236347649000816,5.143802745265743,0.8655972721908499,0.244485402821817,0.09786382496721485,0.8041862996074771
4.8500000000000005,0.164026239240217,0.06987803064982256,0.5314920853033889,1.04743610353609,-0.0930592212223708,0.9999999462724387,1.1843720919504057,4.922959667212933,0.8655911129170764,0.24447627425966117,0.09786026627503656,0.8041931834194467
4.86,0.15668902805037946,0.06675476554120617,0.5076791023512206,1.000659845236861,-0.09315167238320457,0.9999999459757816,1.1325060695180635,4.703054826217468,0.8655853627256903,0.24446661837274403,0.09785673483786596,0.8042000160081897
4.87,0.14938482284333532,0.06364525236744144,0.4839796115089682,0.9540891936534,-0.09324249673610964,0.9999999456825474,1.080754250857989,4.484094847054508,0.8655800200193721,0.24445643735444353,0.0978532308141167,0.8042067970660305
4.88,0.14211375195197828,0.06054955832412618,0.4603935669526358,0.9077247038981743,-0.09333169638916844,0.9999999453927845,1.0291212643527798,4.266086280098617,0.8655750832039694,0.24444573342244,0.09784975436285821,0.8042135262838747
4.89,0.13487594208953305,0.05746774982638158,0.4369209220842282,0.8615669259790362,-0.09341927340977638,0.9999999451065403,0.9776116972825051,4.049035601171767,0.8655705506888337,0.24443450881864692,0.09784630564381493,0.8042202033512148
4.9,0.12767151834656373,0.05439989250588994,0.4135616295642209,0.8156164047839359,-0.09350522983236464,0.9999999448238625,0.9262300959320098,3.8329492112921475,0.8655664208859458,0.24442276580882155,0.09784288481736503,0.8042268279561267
4.91,0.12050060418835924,0.05134605120802102,0.3903156413408629,0.7698736800654031,-0.09358956765203659,0.9999999445447978,0.8749809655508592,3.6178334358782918,0.8655626922107281,0.24441050668261494,0.09783949204453987,0.8042333997852773
4.92,0.1133633214522292,0.04830628998901641,0.36718290868079456,0.7243392864247387,-0.09367228882739677,0.9999999442693923,0.8238687700327525,3.4036945250147506,0.8655593630817582,0.2443977337533319,0.09783612748702473,0.8042399185239201
4.93,0.10625979034486668,0.04528067211326741,0.3441633821998408,0.6790137532959626,-0.09375339528802719,0.9999999439976914,0.772897931893223,3.19053865272349,0.8655564319199197,0.24438444935754683,0.09783279130715265,0.8042463838559065
4.94,0.09919012944006646,0.04226926005064634,0.3212570118903057,0.6338976049295125,-0.09383288892364576,0.9999999437297408,0.7220728321317742,2.9783719167959366,0.8655538971497602,0.24437065585528603,0.09782948366790917,0.8042527954636808
4.95,0.0921544556761775,0.0392721154739323,0.2984637471520415,0.5889913603757211,-0.09391077160046223,0.9999999434655843,0.6713978103018214,2.7672003385140918,0.8655517571975766,0.2443563556293583,0.09782620473292408,0.8042591530282879
4.96,0.08515288435409407,0.03628929925629687,0.27578353681806084,0.5442955334680168,-0.09398704514408047,0.9999999432052665,0.6208771640709703,2.5570298623252956,0.8655500104935231,0.24434155108573785,0.0978229546664781,0.8042654562293741
4.97,0.07818552913491429,0.033320871468871686,0.25321632918442205,0.4998106328058741,-0.09406171135623029,0.9999999429488303,0.5705151494469645,2.347866355560868,0.8655486554696541,0.24432624465287398,0.09781973363349318,0.8042717047451919
4.98,0.07125250203802014,0.030366891378391964,0.23076207203624652,0.4555371617375886,-0.0941347720068755,0.9999999426963186,0.5203159804239295,2.1397156082027555,0.8655476905609264,0.24431043878178282,0.09781654179953421,0.8042778982526068
4.99,0.06435391343909244,0.027427417444906486,0.2084207126748342,0.4114756183427827,-0.09420622883925926,0.9999999424477739,0.47028382905988986,1.932583332612448,0.8655471142046488,0.24429413594571991,0.0978133793308095,0.8042840364270893
5.0,0.057489872068337784,0.02450250731957413,0.18619219794327516,0.3676264954146866,-0.09427608356472619,0.9999999422032377,0.42042282519973223,1.7264751632324755,0.8655469248411554,0.24427733864018725,0.09781024639416476,0.8042901189427369
