T,seed,traj,mean_u,mean_v,frac_neg_y,frac_target,mean_round_residual
0.02,2026091900,0,1.230192561686958,-2.330309704922969,0.99,0.06,0.1573172278093338
0.02,2026091900,1,1.0771688226683913,-2.3028377715921926,0.99,0.06,0.16646005454523227
0.02,2026091900,2,1.1693365230682875,-2.539946112755742,1.0,0.02,0.1565138192439752
0.02,2026091900,3,1.3194249452134863,-2.470307696430935,1.0,0.04,0.17294329644125978
0.02,2026091900,4,1.4198290579623258,-2.4391255244598664,1.0,0.04,0.20134475543760263
0.02,2026091900,5,1.180346332620645,-2.4103573901297364,1.0,0.02,0.19879209772602874
0.02,2026091900,6,1.2704668661327907,-2.440969826043398,1.0,0.05,0.23022819811300377
0.02,2026091900,7,1.240193172679802,-2.490398362830941,1.0,0.02,0.22241358772425063
0.02,2026091900,8,1.213531564333946,-2.4368460389961,0.99,0.04,0.22549689509629608
0.02,2026091900,9,1.2651572760504595,-2.377136737315527,1.0,0.07,0.20211821092775029
0.02,2026091900,10,1.2702472911468796,-2.3797699630536955,0.99,0.08,0.19774759120994176
0.02,2026091900,11,1.1734436877591603,-2.436835491530485,1.0,0.05,0.20179818346250744
0.02,2026091900,12,1.2963059940524821,-2.3524306084656077,1.0,0.06,0.15775849349652707
0.02,2026091900,13,1.2074935620089051,-2.4339717992244485,1.0,0.03,0.16195706173806812
0.02,2026091900,14,1.0849707635589916,-2.4272158468132052,0.99,0.03,0.1778824409906494
0.02,2026091900,15,1.111534127379633,-2.4405167387442197,1.0,0.04,0.17479617598941422
0.02,2026091900,16,1.3594311318931336,-2.500879886452337,1.0,0.03,0.1976074929535188
0.02,2026091900,17,1.2233258998726928,-2.4875357336988677,1.0,0.05,0.1613796951720275
0.02,2026091900,18,1.2795867337200624,-2.499764111407956,1.0,0.05,0.20452955466522027
0.02,2026091900,19,1.2004051501797675,-2.509453743778407,1.0,0.02,0.14558384771308744
0.02,2026091900,20,1.200080916809922,-2.5103186642772397,1.0,0.02,0.1522651949005241
0.02,2026091900,21,1.2730741227608748,-2.484895139575699,1.0,0.0,0.15439968451084102
0.02,2026091900,22,1.0508964612167693,-2.361144667594277,1.0,0.02,0.14654534512261821
0.02,2026091900,23,1.1996605746780276,-2.4392174312766683,1.0,0.03,0.18408307561053733
0.02,2026091900,24,1.140942464652484,-2.380244165098802,0.99,0.02,0.20323406936184882
0.02,2026091900,25,1.1624723660917726,-2.326142035920559,1.0,0.07,0.1555924132429264
0.02,2026091900,26,1.1297851420173795,-2.529419945447482,1.0,0.01,0.17893902158285718
0.02,2026091900,27,1.1919757905924386,-2.4225866482591805,1.0,0.04,0.2078180741544836
0.02,2026091900,28,1.3401350764123754,-2.370734559867452,1.0,0.06,0.20146876912082476
0.02,2026091900,29,1.2572560532109769,-2.44317810492055,1.0,0.02,0.1600914821931317
0.02,2026091900,30,1.1590336924056786,-2.429823934563521,1.0,0.02,0.16661014270124055
0.02,2026091900,31,1.1903422504239907,-2.4400954164243696,0.99,0.04,0.19500833938247644
0.02,2026091900,32,1.2498213599003773,-2.3692204498901916,1.0,0.04,0.19178364202828682
0.02,2026091900,33,1.0504186470945929,-2.3705937144848708,1.0,0.05,0.1969311397421098
0.02,2026091900,34,1.2195672191781268,-2.4692169710507046,1.0,0.02,0.17768984145964078
0.02,2026091900,35,1.1895911141595745,-2.329985744429183,1.0,0.05,0.1889104933902923
0.02,2026091900,36,1.2600650456332927,-2.4305700944142337,1.0,0.03,0.15523903850715493
0.02,2026091900,37,1.2594687380762737,-2.5201322140078326,1.0,0.0,0.1622619296301388
0.02,2026091900,38,1.2329818753800508,-2.3976051754899155,1.0,0.05,0.1793240402395266
0.02,2026091900,39,1.1944847775700795,-2.446598246003297,1.0,0.05,0.20055369135820925
0.02,2026091900,40,1.3234858354276835,-2.526298297000188,1.0,0.01,0.1527427196579749
0.02,2026091900,41,1.1126079544649574,-2.4182942148885207,0.99,0.04,0.15425991888578935
0.02,2026091900,42,1.3101364009551808,-2.440647115105211,1.0,0.04,0.1544769178629655
0.02,2026091900,43,1.1600969796771887,-2.410760842343835,1.0,0.04,0.17812192550342773
0.02,2026091900,44,1.199902007390906,-2.419300482172885,1.0,0.06,0.18845950313247414
0.02,2026091900,45,1.1700868898067305,-2.2809639343614547,1.0,0.06,0.19866874364180886
0.02,2026091900,46,1.1805311839757668,-2.401003720762246,1.0,0.03,0.20139791101147286
0.02,2026091900,47,1.3110910815884051,-2.5068248345889383,1.0,0.0,0.1227807836400407
0.02,2026091900,48,1.1502771088213628,-2.430058405460489,1.0,0.02,0.17760239452220958
0.02,2026091900,49,1.0086237794416626,-2.277849775918819,0.99,0.03,0.17286492588444496
0.02,2026091900,50,1.1513040166569006,-2.4476009448161586,0.99,0.05,0.16035212675856456
0.02,2026091900,51,1.1901286934228583,-2.318142255691909,1.0,0.06,0.17686339495816095
0.02,2026091900,52,1.0996733982493923,-2.4797097104190264,0.99,0.02,0.16258355865572163
0.02,2026091900,53,1.1503365805435133,-2.2910605813253198,0.99,0.06,0.18656207737726657
0.02,2026091900,54,1.329270614365165,-2.4895881146278422,1.0,0.06,0.19654951707974866
0.02,2026091900,55,1.205154998635881,-2.506358290564614,0.99,0.02,0.19978543543513994
0.02,2026091900,56,1.1211045180951982,-2.3806770303398035,1.0,0.03,0.17596506512650623
0.02,2026091900,57,1.1391405576299514,-2.3997656021657368,1.0,0.02,0.16903819242123128
0.02,2026091900,58,1.0300248248559518,-2.2604495380668994,1.0,0.04,0.16359852395048652
0.02,2026091900,59,1.200515129093245,-2.4201459288869986,0.99,0.04,0.1871299168087963
0.02,2026091900,60,1.1890293892011068,-2.3000443884911568,0.99,0.06,0.1928182360044785
0.02,2026091900,61,1.122896929282916,-2.267212407976566,1.0,0.03,0.17499706082716426
0.02,2026091900,62,1.0398259305180124,-2.4504736043598543,1.0,0.05,0.19098387099741335
0.02,2026091900,63,1.1964202216370383,-2.4582549663637447,1.0,0.03,0.18829850190149533
0.02,2026091900,64,1.2312425623888503,-2.4510298049713217,1.0,0.02,0.18458344874212096
0.02,2026091900,65,1.3166265499338445,-2.462858475657752,1.0,0.04,0.11543978213795376
0.02,2026091900,66,1.4007192735798,-2.5007301979372283,1.0,0.02,0.1635726899181252
0.02,2026091900,67,1.1473782352523032,-2.472898415546569,0.99,0.03,0.17049076346490122
0.02,2026091900,68,1.3603355175051168,-2.47955850847949,1.0,0.04,0.2115886835695639
0.02,2026091900,69,1.190736021659211,-2.450052064803569,1.0,0.04,0.17423277643120097
0.02,2026091900,70,1.2300823729739805,-2.5106636336540267,1.0,0.05,0.1688669677750913
0.02,2026091900,71,1.0694748287938964,-2.4901673196377754,1.0,0.02,0.20012070587634767
0.02,2026091900,72,1.0691770047739988,-2.419724329918901,0.99,0.03,0.20317131102660063
0.02,2026091900,73,1.230683241886365,-2.358834729172894,1.0,0.05,0.18497918052412504
0.02,2026091900,74,1.0803649844686207,-2.310357994146573,1.0,0.04,0.17322078502705548
0.02,2026091900,75,1.1103050155643062,-2.3798295304752584,1.0,0.04,0.14757194947674968
0.02,2026091900,76,1.220471156921672,-2.390333694225971,0.99,0.03,0.19805868742367358
0.02,2026091900,77,1.3699988548560982,-2.510754273555482,1.0,0.02,0.17308662510685238
0.02,2026091900,78,1.325200263103815,-2.4469030428388954,1.0,0.08,0.17879866645984066
0.02,2026091900,79,1.309980999450199,-2.4299529250189664,1.0,0.04,0.19892280313039015
0.02,2026091900,80,1.2189081131448545,-2.4691278185417813,1.0,0.04,0.18328531984424262
0.02,2026091900,81,1.1538037990121477,-2.3563452363721065,1.0,0.05,0.1648365560250897
0.02,2026091900,82,1.039776536045069,-2.3501058277544518,1.0,0.04,0.17884594497707568
0.02,2026091900,83,1.193547747264785,-2.3068296536692148,1.0,0.07,0.18807398971066833
0.02,2026091900,84,1.339302639009833,-2.389124857386504,0.99,0.06,0.15673485847357674
0.02,2026091900,85,1.1525505779874046,-2.3963443650140452,0.99,0.05,0.18163102728048583
0.02,2026091900,86,1.2612793279041932,-2.4219758965596316,1.0,0.04,0.1363532513825192
0.02,2026091900,87,1.2885994963259035,-2.499761767959954,1.0,0.04,0.19262865877356453
0.02,2026091900,88,1.1915629332729174,-2.395717118757782,1.0,0.03,0.18168337896274894
0.02,2026091900,89,1.1291788859033247,-2.3491211729659387,1.0,0.02,0.15949642248212442
0.02,2026091900,90,1.0091993574609346,-2.401285988952888,1.0,0.04,0.2041416599050086
0.02,2026091900,91,1.3006116255555895,-2.529707601330596,1.0,0.02,0.21104521526952244
0.02,2026091900,92,1.0994971910343814,-2.4189934967501183,1.0,0.05,0.16516882663078508
0.02,2026091900,93,1.1296005860189602,-2.4394474908333645,0.98,0.01,0.14335227042068932
0.02,2026091900,94,1.1167815210802943,-2.313182419172035,0.99,0.07,0.22469674516205035
0.02,2026091900,95,1.1497193225010696,-2.360471065244268,1.0,0.06,0.19409962167976844
0.02,2026091900,96,1.1299991394017097,-2.440615389756744,0.99,0.01,0.18517054774177746
0.02,2026091900,97,1.1835872781252055,-2.3063655985915954,0.99,0.04,0.16707225225347325
0.02,2026091900,98,1.1587689621581194,-2.4101015126118743,1.0,0.01,0.17512612608848094
0.02,2026091900,99,1.2401216989854518,-2.380274781425777,1.0,0.03,0.17321443560594685
0.02,2026091900,100,1.1769317432219264,-2.342160666172813,0.99,0.03,0.140432197607201
0.02,2026091900,101,1.156394802085391,-2.454069492414216,1.0,0.02,0.18085086674245943
0.02,2026091900,102,1.1260424013004289,-2.448121449262155,1.0,0.02,0.1831225838321348
0.02,2026091900,103,1.2808296233395056,-2.3197818950624964,1.0,0.03,0.20401834885870984
0.02,2026091900,104,1.0903235624962762,-2.330701209027632,1.0,0.08,0.1686692544896133
0.02,2026091900,105,1.1690424503815093,-2.4292133435003267,0.99,0.03,0.18638995119393187
0.02,2026091900,106,1.190096693341509,-2.499722385291763,1.0,0.04,0.19928481429023484
0.02,2026091900,107,1.1956267294513727,-2.378225583550913,1.0,0.05,0.20382923917364149
0.02,2026091900,108,1.2860694073010148,-2.3781206218626014,1.0,0.05,0.1981659991811848
0.02,2026091900,109,1.1292931656522691,-2.2997916557143974,0.99,0.02,0.23723936486582142
0.02,2026091900,110,1.2093793095151946,-2.4591653361801527,1.0,0.03,0.20447097652015495
0.02,2026091900,111,1.1897228731220335,-2.3786795168665607,1.0,0.06,0.20663959439989074
0.02,2026091900,112,1.1506542177774297,-2.4803837715053025,1.0,0.04,0.16652217552311402
0.02,2026091900,113,1.190084131940594,-2.4200489027032708,1.0,0.01,0.20268672621369727
0.02,2026091900,114,1.2296991188297233,-2.4290152107502996,1.0,0.07,0.18056637266222184
0.02,2026091900,115,1.140208208185132,-2.2895575663892465,0.99,0.04,0.20542271316346114
0.02,2026091900,116,1.1906070108042925,-2.45061642666164,1.0,0.04,0.1784111598728816
0.02,2026091900,117,1.1601698359962955,-2.5493019336621954,1.0,0.01,0.16500578683203937
0.02,2026091900,118,1.210689155636722,-2.460834238818789,1.0,0.03,0.18519682584877495
0.02,2026091900,119,1.0899965493242652,-2.399524349517621,1.0,0.09,0.17293991111968654
0.02,2026091900,120,1.3866954236296112,-2.4624037303590702,1.0,0.03,0.1878373909036658
0.02,2026091900,121,1.34918434504154,-2.4990783411613893,1.0,0.05,0.18093073637866675
0.02,2026091900,122,1.1394897291283708,-2.3091545596265677,1.0,0.05,0.14887735211940817
0.02,2026091900,123,1.1702877909135092,-2.3611329081202563,0.99,0.03,0.17112887582516398
0.02,2026091900,124,1.098005390119945,-2.3588697376963044,1.0,0.04,0.1641268837978475
0.02,2026091900,125,1.2300284136678936,-2.449892140494036,1.0,0.06,0.15960668446767315
0.02,2026091900,126,1.1496919174288225,-2.3604733088773084,1.0,0.03,0.15568688348719698
0.02,2026091900,127,1.1714385078567953,-2.4601700710471626,1.0,0.05,0.16355627811165013
0.02,2026091900,128,1.1492217374738447,-2.329309572048247,0.99,0.02,0.19828496918828148
0.02,2026091900,129,1.169737654988858,-2.390830045922053,0.99,0.05,0.19147936564074577
0.02,2026091900,130,1.0118712515069526,-2.2311146870067597,1.0,0.05,0.1685856586104455
0.02,2026091900,131,1.2046378528005346,-2.3465719529542812,1.0,0.06,0.20831961742832533
0.02,2026091900,132,1.340346232866587,-2.4005345622242604,1.0,0.0,0.18844347717167323
0.02,2026091900,133,1.24946873483786,-2.340014007739582,1.0,0.05,0.18935230795474375
0.02,2026091900,134,1.2361036616291852,-2.462386613594946,0.99,0.05,0.18668428376158147
0.02,2026091900,135,1.0705529189016498,-2.4604396834101796,1.0,0.03,0.17125748768089377
0.02,2026091900,136,1.173835517609071,-2.3273101039297326,1.0,0.02,0.16151842804134856
0.02,2026091900,137,1.1705955079554538,-2.379923905713809,1.0,0.05,0.2018623937426991
0.02,2026091900,138,1.2712562272070842,-2.471023535615274,1.0,0.03,0.2038621010117487
0.02,2026091900,139,1.2600909670236964,-2.380936276420552,1.0,0.03,0.17732133648504786
0.02,2026091900,140,1.1309164456731116,-2.4499714358109657,0.99,0.04,0.1647627245981211
0.02,2026091900,141,1.2597485699011215,-2.3910724503345837,1.0,0.03,0.1728565267562316
0.02,2026091900,142,1.109457080343403,-2.5491128998951758,1.0,0.02,0.1968529371012014
0.02,2026091900,143,1.2654420838524536,-2.4178285392105336,1.0,0.03,0.19256253611361918
0.02,2026091900,144,1.3493578255137448,-2.5085270355966918,1.0,0.04,0.1862731930492491
0.02,2026091900,145,1.235254107929499,-2.361507585750017,1.0,0.05,0.19964403280397988
0.02,2026091900,146,1.2106710843754753,-2.4299566465542046,1.0,0.02,0.11840687596556976
0.02,2026091900,147,1.2096076934839977,-2.3903829840507758,1.0,0.05,0.17961827089009308
0.02,2026091900,148,1.0405524321221697,-2.4504682020442106,1.0,0.04,0.14999955288154954
0.02,2026091900,149,1.1208795492676622,-2.3499500176057886,1.0,0.03,0.1779771536731976
0.02,2026091900,150,1.1559508531952079,-2.432318504919545,1.0,0.04,0.19487190346729422
0.02,2026091900,151,1.270588175681314,-2.420938944589653,1.0,0.02,0.1865848473690434
0.02,2026091900,152,1.3005671816361548,-2.5105026560004706,1.0,0.02,0.18653151155017966
0.02,2026091900,153,1.300190964229471,-2.3803720645145585,1.0,0.03,0.18539908193662216
0.02,2026091900,154,1.3903007758178767,-2.3707029648694875,0.99,0.03,0.16397335331395785
0.02,2026091900,155,1.1669360734820464,-2.4027069766702347,1.0,0.04,0.16544417610130197
0.02,2026091900,156,1.1617328982415671,-2.299394823452654,1.0,0.09,0.16173900901478117
0.02,2026091900,157,1.1688951262554352,-2.3988841897662376,1.0,0.07,0.2059349251888078
0.02,2026091900,158,1.1099101205320516,-2.480157694218829,1.0,0.09,0.19481807574777388
0.02,2026091900,159,1.2193826123482947,-2.4490590261086904,1.0,0.04,0.17713137158488362
0.02,2026091900,160,1.2745527174861462,-2.517331066600125,1.0,0.05,0.18357276075757745
0.02,2026091900,161,1.1498798751961594,-2.389969017720123,1.0,0.02,0.15736284014213978
0.02,2026091900,162,1.1688284337393844,-2.5088903700423124,1.0,0.01,0.19872092504960698
0.02,2026091900,163,1.0997162196952135,-2.4197591345634284,1.0,0.01,0.14918191393008645
0.02,2026091900,164,1.2293771394876176,-2.430263232585539,1.0,0.05,0.19142948100276322
0.02,2026091900,165,1.1498372066834193,-2.469562993005828,1.0,0.05,0.16338711228035666
0.02,2026091900,166,1.159938048480919,-2.4404053370396745,1.0,0.05,0.1845298325145558
0.02,2026091900,167,1.2268106336960676,-2.4635795987114815,0.99,0.03,0.2230106116406035
0.02,2026091900,168,1.2093444129632338,-2.4706977208343583,1.0,0.02,0.1557616843956228
0.02,2026091900,169,1.2308528273907187,-2.4904873589059764,1.0,0.02,0.20405424251498386
0.02,2026091900,170,1.1294910708423043,-2.4197753895537044,1.0,0.07,0.20245712223377552
0.02,2026091900,171,1.2103785811646295,-2.3594711924437477,1.0,0.07,0.17977591080177974
0.02,2026091900,172,1.284152716793204,-2.3172762410647643,1.0,0.0,0.1475731094426767
0.02,2026091900,173,1.239222460216119,-2.440351835923071,1.0,0.01,0.15640399638986804
0.02,2026091900,174,1.2398149972187098,-2.4195517906346957,1.0,0.07,0.16058454394136515
0.02,2026091900,175,1.2209897416406477,-2.3707127764868474,1.0,0.04,0.18552157821915077
0.02,2026091900,176,1.0996882214665156,-2.500340116316818,0.99,0.03,0.17981893818103278
0.02,2026091900,177,1.110442899254384,-2.421284630077737,1.0,0.02,0.17621593410531727
0.02,2026091900,178,1.2195820616725055,-2.3605955291187692,1.0,0.03,0.18875877885001238
0.02,2026091900,179,1.169883686260836,-2.440197984101807,1.0,0.02,0.1787686738090392
0.02,2026091900,180,1.1432294685836666,-2.366532007667739,0.99,0.03,0.18429040613099393
0.02,2026091900,181,1.2260438438945584,-2.4575950924924896,1.0,0.02,0.16392700564876006
0.02,2026091900,182,1.2784266313388712,-2.4183387939561185,1.0,0.03,0.19246715280274443
0.02,2026091900,183,1.3283063536471915,-2.4094864938393523,0.99,0.06,0.17684091233156796
0.02,2026091900,184,1.16602633273845,-2.374572320501616,1.0,0.07,0.17831359911031186
0.02,2026091900,185,1.1894339335961888,-2.529491230648718,1.0,0.04,0.18356336995702305
0.02,2026091900,186,1.1507791883495353,-2.390604133647535,1.0,0.02,0.19029487333071565
0.02,2026091900,187,1.0936140909410579,-2.397797545651568,1.0,0.04,0.2020234473326003
0.02,2026091900,188,1.2422586839717285,-2.3573317906598037,1.0,0.04,0.21139811637952033
0.02,2026091900,189,1.214298605549839,-2.3422032754866886,0.99,0.03,0.17563152393600323
0.02,2026091900,190,1.1488624016267872,-2.229534675458713,1.0,0.08,0.20123236512289566
0.02,2026091900,191,1.0638364275275283,-2.377625969649868,1.0,0.03,0.20599282839410113
0.02,2026091900,192,1.1249079960629724,-2.3323932390573607,1.0,0.04,0.18798190829183067
0.02,2026091900,193,1.2792105347210474,-2.3000238075971047,1.0,0.15,0.16128454691717004
0.02,2026091900,194,1.1763228352709714,-2.3335248827294914,0.99,0.03,0.1946584508922156
0.02,2026091900,195,1.2096653474500352,-2.359867443828721,1.0,0.01,0.18622841266817564
0.02,2026091900,196,1.158990683262966,-2.3499094470917483,1.0,0.04,0.15079891018039526
0.02,2026091900,197,1.1707199413215974,-2.3002101244767865,0.99,0.05,0.1442135527230258
0.02,2026091900,198,1.2781696533553908,-2.4994227943923035,1.0,0.04,0.19366375977593922
0.02,2026091900,199,1.1691235101702768,-2.438989600118531,1.0,0.06,0.16873855581841748
0.02,2026091900,200,1.2398692562252156,-2.459721988247964,1.0,0.05,0.1463465992312215
0.02,2026091900,201,1.2803400884199574,-2.459494018170373,1.0,0.03,0.21490506143352073
0.02,2026091900,202,1.0100096526738787,-2.3999750306380174,1.0,0.01,0.15024492905449066
0.02,2026091900,203,1.2208253855984286,-2.4007113985470374,1.0,0.04,0.20813409384883375
0.02,2026091900,204,1.1994947460062857,-2.5102462341445553,1.0,0.04,0.16829154935927637
0.02,2026091900,205,1.290100305907839,-2.5004733188784845,1.0,0.03,0.15368081602189274
0.02,2026091900,206,1.0961751906702037,-2.343583432546762,1.0,0.05,0.17457470262849437
0.02,2026091900,207,1.1097421121238924,-2.299477944520124,0.99,0.05,0.2189675505217587
0.02,2026091900,208,1.3899773612080626,-2.459763187545676,0.99,0.02,0.1607618903129815
0.02,2026091900,209,1.1590058832287142,-2.4495422198612253,1.0,0.04,0.16578801164063897
0.02,2026091900,210,1.0859562642173999,-2.353745210003714,1.0,0.01,0.16325795740001803
0.02,2026091900,211,1.3202907806536401,-2.2314749726694623,1.0,0.08,0.21836444236783042
0.02,2026091900,212,1.2606133050676072,-2.370583352787436,1.0,0.05,0.17044833550081376
0.02,2026091900,213,1.2903623733489038,-2.369933695831484,1.0,0.04,0.1252944945710884
0.02,2026091900,214,1.2634061073662521,-2.376937918758418,1.0,0.06,0.19956345917566015
0.02,2026091900,215,1.1304336944264284,-2.3791736111001933,0.99,0.03,0.17524678778691613
0.02,2026091900,216,1.2922362146783788,-2.417186174548554,1.0,0.07,0.20429194396936437
0.02,2026091900,217,1.0968833033167895,-2.4231667522889073,1.0,0.06,0.16707522193487828
0.02,2026091900,218,1.269508390586556,-2.4499876578361777,1.0,0.02,0.1465840872864989
0.02,2026091900,219,1.2095090942141882,-2.3609031649476835,1.0,0.05,0.18743564229857004
0.02,2026091900,220,1.418720680353084,-2.378042236348792,1.0,0.05,0.17668985701882065
0.02,2026091900,221,1.2493365193517199,-2.418696562252941,1.0,0.05,0.2057603189814116
0.02,2026091900,222,1.2591429560260758,-2.508980337381753,1.0,0.01,0.17034261231104642
0.02,2026091900,223,1.3197207647067857,-2.4497665884271917,0.99,0.08,0.1985615351730619
0.02,2026091900,224,1.093732038777013,-2.4025092044049474,1.0,0.04,0.16739425690051618
0.02,2026091900,225,1.4199901018369103,-2.5188756909257135,1.0,0.04,0.1836712371781292
0.02,2026091900,226,1.2022071389257494,-2.5414588479827653,1.0,0.02,0.17141324876402048
0.02,2026091900,227,1.171437404802235,-2.469592871214616,1.0,0.02,0.1635574762264389
0.02,2026091900,228,1.2362606253804804,-2.413024624525474,1.0,0.05,0.17572197474150095
0.02,2026091900,229,1.2498920757216274,-2.399145546447182,1.0,0.03,0.1628351363375967
0.02,2026091900,230,1.3073976055220446,-2.373208906726776,0.99,0.04,0.19478253140240656
0.02,2026091900,231,1.2601126796139437,-2.3500277395620244,0.99,0.04,0.16329740973930693
0.02,2026091900,232,1.1969062653421945,-2.2923399992719182,1.0,0.07,0.15916636417899943
0.02,2026091900,233,1.340515475586513,-2.4106490453799108,1.0,0.07,0.20875227304082944
0.02,2026091900,234,1.3200536023275375,-2.410066232085447,1.0,0.01,0.19124823060857846
0.02,2026091900,235,1.1676180777607077,-2.2147600893377675,0.99,0.05,0.17975863271360512
0.02,2026091900,236,1.2694403735532258,-2.309972429488592,1.0,0.08,0.19798510931969607
0.02,2026091900,237,1.2532954339020899,-2.396647576024743,1.0,0.03,0.18804283991106746
0.02,2026091900,238,1.3393438518184346,-2.438682499497614,0.99,0.02,0.174184056885958
0.02,2026091900,239,1.1701173485629184,-2.4707601260684933,1.0,0.01,0.18874765204353522
0.02,2026091900,240,1.240017411127622,-2.550904259741578,1.0,0.01,0.15634314536483293
0.02,2026091900,241,1.1992160401765306,-2.468666098896691,1.0,0.02,0.15053001138530206
0.02,2026091900,242,1.1791183109569647,-2.2891325668397524,1.0,0.05,0.19528549205945353
0.02,2026091900,243,1.3694362938817592,-2.4102185272110144,1.0,0.02,0.21200426911483386
0.02,2026091900,244,1.2990493757187616,-2.379257654397095,1.0,0.04,0.19722703788821316
0.02,2026091900,245,1.0596590709398008,-2.400098346276633,1.0,0.03,0.2016344544775407
0.02,2026091900,246,1.131174889832411,-2.4704084734006697,1.0,0.03,0.16172444648409975
0.02,2026091900,247,1.3298083188125687,-2.3499867326423556,1.0,0.06,0.18677564503825356
0.02,2026091900,248,1.2493660548730945,-2.3794768488562865,1.0,0.03,0.18169534600804155
0.02,2026091900,249,0.949192883028728,-2.3997286333696075,1.0,0.01,0.15709608868814648
0.02,2026091900,250,1.1314245440003783,-2.353505557100358,1.0,0.05,0.18083490385844553
0.02,2026091900,251,1.1981069881844666,-2.4238311021217895,1.0,0.03,0.15069386503049442
0.02,2026091900,252,1.1199684443902378,-2.399480728566871,0.99,0.04,0.15709694756233594
0.02,2026091900,253,1.2897835992159767,-2.4500641908418412,0.99,0.03,0.20096696006428288
0.02,2026091900,254,1.2209146354649127,-2.4512629609610515,1.0,0.05,0.1741224228745891
0.02,2026091900,255,1.1995628725776035,-2.379886417005077,1.0,0.04,0.16289906355198297
0.02,2026091900,256,1.009228059768055,-2.3395062062147844,1.0,0.07,0.1534149014573799
0.02,2026091900,257,1.1275695401682577,-2.3295068651854076,1.0,0.03,0.16578025356504408
0.02,2026091900,258,1.1596009805826337,-2.4098204827863396,0.99,0.05,0.16754648251895735
0.02,2026091900,259,1.3101674583267213,-2.379198267917282,1.0,0.03,0.15157531282744932
0.02,2026091900,260,1.1387111255870956,-2.349409092709517,1.0,0.02,0.1865304682843688
0.02,2026091900,261,1.3600686979894312,-2.39961298739419,1.0,0.04,0.19927385740360673
0.02,2026091900,262,1.2106080154098366,-2.3600940183385357,1.0,0.02,0.18693412373545992
0.02,2026091900,263,1.1501021607651551,-2.37902050554477,1.0,0.06,0.18960010009081496
0.02,2026091900,264,1.2800514217764907,-2.489405762673726,1.0,0.02,0.1923580039007221
0.02,2026091900,265,1.2304056973333832,-2.4799139845973444,1.0,0.01,0.1659810905408192
0.02,2026091900,266,1.1599096161311162,-2.3804146164154814,1.0,0.05,0.21423711885495247
0.02,2026091900,267,1.1698739271225294,-2.4193957379756634,1.0,0.07,0.22957881016836915
0.02,2026091900,268,1.090322982816529,-2.380398151667539,0.99,0.05,0.20976980159434583
0.02,2026091900,269,1.3095315960713412,-2.379369774700387,1.0,0.04,0.17117684390425064
0.02,2026091900,270,1.2195718648417762,-2.480133375591272,1.0,0.03,0.1761970766141031
0.02,2026091900,271,1.1334225260606783,-2.448808574528569,1.0,0.06,0.2099031061974181
0.02,2026091900,272,1.1805949013309869,-2.2899938101940602,0.99,0.05,0.19926673308061738
0.02,2026091900,273,1.1937504876370433,-2.3974313068061868,1.0,0.02,0.17600212518940456
0.02,2026091900,274,1.1298063708655328,-2.409633889623542,1.0,0.03,0.17621883035651043
0.02,2026091900,275,1.3501553552250778,-2.4405268618715117,1.0,0.04,0.1850452612895469
0.02,2026091900,276,1.2402698784401855,-2.539627089131411,1.0,0.02,0.21474007784572588
0.02,2026091900,277,1.2091998565123625,-2.3806104715803538,1.0,0.03,0.16762266185716312
0.02,2026091900,278,1.069925569175242,-2.3801594842141274,1.0,0.04,0.19109459948764213
0.02,2026091900,279,1.189251313169569,-2.371341589467043,0.99,0.06,0.2597836957602807
0.02,2026091900,280,1.140187336890855,-2.3298336168959883,0.98,0.03,0.20277916160655082
0.02,2026091900,281,1.1195153274298577,-2.2802942934947685,0.99,0.05,0.20155695135922314
0.02,2026091900,282,1.1538766556751354,-2.5077674979291804,1.0,0.02,0.17141802039204643
0.02,2026091900,283,1.1162744619021943,-2.4033048323869837,1.0,0.05,0.16097613482466006
0.02,2026091900,284,1.236606123057411,-2.473928472359381,1.0,0.02,0.1608378701473761
0.02,2026091900,285,1.2799009553867124,-2.4005677172452624,1.0,0.01,0.15360491120805098
0.02,2026091900,286,1.3201272014380305,-2.4899420569031614,1.0,0.03,0.13303809578322187
0.02,2026091900,287,1.289903195221544,-2.4299552990718825,1.0,0.04,0.2554931907328012
0.02,2026091900,288,1.1903888976444401,-2.4204387962225327,0.98,0.04,0.17551185470626765
0.02,2026091900,289,1.1124269403403566,-2.3568622923960163,1.0,0.05,0.18026128134283673
0.02,2026091900,290,1.201662665811364,-2.2972785119869465,1.0,0.06,0.15426101946912954
0.02,2026091900,291,1.1342668343453874,-2.467869769611434,1.0,0.04,0.18979700219225168
0.02,2026091900,292,1.2498063488743407,-2.36037145496503,0.99,0.06,0.17390096534584543
0.02,2026091900,293,1.3905017429769746,-2.460242321098797,1.0,0.06,0.1886284070425997
0.02,2026091900,294,1.235227524314814,-2.442737177152635,0.99,0.05,0.17557052833866604
0.02,2026091900,295,1.1093825378606958,-2.320026949338067,1.0,0.08,0.22452126099956643
0.02,2026091900,296,1.1898942829248143,-2.3400588759867174,0.99,0.01,0.1942559949026495
0.02,2026091900,297,1.2098782637856524,-2.370080067758083,1.0,0.05,0.21776873744780245
0.02,2026091900,298,1.3164927975153402,-2.4726971361611505,1.0,0.04,0.19612561796005604
0.02,2026091900,299,1.195551968052863,-2.423097213046338,1.0,0.05,0.19645634155299294
0.02,2026091900,300,1.3102162751960367,-2.4504730250648734,1.0,0.03,0.20318500602803527
0.02,2026091900,301,1.3292401031415466,-2.4789242309732837,1.0,0.01,0.1819591636825747
0.02,2026091900,302,1.0802528554393105,-2.3500012939276913,1.0,0.02,0.14627281893111774
0.02,2026091900,303,1.2493497594508998,-2.4802282965422733,1.0,0.02,0.1691518281188114
0.02,2026091900,304,1.1962407211161334,-2.408551874291919,1.0,0.06,0.19965130278548318
0.02,2026091900,305,1.2452592777589835,-2.4273673456775633,1.0,0.03,0.19923996467161945
0.02,2026091900,306,1.1895243363348318,-2.479728027548463,1.0,0.07,0.15656119402499838
0.02,2026091900,307,1.2295906889495818,-2.3907402030532463,1.0,0.01,0.16336230120428863
0.02,2026091900,308,1.0772178727064559,-2.4538156280667143,1.0,0.03,0.17578499476495252
0.02,2026091900,309,1.1579629754215959,-2.3509756952182177,1.0,0.04,0.15429892373020024
0.02,2026091900,310,1.179867249334206,-2.339811782265207,0.99,0.08,0.2033747491639497
0.02,2026091900,311,1.3740621195684253,-2.4077514395530137,1.0,0.01,0.19655352322276087
0.02,2026091900,312,1.0902144914464482,-2.2806324484409215,0.99,0.07,0.19688421710962312
0.02,2026091900,313,0.9187077885200686,-2.309636133769787,1.0,0.02,0.16306859847400695
0.02,2026091900,314,1.2003992797209229,-2.2507934601948363,1.0,0.04,0.18329966887111823
0.02,2026091900,315,1.2789727047650234,-2.4318342374914583,1.0,0.09,0.1502820756588933
0.02,2026091900,316,1.2869450167636243,-2.4927731557383623,1.0,0.09,0.2034724556314816
0.02,2026091900,317,1.2009587223868692,-2.391274351908828,1.0,0.05,0.18720489652773434
0.02,2026091900,318,1.1501544019569827,-2.41001909537645,0.99,0.01,0.20229188404642034
0.02,2026091900,319,1.179392964106363,-2.389006068809435,0.99,0.03,0.17792117847910063
0.02,2026091900,320,1.0803779436145102,-2.400623369177333,1.0,0.0,0.1961184186579122
0.02,2026091900,321,1.2997590470317053,-2.380413705468629,1.0,0.03,0.20873338308316364
0.02,2026091900,322,1.2206436034720782,-2.36006239327644,1.0,0.04,0.16289959209970498
0.02,2026091900,323,1.1291378708353983,-2.4289542573561316,1.0,0.06,0.17019686491458927
0.02,2026091900,324,1.1998367004222605,-2.4901179824293846,1.0,0.02,0.17026986736582875
0.02,2026091900,325,0.980042164463566,-2.380192090921958,1.0,0.02,0.20794578837834357
0.02,2026091900,326,1.1457395254875038,-2.4127694041361583,1.0,0.02,0.15204375087237987
0.02,2026091900,327,1.3408046300980287,-2.4400122251985894,0.99,0.02,0.19952789070251967
0.02,2026091900,328,1.417542408925999,-2.533095821609546,1.0,0.02,0.16584831498652108
0.02,2026091900,329,1.1897159818787622,-2.469023881193534,1.0,0.06,0.14820269881935932
0.02,2026091900,330,1.0790345707405062,-2.400552666844685,1.0,0.04,0.22109690909046698
0.02,2026091900,331,1.229556783745947,-2.3509044830572363,1.0,0.03,0.17231092341004306
0.02,2026091900,332,1.2809229465593726,-2.4396999287157435,0.99,0.03,0.1832119624587212
0.02,2026091900,333,1.1097072793225495,-2.2799445241433327,0.99,0.06,0.20927898887516988
0.02,2026091900,334,1.2419214524141828,-2.4107965830605145,1.0,0.03,0.19769028311231907
0.02,2026091900,335,1.1898074663201408,-2.3201850541948104,0.99,0.04,0.17342226788249374
0.02,2026091900,336,1.1901731465075351,-2.4099538428704004,1.0,0.01,0.19105573431195189
0.02,2026091900,337,1.2776906348286707,-2.3836401991399527,1.0,0.06,0.1644665602971156
0.02,2026091900,338,1.180150482431567,-2.299185163129711,1.0,0.05,0.18293641958142653
0.02,2026091900,339,1.1750129955712012,-2.391684567059415,1.0,0.04,0.20122515249701153
0.02,2026091900,340,1.2997281865137331,-2.3491807449853837,1.0,0.05,0.1939310740360014
0.02,2026091900,341,1.2395698626202647,-2.350742760801192,1.0,0.05,0.15270374756743826
0.02,2026091900,342,1.2489716330919949,-2.4295648967680923,1.0,0.01,0.2190369913247273
0.02,2026091900,343,1.2508105854438574,-2.3806435895599676,1.0,0.08,0.17002940561239124
0.02,2026091900,344,1.1009617933525861,-2.3903233711091203,0.99,0.04,0.1972725648599138
0.02,2026091900,345,1.3407555569206098,-2.410653093767956,1.0,0.04,0.1782810452311476
0.02,2026091900,346,1.1702105938071783,-2.389999480449259,0.99,0.05,0.21504032308881846
0.02,2026091900,347,1.2799239547609063,-2.3793400837526866,1.0,0.03,0.19736509516653516
0.02,2026091900,348,1.039509287974425,-2.2593928767973135,1.0,0.01,0.1901733910444057
0.02,2026091900,349,1.300022396968902,-2.490089372555233,1.0,0.06,0.19380066800555404
0.02,2026091900,350,1.2704213395139525,-2.460202459003513,1.0,0.03,0.1871183165739532
0.02,2026091900,351,1.110863496448993,-2.3895600454686736,1.0,0.01,0.19548188201600086
0.02,2026091900,352,1.2210487806510082,-2.379616778637976,1.0,0.07,0.18106205717120466
0.02,2026091900,353,1.2621590400609037,-2.521696475786686,1.0,0.01,0.17066925851937675
0.02,2026091900,354,1.345350730178701,-2.5724569570153784,1.0,0.04,0.15698996967464918
0.02,2026091900,355,1.2091295131888458,-2.319569136154061,1.0,0.05,0.15151788231352462
0.02,2026091900,356,1.2673850940046243,-2.46359788602349,1.0,0.01,0.19367153058855824
0.02,2026091900,357,1.060164042041045,-2.3401265466829013,1.0,0.03,0.15548946592954438
0.02,2026091900,358,1.0824054695525307,-2.442852709729814,1.0,0.04,0.17867767898027145
0.02,2026091900,359,1.1621382049321638,-2.5178416783871267,0.99,0.01,0.18124338453986585
0.02,2026091900,360,1.201236433415381,-2.480613206969217,1.0,0.08,0.20961966069684582
0.02,2026091900,361,1.2070919717914517,-2.503037524013742,1.0,0.04,0.17344817083602682
0.02,2026091900,362,1.1745602518606146,-2.4276628393855315,1.0,0.04,0.2224336225381088
0.02,2026091900,363,1.093383758411374,-2.2668025101494025,0.99,0.02,0.17549314474890207
0.02,2026091900,364,1.2063644067019643,-2.4935393339218743,1.0,0.06,0.19319962843225855
0.02,2026091900,365,1.3402175606660969,-2.5101401891848107,1.0,0.02,0.19633235510099223
0.02,2026091900,366,1.1910529353932175,-2.3908851026494036,1.0,0.06,0.1561601418948604
0.02,2026091900,367,1.0191624996669675,-2.4596000633275117,1.0,0.0,0.15644534635262722
0.02,2026091900,368,1.4117537388010482,-2.4970508465312737,0.99,0.05,0.18050582672428406
0.02,2026091900,369,1.1495429131810513,-2.3894048569937514,1.0,0.03,0.1900616112369487
0.02,2026091900,370,1.130938558090431,-2.410371983726492,1.0,0.04,0.18770742800584292
0.02,2026091900,371,1.2092367062800136,-2.330003283855388,1.0,0.05,0.2002274618485862
0.02,2026091900,372,1.320609662855463,-2.4704431891466117,0.99,0.02,0.1598104982565557
0.02,2026091900,373,1.236505993935001,-2.3684613490033293,1.0,0.06,0.21170335906028953
0.02,2026091900,374,1.100169041753961,-2.4704156858144346,1.0,0.02,0.15452176811298243
0.02,2026091900,375,1.330698697425482,-2.4728600249556143,1.0,0.0,0.20101111365402916
0.02,2026091900,376,1.2893345314415026,-2.3106472444301063,1.0,0.07,0.17945430161288262
0.02,2026091900,377,1.3000013860896518,-2.3907426415014994,1.0,0.03,0.1949253656661702
0.02,2026091900,378,1.169397558956558,-2.4388738512778745,1.0,0.05,0.18648091100303257
0.02,2026091900,379,1.2086669767700167,-2.502409074000558,1.0,0.01,0.17310451569825733
0.02,2026091900,380,1.2450856880983443,-2.3720894806456942,1.0,0.06,0.12895667920354628
0.02,2026091900,381,1.3208380109703943,-2.3703271715625682,1.0,0.06,0.17066953850487263
0.02,2026091900,382,1.193561563649873,-2.4773164213276395,1.0,0.06,0.17941543740801966
0.02,2026091900,383,1.2407596757475055,-2.44094687515839,1.0,0.02,0.19417616042418998
0.02,2026091900,384,1.123919379810134,-2.4671357656886492,1.0,0.06,0.16081296723612395
0.02,2026091900,385,1.0996758414583896,-2.400372507447213,1.0,0.03,0.17809618233266358
0.02,2026091900,386,1.2219034184285913,-2.3774453013029655,0.99,0.03,0.1763568554365077
0.02,2026091900,387,1.0842448205171862,-2.432080248669919,1.0,0.01,0.2194030527009224
0.02,2026091900,388,1.2606669873615959,-2.399537887962641,1.0,0.03,0.21691723518938968
0.02,2026091900,389,1.1297320042670191,-2.349773317376218,1.0,0.06,0.1425801707210348
0.02,2026091900,390,1.3100565886165132,-2.380049014553043,1.0,0.04,0.16967843964946552
0.02,2026091900,391,1.2393715091280526,-2.3788564450551544,1.0,0.05,0.2186484255717127
0.02,2026091900,392,1.2504090081754535,-2.450503895558991,0.99,0.04,0.1973224258161041
0.02,2026091900,393,1.2268041977588744,-2.5029150762491024,1.0,0.02,0.16075746247216835
0.02,2026091900,394,1.1703260675793177,-2.4599693562374747,1.0,0.0,0.16725159606584267
0.02,2026091900,395,1.1412095573573569,-2.3606720789168327,0.99,0.05,0.1676417799543554
0.02,2026091900,396,1.1999386509347563,-2.379038194324927,0.99,0.03,0.17145923193735002
0.02,2026091900,397,1.3100835687471848,-2.499636219693331,1.0,0.05,0.19786140760350734
0.02,2026091900,398,1.0700876390525769,-2.3599224771942917,1.0,0.05,0.15986742534261228
0.02,2026091900,399,1.039924111323045,-2.3293453258494337,1.0,0.06,0.20486570799406162
0.02,2026091900,400,1.3698722534156025,-2.4503186194370907,1.0,0.07,0.18079274079343585
0.02,2026091900,401,1.2590176904602826,-2.400253608342428,1.0,0.04,0.19138000123692797
0.02,2026091900,402,1.3203893211057567,-2.439549424390579,1.0,0.05,0.18580823966597226
0.02,2026091900,403,1.1501041104861982,-2.3605116702522593,1.0,0.06,0.15874396010732955
0.02,2026091900,404,1.3280916160210194,-2.4329569660450994,0.99,0.07,0.17862789749793123
0.02,2026091900,405,1.1981572004702001,-2.3711615213452184,1.0,0.06,0.18221708076444332
0.02,2026091900,406,1.3101082143126521,-2.390112764034464,1.0,0.05,0.1893490369274264
0.02,2026091900,407,1.2402287823049425,-2.290682132270124,1.0,0.07,0.16980329661022533
0.02,2026091900,408,1.4093489596315303,-2.4892592085423813,1.0,0.03,0.20697145380884954
0.02,2026091900,409,1.3498755451105018,-2.3797619714996343,0.99,0.06,0.19154278375763958
0.02,2026091900,410,1.217615252704425,-2.433728872592322,1.0,0.04,0.18961138905411343
0.02,2026091900,411,1.270565603617341,-2.489974236765359,1.0,0.03,0.1617445497062331
0.02,2026091900,412,1.2449065578127783,-2.2823133769668984,1.0,0.06,0.16929435338575033
0.02,2026091900,413,1.0480563013203676,-2.3122880995753246,1.0,0.03,0.17313540920640824
0.02,2026091900,414,1.2527435126238595,-2.4763062307162116,1.0,0.0,0.147652623578646
0.02,2026091900,415,1.1901666581050963,-2.399931732152548,1.0,0.04,0.1939379004186897
0.02,2026091900,416,1.0316169906799482,-2.3803356915056044,0.99,0.03,0.19952726322166778
0.02,2026091900,417,1.1813116685212923,-2.507631583516329,0.99,0.02,0.15837354372119347
0.02,2026091900,418,1.2101546605711493,-2.3791124091135494,1.0,0.04,0.2083307413266581
0.02,2026091900,419,1.1494106799704293,-2.3793989053245603,1.0,0.08,0.17358974232984145
0.02,2026091900,420,1.1463265858190506,-2.283266163227097,0.98,0.05,0.17440054456369838
0.02,2026091900,421,1.190208997123535,-2.299523899653142,1.0,0.05,0.19777596100776762
0.02,2026091900,422,1.3387269058801194,-2.3992982796550684,1.0,0.02,0.18761966959999646
0.02,2026091900,423,1.3202649762867764,-2.4101091966758985,0.99,0.05,0.17865041504796048
0.02,2026091900,424,1.1288082801104982,-2.3298412678850062,1.0,0.07,0.20226331501786496
0.02,2026091900,425,1.2009227964638194,-2.3388008963225926,1.0,0.02,0.1656927493130343
0.02,2026091900,426,1.3296176737714316,-2.4802312474867594,0.99,0.02,0.17237756640103125
0.02,2026091900,427,1.2945907934841983,-2.351652032381674,1.0,0.04,0.1924287987394366
0.02,2026091900,428,1.1498074994959533,-2.4202691474068545,1.0,0.06,0.17881632546020698
0.02,2026091900,429,1.2355816796118073,-2.5025502402564452,0.99,0.04,0.15793348199367316
0.02,2026091900,430,1.2688484549788626,-2.4484367019632756,1.0,0.05,0.1945141334355144
0.02,2026091900,431,1.1092484372349503,-2.3098962817619078,1.0,0.04,0.2047139469083735
0.02,2026091900,432,1.2899302928592389,-2.4306307485557253,1.0,0.01,0.186109144587179
0.02,2026091900,433,1.0998583469218242,-2.480835562140326,1.0,0.03,0.19768664615865017
0.02,2026091900,434,1.2605655730962908,-2.4302144994148116,1.0,0.06,0.20201778414539778
0.02,2026091900,435,1.1083337035895768,-2.4319904557241694,1.0,0.04,0.1710929011729328
0.02,2026091900,436,1.2634736241221254,-2.4965798863865007,0.99,0.0,0.17213131631841447
0.02,2026091900,437,1.2818036096640444,-2.3882304963289025,1.0,0.04,0.18943211496958395
0.02,2026091900,438,1.1694820918208144,-2.3402880783708953,1.0,0.05,0.16268638353826537
0.02,2026091900,439,1.0929487383732637,-2.331483836469309,0.99,0.01,0.18215088907894905
0.02,2026091900,440,1.1404432253062493,-2.4999353512233107,1.0,0.05,0.17657130828111042
0.02,2026091900,441,1.289630243323559,-2.4004359539339912,1.0,0.04,0.17558593219043303
0.02,2026091900,442,1.2100512931662457,-2.2705648978524082,1.0,0.07,0.18717567081680334
0.02,2026091900,443,1.2403027478878117,-2.4504581259043103,1.0,0.05,0.19326502395537642
0.02,2026091900,444,1.0493493222309076,-2.3709176896898034,1.0,0.03,0.17839440134511186
0.02,2026091900,445,0.979631773819991,-2.5196276370991426,0.99,0.01,0.13747313510102901
0.02,2026091900,446,1.2704111003878673,-2.4401623468238016,1.0,0.04,0.18820974209376753
0.02,2026091900,447,1.150255984190779,-2.3996357379501725,1.0,0.05,0.18355108112381224
0.02,2026091900,448,1.2050656105662638,-2.3822072855081804,1.0,0.05,0.21181425438848667
0.02,2026091900,449,1.2198910244103787,-2.469371089312479,0.99,0.03,0.15426995509807268
0.02,2026091900,450,1.3610176906942706,-2.4914683539613565,1.0,0.05,0.20880505971977079
0.02,2026091900,451,1.179336564511939,-2.3399785196923477,1.0,0.01,0.1851798935992191
0.02,2026091900,452,1.1496339601415964,-2.400231978880098,1.0,0.03,0.17787950514280346
0.02,2026091900,453,1.240128970853305,-2.399980892116706,1.0,0.05,0.15116146127771257
0.02,2026091900,454,1.2237064174810266,-2.336263901535665,0.99,0.05,0.21021205228513204
0.02,2026091900,455,1.189625584881599,-2.4896934123005576,1.0,0.02,0.1864878482392085
0.02,2026091900,456,1.4722794572315125,-2.5473796561778372,1.0,0.03,0.18709433501976425
0.02,2026091900,457,1.119761540897796,-2.3496003630994107,1.0,0.0,0.167722357275243
0.02,2026091900,458,1.260236721347429,-2.429440145014557,1.0,0.04,0.21893745961785727
0.02,2026091900,459,1.1008059930678413,-2.521187226593256,1.0,0.03,0.2051487005217647
0.02,2026091900,460,1.1202082788699177,-2.200261784816821,1.0,0.07,0.2059717540186573
0.02,2026091900,461,1.278977392853871,-2.488315833611182,1.0,0.03,0.18093786439072576
0.02,2026091900,462,1.192064398342051,-2.299155364455098,0.99,0.05,0.17717175108720418
0.02,2026091900,463,1.1301130587917156,-2.410011479128027,1.0,0.02,0.20070212119639347
0.02,2026091900,464,1.0718552845465736,-2.220262353059421,0.99,0.05,0.19327090267554553
0.02,2026091900,465,1.1642097484970462,-2.3269231621593645,1.0,0.05,0.14157461117995754
0.02,2026091900,466,1.1511066501714113,-2.3815762350760963,0.99,0.04,0.1938601977819411
0.02,2026091900,467,1.090093740528257,-2.4197973698830113,1.0,0.03,0.17517413020921552
0.02,2026091900,468,1.0942178328834944,-2.362344230752846,1.0,0.04,0.20763926157405124
0.02,2026091900,469,1.2086034563103278,-2.3495852936594033,0.99,0.04,0.2219220458612652
0.02,2026091900,470,1.2704638104331365,-2.460583202702714,1.0,0.05,0.1820836164735839
0.02,2026091900,471,1.00959528470987,-2.3787122294723617,1.0,0.03,0.14347994127205152
0.02,2026091900,472,1.1201422705149724,-2.2896576672282007,0.99,0.03,0.18739705098831105
0.02,2026091900,473,1.2004917131215078,-2.3202261676381064,0.99,0.06,0.23157153334527805
0.02,2026091900,474,1.059665785752442,-2.2498914048791563,1.0,0.05,0.14935844485515531
0.02,2026091900,475,1.2603341515190345,-2.3197257321394793,1.0,0.06,0.14650207555083494
0.02,2026091900,476,1.2314755796813888,-2.3267596196514932,1.0,0.09,0.21317105825968244
0.02,2026091900,477,1.3098658837010853,-2.408997645140836,1.0,0.08,0.2261536692417403
0.02,2026091900,478,1.1807400034103133,-2.340611356942396,1.0,0.04,0.15001921020004766
0.02,2026091900,479,1.210167802598016,-2.5105639677596376,1.0,0.03,0.15139305209679207
0.02,2026091900,480,1.2404021341410156,-2.5404686961859086,0.99,0.01,0.187924299702327
0.02,2026091900,481,1.2416043966811714,-2.4277101139338133,1.0,0.02,0.17813287453969515
0.02,2026091900,482,1.276262931196496,-2.493466649619186,1.0,0.03,0.15362433995752148
0.02,2026091900,483,1.2224500139531387,-2.3756505735708386,0.99,0.06,0.18386943052625362
0.02,2026091900,484,1.21279595614217,-2.474616475512866,1.0,0.04,0.17351282970786347
0.02,2026091900,485,1.3999261269058547,-2.510683801206053,1.0,0.06,0.1742464489703306
0.02,2026091900,486,1.1596445871416257,-2.3189825748626074,1.0,0.04,0.1605717305136395
0.02,2026091900,487,1.2793002405986846,-2.5601766283405967,0.99,0.02,0.13773862352725708
0.02,2026091900,488,1.3003688641693771,-2.4400320760617533,1.0,0.03,0.15695457962974596
0.02,2026091900,489,1.1938399851044195,-2.3897732219228844,1.0,0.08,0.17453271507522644
0.02,2026091900,490,0.9859932580652598,-2.3274680032021946,1.0,0.07,0.1882090271353053
0.02,2026091900,491,1.1606108986127677,-2.4501198574295593,1.0,0.07,0.178331908796474
0.02,2026091900,492,1.1329990976010993,-2.316914543526715,1.0,0.04,0.20408341807644984
0.02,2026091900,493,1.4303547100882963,-2.499372328709,1.0,0.02,0.17342389963460753
0.02,2026091900,494,1.2874895705666543,-2.372834586536493,1.0,0.04,0.1786844156634795
0.02,2026091900,495,1.0599630215450881,-2.339024364318178,1.0,0.08,0.22990349867380466
0.02,2026091900,496,1.159845595933592,-2.3595569630283695,1.0,0.07,0.173446532558255
0.02,2026091900,497,1.08969527827574,-2.3589865537612558,1.0,0.02,0.14279338574446127
0.02,2026091900,498,1.2767050963389952,-2.5606303693031434,1.0,0.01,0.20042694818815765
0.02,2026091900,499,1.2501427587785785,-2.4397106775074686,1.0,0.02,0.1723355331532504
0.04,2026091900,0,1.068193945740252,-2.0527254353074778,0.96,0.08,0.24164117466236504
0.04,2026091900,1,0.9396567005487141,-2.040410272491173,0.95,0.06,0.20151325416313765
0.04,2026091900,2,1.0493078640208298,-2.3201889700019196,0.98,0.07,0.19674252687409627
0.04,2026091900,3,1.2090344955417187,-2.190449802722189,0.97,0.07,0.18699358042879372
0.04,2026091900,4,1.3135242140242211,-2.335532448870167,0.98,0.04,0.17488181003953676
0.04,2026091900,5,1.0700493683676346,-2.1203696666762144,0.96,0.07,0.18045619540096527
0.04,2026091900,6,1.0906933997049133,-2.2813880106795628,0.99,0.04,0.21362061544982794
0.04,2026091900,7,1.0302239899547916,-2.100317031050811,0.99,0.11,0.22606625904903171
0.04,2026091900,8,0.9596874630541267,-2.0497903373411255,0.92,0.06,0.22628912753397948
0.04,2026091900,9,1.0548018011062354,-2.167138545818871,0.96,0.07,0.21228767729791817
0.04,2026091900,10,1.1704154106294573,-2.119868705021109,0.95,0.07,0.22522051552314806
0.04,2026091900,11,1.0201280135799524,-2.180369185781927,0.98,0.07,0.22092041541933152
0.04,2026091900,12,1.3402881660040078,-2.2195502943659413,0.98,0.1,0.17960124227556
0.04,2026091900,13,1.0704850746463863,-2.0994684125925396,0.95,0.03,0.18539715444670157
0.04,2026091900,14,0.9324201284438467,-2.051779829975977,0.97,0.06,0.18921548077182013
0.04,2026091900,15,1.001570160573165,-2.1916472161218774,0.98,0.04,0.19448492608078863
0.04,2026091900,16,1.2591395899573412,-2.191196360099808,1.0,0.07,0.19703615770936672
0.04,2026091900,17,1.0979067090103478,-2.1330049913116413,0.98,0.03,0.21898536776775906
0.04,2026091900,18,1.0802025272618139,-2.1791404359861803,0.97,0.08,0.1924099832456464
0.04,2026091900,19,1.1406006114894296,-2.3692910577388764,0.99,0.05,0.2170259073957761
0.04,2026091900,20,0.9900697287616406,-2.140458154361648,0.96,0.03,0.2239150686879168
0.04,2026091900,21,1.160393504992437,-2.188961405760138,0.98,0.05,0.20263339126447566
0.04,2026091900,22,0.9412489283350838,-2.191839255425593,0.99,0.06,0.18513174881067795
0.04,2026091900,23,0.9994719313991296,-2.2288342621776494,0.96,0.06,0.19168090779038993
0.04,2026091900,24,1.1305204726637867,-2.1899384974409215,0.97,0.11,0.21900375283809542
0.04,2026091900,25,1.0427247291456319,-2.135644177900289,0.97,0.07,0.15035696976803065
0.04,2026091900,26,0.9296834727382941,-2.1791971995575286,0.99,0.07,0.20800489799456576
0.04,2026091900,27,1.0230674834370677,-1.9957651169957933,0.95,0.1,0.21625227489593007
0.04,2026091900,28,1.0889373706777197,-2.2724866637493575,0.97,0.02,0.1930843207040742
0.04,2026091900,29,1.0102535455061028,-2.0200048791837797,0.95,0.06,0.21300568658318883
0.04,2026091900,30,0.9885812091849827,-2.0297329387068803,0.94,0.05,0.21804142803708923
0.04,2026091900,31,0.9405996171662859,-2.0599931606958104,0.98,0.05,0.23396827096382444
0.04,2026091900,32,0.969416483736513,-1.9482382765825963,0.95,0.06,0.2120426513651641
0.04,2026091900,33,1.0101441474764576,-2.1102703153836413,0.99,0.07,0.185023746146427
0.04,2026091900,34,0.9593807502651457,-2.1188660888225432,0.97,0.05,0.19522603690010162
0.04,2026091900,35,1.0794035606525811,-2.0099155298211913,0.98,0.08,0.17200573216804757
0.04,2026091900,36,1.0801223476088584,-2.010844617071978,0.96,0.07,0.22072049354672837
0.04,2026091900,37,1.0742470040372114,-2.3586051332037057,1.0,0.05,0.1947934533828774
0.04,2026091900,38,1.070637465727408,-2.230662798514655,0.96,0.04,0.20368640496650098
0.04,2026091900,39,0.8339316989220784,-1.908334690872986,0.96,0.04,0.22788917123154115
0.04,2026091900,40,1.2032544174917887,-2.4258708582000876,0.98,0.05,0.17481091193640136
0.04,2026091900,41,0.9300039412308696,-2.051397642272997,0.94,0.07,0.22346079192621648
0.04,2026091900,42,1.2244893160168187,-2.2570159325001624,0.96,0.09,0.20705794890844476
0.04,2026091900,43,1.0696555274363193,-2.1509190090749093,0.99,0.11,0.2480853981433199
0.04,2026091900,44,1.149859412479233,-2.2690087559046774,0.97,0.06,0.20259634584539404
0.04,2026091900,45,1.07026182160256,-2.031491476947879,0.97,0.09,0.192137362108915
0.04,2026091900,46,0.9607816446806843,-2.2314573260071917,1.0,0.04,0.17429653479885812
0.04,2026091900,47,1.1887929646933442,-2.258856089642114,0.98,0.05,0.16814095264291823
0.04,2026091900,48,1.0103388252398513,-2.2300433009280605,0.99,0.06,0.18984995945619615
0.04,2026091900,49,0.9375413607638073,-2.155843347287893,0.98,0.08,0.22638100337901915
0.04,2026091900,50,0.8461582354710808,-2.1778275928198627,0.99,0.04,0.1942770200456238
0.04,2026091900,51,1.185985732631384,-2.126947340057303,0.98,0.04,0.2085657912395743
0.04,2026091900,52,0.9295763281970766,-2.149635571658324,0.95,0.1,0.1905846144047677
0.04,2026091900,53,1.0904759171178489,-2.091570235514676,0.97,0.05,0.22093065972575482
0.04,2026091900,54,0.9588269761279841,-2.179437887510286,0.97,0.02,0.19416721099329995
0.04,2026091900,55,1.0225309538651617,-2.2091039870595157,1.0,0.07,0.22235050660952824
0.04,2026091900,56,1.0872310349142071,-2.1641339349664137,0.99,0.12,0.21986677509884342
0.04,2026091900,57,1.0287630054775512,-2.189611441946959,0.99,0.08,0.23406878506555195
0.04,2026091900,58,0.829921417967671,-1.9705362056093136,0.93,0.04,0.20087330937176961
0.04,2026091900,59,1.1306485071201504,-2.2102048142270165,1.0,0.05,0.23031164583471805
0.04,2026091900,60,1.2186732303364258,-2.170059404769934,0.99,0.1,0.19958806644881005
0.04,2026091900,61,1.1522896444406532,-2.178536185180088,0.97,0.06,0.19083201288186952
0.04,2026091900,62,1.2068986050489041,-2.304836509131089,1.0,0.05,0.19093236027603683
0.04,2026091900,63,1.1365043696232724,-2.2185442056886227,0.96,0.06,0.18128679809087994
0.04,2026091900,64,1.0217706680704477,-2.1914504828114634,0.98,0.09,0.2071738219203797
0.04,2026091900,65,1.2004361956363205,-2.2797703943164715,0.99,0.06,0.19811781021039848
0.04,2026091900,66,1.1611156915820993,-2.2311020767784915,0.96,0.04,0.22409472121194768
0.04,2026091900,67,1.2602152621408873,-2.3288762016894737,0.99,0.1,0.23690079321391722
0.04,2026091900,68,0.9608884217474464,-1.9697562671908397,0.94,0.07,0.20597201109039417
0.04,2026091900,69,1.2105192016785111,-2.150900936435991,0.99,0.07,0.2046142521552608
0.04,2026091900,70,1.2103230317819966,-2.301096215491225,0.96,0.04,0.22286177422028494
0.04,2026091900,71,1.0394384781352777,-2.230143683035845,0.99,0.04,0.2210297674238325
0.04,2026091900,72,1.088824246482758,-2.1695312046222126,0.96,0.07,0.17693041492183378
0.04,2026091900,73,1.1109981775604083,-2.1784388551165885,0.96,0.05,0.18906237086219604
0.04,2026091900,74,0.9146030337617289,-2.087600985180383,0.97,0.09,0.18240600403128887
0.04,2026091900,75,0.9203357527442552,-2.0596704114453543,0.99,0.11,0.23993198447588074
0.04,2026091900,76,1.070806343806528,-2.1609830058548685,0.96,0.11,0.228151010406723
0.04,2026091900,77,1.1270881628022784,-2.2044986370250625,0.98,0.08,0.16387763309259834
0.04,2026091900,78,1.0806216337529044,-2.009868759695863,0.97,0.03,0.2364864801217636
0.04,2026091900,79,1.110004464742335,-2.1100086582493693,0.97,0.05,0.1917509460490342
0.04,2026091900,80,1.0604872872679023,-2.0498068412741013,0.97,0.11,0.24794837095379507
0.04,2026091900,81,1.0743167679782126,-2.0559599490422076,0.98,0.09,0.21938040529228847
0.04,2026091900,82,0.9794018387697184,-2.090009390321949,0.97,0.05,0.18446235183883503
0.04,2026091900,83,1.0707146916704435,-2.1306651474906553,0.97,0.05,0.22584773681683257
0.04,2026091900,84,1.20891967973749,-2.208554233555388,0.97,0.08,0.2279087896311166
0.04,2026091900,85,1.0459171082479686,-2.0127634423945544,0.92,0.07,0.21532394187732973
0.04,2026091900,86,1.1218604789699882,-2.2627588588881453,0.98,0.07,0.20251719413993371
0.04,2026091900,87,1.1408045816622787,-2.3260812528486285,0.99,0.04,0.19836404833463578
0.04,2026091900,88,0.9275106064426604,-2.099222415739371,0.99,0.1,0.18026388310995514
0.04,2026091900,89,0.9988325049026676,-2.028673197579378,0.98,0.09,0.20478797280545938
0.04,2026091900,90,0.9029659077476521,-2.1173518598456496,0.98,0.05,0.21200611686856177
0.04,2026091900,91,1.0709460129732298,-2.269751068973988,0.97,0.03,0.21199608426213484
0.04,2026091900,92,0.9392659695556859,-2.048471938557193,0.95,0.07,0.19848357494181937
0.04,2026091900,93,0.8793928067202263,-2.029118506394552,0.98,0.05,0.21155698937119452
0.04,2026091900,94,1.0641297919954638,-2.221548586588036,0.98,0.07,0.1913825639619859
0.04,2026091900,95,1.070072514597035,-2.041547208477747,0.94,0.07,0.20531402169522248
0.04,2026091900,96,1.0800236847354023,-2.2708035411453635,0.99,0.03,0.21728465326799073
0.04,2026091900,97,1.0301880343720908,-2.0797797001619456,0.98,0.06,0.19764723258535835
0.04,2026091900,98,1.0523391038683478,-2.122078437088463,1.0,0.1,0.18074527099998428
0.04,2026091900,99,1.0501219069978516,-2.18031341300803,0.99,0.05,0.18794632729867047
0.04,2026091900,100,0.9571837579270905,-1.9317620972522065,0.95,0.05,0.2241224431583179
0.04,2026091900,101,1.1516762318804876,-2.1994223750037794,0.96,0.04,0.18193728196750925
0.04,2026091900,102,0.9101457899542431,-2.070192639105584,0.96,0.02,0.23415996211085122
0.04,2026091900,103,1.1917025368793357,-2.020021643899045,0.97,0.05,0.17248071724482889
0.04,2026091900,104,0.9704418564082156,-1.960941083293977,0.96,0.08,0.21246258669506343
0.04,2026091900,105,1.108625046494351,-2.2387550073940177,0.98,0.05,0.204544825129998
0.04,2026091900,106,1.0201548773403553,-2.239695393570013,0.98,0.03,0.20626444766750307
0.04,2026091900,107,0.9904650732094957,-2.100933382992576,0.98,0.08,0.18716323371056706
0.04,2026091900,108,1.041618618064548,-2.010054233015981,0.93,0.04,0.21281076395759535
0.04,2026091900,109,1.2304386028865886,-2.1921234790594277,0.98,0.06,0.21098878351039219
0.04,2026091900,110,1.0697439004049893,-2.2691136043718028,1.0,0.08,0.21709025085573275
0.04,2026091900,111,1.0528274678551661,-2.174252774611406,0.97,0.08,0.18392737253961605
0.04,2026091900,112,1.131695640095971,-2.111784652978886,0.98,0.09,0.1705409725321967
0.04,2026091900,113,0.9316816917459337,-2.063291342804116,0.97,0.09,0.2488627490108694
0.04,2026091900,114,1.179626867140032,-2.108700803067205,0.96,0.08,0.2037358725912809
0.04,2026091900,115,1.1472919206074064,-2.0827675220407587,0.94,0.09,0.20736518313929547
0.04,2026091900,116,1.0810718062126659,-2.0608567089049643,0.97,0.06,0.17534690240925074
0.04,2026091900,117,1.180357774822332,-2.2689348335433586,0.96,0.07,0.17763177269412997
0.04,2026091900,118,1.1409809163093443,-2.1810935084845817,1.0,0.05,0.22637895102109964
0.04,2026091900,119,0.99289639161938,-1.9665501878386575,0.94,0.09,0.2008406483140579
0.04,2026091900,120,1.2402226260354567,-2.268820226108965,0.96,0.05,0.2155799993667021
0.04,2026091900,121,1.1973979439042137,-2.2980759802020367,0.99,0.07,0.19781517122172496
0.04,2026091900,122,0.8615140912063148,-1.9730178734809636,0.99,0.11,0.2674014183776338
0.04,2026091900,123,0.9003848332959472,-2.041543186112341,0.97,0.04,0.20919200883353248
0.04,2026091900,124,1.0101877324259234,-2.040019912663102,0.98,0.11,0.22577635486835448
0.04,2026091900,125,1.280210936609539,-2.1800153439877588,0.97,0.07,0.17278917735242924
0.04,2026091900,126,1.109527184979197,-2.2603441355550964,1.0,0.1,0.1952807138661876
0.04,2026091900,127,1.0993587153543043,-2.154708657164504,0.99,0.06,0.1703353478752267
0.04,2026091900,128,0.8487794962687495,-1.8788603768208085,0.98,0.06,0.20085970680204354
0.04,2026091900,129,1.0969282819285342,-2.1500693198108594,0.99,0.07,0.230401699346098
0.04,2026091900,130,1.0337579882483894,-2.072254874522206,0.98,0.1,0.20338938482179592
0.04,2026091900,131,1.0726134793452917,-2.0010583335303496,0.98,0.04,0.17678225802344028
0.04,2026091900,132,1.2004350234852266,-2.1306747077990007,0.98,0.09,0.2069370776471021
0.04,2026091900,133,1.1295308494857272,-2.130316234069805,0.97,0.05,0.19699296309382888
0.04,2026091900,134,1.1999149504539794,-2.2090967060357936,0.99,0.07,0.21702642679198753
0.04,2026091900,135,1.0408376041489178,-2.2907771432719404,0.96,0.05,0.2123397965407755
0.04,2026091900,136,1.0710461868193013,-2.040768949653156,0.97,0.04,0.24649239769680548
0.04,2026091900,137,0.9208185398423102,-1.98980917774293,0.94,0.05,0.21757285135068874
0.04,2026091900,138,1.1947063711239638,-2.20674669560333,0.99,0.1,0.21121880398382303
0.04,2026091900,139,1.1800397659067001,-2.2012888100083963,0.98,0.04,0.20512989143361082
0.04,2026091900,140,1.0170664151252502,-2.167862291821777,0.95,0.1,0.17913262185927484
0.04,2026091900,141,0.9795990871610507,-2.1315695762970917,0.99,0.08,0.17237832005098966
0.04,2026091900,142,1.1253544317461879,-2.1925494755343573,0.99,0.1,0.22293828781580355
0.04,2026091900,143,1.2299027198620214,-2.1704203708995813,0.97,0.11,0.2167576973199732
0.04,2026091900,144,1.3285317431503056,-2.3068330666206673,0.98,0.09,0.2025580504443956
0.04,2026091900,145,1.11593717203963,-2.2165119146295127,0.97,0.07,0.22891224596545054
0.04,2026091900,146,0.9109499859140029,-2.0698167500842533,0.98,0.06,0.20862693358352896
0.04,2026091900,147,1.0994219318695684,-2.110553198815798,0.99,0.03,0.16811693947116
0.04,2026091900,148,0.8772919382830571,-2.123717753621938,0.95,0.05,0.23434792401232787
0.04,2026091900,149,0.984572028600487,-2.116930721489485,0.97,0.02,0.20657958785431524
0.04,2026091900,150,1.1288478079157571,-2.2080751146910567,0.96,0.09,0.20628734894286216
0.04,2026091900,151,1.0308467888841302,-2.131339703196818,0.97,0.11,0.23702150471776268
0.04,2026091900,152,1.2207867143414097,-2.2607375965815835,0.99,0.1,0.21286680279194095
0.04,2026091900,153,1.090242815770233,-2.1504946522851527,0.97,0.04,0.18245816590438457
0.04,2026091900,154,1.2303287767834008,-2.1211985322389237,0.98,0.07,0.1980987413760974
0.04,2026091900,155,0.9603940797044269,-2.108784223311363,0.95,0.11,0.1924938141750674
0.04,2026091900,156,1.1393958593192288,-2.179960391817395,0.99,0.06,0.17457796499706832
0.04,2026091900,157,1.1685560169549283,-2.1684462151148294,0.97,0.07,0.2258631280819483
0.04,2026091900,158,0.8364697720108513,-2.0034256092213614,0.98,0.07,0.22394177427825682
0.04,2026091900,159,0.9934279991710977,-2.1057448425395324,0.97,0.11,0.1898916651998417
0.04,2026091900,160,1.241052242953482,-2.3507137773584685,0.97,0.07,0.19877167129540116
0.04,2026091900,161,1.009828054212307,-1.9499596061247366,0.93,0.08,0.21012096293259816
0.04,2026091900,162,1.1083756624335863,-2.1684984634648696,0.98,0.05,0.191974255307799
0.04,2026091900,163,1.0196310944844114,-2.109683389618338,0.96,0.05,0.18574242122795404
0.04,2026091900,164,1.139151102147433,-2.090576653489763,0.98,0.11,0.19385568151486435
0.04,2026091900,165,1.0494144726974504,-2.199169527443658,0.96,0.07,0.2295608362225349
0.04,2026091900,166,1.009794926032704,-2.1006990819773304,0.96,0.1,0.19686962984518483
0.04,2026091900,167,1.010357439038417,-2.1308552324356054,0.96,0.08,0.23747811804422203
0.04,2026091900,168,1.0758904053420657,-2.1945547848702835,0.96,0.07,0.23453876013257943
0.04,2026091900,169,1.1412849053539622,-2.350702715832631,0.98,0.03,0.2346716062939054
0.04,2026091900,170,1.029230174107684,-2.12965689045037,0.99,0.1,0.2275996926581498
0.04,2026091900,171,1.1005370974062418,-2.1592375607874965,0.97,0.08,0.19146570191890305
0.04,2026091900,172,1.2107467184810279,-2.0502715638094746,0.97,0.07,0.17782838783225918
0.04,2026091900,173,1.0183752489485092,-2.2411686771664425,0.98,0.03,0.262503143555668
0.04,2026091900,174,1.2296201952484827,-2.1793148810648053,0.99,0.06,0.2180957645830789
0.04,2026091900,175,1.0413897871007685,-1.9010317415734073,0.96,0.04,0.22494796795879718
0.04,2026091900,176,1.0494149185861403,-2.130193054389342,0.96,0.09,0.21997152620441565
0.04,2026091900,177,1.0967509090230947,-2.204943603214093,1.0,0.09,0.20054172110273388
0.04,2026091900,178,1.1313281651859362,-2.125058242879597,1.0,0.07,0.223649622612335
0.04,2026091900,179,0.9896174409516726,-2.1802834672084104,1.0,0.09,0.2552392244266513
0.04,2026091900,180,0.8700043240378446,-1.9795945275229132,0.96,0.08,0.1906314410273232
0.04,2026091900,181,1.0603229956979492,-2.1399868416956265,0.96,0.08,0.1898112511536806
0.04,2026091900,182,0.9613612908508101,-2.153975087037748,0.98,0.03,0.20751169795103544
0.04,2026091900,183,1.2575260882582742,-2.289200300659218,0.99,0.05,0.22160974165822866
0.04,2026091900,184,1.0374644940818774,-2.1163382055693565,0.96,0.03,0.25571465245961067
0.04,2026091900,185,1.0192466732514667,-2.2793421113462737,0.99,0.05,0.2096800946240532
0.04,2026091900,186,0.9310977161481034,-2.0708266449255195,0.97,0.07,0.21214574518274887
0.04,2026091900,187,1.1597193899833775,-2.20111835429887,1.0,0.03,0.2207161652027211
0.04,2026091900,188,1.0798324626217242,-2.090182157312904,0.98,0.09,0.2027875485545389
0.04,2026091900,189,0.9719390679172187,-2.080923824937054,0.96,0.06,0.2499881225390311
0.04,2026091900,190,0.9688766332876042,-2.019413350634138,0.93,0.05,0.23685747612965677
0.04,2026091900,191,1.0008567243297386,-2.260854979473288,1.0,0.05,0.19087542724497322
0.04,2026091900,192,1.1379909569797193,-2.0988834141922954,0.99,0.04,0.22082188337535136
0.04,2026091900,193,1.1904835696367193,-2.153316253509655,0.98,0.08,0.20601437515516594
0.04,2026091900,194,1.0798190918003634,-2.0407853255462824,0.97,0.1,0.22751953990293441
0.04,2026091900,195,1.2094642363606958,-2.1297183321542885,0.98,0.1,0.21342109117340932
0.04,2026091900,196,1.0181595315039245,-2.109888324014571,0.95,0.06,0.18454869475502655
0.04,2026091900,197,1.0210210780712252,-1.9904154906700726,0.97,0.1,0.2285044264687652
0.04,2026091900,198,1.1177647601448464,-2.3393335492529825,0.99,0.05,0.1813415654377732
0.04,2026091900,199,1.1286104254168792,-2.2184173270150773,0.98,0.12,0.18879907876778795
0.04,2026091900,200,1.0797404536443405,-2.0996906408024723,0.97,0.11,0.20439299437905756
0.04,2026091900,201,1.2404889711100553,-2.209265553551051,0.96,0.09,0.2321034658420386
0.04,2026091900,202,0.8299581762083651,-2.079994768715819,0.97,0.07,0.2442357396954833
0.04,2026091900,203,1.0510984009996265,-2.150978011548282,0.98,0.04,0.20504453431583108
0.04,2026091900,204,0.9837516794732291,-2.079472667260651,0.98,0.09,0.21729977273911336
0.04,2026091900,205,1.062170435362278,-2.304947810541938,0.97,0.04,0.19356262143947986
0.04,2026091900,206,1.0700419140945403,-2.190801382260287,1.0,0.07,0.18396661771628073
0.04,2026091900,207,0.9997790113894527,-2.0992551821613423,0.97,0.05,0.22812323469637089
0.04,2026091900,208,1.1799448750065302,-2.329653635522546,0.99,0.06,0.21693024171297226
0.04,2026091900,209,1.0958554983554394,-2.173615412710146,0.97,0.06,0.20676739335413197
0.04,2026091900,210,1.0458803235713248,-2.134118548479513,0.97,0.09,0.23355165181085927
0.04,2026091900,211,1.1972841164779184,-2.005216246553154,0.97,0.06,0.23616298610671346
0.04,2026091900,212,0.9808311850469867,-1.9407675520370768,0.94,0.08,0.17924532200993432
0.04,2026091900,213,1.1806666079250758,-2.0203225072682556,0.96,0.11,0.16973732060161137
0.04,2026091900,214,1.0625939903682937,-2.231040548471081,0.98,0.09,0.16059619460423233
0.04,2026091900,215,0.9505432298460651,-2.128647530146013,0.97,0.07,0.18815140710012265
0.04,2026091900,216,1.0496500125729549,-1.9896542975221063,0.95,0.07,0.20905511432762153
0.04,2026091900,217,0.8471716139861113,-2.132956855970131,0.98,0.06,0.22262091770595435
0.04,2026091900,218,1.1791220547256018,-2.230221012557181,0.98,0.05,0.21632574795182447
0.04,2026091900,219,1.0121824847497307,-2.088289286508165,0.98,0.05,0.18156293268306758
0.04,2026091900,220,1.1641749726041595,-2.100384312053232,0.98,0.06,0.2385128853227928
0.04,2026091900,221,0.9490320604189267,-2.20815965903426,0.99,0.09,0.23079517074396022
0.04,2026091900,222,1.102729538676804,-2.1857508568795647,0.99,0.09,0.21099614039304007
0.04,2026091900,223,1.0795667905269388,-2.209464938871455,0.96,0.05,0.20675204547174642
0.04,2026091900,224,0.999709905037747,-2.1087557593790387,0.98,0.04,0.24829946113100487
0.04,2026091900,225,1.003610123049706,-2.1798364587062786,0.97,0.05,0.22290909666831124
0.04,2026091900,226,1.1102852692167497,-2.3101005578510025,0.97,0.05,0.17322332310550617
0.04,2026091900,227,1.1403906321255006,-2.2297157300927033,0.98,0.05,0.2055871982648151
0.04,2026091900,228,0.9999849183943005,-2.019917705583692,0.97,0.09,0.19537675192258763
0.04,2026091900,229,1.0298802124364475,-2.149005466109268,0.97,0.06,0.18382377716812756
0.04,2026091900,230,1.0177317647476911,-2.103164066952888,1.0,0.07,0.2148349952878301
0.04,2026091900,231,1.2301685388855694,-2.180079842610916,0.97,0.13,0.19920731969215497
0.04,2026091900,232,1.1713624468537662,-2.079455524781136,0.97,0.07,0.20057563653756752
0.04,2026091900,233,1.2898050277649622,-2.1805002123829937,0.99,0.06,0.2014622669605247
0.04,2026091900,234,1.080285729031404,-2.0799191612834007,0.97,0.01,0.21796986829510248
0.04,2026091900,235,1.0413540874966423,-1.8619980664039653,0.98,0.11,0.21194169147307423
0.04,2026091900,236,1.0491379029992398,-2.0797936407467144,0.98,0.11,0.21808299000648507
0.04,2026091900,237,1.3102484963273613,-2.180218612301796,0.98,0.05,0.21513651957255328
0.04,2026091900,238,1.0701603285315715,-2.279627445501892,0.98,0.06,0.22692470469568526
0.04,2026091900,239,1.1401824382798593,-2.2510802115000734,0.97,0.04,0.200148448007302
0.04,2026091900,240,1.160050732643889,-2.261319421285349,1.0,0.05,0.18345542970626838
0.04,2026091900,241,0.9499849530488647,-2.2814746223749207,0.96,0.05,0.18093020933270032
0.04,2026091900,242,0.9587649760840882,-2.148686003066594,0.97,0.06,0.22669099257980335
0.04,2026091900,243,1.1991983779954543,-2.130082336967717,0.99,0.08,0.18529055729209862
0.04,2026091900,244,1.2386710612847072,-2.2389040978819024,0.96,0.05,0.22795690805635302
0.04,2026091900,245,1.0294148440663589,-2.2901838549781806,0.99,0.05,0.2149109397595962
0.04,2026091900,246,1.1163344329192482,-2.1179295865337555,0.99,0.07,0.20317278938768582
0.04,2026091900,247,1.1297310075029936,-2.10998354395762,0.96,0.1,0.19406671688573432
0.04,2026091900,248,1.0190376606798275,-2.1692510057941576,1.0,0.1,0.16485362693999725
0.04,2026091900,249,0.865927977881981,-2.0379074802094785,0.97,0.06,0.19656681146897612
0.04,2026091900,250,1.0105656002844783,-1.9818202423583942,0.95,0.09,0.24695262295462014
0.04,2026091900,251,1.1516198818346275,-2.141163359799707,0.96,0.09,0.190327934530033
0.04,2026091900,252,1.0097455726337374,-2.1296042060933256,0.98,0.06,0.21404282777964845
0.04,2026091900,253,1.119695671412301,-2.1400772943730204,0.95,0.01,0.2083051540433758
0.04,2026091900,254,1.131624814212989,-2.2619032137272748,0.99,0.11,0.22695464497074638
0.04,2026091900,255,1.1094069797597246,-2.0998755263977715,0.98,0.09,0.2094354811614741
0.04,2026091900,256,0.9688258000836341,-2.0191420543640066,0.98,0.12,0.1914719830062328
0.04,2026091900,257,1.0966960705742685,-2.189376068870344,0.99,0.05,0.2325061783616759
0.04,2026091900,258,1.0310083032803254,-2.097309387492636,0.99,0.06,0.21138384177774902
0.04,2026091900,259,1.0603292743386985,-2.1490726438742533,1.0,0.08,0.2088742407516538
0.04,2026091900,260,1.0378118152494193,-2.159313789498946,0.98,0.09,0.2049776333832834
0.04,2026091900,261,0.9734492759920091,-2.1261573566995633,0.97,0.05,0.21111671092554044
0.04,2026091900,262,1.0709025927038724,-2.1801462893532877,0.99,0.06,0.1975827250537644
0.04,2026091900,263,1.17937437692863,-2.1571352807885433,1.0,0.07,0.21662180782155385
0.04,2026091900,264,1.070123115779098,-2.119194225225689,0.98,0.08,0.22145841459400548
0.04,2026091900,265,1.0177972201823242,-2.1224874432803107,0.99,0.11,0.22499103638447926
0.04,2026091900,266,1.0493304398019077,-2.099944694636743,0.97,0.07,0.22314135557004333
0.04,2026091900,267,1.1097667607348454,-2.16899617724859,0.94,0.04,0.2074793653911825
0.04,2026091900,268,1.052001493640562,-2.0819635479686336,0.96,0.05,0.19643313689052377
0.04,2026091900,269,1.1491298181290013,-2.218853407784898,0.97,0.08,0.21103057094123812
0.04,2026091900,270,1.189404763613715,-2.2700993623670964,0.99,0.07,0.19807435102239515
0.04,2026091900,271,0.942729358927448,-2.148726421053555,0.94,0.07,0.22868526932415126
0.04,2026091900,272,0.9942084133862782,-1.996453477693115,0.96,0.08,0.23447569142361732
0.04,2026091900,273,1.1196570560733883,-2.0181853861991166,0.98,0.06,0.21801399222771764
0.04,2026091900,274,0.9295283736372519,-2.019105932834536,0.98,0.04,0.24148316859639865
0.04,2026091900,275,1.1102126209446288,-2.110589088246631,0.95,0.09,0.17921550348827758
0.04,2026091900,276,1.0751214763620824,-2.2319923257632572,0.99,0.1,0.18283838284006168
0.04,2026091900,277,0.8788899143744804,-2.0709765087031444,0.99,0.07,0.20942193597565267
0.04,2026091900,278,1.0198423753388492,-2.210238212648961,1.0,0.11,0.2188246418063708
0.04,2026091900,279,0.9790336239889758,-2.0901236994627053,0.97,0.05,0.21624250340501827
0.04,2026091900,280,0.8602562285539812,-2.0797827064368133,0.97,0.08,0.24824634506765603
0.04,2026091900,281,1.0292340990668456,-2.010277650371217,0.97,0.08,0.22923512439855068
0.04,2026091900,282,1.2509502363588898,-2.4400617105425493,1.0,0.08,0.22651900145654075
0.04,2026091900,283,1.2805013994135495,-2.310726767068411,0.97,0.07,0.20922120748814765
0.04,2026091900,284,0.9607562799439154,-2.110969298863091,0.96,0.11,0.1740853769484815
0.04,2026091900,285,1.1898322336540739,-2.0907691646471234,0.97,0.1,0.22987785444175415
0.04,2026091900,286,1.1301443019038524,-2.219856686011283,0.99,0.05,0.20504617541176542
0.04,2026091900,287,1.1098203811310061,-2.0798799399037047,0.95,0.07,0.21375611317912632
0.04,2026091900,288,0.9605728638597616,-2.2107843403446172,0.96,0.03,0.17699712140982643
0.04,2026091900,289,0.9794685837877485,-2.1792727001055017,1.0,0.04,0.18839760104824196
0.04,2026091900,290,0.9891460060159332,-2.1295290328210066,0.95,0.07,0.1946367555088966
0.04,2026091900,291,0.9715098966420502,-2.2114323232199746,1.0,0.06,0.20567441843216205
0.04,2026091900,292,0.9447266498537897,-1.9429799127138838,0.92,0.11,0.21631284343739243
0.04,2026091900,293,1.1311710004808346,-2.171324926998819,0.95,0.06,0.20344867224677293
0.04,2026091900,294,1.0205124829921715,-2.090324343822722,0.99,0.12,0.18624958142728115
0.04,2026091900,295,0.8588967349454673,-2.029535822683532,0.95,0.01,0.18487211572441947
0.04,2026091900,296,1.1498351141483398,-2.1699465380683725,0.97,0.07,0.22034788607559083
0.04,2026091900,297,1.0698460551688291,-2.1001997281560336,0.97,0.12,0.19349603692320877
0.04,2026091900,298,1.221817555116777,-2.3159000028997396,0.98,0.11,0.20356827282557763
0.04,2026091900,299,1.10974122625509,-2.340244675605856,0.97,0.03,0.2027387465408913
0.04,2026091900,300,1.1671234490110058,-2.223920854363638,0.99,0.05,0.2217690843663826
0.04,2026091900,301,1.1188485372074226,-2.118338353316419,0.98,0.06,0.2259610056747286
0.04,2026091900,302,0.9003951323640136,-1.9999018961827089,0.97,0.11,0.20767865503989003
0.04,2026091900,303,1.0489487012330116,-2.2001394799959906,0.98,0.05,0.18595378077084096
0.04,2026091900,304,1.17057650808176,-2.07186719978477,0.96,0.12,0.21789502922602833
0.04,2026091900,305,1.0720729882431939,-2.160733566504875,0.98,0.11,0.21882118295843564
0.04,2026091900,306,1.099306973183507,-2.1196001201248107,0.96,0.07,0.21666332554094134
0.04,2026091900,307,1.0202593826399171,-2.1202897340753015,0.97,0.11,0.22701843634951666
0.04,2026091900,308,0.9269885838216877,-2.1143114796069495,0.98,0.12,0.17686940519294395
0.04,2026091900,309,0.9378987554413505,-2.118268141983232,0.98,0.05,0.1667067502632921
0.04,2026091900,310,1.0699138359851146,-2.029694232074375,0.98,0.11,0.19808210987002073
0.04,2026091900,311,1.1238857047495876,-2.1280308509715398,0.98,0.09,0.21482292867397285
0.04,2026091900,312,1.1047180926097675,-2.118189064164558,0.97,0.08,0.27233962645480214
0.04,2026091900,313,0.9383520565035117,-2.1291723779931946,0.98,0.09,0.17118038046761883
0.04,2026091900,314,1.1259003461769388,-2.0538596318582414,0.97,0.05,0.19513159785140133
0.04,2026091900,315,1.0386780897613377,-2.0027259608230503,0.96,0.11,0.20626465629136606
0.04,2026091900,316,1.126862376976908,-2.1926828201252877,0.97,0.12,0.19299362541852022
0.04,2026091900,317,1.0113633334962202,-2.1618648299239727,0.98,0.05,0.2001572311651783
0.04,2026091900,318,1.0504148378867941,-2.0809894001214126,0.96,0.06,0.21511203123959838
0.04,2026091900,319,0.8491310583142802,-2.2286120222920407,0.98,0.04,0.20479655992539897
0.04,2026091900,320,0.982123316623711,-2.028908446750676,0.97,0.04,0.2031143922095491
0.04,2026091900,321,1.0096361772442095,-2.130581604455651,0.98,0.09,0.22188272654298188
0.04,2026091900,322,1.021224258478269,-2.1006361600752865,0.99,0.08,0.15937703817940102
0.04,2026091900,323,0.908682408174678,-2.138304933507192,0.97,0.06,0.19699467826329825
0.04,2026091900,324,0.8297157326522502,-2.0501172163856554,0.98,0.08,0.20087304655865482
0.04,2026091900,325,1.1400336305142234,-2.350324297212197,1.0,0.06,0.15563533219844086
0.04,2026091900,326,0.9999999964741306,-2.1697657838753233,0.98,0.08,0.1880024884215281
0.04,2026091900,327,1.040981680102989,-2.0199602064489603,0.99,0.12,0.22597259555287855
0.04,2026091900,328,1.2598955797954203,-2.151044631680883,0.98,0.11,0.21785762389788502
0.04,2026091900,329,1.0088801548273876,-1.9785064982480984,0.95,0.07,0.2062733041431998
0.04,2026091900,330,1.1111906951979897,-2.307796402366662,0.98,0.06,0.22426288328374763
0.04,2026091900,331,1.2862318893778342,-2.27425533925496,0.98,0.08,0.20457549026235752
0.04,2026091900,332,1.1808662358040123,-2.180101401929384,1.0,0.04,0.15955555804156077
0.04,2026091900,333,0.95981512674521,-2.069889402396163,0.99,0.1,0.21881365235836192
0.04,2026091900,334,1.2615820775708788,-2.261782189807049,0.97,0.05,0.23332244322491635
0.04,2026091900,335,0.869775952058684,-1.9802258721306643,0.97,0.04,0.19558237758760896
0.04,2026091900,336,1.1302780724540609,-2.1799188303598345,1.0,0.09,0.17192573540296782
0.04,2026091900,337,1.1015840052268837,-2.1108468701273715,0.96,0.05,0.2085210945569017
0.04,2026091900,338,1.3501459281735424,-2.18886302729126,0.97,0.05,0.17764961439051152
0.04,2026091900,339,1.0005858506225096,-2.1387765746181246,0.99,0.06,0.20078286583336322
0.04,2026091900,340,1.1096559473284375,-2.148749712972044,0.99,0.06,0.17783272295867594
0.04,2026091900,341,1.219445618599387,-2.3511861926857396,0.98,0.02,0.18429637921311934
0.04,2026091900,342,1.1086567890612624,-2.3194866596807526,0.99,0.03,0.1919028250649277
0.04,2026091900,343,1.1609769693506478,-2.090645992836426,0.97,0.03,0.1562902444723317
0.04,2026091900,344,1.0613501473264348,-2.2204694561158815,0.99,0.06,0.18993417881665298
0.04,2026091900,345,1.20123552624084,-2.3212167113165876,0.97,0.08,0.22908849179034305
0.04,2026091900,346,0.9202959162285907,-2.030027812629788,0.97,0.1,0.23692155874067225
0.04,2026091900,347,1.0207162528308868,-2.1306989064153767,0.99,0.12,0.202231727608673
0.04,2026091900,348,0.9192773612887081,-1.9690704247452038,0.98,0.11,0.18513926068936382
0.04,2026091900,349,1.040027567463285,-2.170127862995384,0.98,0.11,0.20657320091721354
0.04,2026091900,350,1.1466251887080992,-2.3929023644429956,1.0,0.05,0.20463111197713965
0.04,2026091900,351,1.0512797962074816,-2.2593794040144703,1.0,0.04,0.2162397909383347
0.04,2026091900,352,1.0247190543364229,-2.0264060788012834,0.97,0.11,0.19269199541137882
0.04,2026091900,353,1.2804021054099979,-2.1976623883088497,0.98,0.05,0.2121988026195149
0.04,2026091900,354,1.1560743870076873,-2.272635665967761,0.96,0.05,0.19007689619015747
0.04,2026091900,355,1.1489902997216896,-2.149756843908989,0.96,0.07,0.2412227014718252
0.04,2026091900,356,1.2810437942258748,-2.2105187728919926,0.99,0.04,0.22261270912709713
0.04,2026091900,357,0.9001797622644877,-2.00012768156367,0.97,0.05,0.2008160193891118
0.04,2026091900,358,1.0308972315296097,-2.248260290959669,0.98,0.08,0.19747825173150027
0.04,2026091900,359,1.0195061760615574,-2.3110898911826983,0.98,0.04,0.18054244748918297
0.04,2026091900,360,1.1721055220196144,-2.2914809215275356,0.98,0.06,0.2165988923777975
0.04,2026091900,361,1.1806496222204375,-2.0905549391720593,0.96,0.07,0.2374139000847735
0.04,2026091900,362,1.1395091329374822,-2.279939911166602,0.97,0.06,0.2206265810971582
0.04,2026091900,363,0.929276350472161,-2.070252032604826,0.98,0.05,0.2547942314037822
0.04,2026091900,364,1.1707370641921127,-2.260866741344545,0.96,0.06,0.22677120046398677
0.04,2026091900,365,1.140032391697782,-2.16018234537257,0.98,0.08,0.2265190520584989
0.04,2026091900,366,1.1215809908220316,-2.161297942583862,1.0,0.07,0.18748362396508944
0.04,2026091900,367,0.9968138053391585,-2.1730771634454933,0.97,0.05,0.19010396452893136
0.04,2026091900,368,1.2192712580036456,-2.189402685593242,0.97,0.12,0.18485533543366695
0.04,2026091900,369,0.9092919094482109,-1.9891231855199052,0.95,0.07,0.18070210258254144
0.04,2026091900,370,1.2314628856659244,-2.160403033868825,0.98,0.06,0.18328877066736915
0.04,2026091900,371,1.1386476807786623,-2.2495336456482264,0.99,0.05,0.2130686575862461
0.04,2026091900,372,1.1208359241269363,-2.1605968195066345,0.98,0.09,0.22969285296691985
0.04,2026091900,373,1.2813364963640532,-2.3611297356585212,0.98,0.05,0.22298915650382947
0.04,2026091900,374,0.9861163027299845,-2.053591340485234,0.98,0.08,0.21390076274475509
0.04,2026091900,375,1.2661054652797619,-2.162509705735937,0.97,0.06,0.23236532033016688
0.04,2026091900,376,1.0090291801625915,-2.0007594056860776,0.96,0.04,0.2135098799490896
0.04,2026091900,377,1.260050323291753,-2.2508674772603476,0.99,0.06,0.21363689723346255
0.04,2026091900,378,1.0888390930010368,-2.2081606828652993,1.0,0.06,0.20196834252244728
0.04,2026091900,379,1.1882975059936371,-2.244452447533594,0.97,0.02,0.17365018055491788
0.04,2026091900,380,1.1432376157265056,-2.111037715609544,0.96,0.04,0.19885166173657942
0.04,2026091900,381,1.192775058666115,-2.226960664210172,0.97,0.07,0.21078881703891528
0.04,2026091900,382,1.0639658952815756,-2.2770860880075037,0.99,0.08,0.24457336984312597
0.04,2026091900,383,1.070935596316725,-2.191008839775818,0.96,0.06,0.18613414568915448
0.04,2026091900,384,1.040385354332189,-2.1604872124216614,1.0,0.07,0.19581274448361466
0.04,2026091900,385,1.0696132790240378,-2.2605399059334585,0.97,0.04,0.17444215896164927
0.04,2026091900,386,1.002260077965864,-2.0552539708507997,0.96,0.07,0.17831927491143015
0.04,2026091900,387,1.1617777128095779,-2.220833010640983,0.98,0.07,0.21627349212037564
0.04,2026091900,388,1.1509281899411876,-2.199331982222847,0.98,0.06,0.2277856753194053
0.04,2026091900,389,0.9396554656492236,-2.1397806509057373,0.95,0.05,0.19071282586320923
0.04,2026091900,390,1.1098842397241047,-2.11001808149951,0.97,0.08,0.21108653533716878
0.04,2026091900,391,1.2586740685046844,-2.297584009586912,0.99,0.04,0.22874230800142173
0.04,2026091900,392,0.9806265149502755,-2.090798803938094,0.97,0.07,0.22643209454765315
0.04,2026091900,393,1.2101163508184327,-2.1494332829027285,0.99,0.08,0.20539923709044738
0.04,2026091900,394,1.050416889824773,-2.140102329141485,0.99,0.07,0.2183369191700664
0.04,2026091900,395,1.001639309229661,-2.0608974281244112,0.99,0.06,0.18807034557996186
0.04,2026091900,396,1.1595603715666907,-2.1084242158022435,0.94,0.05,0.2280854495688426
0.04,2026091900,397,1.1701276128243951,-2.3395444311567255,0.98,0.07,0.24239618176237038
0.04,2026091900,398,1.0901281975507349,-2.1599083651847426,0.99,0.04,0.19342776894434166
0.04,2026091900,399,0.8865389422828889,-1.9720147221712625,0.94,0.08,0.20174124393686338
0.04,2026091900,400,1.3043834435376294,-2.237637456844963,0.99,0.06,0.21180636632994138
0.04,2026091900,401,1.0485134724549452,-2.0802901743105813,0.97,0.05,0.2088734384299032
0.04,2026091900,402,1.3004832743457868,-2.1790401656055143,0.99,0.05,0.18699478488170215
0.04,2026091900,403,0.7930136778675362,-1.9978467228034293,0.97,0.09,0.17551335665941167
0.04,2026091900,404,1.2439724596249737,-2.139668755532524,0.97,0.05,0.21463152562261936
0.04,2026091900,405,1.3810301852731042,-2.2880662963160656,0.98,0.1,0.211678891628822
0.04,2026091900,406,1.1913444251010201,-2.1826120488031164,0.97,0.09,0.1892156620439817
0.04,2026091900,407,1.1503185703661143,-2.2509185212932272,0.99,0.05,0.20272907023707312
0.04,2026091900,408,1.0671299784981998,-2.234391242636032,0.98,0.1,0.20284010645588588
0.04,2026091900,409,1.1393339993023914,-2.1295511905612248,0.97,0.08,0.1896349672245165
0.04,2026091900,410,1.0506600379231898,-2.1913427624877126,0.98,0.05,0.2044590730715579
0.04,2026091900,411,1.0107313166456293,-2.1093105312617224,0.99,0.07,0.2032047000457583
0.04,2026091900,412,1.1670783998793008,-2.116853670256892,0.99,0.08,0.23545648546185682
0.04,2026091900,413,0.9998795181723145,-2.130333419943113,1.0,0.07,0.20798732924630897
0.04,2026091900,414,1.1792275841140167,-2.169462452403372,0.92,0.06,0.22795950286655275
0.04,2026091900,415,1.0003703370457502,-2.0498099882891343,0.98,0.03,0.19335233584619058
0.04,2026091900,416,0.95939959784866,-2.0789517293391917,0.94,0.06,0.2263106379164606
0.04,2026091900,417,0.9491604541343712,-2.1689716134228583,0.99,0.06,0.2042436102208004
0.04,2026091900,418,1.150248203239344,-2.208799204888596,0.98,0.08,0.20558591586616504
0.04,2026091900,419,1.2693501125383058,-2.2295214438558504,0.96,0.08,0.21529814632144517
0.04,2026091900,420,1.1103476831120889,-2.050455783997628,0.94,0.04,0.17946984068803679
0.04,2026091900,421,1.0902607211816457,-2.019282106591603,0.97,0.08,0.20189139677143822
0.04,2026091900,422,1.0681491504170164,-2.128876424979582,0.97,0.06,0.18897650136172317
0.04,2026091900,423,1.0903280274011944,-2.0901869867545413,0.97,0.09,0.18911997263159028
0.04,2026091900,424,1.0288532971195037,-2.0978648390000085,0.99,0.08,0.21401510079457875
0.04,2026091900,425,1.030452643746682,-2.039991591481891,0.99,0.09,0.2318759593094717
0.04,2026091900,426,0.9794477416194408,-2.2003062344949664,0.96,0.09,0.2508510380718911
0.04,2026091900,427,1.1221797578113266,-2.145135769278514,0.98,0.04,0.2312479094083196
0.04,2026091900,428,0.9706516296929988,-2.0496897052752243,1.0,0.03,0.2278795919707757
0.04,2026091900,429,1.1788249160872104,-2.238998931153928,0.98,0.07,0.2002198742742727
0.04,2026091900,430,1.0382167786831893,-2.097727576661252,1.0,0.07,0.17720003711876384
0.04,2026091900,431,0.968962866014546,-2.0599245622215623,0.98,0.08,0.21388759902917137
0.04,2026091900,432,1.163255919170984,-2.217882292013293,1.0,0.12,0.21726302162314365
0.04,2026091900,433,0.9293263227122768,-2.160278625358997,0.98,0.1,0.21981940631906982
0.04,2026091900,434,1.0907989582463005,-2.210298746437352,0.97,0.08,0.20038531128141204
0.04,2026091900,435,1.0199591618548862,-2.270166368250061,0.98,0.04,0.19763395696493066
0.04,2026091900,436,0.9834418009676656,-2.07656952976153,0.97,0.09,0.20303161412734524
0.04,2026091900,437,1.1774059814194815,-2.250565747575009,0.97,0.04,0.17268227125367294
0.04,2026091900,438,1.1295485802844043,-2.019642912589492,0.99,0.12,0.20473791749122897
0.04,2026091900,439,0.97145921470573,-2.0602927690069754,0.97,0.04,0.22422867897814988
0.04,2026091900,440,0.9805896186857934,-2.039870589701682,0.97,0.13,0.2347623097242086
0.04,2026091900,441,1.1395168787491685,-2.230773399632395,0.99,0.03,0.21093207912358858
0.04,2026091900,442,1.0000815928914608,-2.170842261100652,0.99,0.06,0.2086905158832125
0.04,2026091900,443,0.976406332227061,-2.1828714377803946,0.99,0.03,0.19591758349252897
0.04,2026091900,444,0.9495831585677038,-2.150732408512756,0.99,0.06,0.20214331004146502
0.04,2026091900,445,1.0493677586232957,-2.2198597337142205,0.97,0.03,0.18941571546879288
0.04,2026091900,446,1.0104922942217993,-2.0300806972027363,0.98,0.06,0.2148478539705702
0.04,2026091900,447,1.028516201299198,-2.119272539083967,0.95,0.06,0.24076351668478962
0.04,2026091900,448,0.9598393107040434,-2.069966204861986,0.97,0.1,0.2371008919625853
0.04,2026091900,449,0.9498576524154723,-1.9891334250404362,0.95,0.08,0.22773716916058248
0.04,2026091900,450,1.1495583101772797,-2.2480588684931595,0.97,0.06,0.19456304671278515
0.04,2026091900,451,1.0790725575874047,-2.070027326889465,0.98,0.11,0.2448725189634412
0.04,2026091900,452,1.2094831324341804,-2.1202745388115556,0.99,0.08,0.19211209182682193
0.04,2026091900,453,1.07026400514165,-2.0796599321708436,0.96,0.06,0.21060597029249525
0.04,2026091900,454,1.090074298565846,-2.278532164155881,0.97,0.02,0.21881883042498323
0.04,2026091900,455,1.0495602658792065,-2.129426927957878,0.98,0.08,0.2171464266094251
0.04,2026091900,456,1.0797959416402314,-2.2392715230055074,0.99,0.11,0.19449015116522492
0.04,2026091900,457,1.0796178272216763,-2.2393547163253373,0.98,0.09,0.20859950707627198
0.04,2026091900,458,1.200273044870693,-2.2290755946418512,1.0,0.05,0.19338928439917827
0.04,2026091900,459,1.1311993622837242,-2.3417512589727636,0.98,0.07,0.23020442210173406
0.04,2026091900,460,1.2283075063612556,-2.1494862269685298,0.96,0.09,0.19312548373140473
0.04,2026091900,461,1.1599476177425583,-2.2307185236407054,0.98,0.05,0.19639967334798572
0.04,2026091900,462,0.8974799620367834,-2.1141968835419522,0.98,0.04,0.1935741989224941
0.04,2026091900,463,1.0101746047905131,-2.189990120355797,0.97,0.06,0.200952893863898
0.04,2026091900,464,0.9526407674633697,-1.9903921438248935,0.98,0.1,0.23251127568662777
0.04,2026091900,465,1.086595345403025,-2.00778810116887,0.96,0.09,0.18076780974341985
0.04,2026091900,466,0.9418368245994574,-2.102824512413285,0.96,0.08,0.2117617151642876
0.04,2026091900,467,0.9833307899946252,-2.086841777578382,0.96,0.03,0.16395373336873825
0.04,2026091900,468,1.0249169005637366,-2.072857684279683,0.99,0.08,0.24524493326379182
0.04,2026091900,469,1.0379047480923818,-2.2193757853046976,0.98,0.04,0.2553707345528219
0.04,2026091900,470,1.1706318821319488,-2.20078113901392,0.96,0.04,0.2083781773786714
0.04,2026091900,471,0.9493182371738729,-2.1579572088383863,1.0,0.11,0.1896039642149971
0.04,2026091900,472,0.8903075125941404,-1.7796487359879873,0.95,0.12,0.17419694003783895
0.04,2026091900,473,1.3006273432614153,-2.1704790051415785,0.99,0.04,0.23440519401179866
0.04,2026091900,474,1.0195942194999572,-2.0398237929996834,0.98,0.06,0.18824320748816842
0.04,2026091900,475,1.0404562287150807,-2.1296014087154806,0.98,0.08,0.20669382764093258
0.04,2026091900,476,1.0086407022302013,-2.0991586517030605,0.94,0.1,0.19043371991738017
0.04,2026091900,477,1.059782655970068,-2.1185983299619333,0.99,0.13,0.23013512356722607
0.04,2026091900,478,1.0909374026035823,-2.0507813855247603,0.97,0.08,0.22674311184670828
0.04,2026091900,479,1.0832670695670685,-2.14801122562941,0.97,0.07,0.2054306133163024
0.04,2026091900,480,1.165788362869074,-2.2231147512623752,0.96,0.06,0.21029970729555647
0.04,2026091900,481,1.1694070340431906,-2.238892651633513,0.95,0.09,0.23003990118576098
0.04,2026091900,482,1.0480288956488053,-2.099543086669394,0.99,0.05,0.22100727857748897
0.04,2026091900,483,1.2187344483186717,-2.1990621164316995,0.97,0.05,0.1974884230410776
0.04,2026091900,484,1.144517992883212,-2.3084010856079558,0.99,0.08,0.22128262173631497
0.04,2026091900,485,1.186331113757437,-2.3439976474688207,0.98,0.04,0.17931792271868344
0.04,2026091900,486,0.9594608555885229,-2.148219572436858,0.97,0.05,0.22645987096596717
0.04,2026091900,487,1.1094802926141167,-2.2605490297432693,0.96,0.1,0.1900505504010135
0.04,2026091900,488,1.1504195339314849,-2.069785915560003,0.99,0.06,0.23711922174424988
0.04,2026091900,489,1.0520276779936102,-2.1072814346301714,1.0,0.09,0.21675040569968737
0.04,2026091900,490,0.751463082358059,-2.0484754531738147,0.98,0.05,0.20660351002603097
0.04,2026091900,491,0.9417928783007283,-2.2070666995664876,0.98,0.04,0.17702777963403327
0.04,2026091900,492,0.9500472740230661,-2.020027753022699,0.97,0.04,0.23767053879672734
0.04,2026091900,493,0.9303157973807226,-2.118935199331398,0.97,0.11,0.20260114975300142
0.04,2026091900,494,1.0436112461381557,-2.1507189129211253,0.98,0.07,0.19049290809032016
0.04,2026091900,495,0.8999199492053539,-2.048560338935506,0.98,0.04,0.22814650968969377
0.04,2026091900,496,0.9764172992083278,-2.0724497209789865,0.98,0.08,0.20032852661878198
0.04,2026091900,497,1.0828224125473667,-2.095228102443242,0.99,0.07,0.1892861040842317
0.04,2026091900,498,1.080483663971557,-2.270535275225087,0.99,0.08,0.207126693835339
0.04,2026091900,499,1.1015085009598744,-2.1423694278426475,0.97,0.01,0.20758909216303756
0.06,2026091900,0,1.023355404073171,-1.8124788016173816,0.88,0.06,0.19968758142225826
0.06,2026091900,1,0.9178427471872016,-1.7215640836428023,0.9,0.04,0.2659252994819817
0.06,2026091900,2,0.7991780064575233,-1.9002414645753112,0.91,0.08,0.2591595841204814
0.06,2026091900,3,0.7196824465943013,-1.8099722788142494,0.94,0.08,0.2181975131339697
0.06,2026091900,4,1.1055978569660572,-1.9165591222656233,0.93,0.05,0.2477110437375982
0.06,2026091900,5,0.8499716212585023,-1.8905079610431097,0.97,0.09,0.23721672376805875
0.06,2026091900,6,0.9377353825655378,-1.9657856816080344,0.95,0.07,0.26326856122976755
0.06,2026091900,7,0.8904115948661082,-1.8507791758804601,0.95,0.12,0.22643586351972916
0.06,2026091900,8,0.8316772991375437,-1.6971942759081184,0.92,0.09,0.2245000054240478
0.06,2026091900,9,0.7663031978503873,-1.8876077946438088,0.96,0.09,0.22702691374693212
0.06,2026091900,10,1.0003086687635467,-1.9797724661606364,0.94,0.12,0.2557264350366551
0.06,2026091900,11,0.8101014310878211,-1.880299947762107,0.93,0.09,0.24077320589683787
0.06,2026091900,12,1.1128998551428246,-1.8544493105711772,0.93,0.07,0.20508002924282376
0.06,2026091900,13,0.8806135980821592,-1.7692168021703438,0.91,0.05,0.23503754643531924
0.06,2026091900,14,0.7597798908793183,-1.7171488500222727,0.92,0.08,0.21819106918777315
0.06,2026091900,15,1.081628692686027,-1.9520533853031756,0.97,0.1,0.22493169854257822
0.06,2026091900,16,1.0847819463445656,-1.8088236574247574,0.95,0.08,0.20848803630880042
0.06,2026091900,17,0.9601360822538686,-1.8304999609297297,0.92,0.08,0.1971129377819979
0.06,2026091900,18,0.8387788134147144,-1.679273802264587,0.9,0.06,0.2406320824210348
0.06,2026091900,19,0.8606633778164333,-2.1489736552767584,0.93,0.03,0.20791500600149387
0.06,2026091900,20,0.9705276362302315,-1.8706128728850604,0.93,0.11,0.23569000673528823
0.06,2026091900,21,1.040452040399333,-1.8386819462589563,0.95,0.11,0.22225960696731525
0.06,2026091900,22,0.96145669552176,-1.8824385909964543,0.97,0.11,0.23155997482272217
0.06,2026091900,23,0.9193031237447586,-1.8985151068978745,0.88,0.12,0.2338105405508192
0.06,2026091900,24,0.8303972437939072,-1.8499489139013476,0.94,0.09,0.24997002647685448
0.06,2026091900,25,0.8747410417493517,-1.8362556306060978,0.92,0.07,0.23130985707687887
0.06,2026091900,26,0.6595919699972499,-1.8790325539427286,0.93,0.09,0.2127847519287224
0.06,2026091900,27,0.7626430703379097,-1.733879505073973,0.94,0.1,0.20878885170039607
0.06,2026091900,28,1.1502281622098474,-1.991340909246634,0.95,0.05,0.21189182418799438
0.06,2026091900,29,0.9002759403367431,-1.7100656856651775,0.89,0.08,0.23098520430496183
0.06,2026091900,30,0.7582350240809957,-1.6196780538544928,0.91,0.07,0.25428654434353876
0.06,2026091900,31,0.7208220938534429,-1.789940597624135,0.9,0.09,0.22465509381407064
0.06,2026091900,32,0.9399353517780057,-1.8096361266228742,0.92,0.07,0.23500019758549964
0.06,2026091900,33,0.8501786509283583,-1.820370301770559,0.97,0.1,0.2129770141204004
0.06,2026091900,34,0.6593048418941027,-1.7086645449734812,0.92,0.07,0.2299246682527768
0.06,2026091900,35,0.8360186834376951,-1.7431349147917892,0.92,0.07,0.2305808445087628
0.06,2026091900,36,0.9799805558551671,-1.8309862598506788,0.95,0.09,0.2076957186248266
0.06,2026091900,37,1.09910570790178,-2.090252849236984,0.96,0.05,0.22498193495521052
0.06,2026091900,38,0.9608189286799507,-1.8609181293600114,0.91,0.04,0.2683536073005302
0.06,2026091900,39,0.5551448694514779,-1.537048332408987,0.9,0.04,0.23714770063216473
0.06,2026091900,40,1.003472676475615,-1.965474864243403,0.98,0.08,0.22990343489161294
0.06,2026091900,41,0.859990475957745,-1.711759649380722,0.86,0.08,0.21875994338300717
0.06,2026091900,42,1.029165736820025,-2.0593655144008314,0.92,0.06,0.23882681571485642
0.06,2026091900,43,1.1425695072674802,-1.90744141849693,0.97,0.08,0.25936473972622176
0.06,2026091900,44,0.8865116121176506,-1.9870066696170547,0.93,0.07,0.2720300034611573
0.06,2026091900,45,0.964685217680843,-1.7285902754994669,0.89,0.12,0.24526376492290022
0.06,2026091900,46,0.9209973568707784,-1.8918200457207042,0.92,0.1,0.25698098503348205
0.06,2026091900,47,1.0089809674279762,-1.9395559701959098,0.93,0.08,0.1997007589057853
0.06,2026091900,48,0.8504744393649248,-1.8800584899641601,0.92,0.05,0.2290343509814915
0.06,2026091900,49,0.85647375622508,-1.9437874892839517,0.92,0.07,0.221424904126414
0.06,2026091900,50,0.8405589772192407,-1.8459759009166645,0.94,0.09,0.2469533164470087
0.06,2026091900,51,1.0972650856525896,-1.820998484789066,0.91,0.07,0.2537280190745025
0.06,2026091900,52,0.9092029057508997,-1.739388411534672,0.89,0.04,0.2267930368135688
0.06,2026091900,53,0.830476786156267,-1.6919831136853098,0.94,0.11,0.2269273445348544
0.06,2026091900,54,0.7384078404456903,-1.8193647251343474,0.92,0.11,0.22969801985642047
0.06,2026091900,55,0.9605801928740136,-1.901098326110451,0.91,0.08,0.20655232891710604
0.06,2026091900,56,0.9673047870378033,-1.9985431628661994,0.95,0.08,0.20718324156091522
0.06,2026091900,57,0.8989510824159269,-1.889742141642821,0.93,0.08,0.21509557062576715
0.06,2026091900,58,1.029171545213923,-1.7893773575176786,0.89,0.09,0.2054362504609538
0.06,2026091900,59,0.8734739491151795,-1.8059800200344045,0.99,0.09,0.24075991137425112
0.06,2026091900,60,0.9384819427709467,-1.820145680526026,0.94,0.12,0.22523689911481995
0.06,2026091900,61,1.0614094061766912,-1.7899530518982487,0.92,0.03,0.20083270898941843
0.06,2026091900,62,0.9894691610286571,-2.081153205263123,0.96,0.07,0.2409042622368304
0.06,2026091900,63,0.9773423931076998,-1.918485459646555,0.92,0.11,0.2058798508878991
0.06,2026091900,64,0.8621979404249788,-1.881723457680802,0.93,0.07,0.24753428612229617
0.06,2026091900,65,0.9503074444931053,-1.9595071314573616,0.93,0.07,0.25312665392527367
0.06,2026091900,66,0.8911831742171329,-1.9512713099660195,0.92,0.11,0.25753203073823633
0.06,2026091900,67,1.0499403841667512,-1.9680499789668744,0.94,0.07,0.24289476256813708
0.06,2026091900,68,0.8563977687775316,-1.7321419035380174,0.87,0.14,0.24150848186005297
0.06,2026091900,69,1.0403306764081843,-1.8206714501554242,0.93,0.11,0.23965648009909313
0.06,2026091900,70,1.0280365364139932,-1.9868589040987399,0.93,0.1,0.22263058819134365
0.06,2026091900,71,0.8093059792497919,-2.0000122893335073,0.95,0.04,0.1840871437411956
0.06,2026091900,72,1.058543439016657,-2.1593473639086613,0.95,0.05,0.20957916557921608
0.06,2026091900,73,0.9111976796985698,-1.7480829785942347,0.89,0.11,0.2245006942782636
0.06,2026091900,74,1.0506846264428915,-1.870745107016461,0.94,0.1,0.2387256590727819
0.06,2026091900,75,0.910228010352765,-1.7193654010019592,0.93,0.09,0.2541016700557605
0.06,2026091900,76,0.9188576399898927,-1.7973018964314795,0.87,0.05,0.23478954071132757
0.06,2026091900,77,1.109730229607346,-2.032316031167303,0.92,0.03,0.20952280786158883
0.06,2026091900,78,0.9507161040620415,-1.7800270925881447,0.92,0.09,0.25845544976963075
0.06,2026091900,79,1.0598771399082343,-1.9493639165724184,0.95,0.1,0.22855613218499815
0.06,2026091900,80,0.8604902041853427,-1.8190452590573472,0.97,0.07,0.26321963177264923
0.06,2026091900,81,0.8295917002963178,-1.5603863263744173,0.9,0.16,0.23026885571416295
0.06,2026091900,82,0.8292055004604549,-1.7999890023778529,0.94,0.06,0.21006782581774505
0.06,2026091900,83,0.8125995943411057,-1.6936081345782807,0.93,0.11,0.24056492338793561
0.06,2026091900,84,1.0286376946464266,-1.9082053763873885,0.94,0.08,0.2170209164791736
0.06,2026091900,85,0.67551495545148,-1.7326256326393845,0.89,0.11,0.23257512979973613
0.06,2026091900,86,1.0123329126339824,-1.9432918634248333,0.95,0.1,0.20967143875470104
0.06,2026091900,87,0.7670370932176366,-1.9693613245991666,0.97,0.05,0.24025555554762856
0.06,2026091900,88,0.8766671341454035,-1.8789152711750747,0.93,0.07,0.18103633892358986
0.06,2026091900,89,0.7984332427815258,-1.7383531345816485,0.94,0.1,0.250493669067479
0.06,2026091900,90,0.6931204641978617,-1.7574167828522587,0.89,0.05,0.2387314523457135
0.06,2026091900,91,1.0726474583024086,-2.062735770488974,0.94,0.09,0.23568820840017607
0.06,2026091900,92,0.6991093708464807,-1.7180387881791657,0.92,0.11,0.23382701999008035
0.06,2026091900,93,0.9092461518710292,-1.8588689975448551,0.92,0.05,0.2407148085916471
0.06,2026091900,94,0.8809098514416798,-1.890454606400206,0.94,0.05,0.2439448673692896
0.06,2026091900,95,0.9317014207332825,-1.7757267608409264,0.93,0.07,0.2351138032633631
0.06,2026091900,96,0.9926823016502131,-2.046313002434351,0.95,0.05,0.2505214859816025
0.06,2026091900,97,0.7801197015093537,-1.7394617047639125,0.95,0.06,0.24859256728329776
0.06,2026091900,98,0.8729280746805296,-1.9438355350348624,0.96,0.08,0.21870811126676085
0.06,2026091900,99,0.9401101011867036,-1.830334548211409,0.94,0.08,0.26368117897371746
0.06,2026091900,100,0.8409769850063172,-1.7782520152785652,0.91,0.09,0.2566086173379693
0.06,2026091900,101,0.9153545332331453,-1.799354535615593,0.9,0.1,0.2297874781616948
0.06,2026091900,102,0.7102400524549669,-1.6802193702673875,0.93,0.05,0.23408284926234948
0.06,2026091900,103,0.9424348680737166,-1.9102769704568405,0.92,0.03,0.2301963957554217
0.06,2026091900,104,0.8305131012802256,-1.5611273784202202,0.93,0.1,0.23997198810290254
0.06,2026091900,105,0.998352281699505,-1.928375203624465,0.94,0.08,0.23947707388697606
0.06,2026091900,106,0.8901943533488127,-1.819736991731138,0.89,0.08,0.22856126919268746
0.06,2026091900,107,0.9804908388491268,-1.8610640589370138,0.95,0.08,0.2457228533858863
0.06,2026091900,108,0.8611295447869367,-1.6492482490494553,0.9,0.05,0.2603982627848488
0.06,2026091900,109,0.791061729021127,-1.7880430121422628,0.92,0.08,0.24143273796458686
0.06,2026091900,110,0.9196935989354624,-1.998914726999975,0.97,0.08,0.21335664407083305
0.06,2026091900,111,0.840050352262341,-1.727005970846349,0.86,0.1,0.26189264013444863
0.06,2026091900,112,0.851109814028086,-1.7707727904481896,0.88,0.04,0.19465542563422875
0.06,2026091900,113,0.7593099570794398,-1.7585547892028373,0.93,0.1,0.24782758275058217
0.06,2026091900,114,0.9727620714625794,-1.7208341793097413,0.95,0.12,0.23840707659681595
0.06,2026091900,115,1.0774687834727972,-1.822688966720813,0.91,0.08,0.2400622169867053
0.06,2026091900,116,0.9116350385369428,-1.7911670905768573,0.94,0.08,0.25071227695703563
0.06,2026091900,117,1.060576878751105,-1.828725766782687,0.93,0.07,0.2077842616474545
0.06,2026091900,118,0.9412317306779326,-1.9612304658966255,0.97,0.07,0.24165293560647907
0.06,2026091900,119,0.8440215460857801,-1.6060141073776026,0.89,0.07,0.24518023071756279
0.06,2026091900,120,0.9236593081870177,-1.8755663843921877,0.93,0.03,0.24953340006556626
0.06,2026091900,121,1.0386495438538488,-1.9886265783808759,0.97,0.14,0.2387267320319027
0.06,2026091900,122,0.7700768925242616,-1.516345240480966,0.86,0.11,0.2602013584166668
0.06,2026091900,123,0.6803855839739363,-1.671861767561418,0.89,0.08,0.2091448181929436
0.06,2026091900,124,0.9900875279409328,-1.8902698617196372,0.92,0.06,0.2377159160256679
0.06,2026091900,125,0.9202490085802358,-1.7299103260991675,0.96,0.13,0.2245420860343033
0.06,2026091900,126,0.9494824420223295,-1.9502096056870009,0.97,0.12,0.2157860813339346
0.06,2026091900,127,0.791083634843654,-1.8467230531574876,0.94,0.05,0.23746822518711094
0.06,2026091900,128,0.8481900383020629,-1.5179165153278837,0.91,0.12,0.20556841540744775
0.06,2026091900,129,1.0797482308850173,-2.0412285658314993,0.94,0.07,0.21901516215781242
0.06,2026091900,130,0.7396915883526678,-1.6551034103402762,0.9,0.07,0.25549637005786385
0.06,2026091900,131,0.8172981912687254,-1.8674913373654258,0.9,0.11,0.21094528207419677
0.06,2026091900,132,1.0904814099506204,-1.870886656070884,0.9,0.08,0.23569398000738884
0.06,2026091900,133,0.989380112651777,-1.9005237791898009,0.89,0.05,0.23723501248285317
0.06,2026091900,134,0.8277870359393618,-1.7124000405297792,0.93,0.09,0.2528251581771725
0.06,2026091900,135,0.9812324626910963,-2.0814101792954722,0.95,0.06,0.23821537156983788
0.06,2026091900,136,1.1208438439395707,-1.9105462392177603,0.94,0.09,0.24132531921716927
0.06,2026091900,137,0.8804891672790838,-1.6786934234922228,0.91,0.07,0.23066336525785044
0.06,2026091900,138,1.174056511998599,-1.976758631529127,0.95,0.12,0.25377671391231654
0.06,2026091900,139,0.9044585322915413,-1.9139969103231151,0.95,0.13,0.24734338847164405
0.06,2026091900,140,0.9032031986069998,-1.888063459396066,0.91,0.06,0.21822984294361578
0.06,2026091900,141,0.9794779665929851,-1.8220123624877365,0.95,0.11,0.25018763839725117
0.06,2026091900,142,0.8851448985140185,-1.98231632243014,0.96,0.1,0.22657527928514354
0.06,2026091900,143,1.028854121534612,-1.6784505058271701,0.91,0.14,0.25905977772253425
0.06,2026091900,144,1.0749709535404977,-1.9808388455572108,0.92,0.1,0.19549288503395224
0.06,2026091900,145,0.9373473384300942,-1.9168806764504793,0.9,0.06,0.2580451345793243
0.06,2026091900,146,0.9010694598027655,-1.7295778970088915,0.95,0.15,0.24774111833881596
0.06,2026091900,147,1.0223210970025267,-1.9171328030728463,0.92,0.08,0.1974601016168239
0.06,2026091900,148,0.9109647465716751,-1.8606907636463128,0.94,0.05,0.24068125873975277
0.06,2026091900,149,0.7516282910965028,-1.8499297023838068,0.94,0.07,0.2438584804659063
0.06,2026091900,150,0.8487669747377713,-1.8777007959361094,0.93,0.12,0.20609718387937442
0.06,2026091900,151,1.0011315504173814,-1.8316708875813743,0.92,0.06,0.25595954555429085
0.06,2026091900,152,0.9800612513677094,-1.8298473262669936,0.92,0.04,0.2202463216845051
0.06,2026091900,153,0.9214368050609003,-1.8109241134741945,0.91,0.04,0.242625977890488
0.06,2026091900,154,1.1835530499325966,-1.8382664581962282,0.94,0.1,0.23496318922634973
0.06,2026091900,155,0.8505702141539819,-1.8084395462318466,0.93,0.1,0.22940954449701056
0.06,2026091900,156,1.0292043345894302,-1.8001115463206987,0.91,0.1,0.22287646976759862
0.06,2026091900,157,0.8637510046696582,-1.860736142521822,0.96,0.09,0.22319331416221908
0.06,2026091900,158,0.7173440339662414,-1.60252905395926,0.95,0.12,0.27314451478902213
0.06,2026091900,159,0.8888508079488237,-1.8581187283283171,0.93,0.03,0.2082001303185855
0.06,2026091900,160,0.9948314506408243,-2.047416573484477,0.94,0.06,0.2262282545208112
0.06,2026091900,161,0.9097971439956528,-1.6799485390595013,0.91,0.12,0.2598358755899595
0.06,2026091900,162,0.9181639917565484,-1.8384913398147378,0.91,0.07,0.23463125798126583
0.06,2026091900,163,0.9295311978033083,-1.9492313279482305,0.92,0.1,0.21490670826795863
0.06,2026091900,164,1.0530451792909357,-1.9574854317498163,0.95,0.08,0.258016190773567
0.06,2026091900,165,0.8396158423720967,-1.879371822484874,0.91,0.08,0.2729845646839475
0.06,2026091900,166,0.8199591076086519,-1.7707840146731426,0.93,0.12,0.22187703179446042
0.06,2026091900,167,0.8806523452485671,-1.83135949449299,0.95,0.11,0.24980219983686336
0.06,2026091900,168,0.8260277174274917,-1.9153562647031057,0.93,0.06,0.23840158701516953
0.06,2026091900,169,1.0117032875372332,-2.030778148403136,0.97,0.09,0.2551939250720674
0.06,2026091900,170,0.8990115930125584,-1.889518773783889,0.96,0.06,0.1892574798509116
0.06,2026091900,171,0.7906519320673832,-1.7289208562150546,0.9,0.05,0.21852116914785957
0.06,2026091900,172,1.1105414713212125,-1.7496450198417972,0.9,0.05,0.2182354585559433
0.06,2026091900,173,0.9327950639992533,-2.037714298462356,0.93,0.06,0.24694828988151638
0.06,2026091900,174,1.2509009146655803,-1.9886515933264683,0.96,0.09,0.24513113145363868
0.06,2026091900,175,0.90172237633799,-1.68115834651305,0.88,0.03,0.23035791362627875
0.06,2026091900,176,0.8892824201069496,-1.8801550687560882,0.95,0.11,0.226308009001871
0.06,2026091900,177,0.9770122068030063,-1.9156135434062533,0.96,0.11,0.20420368059674396
0.06,2026091900,178,1.0005596553678109,-1.78902470321578,0.9,0.07,0.23785058385890206
0.06,2026091900,179,0.796867702166333,-1.9445042989885355,0.95,0.06,0.22813357390532482
0.06,2026091900,180,0.6400552040054334,-1.5595830604013707,0.88,0.07,0.22645228799145334
0.06,2026091900,181,0.7406429212069705,-1.9242672021331635,0.92,0.06,0.2057937919897259
0.06,2026091900,182,0.8407145613698505,-1.8343736124126624,0.94,0.11,0.2628590951011083
0.06,2026091900,183,1.161412113322431,-2.206630762840858,0.97,0.04,0.2557037200022015
0.06,2026091900,184,0.8415243319373873,-1.8837232886015494,0.91,0.08,0.22631329635769876
0.06,2026091900,185,0.9105213524303507,-1.8384191665430543,0.95,0.05,0.22666841240310248
0.06,2026091900,186,0.8113009220983372,-1.79095293056964,0.93,0.04,0.22983593522306445
0.06,2026091900,187,0.9897069846105695,-2.0014270087685753,0.93,0.08,0.22122048516186413
0.06,2026091900,188,0.986389186283482,-1.8237174489734338,0.88,0.15,0.25219423140106545
0.06,2026091900,189,0.9230914901032018,-1.7715623468001538,0.89,0.1,0.29322244821924026
0.06,2026091900,190,0.7451546773231962,-1.7835389776455568,0.85,0.04,0.2130297682071943
0.06,2026091900,191,0.9210586684784537,-1.971027497207817,0.95,0.04,0.2308206569276965
0.06,2026091900,192,1.0002912660936045,-1.8077913360605395,0.93,0.05,0.25784998526926595
0.06,2026091900,193,0.9186195349007729,-1.7902864185128642,0.95,0.09,0.24404083511613897
0.06,2026091900,194,0.8970874463869244,-1.853812034939859,0.91,0.08,0.2604483968299526
0.06,2026091900,195,1.0195687873003145,-1.9199816437497115,0.92,0.06,0.2554082470767874
0.06,2026091900,196,0.8882820405696844,-1.7997715606464397,0.96,0.13,0.20547965260029996
0.06,2026091900,197,1.061078119722668,-1.790370401690289,0.93,0.1,0.26483415102566943
0.06,2026091900,198,0.8872083938862525,-1.9191262256697508,0.94,0.11,0.21982857461743038
0.06,2026091900,199,0.8280980237816012,-1.8478272581931168,0.93,0.1,0.22815075215479766
0.06,2026091900,200,1.0370636783925493,-1.88450133689759,0.91,0.07,0.20446089899489406
0.06,2026091900,201,1.1307058089458908,-1.9891094552764053,0.94,0.07,0.24215678938589963
0.06,2026091900,202,0.6916341044751668,-1.7626583863796643,0.92,0.1,0.26097702343671597
0.06,2026091900,203,0.9213173999406586,-1.7611953895039196,0.96,0.16,0.20678145671061177
0.06,2026091900,204,0.8366139047518303,-1.8088979045436009,0.92,0.07,0.23543909084500886
0.06,2026091900,205,1.022957613014119,-2.0160294134328227,0.96,0.06,0.24579712070373338
0.06,2026091900,206,0.9400543600137681,-1.7509146886710374,0.98,0.1,0.21562314599770352
0.06,2026091900,207,0.859812476027484,-1.6989995317914137,0.88,0.14,0.23849531387858758
0.06,2026091900,208,1.0501484718731735,-2.009507973242343,0.95,0.13,0.2050043682751931
0.06,2026091900,209,0.9793078336657228,-1.9203275299575109,0.95,0.11,0.22879906459223887
0.06,2026091900,210,0.6786359781050696,-1.7203680948385554,0.94,0.13,0.23923685111076132
0.06,2026091900,211,1.070631373142203,-1.813003615907113,0.96,0.06,0.27581402214275363
0.06,2026091900,212,0.9453303180253407,-1.6537495209585926,0.89,0.11,0.21433130143812235
0.06,2026091900,213,0.800790988996028,-1.44032807415899,0.89,0.12,0.21899520937101527
0.06,2026091900,214,0.9001797106165605,-1.9697835399977297,0.94,0.1,0.18415672428031118
0.06,2026091900,215,0.9213576580061732,-1.7690409803255025,0.94,0.04,0.23790760562883037
0.06,2026091900,216,0.8095760911843963,-1.5795812732587728,0.88,0.05,0.23217886019272438
0.06,2026091900,217,0.8700555035399573,-1.9593203542522786,0.93,0.08,0.21318369331794862
0.06,2026091900,218,0.85890412980003,-1.9502414608678398,0.94,0.08,0.2635481187568095
0.06,2026091900,219,0.8793933027472672,-1.7016115976545305,0.92,0.08,0.24810823859523637
0.06,2026091900,220,0.9977143366584115,-1.7365364015164295,0.95,0.1,0.23224871838521685
0.06,2026091900,221,0.6653164466199019,-1.8410048520459008,0.93,0.11,0.2328860996383997
0.06,2026091900,222,0.9297865088420852,-1.8476004206605017,0.96,0.14,0.21128231450544763
0.06,2026091900,223,0.9595005742826743,-1.8991590919840116,0.88,0.03,0.19676078136235592
0.06,2026091900,224,0.9970392452890604,-1.7245624287320769,0.95,0.18,0.2689558929103697
0.06,2026091900,225,1.0471169407142018,-1.8905355849318992,0.94,0.08,0.2153533624498178
0.06,2026091900,226,0.9501020045940382,-2.0395401231187744,0.96,0.09,0.2575515164175467
0.06,2026091900,227,0.9404590934953414,-2.0397257270031877,0.94,0.07,0.22524364862292476
0.06,2026091900,228,0.7899491798338322,-1.6198535560679799,0.89,0.1,0.24798632985971725
0.06,2026091900,229,0.936915742162838,-1.8232510538454687,0.91,0.07,0.20574203501024801
0.06,2026091900,230,0.7210449737645966,-1.7297481859139572,0.93,0.04,0.22965160852319458
0.06,2026091900,231,1.0202100412255772,-1.9301261586088385,0.98,0.14,0.22292295185814098
0.06,2026091900,232,0.7818966390692325,-1.7893412550098895,0.94,0.14,0.27463068611403035
0.06,2026091900,233,1.0500183510967525,-1.8803512313149415,0.92,0.07,0.25802259084994295
0.06,2026091900,234,0.8805597003553433,-1.639687794765917,0.89,0.07,0.21722921017010283
0.06,2026091900,235,0.9119468158688665,-1.6725838115540839,0.93,0.1,0.23396858076014884
0.06,2026091900,236,0.8192321544840798,-1.6187070926320621,0.87,0.08,0.20337041369288386
0.06,2026091900,237,1.2703443656356632,-1.9603818812460185,0.97,0.09,0.2454324186966439
0.06,2026091900,238,1.1397329293436758,-2.0894679644696663,0.95,0.05,0.24019122389439193
0.06,2026091900,239,0.7802189753468809,-1.881257660226308,0.97,0.09,0.21763315560567836
0.06,2026091900,240,1.0270302712181945,-2.0543487325517686,0.93,0.06,0.20078629106468449
0.06,2026091900,241,0.8098421898898752,-1.9117563990126814,0.91,0.1,0.2123526791292724
0.06,2026091900,242,0.825081019000655,-1.8316672132534262,0.9,0.06,0.23295390054301685
0.06,2026091900,243,0.9090014455430085,-1.8401496025040394,0.92,0.1,0.2324345504094125
0.06,2026091900,244,1.0282893572704461,-1.968712221333316,0.94,0.08,0.20671757315325523
0.06,2026091900,245,0.8292686414712829,-2.060334665615468,0.95,0.08,0.22140601527976364
0.06,2026091900,246,1.0319257196622165,-1.9308090785452154,0.95,0.12,0.24686028134475213
0.06,2026091900,247,1.029832880101868,-1.8101710005081353,0.94,0.09,0.27345051212647975
0.06,2026091900,248,0.8588858647762538,-1.7790824193731936,0.9,0.08,0.23283673810808853
0.06,2026091900,249,0.7831501595119928,-1.7265180907833824,0.93,0.08,0.22635700393529773
0.06,2026091900,250,0.8706845688523448,-1.7022295492556727,0.89,0.07,0.23779377165618765
0.06,2026091900,251,1.011950170189467,-1.9314002837624245,0.96,0.08,0.20978113057555173
0.06,2026091900,252,0.7395434824885673,-1.8593135979721764,0.95,0.1,0.20427430855172954
0.06,2026091900,253,0.9096289408565517,-1.8300834256878167,0.91,0.03,0.2394381829972824
0.06,2026091900,254,1.011818589896797,-1.8821721928456376,0.9,0.06,0.25778347923939215
0.06,2026091900,255,0.8793042867475421,-1.849895166524686,0.96,0.1,0.21967591334724168
0.06,2026091900,256,0.7883286427008512,-1.818678183072109,0.92,0.08,0.24825833789587504
0.06,2026091900,257,0.8287883817389001,-1.7944853591762924,0.9,0.09,0.2259216030220863
0.06,2026091900,258,0.999464296820304,-1.8698820499719762,0.96,0.04,0.2298573114613281
0.06,2026091900,259,1.080682833565644,-1.8785135673856963,0.93,0.05,0.2622627550683962
0.06,2026091900,260,0.9105646273790035,-1.9997018900703014,0.93,0.07,0.23363971737995493
0.06,2026091900,261,0.8623172002038214,-1.8032447900024373,0.93,0.09,0.245180907021121
0.06,2026091900,262,0.8011342328820475,-1.8201536991546852,0.93,0.04,0.18972824278845962
0.06,2026091900,263,0.9484112777759354,-2.035013807493568,0.97,0.06,0.2160469576570199
0.06,2026091900,264,0.8901950543683538,-1.839026910928732,0.94,0.07,0.21616664749097209
0.06,2026091900,265,0.9177888334879627,-1.8725328574964835,0.9,0.07,0.2342205642297841
0.06,2026091900,266,0.8566166646858978,-1.854301308303253,0.95,0.14,0.21407369087954045
0.06,2026091900,267,1.0497461617073283,-1.9889254863861214,0.94,0.08,0.2573169959416939
0.06,2026091900,268,0.9907556828028988,-1.9409649574330916,0.96,0.08,0.226788172085878
0.06,2026091900,269,0.968287327947146,-1.8601214057296973,0.92,0.11,0.2359612153679661
0.06,2026091900,270,1.0592358076625523,-1.9800523310601512,0.91,0.07,0.2421067802144327
0.06,2026091900,271,0.860934884416531,-1.932074478028093,0.93,0.04,0.23577616741555482
0.06,2026091900,272,0.8110857756736497,-1.779921391373191,0.91,0.06,0.21760755104728913
0.06,2026091900,273,1.0072538512357376,-1.8142773515994461,0.93,0.11,0.21680778115415425
0.06,2026091900,274,0.7192418867153892,-1.8686295534669484,0.94,0.07,0.24348043549674628
0.06,2026091900,275,0.9403241985737629,-1.8209039563607539,0.88,0.06,0.19979743837023045
0.06,2026091900,276,0.8742867299135209,-1.9814828330075926,0.94,0.06,0.2264839047311569
0.06,2026091900,277,0.9087562902482814,-1.8415172344241353,0.93,0.06,0.26677611850832433
0.06,2026091900,278,0.9897301771976232,-1.9403014897744342,0.96,0.14,0.21577754471866342
0.06,2026091900,279,0.9015765026328456,-1.8418922210588498,0.93,0.05,0.2448388314881863
0.06,2026091900,280,0.7902922188346417,-1.739724372150627,0.91,0.08,0.24794317430135668
0.06,2026091900,281,0.8790515277959403,-1.7601888282909488,0.92,0.15,0.22189972312345532
0.06,2026091900,282,1.214464064571431,-2.1678889053495887,0.97,0.05,0.24492601948823622
0.06,2026091900,283,1.174158935258595,-2.0023415826528015,0.95,0.12,0.23231652680429074
0.06,2026091900,284,0.7910817265069988,-1.70129634648214,0.93,0.14,0.22605687456054657
0.06,2026091900,285,1.0497242084131273,-1.8311029449435479,0.94,0.05,0.24579672806001113
0.06,2026091900,286,0.9706233879982724,-1.9904318697944468,0.95,0.06,0.2598166073197824
0.06,2026091900,287,1.0697158695912456,-2.039686716748222,0.97,0.09,0.20602945129243472
0.06,2026091900,288,0.7109975543976301,-1.9015527941363022,0.96,0.09,0.21680838943106961
0.06,2026091900,289,0.7592807407725282,-1.8089770768663715,0.93,0.13,0.24066552902186097
0.06,2026091900,290,0.8811006730126059,-1.797128417583048,0.92,0.07,0.24244690147505873
0.06,2026091900,291,1.0118335994107561,-1.8916805469489824,0.98,0.09,0.23506945715823446
0.06,2026091900,292,1.035486316342583,-1.8038126319276027,0.92,0.05,0.25339971668379824
0.06,2026091900,293,1.0108639769546008,-1.9304163430550805,0.93,0.08,0.24453740036485017
0.06,2026091900,294,0.8206635850245201,-1.8803604179795437,0.94,0.08,0.2331760288812376
0.06,2026091900,295,0.5690635361116159,-1.60970322404707,0.87,0.07,0.2506610674814389
0.06,2026091900,296,0.9094973458385378,-1.9899000285541648,0.97,0.09,0.24070382715695599
0.06,2026091900,297,0.8399095159460127,-1.860276106370086,0.89,0.03,0.20897864820142675
0.06,2026091900,298,0.9686751505768103,-1.9899614002348034,0.92,0.06,0.22680995571909918
0.06,2026091900,299,1.0200999518774303,-2.0003082162224,0.92,0.07,0.21589083719420132
0.06,2026091900,300,1.0172832543021098,-1.8944772530491631,0.94,0.09,0.2537022179518258
0.06,2026091900,301,1.0385135820898928,-1.7178225433254621,0.92,0.1,0.23528501067219146
0.06,2026091900,302,0.8630824273353846,-1.6474736275303925,0.93,0.09,0.2492722764208589
0.06,2026091900,303,0.9472737733278913,-1.9322633245348104,0.92,0.08,0.23301482378346375
0.06,2026091900,304,0.9334064149974437,-1.837416549214452,0.94,0.09,0.22300574230058398
0.06,2026091900,305,0.8122960623685025,-1.6809746494345073,0.87,0.06,0.24523072012351185
0.06,2026091900,306,0.8191264747957816,-1.8594886949811757,0.91,0.08,0.23431592529950507
0.06,2026091900,307,0.8203002302304531,-1.8402988351955947,0.96,0.1,0.2477627579167917
0.06,2026091900,308,0.7570464724064097,-1.774595310984497,0.93,0.03,0.2207407979204953
0.06,2026091900,309,0.8952362622116885,-1.751843658503213,0.92,0.04,0.1835193289675956
0.06,2026091900,310,1.09291819707068,-1.7967340038400468,0.91,0.09,0.2503976320328272
0.06,2026091900,311,1.024920281730161,-1.7388492135926727,0.9,0.09,0.26027310236674034
0.06,2026091900,312,0.9006141103112416,-1.8909295952555707,0.95,0.07,0.2659545113809521
0.06,2026091900,313,0.6385210756433869,-1.7304154588642016,0.93,0.11,0.19857034618526587
0.06,2026091900,314,0.9852832260638544,-1.7586998979168231,0.91,0.07,0.2069125876099334
0.06,2026091900,315,0.771210425290951,-1.730572879897523,0.92,0.08,0.23679997697284716
0.06,2026091900,316,1.0093307622192331,-1.8703797348224631,0.93,0.1,0.23507689670009996
0.06,2026091900,317,1.0316463457936957,-1.9522925901635886,0.93,0.07,0.2178120950259117
0.06,2026091900,318,0.8246781207839178,-1.7267730227986198,0.93,0.12,0.24580485528807716
0.06,2026091900,319,0.7489285365518171,-1.8982989719662096,0.93,0.1,0.23410619919127135
0.06,2026091900,320,0.790991629018672,-1.6803076083065924,0.94,0.1,0.21288194479874545
0.06,2026091900,321,0.7795494438199058,-1.9008493712970502,0.96,0.07,0.2217299809341368
0.06,2026091900,322,0.9819540113186322,-1.7815938668415905,0.94,0.14,0.23420924955102534
0.06,2026091900,323,0.9273439159839802,-1.8206594230995519,0.96,0.07,0.22805147649265392
0.06,2026091900,324,0.7394370109477376,-1.6699880730665593,0.93,0.13,0.23705533252774735
0.06,2026091900,325,1.0400786703300395,-1.9902005931806404,0.97,0.1,0.20955609577652407
0.06,2026091900,326,0.769658834075358,-1.8695407837082947,0.95,0.11,0.22617486574328033
0.06,2026091900,327,0.9609605009918849,-1.8397329452475668,0.93,0.06,0.2549541152717687
0.06,2026091900,328,1.0699223466500805,-1.8714504492056125,0.94,0.12,0.2360142932640249
0.06,2026091900,329,0.8518513859506983,-1.7831594887570936,0.89,0.13,0.20774802292257066
0.06,2026091900,330,0.951494307098172,-1.9424091483712262,0.93,0.09,0.24552198809818754
0.06,2026091900,331,1.1561332004574927,-1.9244683024895874,0.92,0.07,0.24608763925099017
0.06,2026091900,332,1.0515489042368669,-1.7394603436610547,0.93,0.08,0.21563990454264242
0.06,2026091900,333,0.969060749897387,-1.809110496181614,0.92,0.09,0.23530495949371763
0.06,2026091900,334,0.9420444476515764,-1.8722936183761751,0.95,0.03,0.2510351518573366
0.06,2026091900,335,0.7336135830828485,-1.6173064200102494,0.88,0.09,0.20615659236122094
0.06,2026091900,336,0.830382011240006,-1.809894643135837,0.93,0.14,0.2340534840782016
0.06,2026091900,337,1.0021189686928624,-1.7412338708197523,0.91,0.04,0.24216375729045672
0.06,2026091900,338,1.091685679093007,-1.8869213052187808,0.91,0.09,0.23001341548798535
0.06,2026091900,339,0.8608366263064718,-1.8283934990514004,0.96,0.1,0.22723625154617008
0.06,2026091900,340,1.0164860279100119,-1.9123896720662517,0.95,0.1,0.25520015894085535
0.06,2026091900,341,0.8693101828927331,-1.9316549890923134,0.93,0.02,0.20913786847658983
0.06,2026091900,342,0.8885513251697793,-1.9496223552802656,0.95,0.06,0.23092759995170092
0.06,2026091900,343,0.9810072861396064,-1.8704606671759254,0.96,0.08,0.2031442859276899
0.06,2026091900,344,0.7316341990975629,-1.8005560418487656,0.91,0.07,0.22588064893233986
0.06,2026091900,345,1.0117282699900565,-2.0718794737807875,0.96,0.05,0.27270242171734943
0.06,2026091900,346,0.6461475653024169,-1.7228088046060173,0.91,0.07,0.26087523816239977
0.06,2026091900,347,1.063267593981854,-1.975663507439925,0.93,0.12,0.20598704997959189
0.06,2026091900,348,0.7071866035657179,-1.7182625596088308,0.9,0.07,0.22952409728679027
0.06,2026091900,349,0.780042285331575,-1.8001796343298389,0.9,0.12,0.2082566462137383
0.06,2026091900,350,0.9685754525622816,-2.1070288065522544,0.97,0.04,0.24800389228617298
0.06,2026091900,351,0.8616937172945515,-1.9096457637566013,0.9,0.09,0.24899065117659103
0.06,2026091900,352,0.9317287619326224,-1.739237365952892,0.92,0.16,0.20972453328641139
0.06,2026091900,353,1.1778464695376132,-2.015939725054901,0.95,0.12,0.23202860215447074
0.06,2026091900,354,1.1497286194478646,-1.9694867833952987,0.9,0.08,0.23734498162982853
0.06,2026091900,355,0.8984005770793037,-1.8789300453863251,0.93,0.1,0.27260208550044085
0.06,2026091900,356,1.0515023396523444,-1.7506350685983825,0.92,0.08,0.22986677814845813
0.06,2026091900,357,0.8105678018587997,-1.8203874249921932,0.96,0.1,0.2211458214516009
0.06,2026091900,358,0.870871177904101,-1.8878784982928467,0.93,0.11,0.22481044960850788
0.06,2026091900,359,0.9002903185615138,-1.9702218410456174,0.9,0.03,0.21756662397919999
0.06,2026091900,360,1.180298226414731,-2.085172715766485,0.96,0.08,0.2620398138356407
0.06,2026091900,361,0.9212587315383722,-1.6913577294624103,0.93,0.07,0.23683493091181373
0.06,2026091900,362,0.8391996497030108,-1.8903136550499833,0.93,0.08,0.21319050054446267
0.06,2026091900,363,0.7395918560700797,-1.7198101471614755,0.93,0.07,0.2664251687509475
0.06,2026091900,364,1.1340187862586566,-1.9824091163568058,0.91,0.08,0.26955753326868626
0.06,2026091900,365,1.0503876237352932,-1.9801872658083979,0.89,0.1,0.24414272399152093
0.06,2026091900,366,1.0020778786409996,-1.901655631832331,0.9,0.09,0.26437702877150376
0.06,2026091900,367,0.7267855692429055,-1.793081356677753,0.91,0.05,0.23059976689146514
0.06,2026091900,368,1.1590695231303736,-1.869231694225999,0.95,0.1,0.2195732716960201
0.06,2026091900,369,0.9391532638693255,-1.7889721395930578,0.88,0.06,0.20826898014431816
0.06,2026091900,370,1.0517862637148816,-1.8904710332388326,0.94,0.06,0.2300189615918094
0.06,2026091900,371,0.7780066270647921,-1.7786920751139634,0.93,0.07,0.2571483710065818
0.06,2026091900,372,0.9811960840460158,-1.840791386790411,0.93,0.12,0.2188553955741748
0.06,2026091900,373,0.9115482395511383,-1.7812877864384973,0.93,0.1,0.2251274433913394
0.06,2026091900,374,0.840008068724567,-1.930534722847129,0.92,0.09,0.22032254749511332
0.06,2026091900,375,1.0737093367525878,-2.0213543355889563,0.91,0.04,0.27045500887210017
0.06,2026091900,376,0.7516274934183707,-1.6968337612893614,0.93,0.06,0.24633364298054233
0.06,2026091900,377,1.1500675606379467,-1.9910425584505538,0.94,0.07,0.24657546419539655
0.06,2026091900,378,0.7786992923352478,-1.9481061894092093,0.92,0.05,0.18214936362398246
0.06,2026091900,379,0.810940838933415,-1.8907036419343604,0.95,0.1,0.21152335099798825
0.06,2026091900,380,1.0888868086247563,-1.8087001864990564,0.92,0.11,0.23337669560676721
0.06,2026091900,381,0.9318056141137266,-1.736683844228938,0.9,0.11,0.27432277282055356
0.06,2026091900,382,0.934131021242405,-1.8465751471074012,0.95,0.09,0.24918507783872393
0.06,2026091900,383,1.0235634994508702,-1.892507280880816,0.91,0.07,0.24313029675945086
0.06,2026091900,384,0.8205365933358648,-1.9005692609202538,0.94,0.09,0.2209080955224935
0.06,2026091900,385,0.9572275377993349,-2.016464618062206,0.93,0.1,0.22759710809107261
0.06,2026091900,386,0.7820940011104159,-1.6954169928132947,0.89,0.07,0.18932063456947332
0.06,2026091900,387,0.9015249579256525,-2.0406310231158207,0.96,0.1,0.25516249206729746
0.06,2026091900,388,0.9948410885332178,-1.8861515495743157,0.92,0.08,0.2515128229522164
0.06,2026091900,389,0.8008113405213786,-1.7520901862757605,0.93,0.09,0.21921564927134318
0.06,2026091900,390,0.9279175926434502,-1.7559653867331264,0.89,0.08,0.2517487911594202
0.06,2026091900,391,1.1283133841034658,-1.9085832749624956,0.97,0.08,0.24944891926809631
0.06,2026091900,392,0.7607823738423165,-1.7610577908799088,0.89,0.06,0.22584066502107203
0.06,2026091900,393,1.1101839268092488,-1.8892586352026388,0.96,0.1,0.22945283441953607
0.06,2026091900,394,0.8405415318956715,-1.8199776586244445,0.91,0.04,0.2386521895945848
0.06,2026091900,395,0.9319705916301256,-1.8010502197875915,0.93,0.06,0.26427411487387115
0.06,2026091900,396,0.8898235849718621,-1.8683625897782634,0.94,0.11,0.2292318565929518
0.06,2026091900,397,0.8549948391007139,-1.9718215534410855,0.92,0.09,0.226012804051856
0.06,2026091900,398,0.8201441987688602,-1.769926644346738,0.96,0.06,0.22632988910645818
0.06,2026091900,399,0.5928933452570733,-1.7553396795517215,0.91,0.07,0.25740508578775456
0.06,2026091900,400,1.2864412159538245,-1.953778927022317,0.93,0.1,0.23037495820634185
0.06,2026091900,401,0.7180870413347197,-1.7303002625058082,0.93,0.06,0.20010865501136949
0.06,2026091900,402,1.1505554160624734,-1.8887144054190046,0.91,0.03,0.22683581495661648
0.06,2026091900,403,0.6223406506346035,-1.7783187925023198,0.95,0.1,0.20765129138253757
0.06,2026091900,404,0.9064693138937904,-1.5773031960487212,0.9,0.12,0.24256604753855737
0.06,2026091900,405,1.0997432056087413,-1.8489555282107581,0.92,0.07,0.24433333385605954
0.06,2026091900,406,0.970782317887933,-1.7395401706133475,0.9,0.05,0.23856652675167334
0.06,2026091900,407,1.0703737147202461,-1.961072075123689,0.94,0.06,0.22834709082000082
0.06,2026091900,408,0.779114716639026,-1.808895217112805,0.88,0.06,0.22601616860521578
0.06,2026091900,409,0.8890077766255363,-1.709175489839857,0.96,0.11,0.19727306984188694
0.06,2026091900,410,0.9109545974799148,-1.861859734005707,0.93,0.12,0.2179913658074292
0.06,2026091900,411,1.010380835941445,-1.8580765921140863,0.97,0.06,0.2272257632166013
0.06,2026091900,412,1.0615820045278528,-1.7795758109780473,0.93,0.09,0.25151696356144115
0.06,2026091900,413,0.8900971952630573,-1.8700588531499596,0.96,0.08,0.20549024399174964
0.06,2026091900,414,1.1490321439398066,-2.0993523545002812,0.95,0.08,0.22109821542514496
0.06,2026091900,415,0.6903589160593895,-1.7798840969223702,0.95,0.07,0.21337631830746734
0.06,2026091900,416,0.7593047747871353,-1.6987118455875472,0.88,0.06,0.2660110015938315
0.06,2026091900,417,0.8689711823920385,-1.8587436118533653,0.92,0.09,0.18701773451414694
0.06,2026091900,418,0.950014122017733,-1.968286940717336,0.91,0.09,0.24100549261362275
0.06,2026091900,419,1.0728731260502595,-1.9859429579432792,0.94,0.09,0.2395395298800446
0.06,2026091900,420,0.8304583573278229,-1.7306281698064645,0.89,0.16,0.25000771161247093
0.06,2026091900,421,0.8422616366644149,-1.6279121889427426,0.9,0.07,0.3008535954851116
0.06,2026091900,422,0.8875895041214622,-1.8985655734664386,0.95,0.14,0.25081082393688886
0.06,2026091900,423,1.0903946479382016,-1.8202740042879133,0.93,0.11,0.2081796148170088
0.06,2026091900,424,0.74839505957615,-1.7369966241520782,0.91,0.09,0.22115345979165948
0.06,2026091900,425,0.7905479653286482,-1.6599897890821436,0.93,0.06,0.2814966951281102
0.06,2026091900,426,0.669311292348793,-1.780352564249045,0.94,0.06,0.2828102620582089
0.06,2026091900,427,1.2616854100189516,-2.0346425498364145,0.95,0.07,0.2309915588884389
0.06,2026091900,428,1.02996110192329,-1.9406816663950164,0.96,0.08,0.21921171033132428
0.06,2026091900,429,1.0189815290827717,-1.9697898036203259,0.95,0.07,0.20396958660872344
0.06,2026091900,430,0.8576327993328934,-1.8371325056181549,0.92,0.07,0.209310562002222
0.06,2026091900,431,0.9784325007294272,-1.799894618277301,0.93,0.14,0.2039053984310798
0.06,2026091900,432,1.0002324476485274,-1.8310457179995143,0.96,0.1,0.2119607514429762
0.06,2026091900,433,0.7365953486937576,-1.8044520368096095,0.9,0.07,0.23802246402053517
0.06,2026091900,434,0.9209710418841291,-1.950363555975042,0.91,0.05,0.2433444890148435
0.06,2026091900,435,1.1093430546356067,-1.9282599312576254,0.96,0.1,0.24621526913146277
0.06,2026091900,436,0.9767602219485134,-1.9069424296736142,0.93,0.05,0.242430788772397
0.06,2026091900,437,1.1075713959618636,-1.8384516163794877,0.94,0.07,0.2333951224038866
0.06,2026091900,438,0.8794298158511253,-1.5699490217450478,0.93,0.06,0.24163905149449483
0.06,2026091900,439,0.7715130669914548,-1.739974593203362,0.91,0.09,0.20139476662555705
0.06,2026091900,440,0.9608967619533973,-1.9298546395290779,0.96,0.09,0.241764924201994
0.06,2026091900,441,0.8493939633990546,-1.9510302901289376,0.96,0.06,0.23706598083296168
0.06,2026091900,442,0.9544560301683631,-1.8880882972378183,0.92,0.04,0.23570659632239047
0.06,2026091900,443,0.8283482063717871,-1.8636143259968194,0.92,0.12,0.22290620803290437
0.06,2026091900,444,1.019400112703233,-1.920849111564257,0.94,0.05,0.20709113943334626
0.06,2026091900,445,0.9292443617411499,-1.939978202795281,0.94,0.09,0.1981693010603236
0.06,2026091900,446,0.8694172370180092,-1.6806906899732084,0.92,0.14,0.22863140371341725
0.06,2026091900,447,0.9766678356973414,-1.9160247922042897,0.92,0.06,0.2011776351356297
0.06,2026091900,448,0.850574441906395,-1.7193546186288697,0.91,0.09,0.22150068285841573
0.06,2026091900,449,0.9098399481996386,-1.7489627757738944,0.9,0.1,0.2516958789236825
0.06,2026091900,450,0.8894917022905193,-1.8976707136180284,0.94,0.07,0.24245027097957528
0.06,2026091900,451,0.8330406352087332,-1.746843220362902,0.93,0.1,0.2362008174052242
0.06,2026091900,452,0.886947412261777,-1.763095390428793,0.94,0.03,0.18913361974880655
0.06,2026091900,453,0.9203319156477103,-1.8094334992931465,0.91,0.09,0.2232028629452341
0.06,2026091900,454,0.8297258379267014,-1.988863116781606,0.95,0.03,0.2602854830862489
0.06,2026091900,455,0.7293099761142785,-1.6089106116661784,0.92,0.1,0.2729001056258826
0.06,2026091900,456,0.9555073360787827,-1.931959827532537,0.93,0.03,0.22637180468310256
0.06,2026091900,457,0.8691552542875993,-1.8390758786900958,0.9,0.1,0.22664628043172017
0.06,2026091900,458,0.9459891934515813,-1.8318983300875737,0.92,0.11,0.23791896167758625
0.06,2026091900,459,0.911574596819756,-2.1421679797222137,0.95,0.03,0.23967192383407274
0.06,2026091900,460,0.9802398213345507,-1.750392619097925,0.91,0.11,0.221691933164602
0.06,2026091900,461,0.9999244275715482,-1.8608650900623698,0.93,0.06,0.23639122379824815
0.06,2026091900,462,0.741120516458013,-1.72133447260992,0.95,0.14,0.24352293871783565
0.06,2026091900,463,0.970214718416778,-1.8999317257134374,0.9,0.09,0.23791156614591158
0.06,2026091900,464,0.8231084685955898,-1.790661223400308,0.93,0.05,0.2506122595568753
0.06,2026091900,465,0.8406688009024816,-1.6804797565994045,0.88,0.05,0.22557065724463818
0.06,2026091900,466,0.8726230491207536,-1.7341154709021,0.93,0.09,0.20327563392292813
0.06,2026091900,467,0.7130527438131681,-1.7770440423633398,0.93,0.08,0.21817317332332034
0.06,2026091900,468,0.8783303455539243,-1.7296744588051487,0.95,0.08,0.25897533736564776
0.06,2026091900,469,0.8773000322456825,-1.7991932763319318,0.94,0.05,0.26734847298170367
0.06,2026091900,470,0.9807457575838636,-1.900903115598594,0.9,0.07,0.2175570979075836
0.06,2026091900,471,0.9587401654367,-1.8565944476133984,0.95,0.15,0.22440351887450427
0.06,2026091900,472,0.7438607353125523,-1.6166079842771588,0.89,0.06,0.24910401907594162
0.06,2026091900,473,1.1508327221925585,-1.890340529440744,0.95,0.03,0.2580457779662962
0.06,2026091900,474,0.8421165992033294,-1.8069626881222545,0.91,0.06,0.258478548634383
0.06,2026091900,475,0.7906566024450231,-1.64953915744662,0.89,0.08,0.23838853400607096
0.06,2026091900,476,0.9966823956640019,-1.7997141808021797,0.92,0.09,0.24923637125488513
0.06,2026091900,477,0.9396875029433914,-1.76834659558168,0.92,0.08,0.24684344265684605
0.06,2026091900,478,0.9013063927699598,-1.7410358314252292,0.87,0.05,0.23209583443947185
0.06,2026091900,479,0.7788869948713554,-1.7099691325313302,0.88,0.07,0.2203827531797432
0.06,2026091900,480,1.071194144025408,-1.8408199820804072,0.92,0.1,0.2290103193519476
0.06,2026091900,481,1.0215922555309829,-1.9569313314833596,0.93,0.07,0.2522500624519212
0.06,2026091900,482,0.8515034465329075,-1.9113865679303783,0.92,0.08,0.24909905345475017
0.06,2026091900,483,0.8785036459436973,-1.8388820877243948,0.94,0.07,0.21610592506680132
0.06,2026091900,484,1.0398360255523285,-1.9336575335253796,0.95,0.1,0.25279041691874704
0.06,2026091900,485,0.9178533586718168,-1.806182908719897,0.96,0.1,0.22871498829303477
0.06,2026091900,486,0.7757594685547414,-1.8512775801755545,0.94,0.08,0.2235787090934397
0.06,2026091900,487,0.9693612577164622,-1.9609456708757675,0.93,0.06,0.23249735192676624
0.06,2026091900,488,0.9401515996590507,-1.7090210585695886,0.95,0.07,0.246603904488623
0.06,2026091900,489,0.838534463050977,-1.8311853868837187,0.9,0.12,0.2471463192504399
0.06,2026091900,490,0.5017458156292303,-1.8603657747484978,0.92,0.06,0.2573538746546352
0.06,2026091900,491,0.9803091502031404,-1.93947247480238,0.92,0.05,0.24663981674093682
0.06,2026091900,492,0.920471854751816,-1.840054853837502,0.92,0.03,0.22446100108612516
0.06,2026091900,493,0.8994989302382393,-1.9572564737133384,0.91,0.07,0.23331623410621202
0.06,2026091900,494,0.9746031790255778,-1.6720889924829416,0.93,0.06,0.25065855022676425
0.06,2026091900,495,0.9498392759207539,-1.858160759770542,0.96,0.1,0.24936558907921896
0.06,2026091900,496,0.7797172483104134,-1.8092999756645156,0.9,0.06,0.24086129073971338
0.06,2026091900,497,0.8704074385806558,-1.838421544515317,0.94,0.06,0.2689555032059295
0.06,2026091900,498,0.9805648358579916,-2.090629286112956,0.96,0.08,0.22189004290635864
0.06,2026091900,499,0.8848239809633928,-1.7668508564971805,0.94,0.03,0.22316263175442166
0.1,2026091900,0,0.7599704318509076,-1.3500550390018409,0.79,0.08,0.2751241119894928
0.1,2026091900,1,0.6923084131724931,-1.2459850183233738,0.78,0.07,0.2790638334908503
0.1,2026091900,2,0.49895380154037283,-1.4803075492269937,0.83,0.05,0.29981907645351574
0.1,2026091900,3,0.7313043747424546,-1.3784383115155974,0.86,0.05,0.2797730068220979
0.1,2026091900,4,0.7597922019124093,-1.478099766353602,0.8,0.11,0.281231652914361
0.1,2026091900,5,0.6600485271518326,-1.4703305301268197,0.83,0.07,0.2515142514604556
0.1,2026091900,6,0.5615537445344913,-1.4425813332569553,0.86,0.1,0.3048884381648082
0.1,2026091900,7,0.5505090622885492,-1.3309720834527226,0.79,0.04,0.2962327694137221
0.1,2026091900,8,0.6487332248531353,-1.1281193759147483,0.76,0.05,0.2728650444810775
0.1,2026091900,9,0.6839695742071251,-1.4138529063343088,0.84,0.11,0.2567090430201656
0.1,2026091900,10,0.632618809282586,-1.4008122557455815,0.81,0.06,0.25848303033494946
0.1,2026091900,11,0.719906240143393,-1.340104063882879,0.79,0.08,0.26378893142720833
0.1,2026091900,12,0.7511066697509118,-1.2690191985166548,0.76,0.07,0.26361456966714636
0.1,2026091900,13,0.6260628002351464,-1.2060912339298318,0.81,0.03,0.2770379966865696
0.1,2026091900,14,0.6584606787596392,-1.2688986202516348,0.81,0.08,0.2670776291502375
0.1,2026091900,15,0.8623029098059897,-1.4725240384564138,0.81,0.06,0.26111493387756907
0.1,2026091900,16,0.5178516321307239,-1.2418450689356852,0.83,0.04,0.27486724866117257
0.1,2026091900,17,0.7115809235912929,-1.420281774826757,0.81,0.07,0.28753010897563674
0.1,2026091900,18,0.5856323454052739,-1.2821310012371132,0.83,0.07,0.2306709110336492
0.1,2026091900,19,0.7408612567570245,-1.5686255295613358,0.87,0.05,0.25533987266639485
0.1,2026091900,20,0.7106882457527515,-1.46080124024701,0.89,0.09,0.29386691431932754
0.1,2026091900,21,0.690526133811425,-1.4479197126812247,0.85,0.07,0.2756242173874707
0.1,2026091900,22,0.5516084463758568,-1.30358993713537,0.89,0.07,0.30620050604805765
0.1,2026091900,23,0.799102623840023,-1.5280375126598482,0.84,0.1,0.2505441503259467
0.1,2026091900,24,0.5807188914631194,-1.2400966663837472,0.8,0.06,0.2805713784883352
0.1,2026091900,25,0.6519018849808745,-1.3461096131806307,0.8,0.04,0.2332688127819697
0.1,2026091900,26,0.6193985823297694,-1.4187952090046287,0.82,0.06,0.23799474766402734
0.1,2026091900,27,0.7111979887557621,-1.2269651882323387,0.78,0.02,0.26347860171747994
0.1,2026091900,28,0.9311253110528932,-1.4518696267085553,0.82,0.04,0.26089420047862033
0.1,2026091900,29,0.60061243220607,-1.240278811779801,0.8,0.07,0.2716892379659243
0.1,2026091900,30,0.5674776231536522,-1.189511593833596,0.74,0.06,0.30332755080323326
0.1,2026091900,31,0.6817565709221155,-1.4604633219294143,0.77,0.02,0.2785446593209181
0.1,2026091900,32,0.8293330944943227,-1.4095056491117441,0.8,0.11,0.24030487420654745
0.1,2026091900,33,0.6698475825471993,-1.5097110208665916,0.87,0.06,0.28672747774766943
0.1,2026091900,34,0.38022318203263583,-1.330490771936593,0.79,0.08,0.23778173719101758
0.1,2026091900,35,0.6387582678930039,-1.189545844717991,0.75,0.06,0.2742684804492037
0.1,2026091900,36,0.5088232501397482,-1.2690691558019063,0.81,0.08,0.24409054633066055
0.1,2026091900,37,0.8286636220870244,-1.4400181954639353,0.86,0.08,0.27010385355809285
0.1,2026091900,38,0.7911657493977708,-1.5114701239902886,0.86,0.08,0.2804244170811226
0.1,2026091900,39,0.3558676214475394,-0.9887138386082189,0.78,0.09,0.2776988653599946
0.1,2026091900,40,0.7406259881499424,-1.411463749286023,0.81,0.05,0.2740882186275096
0.1,2026091900,41,0.6600381602725999,-1.3026221295903764,0.77,0.06,0.27322569978920513
0.1,2026091900,42,0.8991917847637296,-1.6891502263767282,0.9,0.08,0.29053521171313723
0.1,2026091900,43,0.5799465642927967,-1.2523454793086195,0.86,0.08,0.26764821193876764
0.1,2026091900,44,0.7197652473247825,-1.5181696174561465,0.83,0.1,0.29503811971828425
0.1,2026091900,45,0.7161379965955429,-1.2758664102819453,0.79,0.05,0.28513590470873906
0.1,2026091900,46,0.611409005987396,-1.432427544504244,0.83,0.12,0.26184513437132206
0.1,2026091900,47,0.7273410032621571,-1.211259451160391,0.77,0.03,0.27682918072057083
0.1,2026091900,48,0.6029833157306491,-1.5474693408499638,0.83,0.05,0.27977146598877145
0.1,2026091900,49,0.5550091607407822,-1.4312686492446158,0.79,0.04,0.279822911407602
0.1,2026091900,50,0.5805227216264952,-1.404507006705837,0.82,0.08,0.2757781645296188
0.1,2026091900,51,0.6796879306639587,-1.2577230502319505,0.78,0.08,0.28241115469533046
0.1,2026091900,52,0.6847806631373229,-1.282024945590455,0.76,0.05,0.24786330241294136
0.1,2026091900,53,0.6807968009995815,-1.162727928553668,0.76,0.11,0.2757773999542093
0.1,2026091900,54,0.6280871079363988,-1.4593452110181055,0.85,0.09,0.2772566037620937
0.1,2026091900,55,0.8038915802574906,-1.4384438216137214,0.83,0.09,0.2738049617598877
0.1,2026091900,56,0.7485549598280747,-1.3391157297831537,0.86,0.06,0.2768047885680853
0.1,2026091900,57,0.597887649831763,-1.3891117954838026,0.81,0.05,0.2815805872231717
0.1,2026091900,58,0.6306823140465911,-1.1318052773374432,0.77,0.09,0.2970301919090369
0.1,2026091900,59,0.6035627690888454,-1.3855366749113378,0.79,0.09,0.29908196412649873
0.1,2026091900,60,0.7515260699445737,-1.3069406068791503,0.86,0.08,0.24557310609366198
0.1,2026091900,61,0.8921158873850237,-1.1597356863303905,0.83,0.07,0.2786834249204119
0.1,2026091900,62,0.7190795006615949,-1.532003959961694,0.87,0.09,0.26633218558967253
0.1,2026091900,63,0.6993499398127849,-1.379826155148759,0.87,0.06,0.2519971820412222
0.1,2026091900,64,0.5921751150725071,-1.2474709096618073,0.82,0.13,0.2945424684561519
0.1,2026091900,65,0.7007064646376148,-1.3297309337053136,0.82,0.06,0.3145535418555132
0.1,2026091900,66,0.6330183984694137,-1.3867467461546437,0.81,0.04,0.26035644296642213
0.1,2026091900,67,0.8992443122168844,-1.5262586633122515,0.79,0.11,0.2815620122074357
0.1,2026091900,68,0.7807377737769476,-1.4299382658342594,0.82,0.1,0.3092805181006477
0.1,2026091900,69,0.6996684536686396,-1.192871885158215,0.78,0.09,0.2788482077808845
0.1,2026091900,70,0.7134712010782338,-1.6566930734568786,0.91,0.06,0.29767689297576205
0.1,2026091900,71,0.5788170544563107,-1.36999009707489,0.83,0.05,0.24930898065979182
0.1,2026091900,72,0.8080581995983319,-1.4689372700991432,0.84,0.07,0.22836625884627457
0.1,2026091900,73,0.6717453039669208,-1.4074103856161986,0.84,0.04,0.2566104684335111
0.1,2026091900,74,0.5310047773797852,-1.2106592313981408,0.84,0.13,0.2518061043664661
0.1,2026091900,75,0.4595014905764371,-1.2078313981981994,0.79,0.02,0.27368469672875906
0.1,2026091900,76,0.5587064010895104,-1.3765856342249014,0.8,0.05,0.26215487525706865
0.1,2026091900,77,0.8023091054711563,-1.5278370378137887,0.82,0.02,0.2735775043627495
0.1,2026091900,78,0.560701439809367,-1.2205999587556384,0.8,0.07,0.269438851638715
0.1,2026091900,79,0.6789243033163187,-1.4212558115148783,0.83,0.03,0.30654841397124327
0.1,2026091900,80,0.7117750190479407,-1.5136715594731107,0.87,0.06,0.2670816349500131
0.1,2026091900,81,0.6145243588823355,-1.255367301925994,0.79,0.03,0.26741420164625146
0.1,2026091900,82,0.6890821105662088,-1.3299964224950158,0.82,0.1,0.2676718835573594
0.1,2026091900,83,0.5891328853980966,-1.476189596418814,0.8,0.1,0.2671562844964399
0.1,2026091900,84,0.7270246984219572,-1.2140503214132046,0.8,0.04,0.25764330389422513
0.1,2026091900,85,0.5963514780175787,-1.3124771025941033,0.77,0.05,0.27743636675102307
0.1,2026091900,86,0.5330299264503254,-1.374423562837795,0.84,0.11,0.2696466411522313
0.1,2026091900,87,0.4859108147038426,-1.4992866158390283,0.88,0.1,0.2780187309905759
0.1,2026091900,88,0.6951407203736568,-1.2983288156216326,0.85,0.01,0.22425860517657714
0.1,2026091900,89,0.5254257298539956,-1.112920826548433,0.78,0.04,0.25896082965874145
0.1,2026091900,90,0.3706758815188028,-1.2702254088783602,0.8,0.07,0.24752296593733067
0.1,2026091900,91,0.8258976830267489,-1.5892894986401038,0.83,0.1,0.22234884562278867
0.1,2026091900,92,0.5390627990889182,-1.1574757877402282,0.8,0.05,0.2833053495000768
0.1,2026091900,93,0.65140922328969,-1.5534151054447976,0.9,0.08,0.2517757110143548
0.1,2026091900,94,0.6320271487735463,-1.5001627865862357,0.83,0.07,0.27750383785332167
0.1,2026091900,95,0.8502725856079018,-1.214043555314122,0.83,0.06,0.2993510448943748
0.1,2026091900,96,0.5949405084017116,-1.4585896377932648,0.91,0.11,0.2398028187234401
0.1,2026091900,97,0.5396821109090498,-1.2495015806163594,0.78,0.04,0.27378645665396917
0.1,2026091900,98,0.4592824163101534,-1.2420306082642805,0.82,0.1,0.2662662147605584
0.1,2026091900,99,0.5000082563294461,-1.1403438479791932,0.75,0.04,0.27770150625627776
0.1,2026091900,100,0.9113002010094965,-1.4976332653927915,0.83,0.06,0.2689558864452443
0.1,2026091900,101,0.5863538368808388,-1.3461415877364515,0.84,0.04,0.2684815472618111
0.1,2026091900,102,0.490307911906142,-1.4202397009467602,0.84,0.05,0.25841765048466525
0.1,2026091900,103,1.0641360139723615,-1.5913049306764555,0.88,0.05,0.2625437101061402
0.1,2026091900,104,0.49902257412616,-1.028117697314912,0.82,0.09,0.2798008509670353
0.1,2026091900,105,0.7075584344539595,-1.3773715843680276,0.84,0.1,0.2953583742534163
0.1,2026091900,106,0.6203655323412458,-1.4495093266461947,0.84,0.06,0.2501539487343774
0.1,2026091900,107,0.6802520552258877,-1.530924839688023,0.89,0.12,0.26503882383530075
0.1,2026091900,108,0.7005725891732318,-1.3877840959904946,0.82,0.06,0.3148786309472543
0.1,2026091900,109,0.6590339545566877,-1.3002815569078177,0.79,0.09,0.28367409762065293
0.1,2026091900,110,0.6696131606029647,-1.538581027797743,0.88,0.11,0.291073758777862
0.1,2026091900,111,0.36091744347476323,-1.164257392841087,0.79,0.03,0.2482405684532558
0.1,2026091900,112,0.6630235093955337,-1.3895463477056784,0.82,0.05,0.27764076479892214
0.1,2026091900,113,0.5622928705941034,-1.206682544063024,0.71,0.04,0.3196449300754429
0.1,2026091900,114,0.719373027879939,-1.417931167829919,0.81,0.06,0.2676646176585721
0.1,2026091900,115,0.6878425957368642,-1.232677171488487,0.78,0.05,0.2765068999114181
0.1,2026091900,116,0.6999264020981063,-1.3797806109584227,0.8,0.08,0.2210745432224563
0.1,2026091900,117,0.6516921619320578,-1.3282952916518977,0.82,0.07,0.24943903794576264
0.1,2026091900,118,0.6317685366678392,-1.29126856385042,0.85,0.06,0.28062102015237167
0.1,2026091900,119,0.5408432292654486,-1.069450642180193,0.74,0.06,0.28809053536851037
0.1,2026091900,120,0.7199109960237512,-1.5287660327158208,0.86,0.05,0.2755609981159271
0.1,2026091900,121,0.7296330326713839,-1.46059036195155,0.86,0.09,0.28906955470214596
0.1,2026091900,122,0.436197818775569,-1.134354887984365,0.8,0.11,0.27288840274309334
0.1,2026091900,123,0.4002983902043185,-1.1723822625108882,0.83,0.09,0.26309272495525604
0.1,2026091900,124,0.6391303180885575,-1.3013556245615285,0.81,0.05,0.2828273877570911
0.1,2026091900,125,0.6802818313091236,-1.249941637516904,0.83,0.14,0.2994915708510129
0.1,2026091900,126,0.5985676095812285,-1.5285886728020812,0.81,0.03,0.24360187277423026
0.1,2026091900,127,0.66177643736639,-1.282665441192494,0.79,0.08,0.25521015516344575
0.1,2026091900,128,0.5770963699262353,-1.0061727743581792,0.77,0.08,0.2681283731375128
0.1,2026091900,129,0.6709796070352199,-1.3304170733679865,0.81,0.07,0.2510842667806358
0.1,2026091900,130,0.5962664927760977,-1.2724439769909335,0.78,0.05,0.2938826008229701
0.1,2026091900,131,0.5032239572264396,-1.3546270604757806,0.81,0.05,0.2627709627462563
0.1,2026091900,132,0.9102877619025892,-1.341000098170625,0.83,0.07,0.2671291741061316
0.1,2026091900,133,0.7967118446905813,-1.329471133204156,0.76,0.05,0.30516762083410726
0.1,2026091900,134,0.7304806609728923,-1.4589306065061738,0.81,0.06,0.29615853232514366
0.1,2026091900,135,0.7119578124884315,-1.5821486256747763,0.82,0.05,0.25927426349156174
0.1,2026091900,136,0.7010326914085279,-1.2808186486323776,0.79,0.09,0.29288446974472326
0.1,2026091900,137,0.379397683822053,-1.1412381329904613,0.77,0.05,0.2711161058115475
0.1,2026091900,138,0.8232955892960647,-1.5069567851749666,0.85,0.08,0.2929659825130316
0.1,2026091900,139,0.4398711240161966,-1.2218489952277818,0.82,0.07,0.25192211369294726
0.1,2026091900,140,0.738684304780963,-1.5731713999210373,0.85,0.1,0.25807333804044164
0.1,2026091900,141,0.6093639046477399,-1.1628601043728717,0.78,0.1,0.27711995559088154
0.1,2026091900,142,0.8648595523726125,-1.5623443403006023,0.89,0.11,0.27575915914478544
0.1,2026091900,143,0.5817489446661795,-1.1221722025885636,0.73,0.12,0.28331460806039244
0.1,2026091900,144,0.849945957956468,-1.4578819763816164,0.88,0.11,0.26925648811076863
0.1,2026091900,145,0.5364286520269487,-1.22577084845153,0.8,0.06,0.26074556102409807
0.1,2026091900,146,0.5356491138070375,-1.0220409288732983,0.77,0.08,0.24862858509572647
0.1,2026091900,147,0.9289294071895342,-1.4007470736072642,0.86,0.05,0.2638112449518352
0.1,2026091900,148,0.6226541574643358,-1.3618302702615102,0.82,0.09,0.2915713571538878
0.1,2026091900,149,0.5218489382926839,-1.3196817019316007,0.77,0.05,0.28037244382451165
0.1,2026091900,150,0.9421002046541438,-1.503829522783532,0.77,0.04,0.24591914665574957
0.1,2026091900,151,0.6280636350454725,-1.2051905458575625,0.78,0.09,0.26321154043353656
0.1,2026091900,152,0.6070944735425663,-1.213892677624087,0.8,0.09,0.2627331337644317
0.1,2026091900,153,0.7620364300060478,-1.2329621596346898,0.8,0.1,0.2582553235460006
0.1,2026091900,154,0.7711576557201039,-1.0916377897744385,0.77,0.07,0.2585633661810847
0.1,2026091900,155,0.760977010817629,-1.3778022485577577,0.82,0.07,0.25782254504607016
0.1,2026091900,156,0.7923989180774034,-1.436799917375964,0.82,0.11,0.285668243785526
0.1,2026091900,157,0.5713697727501073,-1.379499649241339,0.83,0.08,0.26022874081119113
0.1,2026091900,158,0.779713492117357,-1.4103062824380208,0.88,0.06,0.2997139553999635
0.1,2026091900,159,0.7139146201994445,-1.3510566215197701,0.85,0.08,0.2710644783754197
0.1,2026091900,160,0.7017935469916955,-1.5204772136678446,0.86,0.05,0.24613071000590372
0.1,2026091900,161,0.7897439247038912,-1.179935651463809,0.8,0.06,0.285950974513181
0.1,2026091900,162,0.696601838156428,-1.3114212922408388,0.81,0.04,0.2514920316053749
0.1,2026091900,163,0.5777977234061792,-1.305894711392808,0.78,0.07,0.2625007493942933
0.1,2026091900,164,0.49831532537965,-1.2621441455854225,0.74,0.07,0.2759099480546714
0.1,2026091900,165,0.6702655513091146,-1.3796016254423393,0.83,0.06,0.2919130426414072
0.1,2026091900,166,0.46785993446680335,-1.1013715599199514,0.83,0.09,0.2884981059444251
0.1,2026091900,167,0.653132584754045,-1.4066824703045753,0.85,0.1,0.30022259111346444
0.1,2026091900,168,0.4787808596335307,-1.2219133235036872,0.76,0.1,0.2936994948358637
0.1,2026091900,169,0.7220043710280515,-1.440978409885298,0.83,0.04,0.28994039302982844
0.1,2026091900,170,0.5883666641693658,-1.3391819418943094,0.82,0.06,0.25909619910005016
0.1,2026091900,171,0.46090081655095566,-1.248865798586161,0.78,0.1,0.25374808120409326
0.1,2026091900,172,0.7420597693939996,-1.151813860593091,0.8,0.07,0.25003622752513105
0.1,2026091900,173,0.7836180345215531,-1.528490187714088,0.85,0.09,0.2478570596266339
0.1,2026091900,174,0.8290336993824652,-1.3184777478148808,0.79,0.07,0.267931765584532
0.1,2026091900,175,0.571674601145704,-1.11099481359189,0.77,0.1,0.28814121259989217
0.1,2026091900,176,0.6915599247696308,-1.3765221399869523,0.83,0.07,0.2865583756295754
0.1,2026091900,177,0.798145244526491,-1.2974414896475446,0.84,0.09,0.3029152403316575
0.1,2026091900,178,0.5752524895602265,-1.2640023395325959,0.8,0.06,0.2783421524827128
0.1,2026091900,179,0.4099964625354628,-1.1506527396687192,0.82,0.12,0.2680237756338472
0.1,2026091900,180,0.41022435709837557,-0.9997218914148999,0.74,0.08,0.2989019312540915
0.1,2026091900,181,0.4226268878882543,-1.2747152155211652,0.77,0.06,0.3000362196980144
0.1,2026091900,182,0.5697657865981519,-1.4631788979927356,0.83,0.08,0.3016090760937543
0.1,2026091900,183,0.8359512552175217,-1.5885270658107367,0.83,0.03,0.26998018297860077
0.1,2026091900,184,0.6923047483702048,-1.3256408554509906,0.78,0.04,0.2777428471107577
0.1,2026091900,185,0.7002344418225113,-1.2876591292684574,0.78,0.06,0.28185938735922916
0.1,2026091900,186,0.6315917456058844,-1.181043278326374,0.79,0.05,0.2556614145155594
0.1,2026091900,187,0.9296318590456858,-1.652052024900693,0.88,0.04,0.2661882518123934
0.1,2026091900,188,0.5197865211947222,-1.2404699179181689,0.78,0.07,0.2619460003765447
0.1,2026091900,189,0.5549112785932575,-1.2629032235757467,0.81,0.13,0.29953980464224567
0.1,2026091900,190,0.6237406011412837,-1.2227733431311507,0.77,0.08,0.27478707401010904
0.1,2026091900,191,0.6615937499668617,-1.3717109245156425,0.81,0.1,0.292117022736457
0.1,2026091900,192,0.6389462188605372,-1.3082995096052725,0.83,0.06,0.2770205427031016
0.1,2026091900,193,0.8493860882241809,-1.4726488002978193,0.85,0.08,0.2685310259707326
0.1,2026091900,194,0.7181263441914179,-1.3672286525128192,0.8,0.08,0.2513080752837205
0.1,2026091900,195,0.659235940122356,-1.5296243224972597,0.81,0.05,0.28307230333798183
0.1,2026091900,196,0.808523140529449,-1.3420503267286714,0.83,0.12,0.2549859027423091
0.1,2026091900,197,0.830444159362961,-1.4191398917675118,0.81,0.03,0.28972824566961725
0.1,2026091900,198,0.7162718272351997,-1.258708447062813,0.79,0.1,0.2758787670280736
0.1,2026091900,199,0.5947813620549249,-1.2818075152256438,0.81,0.1,0.27115257007448534
0.1,2026091900,200,0.7275322063340276,-1.5053020309446654,0.86,0.07,0.2495183902901101
0.1,2026091900,201,0.6339636174610708,-1.124920013026751,0.78,0.08,0.27954444954143653
0.1,2026091900,202,0.3126392382047239,-1.2530000225674318,0.78,0.04,0.2674973748403513
0.1,2026091900,203,0.6217057821943067,-1.2714512917380505,0.78,0.1,0.27706033679263364
0.1,2026091900,204,0.6592087664595967,-1.4213201452070359,0.79,0.1,0.27747052642309145
0.1,2026091900,205,0.8576617098094483,-1.5169719287435013,0.86,0.08,0.26922047769733476
0.1,2026091900,206,0.5067533913269735,-1.2444847638557663,0.82,0.09,0.2667255227522913
0.1,2026091900,207,0.6599681968937674,-1.2485661469910958,0.78,0.05,0.24910075300761508
0.1,2026091900,208,0.73985393007609,-1.3693768918726659,0.82,0.09,0.25600304330429946
0.1,2026091900,209,0.7186501823292933,-1.5495791352281156,0.84,0.06,0.2909300993742858
0.1,2026091900,210,0.49585763172379865,-1.2050025076663207,0.81,0.11,0.28102060097633147
0.1,2026091900,211,0.9011166283509372,-1.3443212600678829,0.81,0.1,0.2637858901274443
0.1,2026091900,212,0.44256914161046895,-1.0417656803973154,0.74,0.06,0.2522037648150125
0.1,2026091900,213,0.661395506826679,-1.1212426755230154,0.8,0.08,0.25193125598439287
0.1,2026091900,214,0.7099357520050803,-1.660199872771825,0.87,0.09,0.22013636930716862
0.1,2026091900,215,0.6902945113378962,-1.3966618416410754,0.8,0.08,0.279054872806668
0.1,2026091900,216,0.5494929617289449,-1.1695147664384113,0.78,0.09,0.2700863619892003
0.1,2026091900,217,0.8406711198923533,-1.4805347395924378,0.8,0.08,0.25099273016864937
0.1,2026091900,218,0.678516856467783,-1.4001684550151534,0.84,0.04,0.2628103071461318
0.1,2026091900,219,0.7094704233626095,-1.2621447248890683,0.81,0.09,0.24890810455163667
0.1,2026091900,220,0.8868664440190631,-1.335421920859317,0.85,0.1,0.26069817910577453
0.1,2026091900,221,0.6098376219761475,-1.5581647799818037,0.87,0.07,0.2784590398956469
0.1,2026091900,222,0.5985781529881399,-1.3078814190592047,0.79,0.06,0.25507093423160293
0.1,2026091900,223,0.7392919735281857,-1.3297394126738675,0.83,0.06,0.25453403243436334
0.1,2026091900,224,0.7002906048615638,-1.2696887364055063,0.8,0.06,0.30123584901199596
0.1,2026091900,225,0.8374317866430112,-1.349729830007655,0.83,0.08,0.2512521846720345
0.1,2026091900,226,0.5788599604287583,-1.4568328346406676,0.79,0.07,0.2762429319788998
0.1,2026091900,227,0.7590614211594577,-1.5087473822038953,0.87,0.11,0.2558634348731502
0.1,2026091900,228,0.7801875431552532,-1.199972479283798,0.77,0.08,0.2858089205898833
0.1,2026091900,229,0.5436961611347266,-1.2642243695365234,0.78,0.05,0.2687853240273415
0.1,2026091900,230,0.6513386515679982,-1.2595780182828846,0.79,0.13,0.2847976517846271
0.1,2026091900,231,0.7402639812019279,-1.4502000968762614,0.85,0.05,0.26547036903767485
0.1,2026091900,232,0.3930459844226665,-1.2795776723479795,0.83,0.08,0.25447171008233593
0.1,2026091900,233,0.7107512066321681,-1.2996382876670725,0.81,0.07,0.3029446553390483
0.1,2026091900,234,0.7611099155772277,-1.3490078653029582,0.76,0.07,0.26997466800766245
0.1,2026091900,235,0.5330555109118869,-1.033135135458892,0.81,0.06,0.26564622792897624
0.1,2026091900,236,0.6483008648729718,-1.3688881827237094,0.76,0.03,0.2607833207397935
0.1,2026091900,237,0.9882638229948065,-1.6459425251466333,0.89,0.08,0.2581571834869438
0.1,2026091900,238,0.749391659756462,-1.5392665229240472,0.84,0.08,0.27396425084992787
0.1,2026091900,239,0.5198759884923546,-1.3706536825032074,0.84,0.07,0.2783308957303806
0.1,2026091900,240,0.4588763479208413,-1.4094321636340907,0.8,0.06,0.2785935377189582
0.1,2026091900,241,0.6889386031533725,-1.5682809696579723,0.86,0.09,0.2434043018831923
0.1,2026091900,242,0.5749774739378439,-1.2109316928564493,0.8,0.03,0.27781866330749794
0.1,2026091900,243,0.4887183569885469,-1.3001858790107113,0.84,0.07,0.28525014811114424
0.1,2026091900,244,0.9978474917954984,-1.3682995641884836,0.86,0.07,0.2664639461347937
0.1,2026091900,245,0.7488489281398952,-1.6306710470688008,0.83,0.07,0.26299576952041176
0.1,2026091900,246,0.7925540892195859,-1.3308670029347411,0.88,0.07,0.2419219644439997
0.1,2026091900,247,0.7495674352541666,-1.4099505177239933,0.83,0.05,0.3293749582821887
0.1,2026091900,248,0.6754924182624917,-1.2027682795449792,0.8,0.1,0.2677818901726895
0.1,2026091900,249,0.66827476636237,-1.2696088979204094,0.84,0.13,0.27958933777048217
0.1,2026091900,250,0.581257613530244,-1.1732848117029675,0.77,0.11,0.26321822307853965
0.1,2026091900,251,0.7124400101644548,-1.3616008700995894,0.82,0.04,0.2680824600445392
0.1,2026091900,252,0.3291569611721988,-1.2082205916967144,0.79,0.04,0.31461649040421014
0.1,2026091900,253,0.5094954738816656,-1.2900621414366855,0.83,0.15,0.29374936831927334
0.1,2026091900,254,0.752774216976255,-1.5528056752119834,0.82,0.1,0.30409102555530915
0.1,2026091900,255,0.8291813411470172,-1.5300099945556198,0.86,0.07,0.28171555353203215
0.1,2026091900,256,0.5577881482896069,-1.3779389796721313,0.87,0.09,0.2362778155558485
0.1,2026091900,257,0.7492241782204278,-1.5466980085794138,0.86,0.09,0.27957169252176284
0.1,2026091900,258,0.6994983118503094,-1.4901418787505754,0.86,0.08,0.239049988730979
0.1,2026091900,259,1.0610397720419347,-1.3186809819488332,0.8,0.08,0.2521022593681923
0.1,2026091900,260,0.44834558776833816,-1.3771803052016218,0.77,0.03,0.2820173453755233
0.1,2026091900,261,0.5500003636946318,-1.419034518011926,0.87,0.07,0.25625304408856153
0.1,2026091900,262,0.6913545693085432,-1.2301084631122547,0.78,0.05,0.2656280427883062
0.1,2026091900,263,0.6587921904242342,-1.535395018265293,0.89,0.07,0.27518590547234756
0.1,2026091900,264,0.6302026819635533,-1.3186542732069435,0.81,0.02,0.27575314743158524
0.1,2026091900,265,0.4476477299564385,-1.36197828621253,0.84,0.08,0.28684055085205423
0.1,2026091900,266,0.32990368540304876,-1.2984293147830739,0.86,0.06,0.27272614938004014
0.1,2026091900,267,0.8100085185098542,-1.469936194337682,0.86,0.08,0.2776247019188724
0.1,2026091900,268,0.921172592485689,-1.5116007527650464,0.83,0.05,0.28978384556115766
0.1,2026091900,269,0.8919046756310434,-1.4749495033809976,0.82,0.11,0.2545022761257977
0.1,2026091900,270,0.8281907052789141,-1.4283133245020243,0.84,0.06,0.2595449382925345
0.1,2026091900,271,0.7412855363294686,-1.5330148798126064,0.8,0.07,0.2628340262204986
0.1,2026091900,272,0.37123920332421034,-1.259641435234843,0.81,0.05,0.26439834831359144
0.1,2026091900,273,0.6605804819291134,-1.3013513960968432,0.83,0.06,0.22191698808764876
0.1,2026091900,274,0.6282818899436158,-1.4270110940413647,0.8,0.07,0.2763427014604197
0.1,2026091900,275,0.7404612570655972,-1.231175601963026,0.76,0.06,0.25214043378252615
0.1,2026091900,276,0.6904834744317089,-1.5092261393849626,0.84,0.06,0.2876579895721143
0.1,2026091900,277,0.6586964328803877,-1.5316329651855047,0.89,0.1,0.28056304622943123
0.1,2026091900,278,0.5093365392110374,-1.4406709117858383,0.83,0.09,0.24613276773615997
0.1,2026091900,279,0.6526074913776889,-1.283013802097724,0.73,0.06,0.2554169230644089
0.1,2026091900,280,0.4702539881137489,-1.2295006850693824,0.82,0.1,0.3089916359779266
0.1,2026091900,281,0.5690192232573341,-1.2607828286799974,0.82,0.08,0.30137067202340395
0.1,2026091900,282,0.9323744822559843,-1.720952761055982,0.83,0.07,0.28228525918644354
0.1,2026091900,283,0.7686840553671576,-1.4734756456961489,0.82,0.05,0.26910763628357437
0.1,2026091900,284,0.5832500700386515,-1.3552898623874663,0.86,0.07,0.2992499401003243
0.1,2026091900,285,0.9191860964375571,-1.4111409963663615,0.77,0.03,0.2981783867462294
0.1,2026091900,286,0.6528540065705364,-1.6368901111473835,0.94,0.1,0.29123775195504537
0.1,2026091900,287,0.7430643500302786,-1.3366847322816309,0.81,0.05,0.23108427851869084
0.1,2026091900,288,0.39164700559260957,-1.312772121095262,0.75,0.05,0.263640445335051
0.1,2026091900,289,0.578955142410378,-1.2384274255740724,0.78,0.06,0.28255901381169357
0.1,2026091900,290,0.6188832819456136,-1.3092190925922973,0.78,0.06,0.27367981944195136
0.1,2026091900,291,1.0027211929708637,-1.6912628456936836,0.9,0.1,0.27823172982386757
0.1,2026091900,292,0.7336049194630057,-1.263222003194273,0.78,0.06,0.23212078508482192
0.1,2026091900,293,0.7220190472268463,-1.3226597894062468,0.84,0.08,0.2643381545219967
0.1,2026091900,294,0.5710325604977363,-1.450307565585228,0.82,0.12,0.27005530547288586
0.1,2026091900,295,0.4005533191045588,-1.0377584077303887,0.77,0.05,0.2956597801158724
0.1,2026091900,296,0.5498524216501014,-1.3598262179738096,0.81,0.05,0.27902010649064946
0.1,2026091900,297,0.7900619357792337,-1.5203587852011866,0.84,0.08,0.2624996024644846
0.1,2026091900,298,0.7013469270058043,-1.6160923048577587,0.86,0.05,0.27596884529193505
0.1,2026091900,299,0.6392473648597096,-1.3301273323261813,0.78,0.04,0.2929833822884215
0.1,2026091900,300,0.6072595275450606,-1.464460913338931,0.85,0.05,0.2862290029820032
0.1,2026091900,301,0.9178782891892082,-1.4468414802371172,0.8,0.03,0.28685585412449016
0.1,2026091900,302,0.5428902547110432,-1.0576180184950945,0.79,0.08,0.27715470923345487
0.1,2026091900,303,0.39036758304065033,-1.1892982605945224,0.78,0.09,0.24807182795185065
0.1,2026091900,304,0.6848771598555912,-1.488485148285244,0.86,0.09,0.2581972122117089
0.1,2026091900,305,0.7939085269091752,-1.3618905917884914,0.81,0.04,0.2452867512567746
0.1,2026091900,306,0.5488175658217604,-1.4292890775650786,0.81,0.08,0.27466630847629664
0.1,2026091900,307,0.7203904950382126,-1.2900704802612963,0.83,0.09,0.2895625991816317
0.1,2026091900,308,0.3122237802614165,-0.9498018686020886,0.72,0.12,0.3096104731315831
0.1,2026091900,309,0.6313557020042159,-1.4541509380855968,0.85,0.08,0.2404560563320382
0.1,2026091900,310,0.7198987574562701,-1.1794742914593015,0.74,0.1,0.26497231424187206
0.1,2026091900,311,0.7647949514435745,-1.4393823237101422,0.82,0.12,0.2788070285662569
0.1,2026091900,312,0.48810955399938716,-1.3244973975474914,0.79,0.06,0.2753839764545967
0.1,2026091900,313,0.4572428615546651,-1.2891632033119174,0.86,0.12,0.22696775093311528
0.1,2026091900,314,0.5611705087887685,-1.1220006755864829,0.84,0.12,0.2822744942398807
0.1,2026091900,315,0.6619595575303113,-1.2013854173525371,0.81,0.07,0.28979751759995837
0.1,2026091900,316,0.8090039268557423,-1.349975864205776,0.85,0.09,0.2897296359677892
0.1,2026091900,317,0.6820072333312153,-1.4128812668481716,0.83,0.11,0.2785279257465038
0.1,2026091900,318,0.482660361170719,-1.2128943947633113,0.87,0.08,0.27097964717152223
0.1,2026091900,319,0.6011053707327584,-1.3752543844253504,0.85,0.07,0.26959841032897247
0.1,2026091900,320,0.4907728002260605,-1.2112545813450468,0.77,0.05,0.2904918270151975
0.1,2026091900,321,0.4294389301768798,-1.1508870022490414,0.79,0.1,0.2557781342929932
0.1,2026091900,322,0.7237479046275539,-1.5242254919619669,0.88,0.1,0.26350828288973493
0.1,2026091900,323,0.569914381647328,-1.2544640079703515,0.8,0.13,0.2513364662764053
0.1,2026091900,324,0.5490218002580458,-1.2195926536607709,0.8,0.07,0.2860171013884533
0.1,2026091900,325,0.6000370056192064,-1.6302581529935667,0.88,0.12,0.21580138113030387
0.1,2026091900,326,0.2896992324490271,-1.2294866001522897,0.83,0.04,0.27598149083016404
0.1,2026091900,327,0.5841764389598822,-1.3863664005077123,0.82,0.07,0.30365370391086816
0.1,2026091900,328,0.8500490705243507,-1.482011411507811,0.87,0.1,0.29060461292714723
0.1,2026091900,329,0.5926630271066001,-1.393805452787221,0.84,0.08,0.26932648364641526
0.1,2026091900,330,0.6278846423638211,-1.2213303456238944,0.78,0.07,0.2820198230909147
0.1,2026091900,331,0.8354427195253894,-1.454871481636368,0.85,0.01,0.2836576986082325
0.1,2026091900,332,0.9412655194905432,-1.4181484993951496,0.89,0.07,0.24492166907361504
0.1,2026091900,333,0.5875782908296918,-1.3963210662421903,0.82,0.06,0.24252772489923147
0.1,2026091900,334,0.6030275229863371,-1.4528521636428393,0.81,0.08,0.27247591417978273
0.1,2026091900,335,0.38179412797806395,-1.0150219941717096,0.75,0.04,0.23205247040807117
0.1,2026091900,336,0.8506082233412157,-1.5898709382093115,0.87,0.09,0.2651593154180688
0.1,2026091900,337,0.7632294980187762,-1.3022414612311375,0.82,0.06,0.2510106181590012
0.1,2026091900,338,0.710199711277879,-1.368284574838188,0.8,0.09,0.2797548414060049
0.1,2026091900,339,0.681415316435054,-1.3477500658271666,0.9,0.05,0.2845799172997408
0.1,2026091900,340,0.67111320442114,-1.3393216992734707,0.83,0.07,0.2838974923438963
0.1,2026091900,341,0.6494573510409535,-1.4331480404781392,0.8,0.07,0.2586471523145997
0.1,2026091900,342,0.9507687458846987,-1.5362826344777076,0.87,0.07,0.27682508016493756
0.1,2026091900,343,0.6709511755921461,-1.2199286530256424,0.79,0.09,0.2605737373729245
0.1,2026091900,344,0.49203890443632736,-1.0506292029345714,0.77,0.08,0.2812957417057953
0.1,2026091900,345,0.8727283088618982,-1.5534311818540778,0.88,0.1,0.2910562395226073
0.1,2026091900,346,0.6304591429125277,-1.220108393978896,0.8,0.05,0.2572571209936243
0.1,2026091900,347,0.7593777789087944,-1.4182569081457876,0.83,0.07,0.28616052334539677
0.1,2026091900,348,0.5213358823800609,-1.1840027803527793,0.85,0.07,0.2693339398082062
0.1,2026091900,349,0.2967725251399951,-1.2137480301954946,0.82,0.08,0.23511510394791696
0.1,2026091900,350,0.7372733683916401,-1.6624150535032591,0.86,0.05,0.30097989308543427
0.1,2026091900,351,0.6752852404052525,-1.6060574843738982,0.82,0.09,0.26345752792150134
0.1,2026091900,352,0.7022438808557745,-1.3688524276052123,0.86,0.13,0.2736270943567499
0.1,2026091900,353,0.9618139816531394,-1.2770105773265765,0.79,0.04,0.28458517997546723
0.1,2026091900,354,0.8024339754409227,-1.6353162406451074,0.86,0.09,0.31305607642687366
0.1,2026091900,355,0.657191429893791,-1.3272928576765168,0.83,0.05,0.2876568619233321
0.1,2026091900,356,0.47204740426218594,-1.2706336306916441,0.79,0.08,0.2804358517822638
0.1,2026091900,357,0.4199148756586546,-1.259967951283569,0.78,0.08,0.26976720664402487
0.1,2026091900,358,0.6939534042140066,-1.4138333274544792,0.84,0.1,0.3196151984004125
0.1,2026091900,359,0.7399389715054796,-1.4011664828793697,0.82,0.1,0.2527076558650123
0.1,2026091900,360,1.0259297867518404,-1.6769763493965064,0.87,0.09,0.278360990446541
0.1,2026091900,361,0.5232760155474191,-1.3644845062965996,0.86,0.03,0.29850653086157686
0.1,2026091900,362,0.6890094310440089,-1.3499639018205039,0.87,0.06,0.2581657259916078
0.1,2026091900,363,0.29771384097730924,-1.1213737880736518,0.76,0.08,0.25726034218170446
0.1,2026091900,364,0.961499983854562,-1.5705482051535518,0.86,0.1,0.3011852198480266
0.1,2026091900,365,0.6604535828637829,-1.270172520939459,0.82,0.09,0.29212603113186164
0.1,2026091900,366,0.6721360611416456,-1.2020268193812174,0.79,0.09,0.2699816422919276
0.1,2026091900,367,0.7595591249675165,-1.4105071955079487,0.85,0.05,0.25921405575488765
0.1,2026091900,368,0.9657291359819538,-1.3314769881590163,0.83,0.05,0.25590184520265613
0.1,2026091900,369,0.55886557181415,-1.1187219682483909,0.7,0.06,0.24460034246168114
0.1,2026091900,370,0.7225720868340857,-1.3005951085420124,0.82,0.07,0.27582996454473735
0.1,2026091900,371,0.4460483013216492,-1.4557420926955111,0.84,0.06,0.27363503989741905
0.1,2026091900,372,0.8419076951785995,-1.4404626999554646,0.85,0.08,0.3027355082374689
0.1,2026091900,373,0.7420609374974342,-1.3918566102652161,0.78,0.06,0.2795678470714825
0.1,2026091900,374,0.6799173289435668,-1.4005096696444026,0.81,0.06,0.2915103265589641
0.1,2026091900,375,0.7885087620408869,-1.6088187057221779,0.88,0.09,0.26716569823491254
0.1,2026091900,376,0.4689662344357799,-1.2313334402136444,0.81,0.07,0.28020112922497664
0.1,2026091900,377,0.8008484670875146,-1.4524183841938132,0.84,0.08,0.28762649920647937
0.1,2026091900,378,0.7007888241595106,-1.4498818351997733,0.86,0.08,0.28468862803605893
0.1,2026091900,379,0.7030894951516484,-1.3811089675047399,0.8,0.07,0.2567064987991266
0.1,2026091900,380,0.632988647389824,-1.1755728949781379,0.75,0.07,0.2555988950737469
0.1,2026091900,381,0.6594054865098132,-1.3089270360363787,0.75,0.1,0.286321536184745
0.1,2026091900,382,0.6532324957510114,-1.2569687456040932,0.84,0.09,0.2844479929103422
0.1,2026091900,383,0.41150039178685105,-1.1315921220267133,0.78,0.05,0.27719185177425465
0.1,2026091900,384,0.8264462520362288,-1.5034594953398237,0.84,0.08,0.242748947946729
0.1,2026091900,385,0.6921571156776032,-1.5685299716115628,0.85,0.04,0.2704219404700933
0.1,2026091900,386,0.5303432093235685,-1.0983327880830946,0.8,0.09,0.2808239685005177
0.1,2026091900,387,0.6464332786316558,-1.4425120238803621,0.84,0.11,0.3060257688381744
0.1,2026091900,388,0.8713273205710547,-1.4889905834382813,0.85,0.13,0.2751398065270061
0.1,2026091900,389,0.3923206383246676,-1.1510653393005916,0.79,0.09,0.294947716860528
0.1,2026091900,390,0.8733686405153804,-1.210392001433337,0.79,0.06,0.3079311534180875
0.1,2026091900,391,1.0019779934592339,-1.5797635122956684,0.88,0.06,0.25972757130404034
0.1,2026091900,392,0.5211317071785695,-1.30157919169938,0.8,0.06,0.26347249897944436
0.1,2026091900,393,0.8603688770429047,-1.5088267568497762,0.87,0.05,0.26435668650251204
0.1,2026091900,394,1.0078592663726094,-1.6042080068069071,0.84,0.12,0.2859663706452251
0.1,2026091900,395,0.7125027297937353,-1.2112871502552993,0.83,0.1,0.2789074357920774
0.1,2026091900,396,0.5992942401998506,-1.3576791177746887,0.81,0.04,0.2930996178631606
0.1,2026091900,397,0.3900708606304197,-1.369358959970182,0.83,0.04,0.29487145472029375
0.1,2026091900,398,0.750344111473563,-1.42028684106911,0.82,0.12,0.2878119339270585
0.1,2026091900,399,0.45996465119890845,-1.3178504079389999,0.81,0.07,0.27521759903333587
0.1,2026091900,400,1.229764020958733,-1.660722281803475,0.85,0.07,0.2754361432983151
0.1,2026091900,401,0.637462965155182,-1.2902263410151078,0.78,0.1,0.25484689355375095
0.1,2026091900,402,0.8933622490961494,-1.3433410624214555,0.8,0.08,0.2861651010291591
0.1,2026091900,403,0.5675620767960626,-1.305755199127865,0.84,0.11,0.23763977336931827
0.1,2026091900,404,0.573156481793899,-1.0772743741895028,0.79,0.13,0.27196198356137524
0.1,2026091900,405,0.6896807185048331,-1.4189490908102718,0.82,0.05,0.305834427689068
0.1,2026091900,406,0.7312753351850634,-1.3992958626460685,0.81,0.02,0.2738372304532064
0.1,2026091900,407,0.8404147266072173,-1.4812524404739356,0.85,0.1,0.25273291391447433
0.1,2026091900,408,0.46345043387976204,-1.2629384778764434,0.79,0.06,0.2709199266659027
0.1,2026091900,409,0.4885833688982158,-1.1396668800561989,0.82,0.12,0.2756484556545308
0.1,2026091900,410,0.7520314591958871,-1.1637836558591796,0.78,0.02,0.2552337591611549
0.1,2026091900,411,0.6478286414226827,-1.2908055798279157,0.85,0.12,0.2644034393880598
0.1,2026091900,412,0.7997568719537483,-1.3284525795071824,0.8,0.09,0.28405860021939544
0.1,2026091900,413,0.6001245675120674,-1.3700964293332363,0.8,0.05,0.22386340066447719
0.1,2026091900,414,1.028706894174483,-1.5891580265322978,0.87,0.1,0.26313036326881545
0.1,2026091900,415,0.3866621203733986,-1.1225017061526708,0.8,0.08,0.2629481814570665
0.1,2026091900,416,0.52336011048099,-1.260265902699605,0.78,0.09,0.2648402631585063
0.1,2026091900,417,0.6787910353103398,-1.2486075418643532,0.8,0.04,0.2750836478415847
0.1,2026091900,418,0.6420257398492224,-1.4688930499186585,0.83,0.06,0.29485202411282474
0.1,2026091900,419,0.6114716406224986,-1.2456453142442714,0.74,0.07,0.24516749361858178
0.1,2026091900,420,0.566811062618831,-1.192433008526195,0.79,0.06,0.26791400401846494
0.1,2026091900,421,0.7868654722700715,-1.2746710259889809,0.82,0.09,0.3198199237609554
0.1,2026091900,422,0.6601604370359524,-1.4403315465506628,0.82,0.05,0.27734511320666766
0.1,2026091900,423,0.8603137150156458,-1.2704276657395885,0.77,0.06,0.2924914714697704
0.1,2026091900,424,0.6209339886175249,-1.2220130047062285,0.84,0.05,0.2631304665114137
0.1,2026091900,425,0.530706010152316,-1.1499570670935926,0.82,0.07,0.261998859708252
0.1,2026091900,426,0.6390522904000654,-1.5603883738062319,0.82,0.07,0.2693119176233589
0.1,2026091900,427,1.2516921132627243,-1.6040686890522835,0.88,0.07,0.2654722206734254
0.1,2026091900,428,0.7481947155766338,-1.5128998282235915,0.85,0.09,0.2401702990632425
0.1,2026091900,429,0.6574563345401612,-1.4370407417669337,0.83,0.06,0.27697146597967326
0.1,2026091900,430,0.6265298522907934,-1.2960654256433193,0.82,0.09,0.26095461430641237
0.1,2026091900,431,0.5876177807096681,-1.2197623465347476,0.8,0.07,0.2727106821254941
0.1,2026091900,432,0.951269267801522,-1.4340440366703424,0.86,0.05,0.25123161732492316
0.1,2026091900,433,0.5353728569520265,-1.3348985107253128,0.8,0.05,0.2972759270632101
0.1,2026091900,434,0.5912546692511502,-1.5504081161879488,0.85,0.05,0.27970941808079014
0.1,2026091900,435,0.8473408746658202,-1.4625989864852116,0.84,0.11,0.2757210915857964
0.1,2026091900,436,0.671084736872547,-1.4088747262459187,0.88,0.08,0.24554028610632675
0.1,2026091900,437,0.6673236746641393,-1.142494704756365,0.76,0.09,0.2410420385598129
0.1,2026091900,438,0.7693091441388928,-1.1991534720812336,0.8,0.05,0.25952121641623405
0.1,2026091900,439,0.5223436456677163,-1.1697151294998083,0.78,0.08,0.3039052203917636
0.1,2026091900,440,0.7913157158964631,-1.3700442335207306,0.81,0.08,0.2637342043140875
0.1,2026091900,441,0.6885893988796513,-1.4113765450731464,0.89,0.12,0.29334492811347085
0.1,2026091900,442,0.710193810828086,-1.371613996996396,0.83,0.07,0.24741847455689037
0.1,2026091900,443,0.7482187866315697,-1.4236506426948237,0.83,0.04,0.2807836179449977
0.1,2026091900,444,0.699304737126571,-1.3711599595749229,0.83,0.08,0.255055906266806
0.1,2026091900,445,0.6669052019671676,-1.5424781334894049,0.83,0.05,0.27762707693257016
0.1,2026091900,446,0.5605808955921239,-1.0203024110481198,0.79,0.1,0.2896745034005635
0.1,2026091900,447,0.7455985807999163,-1.5046956563203548,0.85,0.04,0.3187180550261102
0.1,2026091900,448,0.6705492996985464,-1.28941787303204,0.84,0.09,0.30727765998973977
0.1,2026091900,449,0.549818474254603,-1.3687060501879507,0.82,0.07,0.2796107079741993
0.1,2026091900,450,0.5831661901437368,-1.1435986830160114,0.79,0.12,0.29758468540570054
0.1,2026091900,451,0.7785282590025797,-1.390126904173907,0.79,0.04,0.2814792158664682
0.1,2026091900,452,0.856027938465011,-1.393698734309665,0.85,0.06,0.26211703158426114
0.1,2026091900,453,0.6003898232769243,-1.4390697366889607,0.85,0.05,0.2506262077653128
0.1,2026091900,454,0.7198417175223377,-1.6890917368863716,0.86,0.04,0.24161460643591995
0.1,2026091900,455,0.6301544282771798,-1.2725258955298606,0.8,0.13,0.2716673255486495
0.1,2026091900,456,0.8696210307714048,-1.4689115618690274,0.82,0.07,0.26316492176747897
0.1,2026091900,457,0.4898425421927966,-1.2196827391863974,0.79,0.06,0.26689374153891476
0.1,2026091900,458,0.7933682499743672,-1.2661953862638358,0.87,0.06,0.2757080605508138
0.1,2026091900,459,0.8621834676007768,-1.5427444118046967,0.83,0.06,0.28750164150209434
0.1,2026091900,460,0.6309092156360224,-1.3814523215868686,0.84,0.09,0.24227756416534224
0.1,2026091900,461,0.7698828844231993,-1.3810972174417104,0.83,0.09,0.2786523566982305
0.1,2026091900,462,0.5586743636067072,-1.2559111202979059,0.79,0.08,0.27722564249684667
0.1,2026091900,463,0.7499782961173801,-1.3794836045832128,0.82,0.11,0.23912680970699302
0.1,2026091900,464,0.5842998126543876,-1.2809907945189718,0.79,0.07,0.2757152078506804
0.1,2026091900,465,0.6504802776461683,-1.109646982261315,0.76,0.05,0.2734946517348468
0.1,2026091900,466,0.7343151105340705,-1.086514248297503,0.75,0.08,0.2774749652327864
0.1,2026091900,467,0.5320211344372097,-1.2981440218304767,0.79,0.1,0.26796048538838757
0.1,2026091900,468,0.7335370219500957,-1.2724618886712673,0.83,0.12,0.32364725525315
0.1,2026091900,469,0.716298456412867,-1.2989261896960889,0.81,0.09,0.29035170474739547
0.1,2026091900,470,0.7508991626989179,-1.4910263976023048,0.85,0.09,0.27789419473409604
0.1,2026091900,471,0.7107678965852509,-1.4065679282916437,0.86,0.1,0.266917578529996
0.1,2026091900,472,0.6632145481044658,-1.1761448756621016,0.78,0.04,0.2611564554040882
0.1,2026091900,473,0.8255910262006746,-1.4076909275536906,0.83,0.07,0.24822146665595535
0.1,2026091900,474,0.5270463709994704,-1.2882022379093232,0.84,0.08,0.2810956464591356
0.1,2026091900,475,0.5719314024480227,-1.1996932464342358,0.77,0.08,0.24216199222360377
0.1,2026091900,476,0.633351555588958,-1.1309741201820431,0.77,0.06,0.2674102792615797
0.1,2026091900,477,0.7599480513811276,-1.2778122012124637,0.79,0.05,0.25793360931257
0.1,2026091900,478,0.5322796372697868,-1.3210120408747301,0.81,0.07,0.27062237269580347
0.1,2026091900,479,0.5808597603923125,-1.2418553466891995,0.79,0.09,0.27390565244095944
0.1,2026091900,480,0.7931383246051118,-1.2319094029390107,0.85,0.07,0.27369721469666575
0.1,2026091900,481,0.540130889999884,-1.208321762894625,0.76,0.08,0.282888754222005
0.1,2026091900,482,0.6019865125090275,-1.4616558787120035,0.85,0.05,0.27373009114881336
0.1,2026091900,483,0.8181388595704743,-1.258581920504423,0.77,0.07,0.2682591386946407
0.1,2026091900,484,0.531931002074623,-1.3322511948803615,0.83,0.09,0.2851643416445958
0.1,2026091900,485,0.6204445071573865,-1.4219382428931868,0.86,0.08,0.2978714739859896
0.1,2026091900,486,0.4993029749357361,-1.3167451932039835,0.82,0.08,0.25510262462997907
0.1,2026091900,487,0.7216440620676885,-1.5161283898800388,0.86,0.08,0.24804664447802008
0.1,2026091900,488,0.7787854839342175,-1.2952414593396964,0.8,0.07,0.2925523344859961
0.1,2026091900,489,0.735385784111109,-1.3512701352118026,0.84,0.08,0.27289474165342786
0.1,2026091900,490,0.34329732885567377,-1.1468606062245543,0.8,0.1,0.2577522098213501
0.1,2026091900,491,0.6547118334709652,-1.2743706181787922,0.78,0.06,0.2651740396186304
0.1,2026091900,492,0.6355340604402584,-1.1276603378788468,0.78,0.09,0.2512379434057553
0.1,2026091900,493,0.6578902538014448,-1.4812143233286617,0.84,0.11,0.24752496925960835
0.1,2026091900,494,0.788598239132488,-1.3705475112752643,0.82,0.08,0.2789888042771793
0.1,2026091900,495,0.5303106669529675,-1.1089125956060149,0.81,0.06,0.2821464631759637
0.1,2026091900,496,0.47872818591790123,-1.297681253939425,0.81,0.07,0.3108108066791495
0.1,2026091900,497,0.601042806335017,-1.3960399000932722,0.82,0.07,0.3077612520508992
0.1,2026091900,498,0.5611264076083872,-1.5314976184380604,0.84,0.04,0.23655983491423904
0.1,2026091900,499,0.5754782808736182,-1.156976650331464,0.8,0.08,0.27484823417251025
0.16,2026091900,0,0.6691079250721156,-0.8678839504868309,0.68,0.04,0.283695759852023
0.16,2026091900,1,0.3320309327216575,-0.629145287498431,0.61,0.07,0.3193034392008797
0.16,2026091900,2,0.37871641993328525,-1.0302649777105948,0.69,0.04,0.30236716752020665
0.16,2026091900,3,0.6898134047247281,-1.0219561456680109,0.72,0.04,0.2804451505749268
0.16,2026091900,4,0.5493367349810007,-1.077320693812188,0.71,0.07,0.292071454258564
0.16,2026091900,5,0.3972379817468601,-1.016384369889447,0.72,0.06,0.32593433674079647
0.16,2026091900,6,0.3219663942048225,-0.7826872963880637,0.65,0.06,0.33728236540028994
0.16,2026091900,7,0.3531629576875639,-0.8886444285772279,0.7,0.06,0.32110034740494053
0.16,2026091900,8,0.35095581839633083,-0.7800272220179374,0.63,0.07,0.3041459385219352
0.16,2026091900,9,0.5221817274840801,-1.051210000347949,0.75,0.09,0.29229661873354595
0.16,2026091900,10,0.49138579769262763,-0.9202504704944695,0.68,0.03,0.3175053249773411
0.16,2026091900,11,0.4107680259760025,-1.0227367227551052,0.69,0.05,0.2901061084557694
0.16,2026091900,12,0.397880757416616,-0.7603732994262211,0.67,0.02,0.32344595982158
0.16,2026091900,13,0.4296505371151293,-0.6610243397897143,0.72,0.06,0.311282480218596
0.16,2026091900,14,0.24796384021103443,-0.6179931684822908,0.64,0.02,0.31362052938877044
0.16,2026091900,15,0.7728038107410089,-1.2934042795449947,0.8,0.01,0.313407234114219
0.16,2026091900,16,0.38671827148217713,-0.6825083028254914,0.66,0.09,0.29501657306457363
0.16,2026091900,17,0.571790752073163,-0.9494670033598502,0.72,0.03,0.2981123195938274
0.16,2026091900,18,0.3467457440983305,-1.0083100398242908,0.73,0.06,0.34058419742569995
0.16,2026091900,19,0.321165567464818,-1.2083468991924708,0.72,0.05,0.2993928208460522
0.16,2026091900,20,0.3799225441893958,-0.7907548980763779,0.67,0.04,0.3234889350123943
0.16,2026091900,21,0.55996832543542,-1.257142065090653,0.78,0.04,0.30896141646652864
0.16,2026091900,22,0.26082762118422836,-0.8447724619980286,0.76,0.02,0.3161669402918496
0.16,2026091900,23,0.45875903772178867,-1.0275528080663996,0.76,0.04,0.29317811488374745
0.16,2026091900,24,0.46104807394468805,-0.8805800718137494,0.73,0.06,0.3293006111625587
0.16,2026091900,25,0.36514754689529577,-0.9413548593579207,0.69,0.07,0.31104367364509616
0.16,2026091900,26,0.309042108832205,-0.9586138981153676,0.72,0.04,0.29790170199713867
0.16,2026091900,27,0.5001830204688802,-0.7870594840773677,0.65,0.05,0.29746200018363517
0.16,2026091900,28,0.6509797428043467,-1.1127301262021905,0.68,0.04,0.3111188308983698
0.16,2026091900,29,0.18599269117234993,-0.7579594530511767,0.62,0.05,0.31042743878474627
0.16,2026091900,30,0.08677987849349098,-0.7490132346800787,0.64,0.03,0.30758236414678636
0.16,2026091900,31,0.5994360084895722,-1.011539322352483,0.71,0.05,0.33270008168062115
0.16,2026091900,32,0.3877086372617153,-0.7413091452194461,0.67,0.07,0.3438023086317779
0.16,2026091900,33,0.5637695680571404,-0.8758407227972188,0.74,0.05,0.31527402204651134
0.16,2026091900,34,0.2824843870443378,-0.9543951503035306,0.68,0.06,0.3173045375461031
0.16,2026091900,35,0.327365145944816,-0.6787914331646482,0.59,0.01,0.29100178614760813
0.16,2026091900,36,0.33680411249659714,-0.8945251311139514,0.72,0.02,0.2903697523972138
0.16,2026091900,37,0.4378445500899189,-0.949600126788209,0.73,0.03,0.3257736984832125
0.16,2026091900,38,0.5453166622243463,-1.0940918776442154,0.7,0.04,0.31027409217723373
0.16,2026091900,39,0.3208154398045496,-0.7476275747158193,0.61,0.03,0.35101279654569106
0.16,2026091900,40,0.3878214321855485,-0.9811192918188635,0.69,0.07,0.3128645561382639
0.16,2026091900,41,0.622427103603101,-0.7987529376657274,0.63,0.03,0.3079772831872656
0.16,2026091900,42,0.7192843124693589,-1.2293055525183632,0.74,0.05,0.3153783180004536
0.16,2026091900,43,0.3205129349134515,-0.8728642210392757,0.68,0.06,0.29993040477789906
0.16,2026091900,44,0.6857673228038528,-1.235789793190798,0.78,0.03,0.3049615796717562
0.16,2026091900,45,0.4115331328573888,-0.784932895852344,0.67,0.03,0.3183984331189722
0.16,2026091900,46,0.5810910867664123,-1.043851498663756,0.7,0.06,0.33838018245495133
0.16,2026091900,47,0.5374179609833775,-0.7371031818338623,0.66,0.05,0.3061915751306673
0.16,2026091900,48,0.060719113808375906,-0.8000153035821675,0.71,0.06,0.3230446157697903
0.16,2026091900,49,-0.010104259620906959,-0.7079813769503894,0.57,0.01,0.32911249674660437
0.16,2026091900,50,0.338437065245692,-1.0335305078244437,0.72,0.01,0.29114189174802213
0.16,2026091900,51,0.5711446786481893,-0.7003555329837663,0.64,0.06,0.3339817473240935
0.16,2026091900,52,0.5375061674587829,-1.0682587172733125,0.73,0.04,0.2775207602645453
0.16,2026091900,53,0.6009270306049005,-0.6742774723711479,0.63,0.03,0.341594003378273
0.16,2026091900,54,0.35841753896960765,-0.8695028798569548,0.72,0.06,0.33855561017192637
0.16,2026091900,55,0.8447713272005051,-1.247520758059994,0.77,0.05,0.31205244429928586
0.16,2026091900,56,0.5130621442487917,-0.8781268581208821,0.75,0.04,0.3281565228896185
0.16,2026091900,57,0.5977228163335241,-1.1395718493825289,0.77,0.1,0.301015238683461
0.16,2026091900,58,0.5523325075387624,-0.7798075850033741,0.67,0.03,0.2894487703739124
0.16,2026091900,59,0.38984969479771103,-1.070202819760327,0.74,0.05,0.3049406217643247
0.16,2026091900,60,0.3529728915237107,-0.7575700863157038,0.68,0.05,0.3110935433483231
0.16,2026091900,61,0.5527102296508561,-0.6993652335460914,0.63,0.07,0.2826433576030844
0.16,2026091900,62,0.45875517238227254,-1.2636728503136343,0.8,0.05,0.2968604476442782
0.16,2026091900,63,0.48896169873471196,-1.0193834403018598,0.74,0.09,0.3407965679212459
0.16,2026091900,64,0.40215938595701745,-0.7093203450937163,0.66,0.01,0.28973265288641753
0.16,2026091900,65,0.5908386720698782,-0.9596976102105595,0.69,0.06,0.30255103584241194
0.16,2026091900,66,0.45842627200882363,-1.0340518780936203,0.73,0.06,0.3012320238860948
0.16,2026091900,67,0.6715533647307868,-0.9188135413943895,0.65,0.07,0.3300573031577545
0.16,2026091900,68,0.4889279817964375,-0.8389194487987903,0.7,0.09,0.30006606234349
0.16,2026091900,69,0.3987786056117736,-0.9658750983365342,0.67,0.06,0.315083100843664
0.16,2026091900,70,0.7460400017065176,-1.290084029340345,0.75,0.04,0.29097710718395997
0.16,2026091900,71,0.4817576898692986,-1.0124566207905037,0.76,0.1,0.27909560558864555
0.16,2026091900,72,0.4373766193109929,-0.9781643058435974,0.66,0.05,0.2784144227138101
0.16,2026091900,73,0.07579830139699774,-0.7635071201671919,0.73,0.1,0.2680296259399285
0.16,2026091900,74,0.08145681914783712,-0.7103517451506689,0.65,0.06,0.31465017331923906
0.16,2026091900,75,0.340189708419164,-0.7285471578779007,0.64,0.05,0.31434758932596035
0.16,2026091900,76,0.27523312354408014,-0.8684534022431726,0.71,0.04,0.3207854186269647
0.16,2026091900,77,0.6601404371413667,-1.1819414270888793,0.7,0.05,0.3027505008484791
0.16,2026091900,78,0.5633366221669834,-0.7297214970297249,0.69,0.11,0.2970638992840316
0.16,2026091900,79,0.6066254135337392,-1.0128016805454652,0.65,0.08,0.3238700681434839
0.16,2026091900,80,0.42750657694542726,-1.1351756746812867,0.71,0.03,0.31898492869053685
0.16,2026091900,81,0.4416192943760744,-0.5691237256274314,0.6,0.02,0.35169058157231314
0.16,2026091900,82,0.5189701925342559,-0.6900484425877954,0.68,0.07,0.3017720988530428
0.16,2026091900,83,0.481440305180422,-1.0105161856665503,0.75,0.08,0.2895654239661161
0.16,2026091900,84,0.5755401430343384,-0.9662614586271681,0.69,0.05,0.29389450538049
0.16,2026091900,85,0.420711609596455,-0.7230188319315889,0.65,0.07,0.2937707847807859
0.16,2026091900,86,0.4142374573713989,-0.9353790682335216,0.7,0.03,0.30011728816638505
0.16,2026091900,87,0.16253567759761772,-0.993507611419725,0.72,0.1,0.31281220936451837
0.16,2026091900,88,0.6231874492161666,-0.9374025911121119,0.68,0.12,0.3274915467953577
0.16,2026091900,89,0.3972919297587704,-0.6971039577685985,0.66,0.07,0.2850723612927587
0.16,2026091900,90,0.3169522551033858,-0.9831620544912011,0.72,0.02,0.3041209543215048
0.16,2026091900,91,0.5718139656925375,-1.1194678982526658,0.72,0.05,0.2667476643322097
0.16,2026091900,92,0.24061397331436524,-0.6511026349141599,0.63,0.1,0.328408284328826
0.16,2026091900,93,0.2884175542384702,-1.0474152252924562,0.77,0.05,0.299371659231346
0.16,2026091900,94,0.48107094839390496,-1.089334905123267,0.73,0.05,0.32900465769055226
0.16,2026091900,95,0.479586669381518,-0.7026206165643692,0.7,0.06,0.30316832030313984
0.16,2026091900,96,0.6841010455763409,-1.1685987746954896,0.74,0.07,0.30678923466534
0.16,2026091900,97,0.22092939615324597,-0.6996113238625378,0.64,0.06,0.3066406736929261
0.16,2026091900,98,0.11837067205217254,-0.9658208911484494,0.71,0.04,0.32882968907549864
0.16,2026091900,99,0.1903815279796219,-0.6507249202034707,0.65,0.03,0.32821988384260015
0.16,2026091900,100,0.7209935214712924,-0.9970274022718486,0.7,0.04,0.31628729189757593
0.16,2026091900,101,0.5147908469024751,-1.164586837501044,0.74,0.04,0.32175524807216993
0.16,2026091900,102,0.5003736365978818,-1.160260022999416,0.75,0.06,0.3343215349280384
0.16,2026091900,103,0.6350030490744344,-0.8600572170435433,0.69,0.02,0.27691282034226083
0.16,2026091900,104,0.3226063847814787,-0.6011291566415187,0.63,0.1,0.328202278625223
0.16,2026091900,105,0.35663069084245486,-0.8565842853203075,0.66,0.04,0.31993785329711616
0.16,2026091900,106,0.3600271152741113,-0.8704971370028098,0.68,0.09,0.27972774537738515
0.16,2026091900,107,0.6497701782179378,-1.2303652653356305,0.74,0.04,0.3197362448205332
0.16,2026091900,108,0.4627687529062219,-0.9595396888462973,0.7,0.06,0.3323894422129584
0.16,2026091900,109,0.5803390461629404,-0.9879322847435268,0.74,0.07,0.30851925603976993
0.16,2026091900,110,0.44940217542483124,-0.9581066206900114,0.74,0.04,0.30653668441720167
0.16,2026091900,111,0.3206330291850521,-0.8693362639267445,0.68,0.07,0.29622987976505594
0.16,2026091900,112,0.2219043043321474,-0.8205691981896266,0.68,0.04,0.3336233739134243
0.16,2026091900,113,0.3903215566697608,-0.7602029150000276,0.65,0.04,0.33213298810235564
0.16,2026091900,114,0.5292847043588429,-0.8173176606347315,0.67,0.07,0.33870252690767044
0.16,2026091900,115,0.34832194492450796,-0.6924393757142774,0.66,0.02,0.3078902880458844
0.16,2026091900,116,0.4539310717298781,-1.0123739894072281,0.68,0.04,0.2664671514478382
0.16,2026091900,117,0.7210277787051398,-0.9177613942705659,0.69,0.05,0.27514655671621246
0.16,2026091900,118,0.2729775275508397,-0.8008375915953881,0.7,0.06,0.3584605435529292
0.16,2026091900,119,0.3696061362190427,-0.7006239673754504,0.57,0.03,0.32189744682228805
0.16,2026091900,120,0.5400549238494292,-1.0286025442909352,0.69,0.06,0.3348505677036496
0.16,2026091900,121,0.5407981671537108,-0.9728929040094961,0.72,0.05,0.3023321719994699
0.16,2026091900,122,0.18196998808700446,-0.730269940237402,0.71,0.05,0.3242794172490129
0.16,2026091900,123,0.02986573839116402,-0.7031075834949452,0.65,0.06,0.3257064539393328
0.16,2026091900,124,0.4075249729912303,-0.8527035533180275,0.7,0.05,0.3187171056877075
0.16,2026091900,125,0.7908837604932845,-0.9595005797343645,0.68,0.04,0.32734799005572657
0.16,2026091900,126,0.17797068745119154,-0.9403514769682847,0.69,0.03,0.2941804226974998
0.16,2026091900,127,0.41203274861861494,-0.9242331323446323,0.67,0.04,0.2793328363553865
0.16,2026091900,128,-0.05401378254861618,-0.354641653728865,0.58,0.01,0.33316124134521774
0.16,2026091900,129,0.4336006433904941,-0.8800865912055323,0.7,0.07,0.32559203265827386
0.16,2026091900,130,0.37360613526370445,-0.9014824759161344,0.71,0.07,0.3053006569536814
0.16,2026091900,131,0.20532960082237714,-0.7843951497415269,0.65,0.05,0.31290202014856205
0.16,2026091900,132,0.6510596773090442,-0.9314327623861619,0.69,0.03,0.3184849732453213
0.16,2026091900,133,0.37215316515369845,-0.8773398442615781,0.66,0.06,0.32137383978487455
0.16,2026091900,134,0.28984170825348327,-0.8284485087011164,0.68,0.09,0.31484728943580953
0.16,2026091900,135,0.5628046151296141,-1.1636032739613325,0.71,0.05,0.2986130124711598
0.16,2026091900,136,0.4319390899451395,-0.691346315489096,0.63,0.02,0.2796446296164117
0.16,2026091900,137,0.305056820799585,-0.665832958322335,0.68,0.05,0.3266320704707651
0.16,2026091900,138,0.6789346253857039,-0.8777317150104267,0.7,0.08,0.35227343785308873
0.16,2026091900,139,0.39017674433798094,-0.9520728762504809,0.7,0.06,0.30450657124609415
0.16,2026091900,140,0.4721822899824466,-1.0992722493407185,0.73,0.03,0.29619037673667004
0.16,2026091900,141,0.26964850695613585,-0.7640904193817457,0.64,0.09,0.3010221754224712
0.16,2026091900,142,0.656398429406851,-1.1290972995806343,0.78,0.08,0.3210801120200252
0.16,2026091900,143,0.5788006211361473,-0.7771133157742106,0.68,0.07,0.30802820898287725
0.16,2026091900,144,0.7244959948892931,-1.1686961629518589,0.76,0.06,0.3045458052588808
0.16,2026091900,145,0.26503668542719944,-0.8340808660063963,0.66,0.06,0.31566369590613486
0.16,2026091900,146,0.2344965934896652,-0.5209698992717218,0.64,0.06,0.30901653590142775
0.16,2026091900,147,0.5891031318364042,-0.9912742149375788,0.66,0.07,0.2919484115175462
0.16,2026091900,148,0.5609496105533656,-1.0610480554164823,0.73,0.09,0.3102379629641208
0.16,2026091900,149,0.37988008648143434,-0.7414353205660474,0.68,0.06,0.30410519711843087
0.16,2026091900,150,0.6541403684664053,-1.1549770848129883,0.72,0.06,0.30888689748078746
0.16,2026091900,151,0.31202374518252446,-0.6533759953010566,0.68,0.04,0.313521775237699
0.16,2026091900,152,0.6222320584207914,-0.9517022784509773,0.74,0.05,0.29711831150659884
0.16,2026091900,153,0.5144009714621515,-0.877913487315364,0.71,0.06,0.2709616195482377
0.16,2026091900,154,0.698698658723774,-0.7987529620056528,0.65,0.05,0.2745327102531068
0.16,2026091900,155,0.7816501002991046,-1.0068048083543655,0.71,0.05,0.28834273913923913
0.16,2026091900,156,0.3983490390204979,-0.9411906702145297,0.74,0.06,0.32571969540314555
0.16,2026091900,157,0.24953994395576629,-0.678366868385436,0.64,0.08,0.33942364673181813
0.16,2026091900,158,0.36964112156340545,-0.8104176720200474,0.65,0.06,0.3136290638337631
0.16,2026091900,159,0.36793030754577066,-0.9165555266265741,0.71,0.04,0.3448603510579181
0.16,2026091900,160,0.5448012128012482,-1.0471175041037415,0.73,0.02,0.3244290012787541
0.16,2026091900,161,0.3781970139118773,-0.7816867056112254,0.67,0.03,0.3288284946735653
0.16,2026091900,162,0.4759536988053511,-0.8466081941763206,0.68,0.04,0.31779640382103325
0.16,2026091900,163,0.5527375807457606,-0.62097981670429,0.63,0.05,0.3307688585399368
0.16,2026091900,164,0.2384341252165846,-0.6932931175524933,0.66,0.1,0.31225324738974986
0.16,2026091900,165,0.6789132250560249,-0.9586569756500805,0.7,0.07,0.30853520128225614
0.16,2026091900,166,0.3890973054984346,-0.7695818087946072,0.69,0.07,0.3470230616180939
0.16,2026091900,167,0.3697833154149597,-1.068846437934316,0.72,0.05,0.310973883147145
0.16,2026091900,168,0.4890657697771013,-0.8426293543079514,0.65,0.06,0.3483026887472785
0.16,2026091900,169,0.531951734673585,-0.9108787874328605,0.68,0.05,0.316181294642657
0.16,2026091900,170,0.40780589846695103,-0.7887276150198776,0.65,0.07,0.2867436718762955
0.16,2026091900,171,0.11116869583802629,-0.8083653154887895,0.66,0.03,0.30668255869956834
0.16,2026091900,172,0.7815268035475386,-1.0113220179496814,0.73,0.02,0.30479657555120626
0.16,2026091900,173,0.37800325517708055,-0.9911389176705673,0.71,0.04,0.3288140545717917
0.16,2026091900,174,0.7268012275019531,-0.8282357554687607,0.68,0.07,0.3164946777040646
0.16,2026091900,175,0.3141591041355831,-0.7240244799795963,0.66,0.07,0.30787724008322537
0.16,2026091900,176,0.4018466948009707,-0.8670403295979816,0.7,0.03,0.3087862606195356
0.16,2026091900,177,0.4818033338795791,-1.024771088887462,0.71,0.06,0.3103409604705949
0.16,2026091900,178,0.6318223641870143,-0.8817379593639667,0.73,0.07,0.31654193616824444
0.16,2026091900,179,0.38993168446398857,-0.8602467936173234,0.67,0.07,0.31553783739785995
0.16,2026091900,180,0.23056005119010084,-0.7004086634412379,0.61,0.05,0.32038877886447215
0.16,2026091900,181,0.21417454283501905,-1.0042300488718765,0.71,0.04,0.3064342377570636
0.16,2026091900,182,0.6243615544028452,-1.0024888657943116,0.66,0.03,0.31853621139307947
0.16,2026091900,183,0.6353279810878089,-0.9783799446191401,0.7,0.09,0.32272446446113784
0.16,2026091900,184,0.5421482941224668,-0.9966975684003728,0.65,0.04,0.3489680171883461
0.16,2026091900,185,0.33404198789309886,-0.5815548673963594,0.64,0.03,0.33188325941445734
0.16,2026091900,186,0.4315312628017564,-0.7403001984161586,0.67,0.06,0.32839408598334197
0.16,2026091900,187,0.610717166215785,-1.2552387260502238,0.82,0.06,0.2904812261496069
0.16,2026091900,188,0.35022508029346566,-0.7209015972032324,0.68,0.01,0.30339070188885436
0.16,2026091900,189,0.47849754002522615,-0.9198928780790554,0.71,0.07,0.3111693019407028
0.16,2026091900,190,0.28481238082295385,-0.6554643571951043,0.63,0.04,0.34333172278306784
0.16,2026091900,191,0.4610394242023168,-0.7813452857434189,0.64,0.03,0.2996111596064858
0.16,2026091900,192,0.4651115794654347,-0.8680554871307838,0.66,0.03,0.30739107813568284
0.16,2026091900,193,0.7508320625755054,-1.0463105229585392,0.69,0.08,0.3198788225659416
0.16,2026091900,194,0.8095557336690996,-1.1705911359692829,0.67,0.07,0.2901933054094091
0.16,2026091900,195,0.47874435926749714,-1.1696224300764948,0.73,0.06,0.3278292541616923
0.16,2026091900,196,0.5775467157005262,-0.9192905877627254,0.7,0.05,0.3115407925570742
0.16,2026091900,197,0.4599589113613956,-0.8975189304411556,0.7,0.07,0.30171265315613066
0.16,2026091900,198,0.23501320294095024,-0.7378939807172715,0.69,0.07,0.3247359679932653
0.16,2026091900,199,0.39506661535762844,-0.7242433099301941,0.69,0.06,0.3213774772831022
0.16,2026091900,200,0.5080596599030522,-0.9868605497057618,0.7,0.06,0.2976963070331424
0.16,2026091900,201,0.4015125121513012,-0.6790707915339904,0.65,0.09,0.3097239165003754
0.16,2026091900,202,0.11569335966204408,-0.7621911853046092,0.68,0.06,0.31460836341800635
0.16,2026091900,203,0.4011955530215738,-1.0029452640890237,0.75,0.05,0.3045894229187479
0.16,2026091900,204,0.2991825818717528,-0.8318363164222552,0.63,0.02,0.2942297139476527
0.16,2026091900,205,1.0168375505684746,-1.394541201968589,0.78,0.05,0.3189159433286921
0.16,2026091900,206,0.3702781121346223,-1.0718453478789371,0.75,0.07,0.3115094597230448
0.16,2026091900,207,0.2007035090056664,-0.6775226640825572,0.7,0.08,0.29880384279672273
0.16,2026091900,208,0.5800815183180016,-0.9791384025128869,0.7,0.06,0.28020473602302864
0.16,2026091900,209,0.4784929156848245,-1.135207171828496,0.77,0.07,0.3201509103259193
0.16,2026091900,210,0.047875972368272526,-0.5605728643878833,0.65,0.08,0.3042264800175288
0.16,2026091900,211,0.521630308124342,-0.7160425069662746,0.66,0.05,0.3035428501294947
0.16,2026091900,212,0.30318209767059046,-0.7117868290754461,0.61,0.03,0.2942637200915626
0.16,2026091900,213,0.36521189922967845,-0.6174081500247365,0.63,0.07,0.3121024758158723
0.16,2026091900,214,0.4306976634713869,-1.0297339870716413,0.72,0.07,0.32235824951326464
0.16,2026091900,215,0.3900785323416116,-0.9748301211759671,0.74,0.08,0.3054057532621952
0.16,2026091900,216,0.3992665703887058,-0.6093581048891515,0.65,0.07,0.3063425474635633
0.16,2026091900,217,0.4997323570732653,-0.8397457087831585,0.67,0.06,0.3003153910721419
0.16,2026091900,218,0.5178632632354472,-0.9795718934862678,0.67,0.04,0.32537249201155793
0.16,2026091900,219,0.5766203428426647,-0.6113415308168877,0.64,0.08,0.3041490266922845
0.16,2026091900,220,0.5259686823442429,-0.9542318141674881,0.73,0.05,0.33415573668169235
0.16,2026091900,221,0.4585959974168059,-1.0766974111740335,0.75,0.06,0.3111103584945
0.16,2026091900,222,0.3412652308524956,-0.8444293501291277,0.66,0.04,0.3030148057810498
0.16,2026091900,223,0.3788781226180775,-0.8992071397225652,0.68,0.06,0.271970815231761
0.16,2026091900,224,0.41102221597812494,-0.7322552585403718,0.58,0.05,0.32380177829090584
0.16,2026091900,225,0.5095868635630905,-0.756113702367915,0.66,0.06,0.30980231780509104
0.16,2026091900,226,0.45829397326698534,-1.0764930853905859,0.69,0.06,0.29783671976408216
0.16,2026091900,227,0.43578745440734407,-1.0068280552449567,0.67,0.03,0.3082268533274987
0.16,2026091900,228,0.380162298811695,-0.5305446162226197,0.63,0.07,0.3204326652453868
0.16,2026091900,229,0.30788417758976255,-0.8137907279833013,0.67,0.05,0.30773439554179244
0.16,2026091900,230,0.4017530703655099,-1.029456312764085,0.7,0.07,0.3162229741023891
0.16,2026091900,231,0.5803024733718649,-1.0002419905739555,0.72,0.05,0.3202014927592605
0.16,2026091900,232,0.364804181359212,-0.9996341507520061,0.68,0.01,0.31908162980281324
0.16,2026091900,233,0.4982587737593097,-0.861355055246503,0.69,0.07,0.3095644756048429
0.16,2026091900,234,0.39136946956637386,-0.6276908229726975,0.63,0.07,0.3103600864564887
0.16,2026091900,235,0.2185033533289298,-0.5113142197319338,0.65,0.06,0.3373489157918982
0.16,2026091900,236,0.3774413634642416,-0.8476324374761759,0.69,0.08,0.28960191117810624
0.16,2026091900,237,0.9258031089408739,-1.0637857145292946,0.71,0.06,0.2881571108870072
0.16,2026091900,238,0.5894533073011737,-0.9494101508167043,0.73,0.08,0.3447858154075613
0.16,2026091900,239,0.2662952026629391,-0.8955597723983625,0.73,0.06,0.31991777711519676
0.16,2026091900,240,0.3869913878469511,-1.080100822983667,0.71,0.0,0.30562220056909234
0.16,2026091900,241,0.48027061703644963,-0.8718930608893584,0.73,0.08,0.31731900423953724
0.16,2026091900,242,0.4375675091268368,-0.7073740170317158,0.65,0.1,0.3192396085823809
0.16,2026091900,243,0.5183993052955269,-0.8801942398659267,0.67,0.06,0.32924986405138584
0.16,2026091900,244,0.4973151673624037,-0.9577449299422891,0.69,0.06,0.3167153181841844
0.16,2026091900,245,0.5276114332539552,-1.10027219695294,0.66,0.04,0.29263059287498316
0.16,2026091900,246,0.5132020669085905,-0.9310858839543887,0.74,0.03,0.28192739190598215
0.16,2026091900,247,0.35944100717435323,-0.9498150144555381,0.7,0.04,0.3614794061017709
0.16,2026091900,248,0.43867386543219355,-0.685110013188856,0.64,0.05,0.3193825126247677
0.16,2026091900,249,0.4481860476992807,-0.8788212518309415,0.72,0.02,0.31019328006998526
0.16,2026091900,250,0.2520031870429605,-0.7549010684293317,0.61,0.06,0.32648867089099176
0.16,2026091900,251,0.6207792949561207,-1.085380405516798,0.66,0.02,0.312347951797859
0.16,2026091900,252,0.2603469006998166,-0.7528307852631453,0.65,0.04,0.30999791847941366
0.16,2026091900,253,0.39974554579559407,-0.7799303875612416,0.64,0.03,0.32072162898668977
0.16,2026091900,254,0.2239646446313345,-1.1141047526927594,0.75,0.11,0.3062892096151624
0.16,2026091900,255,0.6086633436191187,-1.179994507788258,0.71,0.09,0.32305107866209637
0.16,2026091900,256,0.7563236662765892,-1.1059141459832638,0.74,0.06,0.3113424759931516
0.16,2026091900,257,0.5408024489042607,-1.0684094722268034,0.8,0.05,0.29500401659139447
0.16,2026091900,258,0.40975567660216283,-0.8608367029891336,0.67,0.06,0.3260220122259612
0.16,2026091900,259,0.5410329752945875,-0.7483114930863551,0.68,0.06,0.2976202228676953
0.16,2026091900,260,0.32208558181735797,-1.060304612408547,0.74,0.03,0.32225406741655055
0.16,2026091900,261,0.5999638065413222,-0.9388536045502822,0.69,0.04,0.2920372967628281
0.16,2026091900,262,0.23413972472316558,-0.6675676696116404,0.68,0.03,0.2867303085106774
0.16,2026091900,263,0.49651982938892547,-1.1119480884090585,0.77,0.03,0.3111689905644915
0.16,2026091900,264,0.3908219480212467,-0.758823628756391,0.68,0.03,0.28514495022146813
0.16,2026091900,265,0.19610608656187906,-0.910232349253473,0.71,0.03,0.3261956605912023
0.16,2026091900,266,0.00021891137812463546,-0.751037754418429,0.68,0.05,0.3119010274822566
0.16,2026091900,267,0.4794841448000154,-0.796803173253615,0.74,0.1,0.2991712946521485
0.16,2026091900,268,0.6920576396486193,-1.0530031713337207,0.71,0.06,0.28193565304972407
0.16,2026091900,269,0.5959575927059148,-0.938598630190814,0.67,0.06,0.2884373021007834
0.16,2026091900,270,0.45609167399768735,-0.7946467545835784,0.72,0.11,0.29896275114765863
0.16,2026091900,271,0.38135048356059636,-1.0433127397658695,0.74,0.03,0.3273321879218638
0.16,2026091900,272,0.5319061188901396,-0.6703314010982733,0.6,0.02,0.32123417802965676
0.16,2026091900,273,0.6756522001146066,-0.8889626067801497,0.69,0.05,0.2892309059125594
0.16,2026091900,274,0.6673087816470611,-1.0345342470170769,0.66,0.09,0.3076510960185112
0.16,2026091900,275,0.35067200748540034,-0.7915326157196233,0.68,0.04,0.27253665355139306
0.16,2026091900,276,0.3606233642680967,-0.8186872395023783,0.68,0.07,0.30766110493811033
0.16,2026091900,277,0.23031996171875288,-0.9572519818363772,0.74,0.04,0.31755997287612164
0.16,2026091900,278,0.4893562351732483,-1.1008734045205664,0.74,0.08,0.32960275015843726
0.16,2026091900,279,0.631654422950592,-0.8722401696186499,0.7,0.05,0.30950838868339536
0.16,2026091900,280,0.18020779579767285,-0.6590426409583223,0.65,0.07,0.3217151804855976
0.16,2026091900,281,0.0889438718033995,-0.7900921678674415,0.63,0.06,0.30249077479973735
0.16,2026091900,282,0.7741631237003923,-1.2633832148196158,0.77,0.1,0.31736689815793695
0.16,2026091900,283,0.771243248658157,-0.9717317398720263,0.71,0.07,0.3027876470908139
0.16,2026091900,284,0.5048318794198482,-0.618098960040178,0.64,0.04,0.3013518678605072
0.16,2026091900,285,0.61831381092026,-0.8283312576909527,0.63,0.04,0.33724008240364783
0.16,2026091900,286,0.45221203762433776,-1.107209691059655,0.77,0.05,0.3578131600604346
0.16,2026091900,287,0.4828827554409481,-0.8965195110828919,0.68,0.04,0.2921325464548287
0.16,2026091900,288,0.06091943981137289,-0.6918781177495475,0.74,0.06,0.32516663271619706
0.16,2026091900,289,0.38866669773798707,-0.9877191486948305,0.71,0.02,0.3000720750385157
0.16,2026091900,290,0.39866987639903806,-0.9191149904628975,0.69,0.03,0.2996353225625493
0.16,2026091900,291,0.6931412797167349,-1.2631064175901454,0.79,0.08,0.30857473713911693
0.16,2026091900,292,0.3387321660308163,-0.7382161692778005,0.63,0.11,0.29379319537646276
0.16,2026091900,293,0.6317154440245517,-0.6699589891566019,0.65,0.08,0.3073496174938989
0.16,2026091900,294,0.3384484659142562,-0.5729257547269618,0.66,0.07,0.3147681759557338
0.16,2026091900,295,0.19725532222793937,-0.6387783703526657,0.64,0.03,0.3341516525469696
0.16,2026091900,296,0.27959234771615044,-0.7598049204768447,0.59,0.05,0.33180334177795956
0.16,2026091900,297,0.4496690737533629,-0.890330504275588,0.71,0.09,0.32378785535478294
0.16,2026091900,298,0.7978078133754433,-1.2197810129093518,0.73,0.05,0.333564382465794
0.16,2026091900,299,0.347073321413397,-0.9390755389471918,0.67,0.07,0.3183084906808281
0.16,2026091900,300,0.46071134556334425,-1.0115094629259846,0.68,0.04,0.3212947629337561
0.16,2026091900,301,0.5658519447144958,-0.9839134691959047,0.66,0.06,0.3131129872098651
0.16,2026091900,302,0.15675228785296041,-0.7283588906965458,0.7,0.04,0.31896491132158383
0.16,2026091900,303,0.23893507815744633,-0.9205345209850327,0.68,0.06,0.2924917934185853
0.16,2026091900,304,0.3366531440946325,-0.7894381695148968,0.66,0.07,0.32186596407482687
0.16,2026091900,305,0.49525832036908696,-0.9031061571914281,0.71,0.04,0.3337345332431113
0.16,2026091900,306,0.6684937474672517,-1.0990944603426716,0.76,0.09,0.32583604264423677
0.16,2026091900,307,0.554287836578469,-1.0377715701920898,0.71,0.05,0.3405333721284273
0.16,2026091900,308,0.19072068261238836,-0.4226060733720093,0.62,0.03,0.34590615040847467
0.16,2026091900,309,0.490705235165337,-0.9196494138468779,0.68,0.07,0.27670885750742985
0.16,2026091900,310,0.5833088374506505,-0.7568814651852785,0.64,0.03,0.3167117344470354
0.16,2026091900,311,0.6620539234537184,-0.8762539374336885,0.7,0.07,0.3110154477561441
0.16,2026091900,312,0.1725202097446816,-0.8010197981238504,0.65,0.03,0.3030316418883759
0.16,2026091900,313,-0.03224252044169322,-0.5694684479293747,0.64,0.03,0.3165633017450593
0.16,2026091900,314,0.36377955493493436,-0.8493649912892468,0.66,0.04,0.310361837703106
0.16,2026091900,315,0.4435641717546906,-1.0736950384345667,0.7,0.06,0.31019194590626137
0.16,2026091900,316,0.615736143516407,-0.8734695520358485,0.7,0.04,0.32840393220850295
0.16,2026091900,317,0.39874529172411355,-0.8215062190820448,0.71,0.05,0.323080219561165
0.16,2026091900,318,0.3566029477522147,-0.9187023804459059,0.69,0.06,0.2905813788866502
0.16,2026091900,319,0.3879996794642252,-0.897326831266868,0.7,0.04,0.31772558010148183
0.16,2026091900,320,0.301114464533471,-0.6210666233001259,0.6,0.03,0.2931043954732814
0.16,2026091900,321,0.18950033196462646,-0.7412066310251982,0.64,0.05,0.31201351147908984
0.16,2026091900,322,0.4160893984974043,-1.0766945020006262,0.73,0.03,0.3415708900537491
0.16,2026091900,323,0.17561126651015946,-0.9032098370561233,0.66,0.01,0.3052225324849735
0.16,2026091900,324,0.39038411735758005,-0.8099196882507581,0.65,0.08,0.3163617340405982
0.16,2026091900,325,0.3100973383030594,-0.9705109698780278,0.66,0.03,0.3150959188372538
0.16,2026091900,326,0.08996743578032454,-0.6793928945253522,0.72,0.03,0.30748779409332355
0.16,2026091900,327,0.5008269016988778,-0.9307266606039661,0.68,0.05,0.3349849518364406
0.16,2026091900,328,0.59017574739234,-1.002989824660679,0.74,0.09,0.32350245432060115
0.16,2026091900,329,0.32957961514065326,-0.7470015540051956,0.64,0.04,0.3010675008027144
0.16,2026091900,330,0.19707433348849457,-0.641776096180416,0.68,0.06,0.2808638219688584
0.16,2026091900,331,0.6185879000353853,-1.0702942986151178,0.72,0.05,0.31159563398019274
0.16,2026091900,332,0.6519677228306218,-0.74817446920439,0.69,0.05,0.32745705792374225
0.16,2026091900,333,0.5164401658747549,-0.9931708276817713,0.75,0.04,0.3342914885822948
0.16,2026091900,334,0.6541887393211898,-1.0444025533117136,0.72,0.04,0.3120776422997538
0.16,2026091900,335,-0.08502712415712063,-0.5087886207717179,0.63,0.04,0.3061782905340962
0.16,2026091900,336,0.5508927861137318,-0.8498270725930774,0.67,0.05,0.2935946910399317
0.16,2026091900,337,0.2849942217962931,-0.8242031176946639,0.66,0.04,0.3130170160765615
0.16,2026091900,338,0.31028274552883667,-0.7858905689305581,0.65,0.08,0.3347133802834199
0.16,2026091900,339,0.432816796515218,-0.8369215408033875,0.68,0.07,0.31274238733031706
0.16,2026091900,340,0.4105042153897292,-0.6902026341399707,0.64,0.05,0.2818241778997254
0.16,2026091900,341,0.3785314623145537,-0.992381828304079,0.68,0.07,0.3291948669619098
0.16,2026091900,342,0.7902618922829396,-1.1259591104203144,0.77,0.09,0.3157429627138724
0.16,2026091900,343,0.33145816407245,-0.5805926317717558,0.64,0.04,0.3093905665443188
0.16,2026091900,344,0.31225402112394324,-0.8004446802319509,0.7,0.06,0.28536116670666717
0.16,2026091900,345,0.8013120170005721,-1.1298917650229077,0.79,0.11,0.31283827152129995
0.16,2026091900,346,0.21050643964051055,-0.6100307572628846,0.66,0.05,0.27908707464609195
0.16,2026091900,347,0.5923623443352125,-1.029765440568581,0.75,0.07,0.32143584613506165
0.16,2026091900,348,0.4406692310253471,-0.7434391883851171,0.68,0.05,0.32142008308234316
0.16,2026091900,349,0.27679990018495426,-0.9240705970481321,0.66,0.07,0.2961643781685923
0.16,2026091900,350,0.5373080507815508,-1.1392919403708364,0.74,0.05,0.3294850613032508
0.16,2026091900,351,0.4047584980904221,-1.0568106725532354,0.76,0.04,0.310477521991529
0.16,2026091900,352,0.3027704391323184,-0.8878705922743819,0.71,0.09,0.29826396207614
0.16,2026091900,353,0.7446826879238698,-0.7392605524965526,0.65,0.05,0.33177499836207824
0.16,2026091900,354,0.6310196446862674,-1.488222428427388,0.78,0.04,0.33523500035368925
0.16,2026091900,355,0.40531535605866714,-0.7940217002051259,0.63,0.02,0.35581235951633544
0.16,2026091900,356,0.48261517064193554,-0.9906731366031916,0.76,0.08,0.31290312467705755
0.16,2026091900,357,0.040268948268207046,-0.7202849351313573,0.63,0.03,0.29483298979242933
0.16,2026091900,358,0.45158872095871805,-1.1070552242993157,0.72,0.07,0.3082831644200613
0.16,2026091900,359,0.2712272125982707,-0.7110469130133221,0.72,0.11,0.28494354535007793
0.16,2026091900,360,0.5040829548664989,-1.1119778211360412,0.79,0.03,0.32633643271284435
0.16,2026091900,361,0.19702134021094664,-0.8777057736899719,0.64,0.04,0.2980715785646435
0.16,2026091900,362,0.3782364520586274,-0.9798419918632711,0.76,0.08,0.2956301933574715
0.16,2026091900,363,0.19711453066589396,-0.9721404452622215,0.73,0.0,0.31594294333189804
0.16,2026091900,364,0.9484335813784255,-1.145127914971143,0.69,0.04,0.321270884639171
0.16,2026091900,365,0.6705604416765181,-1.1801817364189704,0.73,0.02,0.324484069238522
0.16,2026091900,366,0.4453959241656775,-0.6935891697084102,0.63,0.03,0.3043871072783262
0.16,2026091900,367,0.509114114204262,-1.0008536936302688,0.7,0.05,0.2650867648322944
0.16,2026091900,368,0.8481801796133938,-1.1085636912776242,0.71,0.03,0.30075611401868424
0.16,2026091900,369,0.4483112553634646,-0.6887109319874862,0.67,0.06,0.31013303857763674
0.16,2026091900,370,0.4527669384584797,-0.8605820190529253,0.75,0.05,0.3152022211112544
0.16,2026091900,371,0.19712945186800387,-0.8989178838922033,0.7,0.05,0.29804101029927066
0.16,2026091900,372,0.8216453886816693,-1.011248580063334,0.67,0.02,0.2890987127462597
0.16,2026091900,373,0.22277418379314443,-0.8525899683590965,0.62,0.02,0.3143689730816314
0.16,2026091900,374,0.27957373371318983,-0.850167770988476,0.67,0.07,0.3052812450028762
0.16,2026091900,375,0.6096612261022714,-1.1789410126679223,0.69,0.04,0.3076078042582288
0.16,2026091900,376,0.33147526999001314,-0.798518392365274,0.67,0.08,0.2925108409918047
0.16,2026091900,377,0.38013766910466357,-0.8221712274122838,0.72,0.07,0.3123118884283929
0.16,2026091900,378,0.26985597655744203,-0.8364986240918337,0.67,0.02,0.317675666998481
0.16,2026091900,379,0.40214758911768883,-0.847997999189386,0.63,0.08,0.30127295931447207
0.16,2026091900,380,0.3705638656275213,-0.8052286159322374,0.66,0.08,0.2915557571166623
0.16,2026091900,381,0.3288232674147142,-0.8196686683967022,0.63,0.06,0.32915757958314984
0.16,2026091900,382,0.2906644853051757,-0.6186675373720292,0.64,0.03,0.31017687111465286
0.16,2026091900,383,0.3122433289752801,-0.6431625801702036,0.68,0.05,0.30608743118671256
0.16,2026091900,384,0.44060455792459613,-0.9588026177261283,0.7,0.08,0.3047447827777944
0.16,2026091900,385,0.36938497338334936,-1.101060415032893,0.74,0.04,0.297746398351964
0.16,2026091900,386,0.12643818453129918,-0.456783857446501,0.6,0.03,0.2862918736862574
0.16,2026091900,387,0.2864979421450131,-0.89806536451592,0.67,0.04,0.3689845552070987
0.16,2026091900,388,0.4214491381727777,-0.9484526263467628,0.77,0.06,0.3426631320078151
0.16,2026091900,389,0.08948275130404909,-0.6894130405610801,0.6,0.06,0.33269678743709447
0.16,2026091900,390,0.551045118027005,-0.7796136181923627,0.72,0.02,0.322301043737803
0.16,2026091900,391,0.6470984585661959,-1.0526642218474298,0.71,0.04,0.31239952930432674
0.16,2026091900,392,0.3216228995397252,-0.7422645080496438,0.68,0.05,0.29801431474481516
0.16,2026091900,393,0.6675107982020253,-0.8318152499278452,0.7,0.08,0.2751852999436663
0.16,2026091900,394,0.5709723360359485,-0.9008673764926145,0.69,0.04,0.3167268144184237
0.16,2026091900,395,0.23170757916662615,-0.6241559188992825,0.61,0.02,0.3184817007375161
0.16,2026091900,396,0.6394344860972125,-1.087187520240488,0.71,0.05,0.32784966440570956
0.16,2026091900,397,0.33764340467719905,-0.9154038622442008,0.68,0.04,0.329489074258291
0.16,2026091900,398,0.23958310533800867,-0.8410801597991224,0.64,0.06,0.3321624592697755
0.16,2026091900,399,0.6050291804886307,-1.0340946399875568,0.73,0.04,0.3114504228449854
0.16,2026091900,400,0.7399127380366991,-1.1009579155642162,0.72,0.03,0.3374729253786956
0.16,2026091900,401,0.2665057001660113,-0.5304935212083098,0.61,0.04,0.32589257890485324
0.16,2026091900,402,0.614076265479428,-0.9357917480156834,0.67,0.07,0.30834677366495983
0.16,2026091900,403,0.22005837991677185,-0.9695695913652485,0.71,0.05,0.28213425295654776
0.16,2026091900,404,0.2825934785715046,-0.5918069928653819,0.59,0.06,0.3270058175361148
0.16,2026091900,405,0.46919244800727733,-0.8483079253572953,0.68,0.05,0.3199590856692693
0.16,2026091900,406,0.46257415621863807,-0.844661461964296,0.66,0.06,0.35936934804925563
0.16,2026091900,407,0.668926094821645,-1.0303736948540843,0.72,0.09,0.3011144736497794
0.16,2026091900,408,0.12786349524698443,-0.7602290298825801,0.63,0.07,0.3147132278595187
0.16,2026091900,409,0.3281507120949982,-0.7286039503512758,0.67,0.03,0.31995701795090653
0.16,2026091900,410,0.4443414792529862,-0.7787468275493035,0.7,0.01,0.29702180508168124
0.16,2026091900,411,0.5370711892244915,-0.7830571441917694,0.7,0.05,0.33398194290027916
0.16,2026091900,412,0.4694030257003676,-0.7059662686137955,0.7,0.07,0.3135800035298115
0.16,2026091900,413,0.27012866079914294,-0.8802287884001464,0.64,0.06,0.27673276681613485
0.16,2026091900,414,0.5682886694507512,-1.148861255665608,0.77,0.07,0.31415266592165486
0.16,2026091900,415,0.2608473186286456,-0.7394453304683104,0.69,0.1,0.330568501665696
0.16,2026091900,416,0.3888421291089322,-0.7777001536398513,0.65,0.05,0.3435016922313633
0.16,2026091900,417,0.3474763778751006,-0.8276229297368206,0.7,0.07,0.32124998808793875
0.16,2026091900,418,0.22054034999282393,-1.0077412515750208,0.78,0.08,0.30791020459251905
0.16,2026091900,419,0.5383171579636066,-1.038220133371797,0.68,0.03,0.31748141108928785
0.16,2026091900,420,0.27076799234483073,-0.6993142226268617,0.65,0.04,0.3313325322668621
0.16,2026091900,421,0.3168989628117113,-0.7973737400399181,0.66,0.04,0.3214915618005254
0.16,2026091900,422,0.43501207043466833,-0.8869295270876657,0.67,0.04,0.3283825854078827
0.16,2026091900,423,0.5102434252482974,-0.8407345366901489,0.7,0.03,0.3211123882801256
0.16,2026091900,424,0.45710441861504486,-0.7447471475043776,0.67,0.07,0.2767459868992352
0.16,2026091900,425,0.230899510837068,-0.7800241767199927,0.65,0.06,0.30668515970482235
0.16,2026091900,426,0.2586840645951973,-1.1803823350699112,0.71,0.04,0.3169002118979502
0.16,2026091900,427,0.7116947425093707,-0.9434555216331123,0.66,0.04,0.2900724149546176
0.16,2026091900,428,0.23700078165757354,-1.1429913785449002,0.66,0.03,0.31232358297738894
0.16,2026091900,429,0.5752663769905406,-1.2216456010224734,0.74,0.04,0.28950683652612386
0.16,2026091900,430,0.2151895576384001,-0.5347669387984211,0.7,0.07,0.30425786931430737
0.16,2026091900,431,0.14596857598390586,-0.5992329801994198,0.67,0.04,0.34881846462075056
0.16,2026091900,432,0.6686084324820146,-1.048357717215184,0.73,0.06,0.29848625854963007
0.16,2026091900,433,0.23264110527870827,-1.0442633953424443,0.76,0.05,0.31951677317947474
0.16,2026091900,434,0.5514760199309707,-0.8802458116615121,0.65,0.05,0.3000380384336529
0.16,2026091900,435,0.508485948103366,-1.1291972229118965,0.74,0.06,0.307365662644316
0.16,2026091900,436,0.3743131184116738,-0.7153442807288828,0.63,0.03,0.3292550821707714
0.16,2026091900,437,0.261234180902854,-0.6639401533920861,0.59,0.05,0.32063413283631353
0.16,2026091900,438,0.26859122520718925,-0.558577595232269,0.66,0.08,0.3205441603784183
0.16,2026091900,439,0.47394653887921173,-0.8699850110754161,0.63,0.03,0.3097983032627198
0.16,2026091900,440,0.6121496060310563,-1.060334546137063,0.77,0.07,0.30794737568097313
0.16,2026091900,441,0.5278598434533186,-1.0522574260664213,0.77,0.07,0.3057336890709964
0.16,2026091900,442,0.38035630201672865,-1.012321327941575,0.71,0.04,0.30550988262619216
0.16,2026091900,443,0.3086332881266011,-0.9840757923198277,0.72,0.05,0.3142627054548499
0.16,2026091900,444,0.3668077294208635,-0.9281390952736774,0.74,0.06,0.30615309793580364
0.16,2026091900,445,0.28900174615201907,-0.8704687613001848,0.76,0.06,0.33715240643552424
0.16,2026091900,446,0.28871543720913634,-0.6918164334129705,0.69,0.08,0.3156645195646004
0.16,2026091900,447,0.6579851341371785,-1.1080494249987907,0.69,0.04,0.3132555176421918
0.16,2026091900,448,0.40081120931641273,-0.6788777572722614,0.65,0.07,0.3416439090627268
0.16,2026091900,449,0.5697763266884127,-0.818428753431773,0.62,0.1,0.31133500192440405
0.16,2026091900,450,0.49979752251280823,-0.7976882648938595,0.65,0.01,0.3150378825314848
0.16,2026091900,451,0.7186287617733566,-0.9111198786497401,0.69,0.04,0.3007602129772693
0.16,2026091900,452,0.5258104169795338,-0.8143592440728022,0.68,0.03,0.30558053731698637
0.16,2026091900,453,0.5053083043313972,-0.9163819271272344,0.69,0.04,0.30793077447911305
0.16,2026091900,454,0.6014814324168641,-1.3221889540799387,0.8,0.05,0.32969753551724923
0.16,2026091900,455,0.30326125677436794,-0.885736008730637,0.74,0.02,0.3303668787839454
0.16,2026091900,456,0.7232606466963984,-0.9103099996928282,0.69,0.04,0.3275616036642257
0.16,2026091900,457,0.23181358622645337,-0.7466415447732249,0.68,0.07,0.31183904755228403
0.16,2026091900,458,0.6078698838669108,-0.6828885732319298,0.63,0.03,0.2973007804007695
0.16,2026091900,459,0.7121041772587684,-1.252547988443522,0.75,0.03,0.3391982318054818
0.16,2026091900,460,0.4174649463666914,-0.8203128134693697,0.66,0.06,0.3105722363223673
0.16,2026091900,461,0.7099064798523022,-0.9415771189625305,0.7,0.08,0.3048170369547158
0.16,2026091900,462,0.48202645377310277,-0.9323310655810567,0.69,0.05,0.33984351343690067
0.16,2026091900,463,0.6432716790689629,-0.8766002274459964,0.65,0.06,0.3077603897294243
0.16,2026091900,464,0.186539529208676,-0.7033151146445156,0.64,0.02,0.35315840960285366
0.16,2026091900,465,0.7973218468215648,-0.8567265937467426,0.73,0.08,0.33972007706143453
0.16,2026091900,466,0.41679537744435946,-0.729284236964864,0.69,0.04,0.31560564873597174
0.16,2026091900,467,0.4921290882060041,-1.0675437248608237,0.73,0.07,0.3280867176029104
0.16,2026091900,468,0.43897478956413843,-0.7493142332647247,0.63,0.03,0.34240232662720543
0.16,2026091900,469,0.666328319881344,-0.7601504699109247,0.65,0.07,0.31685084195653823
0.16,2026091900,470,0.6811274390943971,-1.0611115805082412,0.74,0.06,0.33222850616420707
0.16,2026091900,471,0.39938191573229986,-0.7667371821397216,0.66,0.02,0.2948645164532244
0.16,2026091900,472,0.36919977527826703,-0.63731590060438,0.66,0.05,0.29647598222825594
0.16,2026091900,473,0.7097875521730512,-1.040115316506598,0.74,0.05,0.30283017635339315
0.16,2026091900,474,0.15966816448957957,-0.6401939398646619,0.63,0.06,0.3340647547521386
0.16,2026091900,475,0.15867201733217984,-0.6975426244740269,0.64,0.04,0.29360221516948853
0.16,2026091900,476,0.48443700150202473,-0.8298191186491621,0.63,0.06,0.319174942155584
0.16,2026091900,477,0.4367177627576018,-0.7299005614524081,0.64,0.07,0.30844254608310034
0.16,2026091900,478,0.2056083852489591,-0.5382932957093047,0.66,0.06,0.29096109766087613
0.16,2026091900,479,0.412127063584674,-0.7540333659400856,0.7,0.03,0.3114473276150036
0.16,2026091900,480,0.5897760339634677,-0.841748320436276,0.68,0.07,0.29602217577408807
0.16,2026091900,481,0.14953929978590344,-0.7576574399842841,0.63,0.04,0.32719187898224805
0.16,2026091900,482,0.35066712118753507,-0.9915382809061399,0.69,0.03,0.32561657887851153
0.16,2026091900,483,0.6578879856507909,-0.7980875338228371,0.68,0.03,0.3353476619630683
0.16,2026091900,484,0.5312354473310829,-1.0092553158838475,0.7,0.03,0.32241216027086594
0.16,2026091900,485,0.30088045658245316,-0.8128468277634815,0.66,0.09,0.3154786283058913
0.16,2026091900,486,0.30897040756383953,-0.9745900927662651,0.69,0.04,0.3346191110402959
0.16,2026091900,487,0.614512523034903,-1.2626845927620105,0.76,0.07,0.3295894753842476
0.16,2026091900,488,0.6082090376639819,-1.0021527636983256,0.7,0.03,0.34616596577751074
0.16,2026091900,489,0.6492618276983733,-0.9500645318769597,0.68,0.04,0.3099667187550121
0.16,2026091900,490,0.26468352676210477,-0.7960901634084199,0.61,0.05,0.3165470899551045
0.16,2026091900,491,0.36299459984517635,-0.8229971590255397,0.72,0.06,0.32507896293294586
0.16,2026091900,492,0.3604066830988385,-0.6404126905924873,0.66,0.08,0.30215960146450604
0.16,2026091900,493,0.3195454077734137,-0.8985549334994722,0.69,0.08,0.2961323832927098
0.16,2026091900,494,0.3612522428544869,-0.9622966490478863,0.66,0.06,0.30684432448344906
0.16,2026091900,495,0.3524727892205993,-0.8347233881241237,0.72,0.09,0.2862534700398411
0.16,2026091900,496,0.4066846638461234,-0.8430037083901699,0.69,0.05,0.32512893022244016
0.16,2026091900,497,0.45688908970757475,-0.8094241028563025,0.64,0.09,0.3351462894681522
0.16,2026091900,498,0.7924640448695545,-1.2539093284838279,0.74,0.08,0.3158080420925284
0.16,2026091900,499,0.24064336620334423,-0.6495366554159544,0.61,0.05,0.28691480806580283
0.24,2026091900,0,0.419982634451208,-0.3887863647816896,0.58,0.04,0.3456765715138709
0.24,2026091900,1,0.12247380376614808,-0.3003747916400301,0.58,0.03,0.3454781316136375
0.24,2026091900,2,-0.03172451583844047,-0.6298715972584127,0.65,0.04,0.3414384651292161
0.24,2026091900,3,0.3571895685456504,-0.6107112959191237,0.6,0.04,0.361166364603916
0.24,2026091900,4,0.1096385237190052,-0.6772202539272686,0.6,0.05,0.3394862895403589
0.24,2026091900,5,0.374656954855507,-0.6243994425131731,0.58,0.02,0.3414814811273241
0.24,2026091900,6,0.4129940471788174,-0.533035135426857,0.62,0.04,0.377287938544473
0.24,2026091900,7,0.008956712902280246,-0.7195344437777998,0.64,0.01,0.3287476261128386
0.24,2026091900,8,0.2826561331378381,-0.29648575466506066,0.52,0.02,0.34094670459923454
0.24,2026091900,9,0.26047921942991886,-0.7287231641219257,0.68,0.02,0.32482155464866963
0.24,2026091900,10,0.3225430983830331,-0.5511832391855398,0.59,0.03,0.32877034543146016
0.24,2026091900,11,0.4220068444390164,-0.6635833737664159,0.65,0.03,0.34688240399963305
0.24,2026091900,12,0.22382084671155233,-0.3703781877819094,0.56,0.03,0.321888583907865
0.24,2026091900,13,0.1127846293132015,-0.2929256255835022,0.53,0.05,0.35175561014472273
0.24,2026091900,14,0.009514876901205031,-0.3491684442071289,0.57,0.03,0.3300738388071915
0.24,2026091900,15,0.32020450596669187,-0.8565027047090567,0.7,0.03,0.3189467812763103
0.24,2026091900,16,0.0874662372539461,-0.29310158250408097,0.53,0.04,0.334090544027097
0.24,2026091900,17,0.5417220274638662,-0.6590399682845508,0.59,0.01,0.37396078698136775
0.24,2026091900,18,0.4258656605587388,-0.7884321090064859,0.65,0.03,0.3483746884461273
0.24,2026091900,19,0.13135815789500213,-0.9377139280516547,0.68,0.01,0.3451329778538753
0.24,2026091900,20,0.27078263696797333,-0.4412900799927688,0.6,0.03,0.33958411551378204
0.24,2026091900,21,0.4676336179931993,-1.0349670141778422,0.67,0.05,0.34710067573178593
0.24,2026091900,22,0.05009468639266297,-0.33526754084111765,0.6,0.02,0.33791668892292265
0.24,2026091900,23,0.1703422523166375,-0.5501074967916195,0.64,0.02,0.33743431210349634
0.24,2026091900,24,0.3016599916088128,-0.5217673130270374,0.64,0.03,0.3613292887458984
0.24,2026091900,25,0.43317045382189656,-0.7700662904799941,0.63,0.04,0.3373922460841265
0.24,2026091900,26,0.40823149269922515,-0.9888415065829605,0.69,0.03,0.3219309212104449
0.24,2026091900,27,0.1378659577891519,-0.22553487856411386,0.58,0.05,0.35202946946451846
0.24,2026091900,28,0.6713885300819463,-0.6537559453772624,0.65,0.02,0.31812254751025654
0.24,2026091900,29,0.13968878597485562,-0.3368282759995104,0.58,0.06,0.34178603288666937
0.24,2026091900,30,-0.11451367822241852,-0.3084545658453604,0.54,0.03,0.3438321459000786
0.24,2026091900,31,0.24225239652866065,-0.6894550868851783,0.58,0.01,0.33642779320726945
0.24,2026091900,32,0.24806707676214257,-0.42657058778053875,0.56,0.05,0.3444865783426798
0.24,2026091900,33,0.3374071079274296,-0.4964944016582178,0.62,0.02,0.35377897158004645
0.24,2026091900,34,0.08727356805168973,-0.6560711557126815,0.64,0.04,0.32831498151855215
0.24,2026091900,35,0.24253504671477707,-0.4077161859394506,0.55,0.04,0.2911745545215077
0.24,2026091900,36,0.41908248364135336,-0.5915622908628856,0.64,0.04,0.3347126645653007
0.24,2026091900,37,0.3272296666199859,-0.87961900331762,0.65,0.05,0.35116208967825524
0.24,2026091900,38,0.3952568238655784,-0.8482155548383915,0.65,0.02,0.3473931115131084
0.24,2026091900,39,-0.04006562860982084,-0.2951435951498911,0.55,0.02,0.34149154012590105
0.24,2026091900,40,0.5004424312924631,-0.7296983124757823,0.63,0.02,0.3336351556261939
0.24,2026091900,41,0.4792560942162257,-0.38488101330429847,0.54,0.01,0.35679729437468105
0.24,2026091900,42,0.4713282407386331,-0.8460676994141533,0.61,0.02,0.34400223778212324
0.24,2026091900,43,0.4706030650280595,-0.5939181563784235,0.6,0.04,0.3366761776969265
0.24,2026091900,44,0.27169779055676274,-0.9016665303862772,0.63,0.02,0.36964145334503357
0.24,2026091900,45,0.028833201031780265,-0.2305656226892095,0.53,0.05,0.342610692297538
0.24,2026091900,46,0.3697134405102725,-0.48817543799689544,0.58,0.0,0.34376642165895915
0.24,2026091900,47,0.3167447669771317,-0.36688069432666637,0.53,0.03,0.3430504401189624
0.24,2026091900,48,-0.009170183069681708,-0.7998376145037972,0.66,0.02,0.34422225371082527
0.24,2026091900,49,-0.10354762931078067,-0.3150336250774091,0.54,0.04,0.33501427441116166
0.24,2026091900,50,0.15284972557502052,-0.5436919337934669,0.63,0.04,0.317655564567406
0.24,2026091900,51,0.4884560736002743,-0.28800361050720086,0.52,0.02,0.35273961006711063
0.24,2026091900,52,0.32447763396078627,-0.6669813512577235,0.6,0.04,0.31841131357895736
0.24,2026091900,53,0.10082838254367793,-0.32343947508460985,0.55,0.04,0.33631703197059387
0.24,2026091900,54,0.40667250845221936,-0.5501201830110611,0.6,0.04,0.35244835045906314
0.24,2026091900,55,0.7372885360884182,-0.9074825727618788,0.64,0.03,0.3732054651497221
0.24,2026091900,56,0.31218516411871616,-0.6050802754017368,0.63,0.02,0.3435863690200921
0.24,2026091900,57,0.19735693874392277,-0.7300735374630551,0.64,0.05,0.3376714396190394
0.24,2026091900,58,0.04493055512837861,-0.25047046396571576,0.53,0.04,0.32217043035559423
0.24,2026091900,59,0.21766698250247185,-0.6797844308391882,0.64,0.07,0.34405759342758424
0.24,2026091900,60,0.3981389491193053,-0.6324131163788108,0.65,0.1,0.3276057427240628
0.24,2026091900,61,0.34133310352859936,-0.18064006672357089,0.6,0.03,0.34796709918726665
0.24,2026091900,62,0.30073384390100943,-0.7929710539671504,0.61,0.03,0.3559647858087255
0.24,2026091900,63,0.36981378031098955,-0.742290701411478,0.65,0.05,0.3588455933498153
0.24,2026091900,64,0.013668470354409603,-0.3434478933329998,0.58,0.07,0.3417955816826319
0.24,2026091900,65,0.43074916995681517,-0.589442968785989,0.63,0.03,0.3187134769501215
0.24,2026091900,66,0.3139433656976656,-0.892971067114698,0.67,0.03,0.3497508157625366
0.24,2026091900,67,0.4197971290832121,-0.383346650534642,0.56,0.05,0.35661815517780954
0.24,2026091900,68,0.39361943326740195,-0.7077588136155487,0.61,0.02,0.3533083751027406
0.24,2026091900,69,0.15232245836581718,-0.5445623153739646,0.61,0.08,0.3340418087160751
0.24,2026091900,70,0.6608727206137547,-1.0922604192128065,0.67,0.04,0.3403796519120879
0.24,2026091900,71,0.3602929075971848,-0.6543961869801557,0.62,0.05,0.33195408411104665
0.24,2026091900,72,0.23886654591074477,-0.5721709812165292,0.62,0.04,0.3282470186215829
0.24,2026091900,73,0.1829491975883278,-0.4862961611659556,0.59,0.11,0.33311043856365985
0.24,2026091900,74,0.0018267438728158858,-0.5091552561160398,0.55,0.03,0.36472957255699784
0.24,2026091900,75,-0.03171049529391774,-0.24305756137611986,0.52,0.01,0.3470450615745637
0.24,2026091900,76,0.042936891493136245,-0.5920518022127065,0.6,0.02,0.3709264979026819
0.24,2026091900,77,0.5285335656803237,-0.7689952376774165,0.58,0.03,0.34142885566995784
0.24,2026091900,78,0.48192219039049244,-0.5390923811539152,0.61,0.03,0.3425490533190913
0.24,2026091900,79,0.37936663622904304,-0.6709595696607978,0.58,0.03,0.3363010514826021
0.24,2026091900,80,0.14409596129621746,-0.6902492258514465,0.63,0.03,0.33389064953922953
0.24,2026091900,81,0.1923924486322641,-0.2893641608540059,0.61,0.04,0.3560603298907853
0.24,2026091900,82,0.2894603467766171,-0.36974283497049826,0.56,0.03,0.32289493383740464
0.24,2026091900,83,0.12233733567975405,-0.5206158971624762,0.6,0.05,0.2758595551850515
0.24,2026091900,84,0.5107487894741014,-0.5386000669184909,0.6,0.02,0.3502538780914678
0.24,2026091900,85,0.22398789938781005,-0.3816048335195056,0.57,0.03,0.34711424259670953
0.24,2026091900,86,0.00575526146131252,-0.5077920857969932,0.53,0.04,0.3415804607499506
0.24,2026091900,87,0.2809726462749727,-0.8299821526675873,0.63,0.05,0.3395817006902351
0.24,2026091900,88,0.3311892162348794,-0.4861486582790816,0.61,0.05,0.31671375066669677
0.24,2026091900,89,0.056915593550149614,-0.13553979100086694,0.55,0.03,0.3362001512001406
0.24,2026091900,90,0.4403080229927696,-0.9510535643925832,0.68,0.06,0.3360171386099996
0.24,2026091900,91,0.49915962430759697,-0.8483283017193899,0.65,0.03,0.3250791467911043
0.24,2026091900,92,0.10045352819154538,-0.5308410432676527,0.62,0.05,0.34698218661803604
0.24,2026091900,93,0.10002703294554775,-0.9009916848364719,0.69,0.04,0.31321474792103393
0.24,2026091900,94,0.18584199932650905,-0.7198737996099775,0.63,0.04,0.3554217555256982
0.24,2026091900,95,0.5894289859360111,-0.4478672574496179,0.56,0.04,0.3298249445247482
0.24,2026091900,96,0.31184650001520553,-0.6740849365449345,0.59,0.01,0.35209512844989455
0.24,2026091900,97,0.17429599247178332,-0.4182262947405352,0.59,0.07,0.3403105530778485
0.24,2026091900,98,-0.019669564560462892,-0.43095013351634004,0.61,0.04,0.34864502310221135
0.24,2026091900,99,0.013613472040707241,-0.3322424177542464,0.53,0.05,0.35565104734215397
0.24,2026091900,100,0.31641433643855127,-0.4192460319457855,0.59,0.03,0.3341937327287912
0.24,2026091900,101,0.11992336080949033,-0.751735134320393,0.62,0.02,0.34464684069349544
0.24,2026091900,102,0.20552230282895714,-0.8986478008401981,0.68,0.03,0.3491433451559117
0.24,2026091900,103,0.5145081331002338,-0.8305697838642491,0.67,0.04,0.33641866883937205
0.24,2026091900,104,-0.06798091609735506,-0.23106726191743784,0.55,0.02,0.3598299808628604
0.24,2026091900,105,-0.013955872583407589,-0.4069350898199908,0.58,0.02,0.35426894546878146
0.24,2026091900,106,0.18019850757262598,-0.441211846923965,0.54,0.05,0.3328784902753445
0.24,2026091900,107,0.4295474117759688,-0.9000790084744259,0.68,0.02,0.34642482784459644
0.24,2026091900,108,0.32179909867747064,-0.5123115433362252,0.59,0.03,0.36317794566763334
0.24,2026091900,109,0.46945005023618996,-0.7981936947093665,0.68,0.06,0.32108298466419993
0.24,2026091900,110,-0.021290340981074643,-0.7282954807220032,0.63,0.05,0.3510398896969074
0.24,2026091900,111,0.23059196048243558,-0.7184831772838167,0.63,0.02,0.3228382053560216
0.24,2026091900,112,0.3773406797867221,-0.689983041638782,0.61,0.04,0.33685423941961157
0.24,2026091900,113,0.10437648953153823,-0.04724963170996153,0.53,0.05,0.3764907880011385
0.24,2026091900,114,0.3090104724789504,-0.37659504084512335,0.59,0.01,0.3599921139741564
0.24,2026091900,115,0.4394174335587817,-0.43257087282409884,0.56,0.04,0.3168632502736266
0.24,2026091900,116,0.16012853320167447,-0.4305477915347793,0.58,0.04,0.33386463775387043
0.24,2026091900,117,0.5611436084396788,-0.6775894576635513,0.66,0.07,0.3343668911649832
0.24,2026091900,118,0.2828875237868539,-0.5139417431005919,0.64,0.07,0.3500873474083299
0.24,2026091900,119,0.3460768204522862,-0.2647842036050822,0.56,0.0,0.363852686066539
0.24,2026091900,120,0.2969975666657286,-0.7716181488460598,0.65,0.05,0.33489584447502735
0.24,2026091900,121,0.42653847369602643,-0.735432833791646,0.67,0.05,0.33219446923305335
0.24,2026091900,122,0.1566976065853564,-0.48676145359369644,0.63,0.0,0.3564756909126081
0.24,2026091900,123,0.059139156271042485,-0.4645070359845879,0.62,0.04,0.3426861307179421
0.24,2026091900,124,0.05827046073988518,-0.3720598887318902,0.61,0.03,0.3458737267948591
0.24,2026091900,125,0.5520277983899611,-0.3085878846293768,0.59,0.02,0.3512766159822759
0.24,2026091900,126,-0.001927370726659645,-0.6104898125306054,0.6,0.06,0.34184147064866105
0.24,2026091900,127,0.01578869227073411,-0.4769007605074762,0.6,0.1,0.3500742941593411
0.24,2026091900,128,-0.2014567541329584,-0.11834486009981043,0.57,0.06,0.3434433102129627
0.24,2026091900,129,0.09812693728723247,-0.45355791718022515,0.58,0.04,0.3603619778458501
0.24,2026091900,130,-0.016106284764601294,-0.5251140222478541,0.65,0.05,0.3404550519460954
0.24,2026091900,131,-0.10609046338361906,-0.4227472226181526,0.56,0.07,0.339269559297555
0.24,2026091900,132,0.4109570193568979,-0.6720452439929084,0.61,0.02,0.35949653559866585
0.24,2026091900,133,0.08690863383160596,-0.21899240413395482,0.49,0.04,0.3265226297952089
0.24,2026091900,134,-0.2094131119962142,-0.5084267123276555,0.61,0.04,0.34510120541968886
0.24,2026091900,135,0.28127130975067777,-0.8601003812535614,0.58,0.0,0.34775762771202273
0.24,2026091900,136,0.3817098736790848,-0.3410009643233847,0.6,0.06,0.3267010932710591
0.24,2026091900,137,0.3402781547826617,-0.3984066889089739,0.58,0.02,0.35517997319607564
0.24,2026091900,138,0.6554754430952506,-0.4470629022697591,0.6,0.03,0.35599115408258813
0.24,2026091900,139,0.10095443593903038,-0.6930219812997636,0.6,0.02,0.3523871698179659
0.24,2026091900,140,0.052689525873262706,-0.6287179164661129,0.63,0.03,0.3218454148754005
0.24,2026091900,141,0.00989298962645147,-0.2748134661707197,0.52,0.08,0.33124152383023164
0.24,2026091900,142,0.24426810848945324,-0.6112088241550494,0.6,0.07,0.3447077732366053
0.24,2026091900,143,0.411951886258754,-0.4930727731115133,0.55,0.03,0.3338893883208789
0.24,2026091900,144,0.4376230168481701,-0.7736169751074905,0.69,0.04,0.35715092314116986
0.24,2026091900,145,0.1635495952513748,-0.6724943686170388,0.62,0.02,0.3195960852989136
0.24,2026091900,146,0.15351905339033997,-0.3302523653141998,0.54,0.02,0.36024551054521575
0.24,2026091900,147,0.5336689871710549,-0.7373371450947,0.64,0.04,0.3494847918257953
0.24,2026091900,148,0.29111432612385796,-0.6713144646202703,0.62,0.05,0.3556283895453297
0.24,2026091900,149,-0.01001976039843719,-0.2224288404567494,0.54,0.02,0.34398436890925344
0.24,2026091900,150,0.4092526877085693,-0.8697430748432029,0.61,0.06,0.3616252599696461
0.24,2026091900,151,0.2578910618390454,-0.2863128586680052,0.54,0.06,0.3653782438318002
0.24,2026091900,152,0.5922668097258525,-0.6318633732999807,0.65,0.04,0.3421905725363801
0.24,2026091900,153,0.26101630198372494,-0.4711175481557601,0.57,0.04,0.33141938459144105
0.24,2026091900,154,0.4333098529373526,-0.15149519163981576,0.57,0.04,0.3541140017560449
0.24,2026091900,155,0.5229917304042871,-0.23550124031608086,0.52,0.02,0.31407565636432083
0.24,2026091900,156,-0.023157219681492414,-0.28526026428729784,0.53,0.04,0.35308427305974094
0.24,2026091900,157,-0.025437756852087642,-0.2851539882426616,0.53,0.04,0.3634180589260405
0.24,2026091900,158,0.37953948045529684,-0.8806160479731154,0.63,0.03,0.32118957386276614
0.24,2026091900,159,0.7528615991896923,-0.6527338637162171,0.62,0.05,0.33944400652432916
0.24,2026091900,160,0.5452398965356953,-0.6187279938225497,0.6,0.04,0.3453963385740898
0.24,2026091900,161,0.4796046671519062,-0.5498937501440674,0.59,0.01,0.3457884062606691
0.24,2026091900,162,0.5262619471243144,-0.5866062034581663,0.62,0.04,0.34637704276617803
0.24,2026091900,163,0.5104866701885556,-0.4097334267860091,0.58,0.02,0.35511795143703934
0.24,2026091900,164,0.14225552965085198,-0.49108576112313784,0.59,0.03,0.36808480461985993
0.24,2026091900,165,0.5421063176940472,-0.7849798040745114,0.67,0.04,0.3326197881639349
0.24,2026091900,166,0.2915534575099454,-0.40544487801744866,0.55,0.05,0.3774581707122325
0.24,2026091900,167,0.6097486082799569,-0.948755454763137,0.68,0.04,0.3816531124441833
0.24,2026091900,168,-0.1214037492119812,-0.183435881154235,0.51,0.03,0.36340711436460843
0.24,2026091900,169,0.3339466559302124,-0.6921907875300051,0.6,0.01,0.3317336298257986
0.24,2026091900,170,0.22428871648657092,-0.3128709984538279,0.56,0.04,0.34521296217569775
0.24,2026091900,171,-0.27712950295986216,-0.2561622186470071,0.55,0.03,0.3437183395250454
0.24,2026091900,172,0.47747055750963874,-0.5634960113197485,0.6,0.06,0.3100939332104031
0.24,2026091900,173,0.357576995383458,-0.8913864170827833,0.69,0.05,0.34665816525779164
0.24,2026091900,174,0.2817606372972815,-0.6101307028211973,0.59,0.07,0.35401599624368574
0.24,2026091900,175,0.24048274197730976,-0.17461078059841317,0.51,0.03,0.3523942319973017
0.24,2026091900,176,0.18188987404203324,-0.4665115336948128,0.57,0.03,0.3583779113716872
0.24,2026091900,177,0.25459726996179993,-0.47055453318802454,0.52,0.04,0.351603529430363
0.24,2026091900,178,0.3262677214190055,-0.4535633587444682,0.53,0.03,0.3476947801621555
0.24,2026091900,179,0.26780443112681307,-0.5375973051959859,0.62,0.05,0.342110939430109
0.24,2026091900,180,0.00854671488407075,-0.23664363879771366,0.53,0.04,0.3417552287414912
0.24,2026091900,181,-0.08444159475526584,-0.5591540281365787,0.61,0.01,0.35451791692291623
0.24,2026091900,182,0.47921747755118566,-0.5612246399178085,0.61,0.03,0.34383001262236484
0.24,2026091900,183,0.531042267247515,-0.8695096535855233,0.65,0.02,0.34103024898131423
0.24,2026091900,184,0.47231190924761324,-0.7911386013174381,0.69,0.03,0.3572425686187915
0.24,2026091900,185,0.3489117348036914,-0.13188309672017895,0.52,0.03,0.3611644991225347
0.24,2026091900,186,0.3806521868498588,-0.4779549268175608,0.56,0.03,0.35671198519336356
0.24,2026091900,187,0.6520983411764625,-1.0641256054192139,0.72,0.05,0.3515263526208401
0.24,2026091900,188,0.09940052075385539,-0.4108943443387904,0.55,0.08,0.32779148938273567
0.24,2026091900,189,0.30835316200270424,-0.5996799941006168,0.57,0.06,0.3452337431197103
0.24,2026091900,190,0.24092488276643345,-0.38486072897343127,0.57,0.04,0.36341895641626243
0.24,2026091900,191,0.22458201864871782,-0.4483072640295228,0.57,0.04,0.35907076643332353
0.24,2026091900,192,0.3392909856695423,-0.5271792984180808,0.65,0.04,0.3246377795975195
0.24,2026091900,193,0.5572994137256668,-0.530654837157379,0.57,0.01,0.3553768935218835
0.24,2026091900,194,0.48211141915197736,-0.6300325218753344,0.65,0.04,0.35221619363941975
0.24,2026091900,195,0.4708991160239697,-0.7605946027304098,0.63,0.04,0.3528755727674474
0.24,2026091900,196,0.22708571483318316,-0.4089765690368035,0.58,0.02,0.336343704103987
0.24,2026091900,197,0.3407285536749311,-0.5083791638529017,0.58,0.08,0.3507077729924077
0.24,2026091900,198,0.14352461613232376,-0.44642682278814305,0.56,0.02,0.36432167938754995
0.24,2026091900,199,0.45538209371002447,-0.48754156654789016,0.56,0.01,0.3389286636510815
0.24,2026091900,200,0.2610141481661602,-0.7995906271624981,0.58,0.02,0.3210861887767395
0.24,2026091900,201,0.20648360820155684,-0.4155698699973351,0.55,0.04,0.3213561870749381
0.24,2026091900,202,0.011961713223214465,-0.6233627564384684,0.65,0.04,0.3454998153947252
0.24,2026091900,203,0.04166627799927694,-0.49244250927215766,0.54,0.03,0.3203545635450957
0.24,2026091900,204,-0.1591049498108636,-0.3778307049210754,0.57,0.02,0.3425969989688915
0.24,2026091900,205,0.7291098226093128,-1.0332769338020695,0.67,0.02,0.35247074828974645
0.24,2026091900,206,0.26762479395815053,-0.697595811154246,0.6,0.03,0.3689683401059213
0.24,2026091900,207,0.16982900214946517,-0.426346914361001,0.61,0.03,0.32792363294628424
0.24,2026091900,208,0.4397951461084997,-0.5188124106569305,0.62,0.06,0.3462604991115785
0.24,2026091900,209,0.3009319760319685,-0.8054110639196095,0.68,0.03,0.3540080554843313
0.24,2026091900,210,-0.23455598781423742,-0.43600613072069705,0.6,0.05,0.3404168896305635
0.24,2026091900,211,0.4620043512968815,-0.40808933080519016,0.56,0.08,0.33892763746278765
0.24,2026091900,212,0.10891048503730874,-0.3589940020697368,0.6,0.06,0.3506409878387189
0.24,2026091900,213,0.23257805666768339,-0.22242253039564874,0.44,0.02,0.33329937025776624
0.24,2026091900,214,0.040681166516026955,-0.3493092111037084,0.56,0.04,0.352151226155884
0.24,2026091900,215,0.33983104255637786,-0.601681591789063,0.58,0.04,0.3579551523530129
0.24,2026091900,216,0.08926779746342234,-0.02939838758971575,0.5,0.03,0.3338611662184502
0.24,2026091900,217,0.28733574885784685,-0.3553471150346872,0.62,0.05,0.34519467564935546
0.24,2026091900,218,0.3260749007003884,-0.6968019842278887,0.65,0.04,0.35888141141571384
0.24,2026091900,219,0.58230584098266,-0.3597230567282437,0.56,0.03,0.3219185981971257
0.24,2026091900,220,0.32515212486670353,-0.5025063975974127,0.6,0.03,0.3397633932367788
0.24,2026091900,221,0.2837671595411095,-0.9235345103200059,0.66,0.04,0.3450200928866783
0.24,2026091900,222,0.30698352725654027,-0.6261783924870863,0.57,0.03,0.3520289613717249
0.24,2026091900,223,0.3997697729884835,-0.6782226731123471,0.59,0.03,0.33630466072359516
0.24,2026091900,224,0.13972325082026674,-0.17882202843764675,0.54,0.03,0.31623915437321004
0.24,2026091900,225,0.32944026368259394,-0.5253989598725564,0.6,0.05,0.29696695120274025
0.24,2026091900,226,0.15777711844293274,-0.8728198985487908,0.63,0.04,0.3478538714180532
0.24,2026091900,227,0.16156369817885513,-0.5094355424226401,0.57,0.03,0.3076985302641787
0.24,2026091900,228,0.2992546623663635,-0.3085239729087376,0.54,0.04,0.35714576960773586
0.24,2026091900,229,0.3083390785759814,-0.5597546430053236,0.59,0.04,0.3160705450249745
0.24,2026091900,230,0.07222380288255349,-0.6293150479411075,0.58,0.07,0.3473840234474724
0.24,2026091900,231,0.24047121066550353,-0.35051051320263726,0.6,0.06,0.36063051784513
0.24,2026091900,232,0.2659769424716352,-0.569073853050864,0.64,0.03,0.37126512547535795
0.24,2026091900,233,0.33656670678845985,-0.34825530145633893,0.6,0.04,0.3622035250761261
0.24,2026091900,234,0.3603093888214603,-0.3882419404948432,0.5,0.05,0.33694818369689417
0.24,2026091900,235,0.11785114002797084,-0.22853527894053166,0.56,0.04,0.3276125603579153
0.24,2026091900,236,0.2765161104814271,-0.5463730184169048,0.59,0.01,0.358216917507338
0.24,2026091900,237,0.6705228011404484,-0.5807609632574218,0.58,0.05,0.3247946185252484
0.24,2026091900,238,0.21240145622681364,-0.5360834433683346,0.63,0.08,0.31569018114466274
0.24,2026091900,239,-0.04426151531375654,-0.5856372232497081,0.64,0.04,0.33729006880072837
0.24,2026091900,240,0.3375851887225832,-0.831724626025118,0.64,0.04,0.33615071113254963
0.24,2026091900,241,-0.017189942728951746,-0.49195529265607185,0.65,0.08,0.34315398351528126
0.24,2026091900,242,0.3037961266183132,-0.3802382106020047,0.54,0.07,0.3500810838951562
0.24,2026091900,243,0.4280662682934355,-0.4702025503415166,0.62,0.06,0.3598839046629485
0.24,2026091900,244,0.5851734224544184,-0.7199500711579622,0.71,0.08,0.36466051791260023
0.24,2026091900,245,0.4269361317880602,-0.8814486318028208,0.6,0.03,0.3347212312931577
0.24,2026091900,246,0.4437055639008048,-0.8315021644144239,0.6,0.04,0.3415910734287803
0.24,2026091900,247,0.3999405852462845,-0.8697707329418178,0.65,0.04,0.37840780912147887
0.24,2026091900,248,0.3156269214979184,-0.3734572548967787,0.58,0.07,0.34197638987419027
0.24,2026091900,249,0.0878333082109204,-0.40931705586862555,0.59,0.04,0.3430741192894105
0.24,2026091900,250,0.18650671888675632,-0.4020253833502599,0.58,0.03,0.3657003275518971
0.24,2026091900,251,0.2650885855420539,-0.5996270115623634,0.64,0.05,0.32797098839292327
0.24,2026091900,252,0.1163359765488789,-0.31082217979465265,0.56,0.04,0.31612678069990297
0.24,2026091900,253,0.08984081873311879,-0.42002535234222704,0.56,0.07,0.3238594059502357
0.24,2026091900,254,0.25986017439194525,-0.9023837271864253,0.66,0.06,0.33812078579992155
0.24,2026091900,255,0.43078925729794515,-0.7457922994676157,0.62,0.04,0.3178958583210887
0.24,2026091900,256,0.3490887943003034,-0.7021421240029904,0.65,0.04,0.32857344338751965
0.24,2026091900,257,0.46418982927223895,-0.8353458105232157,0.69,0.05,0.3287388452995836
0.24,2026091900,258,0.3703420914184607,-0.6625577533069972,0.61,0.03,0.32424404948650065
0.24,2026091900,259,0.42271140685479447,-0.38742465390110054,0.54,0.04,0.3187791363096926
0.24,2026091900,260,0.028472815430275772,-0.7289660983274929,0.6,0.02,0.3293400593687384
0.24,2026091900,261,0.4390154760992809,-0.7679598151206203,0.61,0.02,0.3473860362224724
0.24,2026091900,262,0.03914428860594706,-0.5065453734683033,0.57,0.04,0.29727403967744587
0.24,2026091900,263,0.3461698795620876,-0.6511929163083033,0.59,0.05,0.35237547688537474
0.24,2026091900,264,0.3302756720580489,-0.5577519957520465,0.63,0.03,0.3355481362635999
0.24,2026091900,265,0.08404776942533422,-0.6482960046359589,0.56,0.04,0.3594012840166391
0.24,2026091900,266,0.040055837412965846,-0.3690420046101775,0.55,0.01,0.3541367509990613
0.24,2026091900,267,0.5898277249917212,-0.5860051606681441,0.59,0.05,0.3622531963623502
0.24,2026091900,268,0.35309364335506005,-0.9348664953394601,0.62,0.03,0.3460442630749851
0.24,2026091900,269,0.1921811725162926,-0.26150821897112503,0.49,0.05,0.3313255619770538
0.24,2026091900,270,0.3958462489184473,-0.42340245366527635,0.61,0.06,0.33774709253612534
0.24,2026091900,271,0.3019539391529067,-0.7032377425742267,0.67,0.03,0.3624340454621063
0.24,2026091900,272,0.18748037421684177,-0.5074812447007071,0.62,0.02,0.33768398394579874
0.24,2026091900,273,0.48805343012053143,-0.5404772601660843,0.66,0.03,0.307688162794424
0.24,2026091900,274,0.38436591406843285,-0.5868928668456538,0.56,0.06,0.3553914110705459
0.24,2026091900,275,0.28108310803534514,-0.5421055344800494,0.62,0.05,0.31472743852463914
0.24,2026091900,276,0.12708878597666323,-0.5518431470146681,0.6,0.05,0.3444587424070772
0.24,2026091900,277,0.16873686723665088,-0.7556483716201448,0.7,0.02,0.3296395505388384
0.24,2026091900,278,0.38549125379895194,-0.6382879307464093,0.63,0.02,0.3496829436401916
0.24,2026091900,279,0.4362312607615592,-0.47789265273806125,0.57,0.05,0.3383450286160561
0.24,2026091900,280,-0.07973123762666985,-0.2884740549147297,0.55,0.02,0.33102720582060896
0.24,2026091900,281,-0.231140739348332,-0.35963992941395295,0.53,0.03,0.33677015142207817
0.24,2026091900,282,0.6146287164909662,-0.9239205597019274,0.71,0.01,0.32384422064490953
0.24,2026091900,283,0.9105775538455925,-0.8130323930928555,0.65,0.04,0.32802979473828847
0.24,2026091900,284,0.3550462474993607,-0.4480940444594745,0.58,0.03,0.3346620345506579
0.24,2026091900,285,0.3415273278479816,-0.5713295721593092,0.63,0.05,0.32510996463892605
0.24,2026091900,286,0.3111896420048572,-0.7076875724540104,0.68,0.04,0.34929231380739806
0.24,2026091900,287,0.222829807200175,-0.7870586844252889,0.62,0.02,0.34019067560395966
0.24,2026091900,288,-0.14789322575304287,-0.34010990920122675,0.57,0.01,0.3606089679977885
0.24,2026091900,289,0.2910677228356905,-0.6323330491313327,0.68,0.05,0.33927017104965634
0.24,2026091900,290,0.25825371701878513,-0.408850895262817,0.56,0.0,0.354521522383138
0.24,2026091900,291,0.4205304807712966,-0.867039927834892,0.67,0.03,0.36835648329225984
0.24,2026091900,292,0.07834145375238567,-0.3513919186423353,0.59,0.04,0.33105220496551657
0.24,2026091900,293,0.35840861923168904,-0.3790410945064695,0.58,0.05,0.339135570721489
0.24,2026091900,294,0.17139860804433688,-0.24258964343410144,0.58,0.04,0.3754906787577292
0.24,2026091900,295,0.025153221604121718,-0.21587733329462508,0.54,0.02,0.3648007798531273
0.24,2026091900,296,0.21003918494303186,-0.3992406443343595,0.58,0.04,0.34081585678271287
0.24,2026091900,297,0.17528396335530727,-0.6533327584102787,0.64,0.08,0.320742894789287
0.24,2026091900,298,0.5072317210402306,-1.0793473032808256,0.64,0.01,0.32304322787193457
0.24,2026091900,299,0.0252854527732037,-0.39847768981717996,0.58,0.03,0.33096165273813566
0.24,2026091900,300,0.3412332178955371,-0.6522852838441001,0.55,0.0,0.3406899468260638
0.24,2026091900,301,0.5468031458700533,-0.7056700733263276,0.62,0.01,0.3440548281155222
0.24,2026091900,302,0.07075287111708607,-0.07898534482049283,0.52,0.03,0.39047463032660923
0.24,2026091900,303,0.14891424143848947,-0.5203222817896753,0.58,0.05,0.3541303607510822
0.24,2026091900,304,0.10917332638332407,-0.5609665124103921,0.62,0.03,0.314453851366865
0.24,2026091900,305,0.23825378855877957,-0.6671409720521895,0.61,0.06,0.3520217854827854
0.24,2026091900,306,0.4279849146508117,-0.6285376036354797,0.62,0.0,0.33004304622653124
0.24,2026091900,307,0.3573047272737257,-0.5541819220609184,0.68,0.08,0.35249344832333557
0.24,2026091900,308,0.019198293216042737,-0.22527413725039078,0.54,0.05,0.3418863953839729
0.24,2026091900,309,0.04939274806417943,-0.5773373444296002,0.6,0.06,0.3464567186797341
0.24,2026091900,310,0.16077992684108267,-0.30964057036326403,0.61,0.09,0.33759680846730206
0.24,2026091900,311,0.5081290227365188,-0.2619054702684079,0.56,0.03,0.32303609474617145
0.24,2026091900,312,-0.010617970550827766,-0.24175680107814507,0.58,0.03,0.3307036841076228
0.24,2026091900,313,-0.14914589596681685,-0.3023352437793482,0.59,0.04,0.32314168211984684
0.24,2026091900,314,0.27445289425650954,-0.45961991361966986,0.57,0.04,0.32696235022050735
0.24,2026091900,315,0.2331701329138645,-0.4221551627278292,0.59,0.04,0.3581500703599486
0.24,2026091900,316,0.4151796414609742,-0.49418195760113265,0.66,0.05,0.3362369439731549
0.24,2026091900,317,-0.006962873983956373,-0.1650107087281637,0.59,0.02,0.3483837073996344
0.24,2026091900,318,0.16094981981190049,-0.5701708805698504,0.6,0.07,0.32399619302881405
0.24,2026091900,319,0.19685645331164345,-0.4959016619451375,0.6,0.0,0.32204254249976294
0.24,2026091900,320,0.11076361565984845,-0.11140405476118716,0.52,0.03,0.3147167153017821
0.24,2026091900,321,0.09959832603582452,-0.39172832108515565,0.53,0.03,0.3290519068727744
0.24,2026091900,322,-0.11273523651180824,-0.5072918175807509,0.55,0.02,0.3558918650089983
0.24,2026091900,323,0.20414236431469715,-0.4037685271592097,0.54,0.01,0.3199041791039572
0.24,2026091900,324,0.12770987045678833,-0.5566832067091897,0.56,0.06,0.3288598847983235
0.24,2026091900,325,0.360653980414612,-0.7321320714222019,0.61,0.05,0.33445192010850083
0.24,2026091900,326,-0.006466649385415566,-0.5509418100744417,0.65,0.06,0.33127478346668576
0.24,2026091900,327,0.5611423016477189,-0.7102249330605577,0.64,0.03,0.32404201977534824
0.24,2026091900,328,0.5441570086500879,-0.618603704266281,0.6,0.04,0.34183328370061905
0.24,2026091900,329,0.25815030019754454,-0.5785903071138175,0.6,0.04,0.32045273702235627
0.24,2026091900,330,-0.12357601113726105,-0.3423723189998709,0.53,0.01,0.30514420496290157
0.24,2026091900,331,0.4986228074819595,-0.690749055242249,0.61,0.08,0.3455502198880114
0.24,2026091900,332,0.4126418552382037,-0.34906553220577696,0.57,0.06,0.3356810910772417
0.24,2026091900,333,0.13091478241680435,-0.49049120580819533,0.57,0.02,0.35202825458827625
0.24,2026091900,334,0.41586936962956345,-0.6758089367930993,0.62,0.03,0.3328658157819124
0.24,2026091900,335,-0.17809394470911846,-0.15028271494043105,0.58,0.05,0.34140293187142357
0.24,2026091900,336,0.4105881988253558,-0.619431236000943,0.61,0.03,0.34762752830108107
0.24,2026091900,337,0.4871159684074092,-0.5465028580998278,0.59,0.07,0.3341370728367656
0.24,2026091900,338,0.29824742175023056,-0.6265318162031089,0.62,0.02,0.3170365262694926
0.24,2026091900,339,0.3706498215786567,-0.49472821835083963,0.63,0.05,0.3582379639910488
0.24,2026091900,340,0.21188081553557794,-0.33114531278066045,0.55,0.03,0.3248969557159099
0.24,2026091900,341,0.1862476184995045,-0.5469902720696376,0.63,0.05,0.30513407499555834
0.24,2026091900,342,0.7290401521707841,-0.8469378943383766,0.66,0.02,0.3460268112309427
0.24,2026091900,343,0.28396563418986953,-0.44467534198721326,0.58,0.03,0.3479964634116793
0.24,2026091900,344,0.05279702673354459,-0.5702681712793362,0.62,0.06,0.30418229299351945
0.24,2026091900,345,0.5528706302562657,-0.6699411303256185,0.63,0.03,0.3584480496518043
0.24,2026091900,346,0.04104916318523385,-0.25032813569080103,0.6,0.01,0.3395156857519999
0.24,2026091900,347,0.32004056699291455,-0.628515049351424,0.64,0.04,0.34297059388236795
0.24,2026091900,348,0.22784633221029046,-0.6287850073573941,0.56,0.04,0.35032977584053937
0.24,2026091900,349,-0.2087871043402217,-0.3589704818531381,0.59,0.04,0.33857757217945644
0.24,2026091900,350,0.1883755298280233,-0.9657454758107841,0.63,0.01,0.36843996408137963
0.24,2026091900,351,0.27315687018142404,-0.6889343002729862,0.65,0.09,0.33255069341305055
0.24,2026091900,352,0.2461642740858121,-0.5846312453672211,0.6,0.03,0.34375859438802386
0.24,2026091900,353,0.3932232729460332,-0.3352431361260643,0.59,0.03,0.34961628954465146
0.24,2026091900,354,0.4484388251322675,-1.4187460520654764,0.73,0.02,0.3497644436342596
0.24,2026091900,355,0.5240234222902427,-0.6105529291337458,0.61,0.03,0.3714322288766112
0.24,2026091900,356,0.39343594128056,-0.7024531217175444,0.67,0.02,0.3365873853705985
0.24,2026091900,357,-0.13981384019286064,-0.27024706286726,0.52,0.01,0.33931238488428156
0.24,2026091900,358,0.25274291555488637,-0.7571305381065352,0.61,0.07,0.3522356267624961
0.24,2026091900,359,0.08128035597894173,-0.5414022175693156,0.62,0.03,0.3377142175481404
0.24,2026091900,360,0.4770225385757626,-0.8116634079327767,0.65,0.03,0.34118532210309743
0.24,2026091900,361,0.18810455656109337,-0.6517033574274244,0.59,0.03,0.3299597703765208
0.24,2026091900,362,0.1999620917442235,-0.4631729423854311,0.53,0.03,0.34156436271146545
0.24,2026091900,363,0.3793902864360469,-0.8093419187558719,0.64,0.08,0.347998475980027
0.24,2026091900,364,0.971689625308187,-0.9810984225350533,0.64,0.05,0.34370006925302937
0.24,2026091900,365,0.8206231648728907,-0.9402462317747898,0.67,0.01,0.34263684397052
0.24,2026091900,366,0.256884213604608,-0.2944136430738825,0.54,0.02,0.33739867009040614
0.24,2026091900,367,0.2414093770901407,-0.7256447055290214,0.65,0.01,0.31490730898604585
0.24,2026091900,368,0.728360363771568,-0.7591605915062329,0.68,0.05,0.3275750732583351
0.24,2026091900,369,0.21761783349807629,-0.12974554099804228,0.57,0.01,0.3026631279736423
0.24,2026091900,370,0.29678966095840065,-0.3679892521164831,0.59,0.05,0.31966282255378287
0.24,2026091900,371,0.13472987985482507,-0.42535519067948435,0.6,0.03,0.34019074449956543
0.24,2026091900,372,0.3543688585091154,-0.45688726025267995,0.55,0.05,0.333406767729477
0.24,2026091900,373,0.3806880864380112,-0.7180018255064519,0.63,0.01,0.356972314542348
0.24,2026091900,374,0.013870428818302218,-0.3739919623546442,0.59,0.01,0.35108565328001545
0.24,2026091900,375,0.421030782659985,-0.6456752877069967,0.59,0.05,0.3423493542966815
0.24,2026091900,376,0.13571022004566777,-0.46284007505580094,0.57,0.04,0.3579799385127969
0.24,2026091900,377,0.08027821061406659,-0.4625626096337819,0.56,0.03,0.3505771504055534
0.24,2026091900,378,-0.18235348419091058,-0.3281816378619436,0.55,0.05,0.33055935563546535
0.24,2026091900,379,0.40591516859640014,-0.7412729525048378,0.61,0.04,0.31561125585529515
0.24,2026091900,380,0.2274396537086908,-0.41704273723024426,0.57,0.07,0.3386313853531271
0.24,2026091900,381,0.12105075354009884,-0.45001482976510543,0.55,0.02,0.37262030078347735
0.24,2026091900,382,0.14066531610026203,-0.23847715434210032,0.54,0.02,0.332470580551546
0.24,2026091900,383,0.31586852844429275,-0.47972374480898416,0.61,0.02,0.34992892256174846
0.24,2026091900,384,0.1299892099650789,-0.6218150625164642,0.62,0.02,0.34366443176160816
0.24,2026091900,385,0.4878587283845327,-0.8610004253842136,0.68,0.06,0.3487438980693593
0.24,2026091900,386,0.043456604179558725,-0.16400388369933033,0.52,0.03,0.2819713497153124
0.24,2026091900,387,0.10270591847430494,-0.5268691435983182,0.61,0.06,0.3684557645933474
0.24,2026091900,388,0.3418788697817746,-0.6678075352600024,0.62,0.03,0.3764362768709242
0.24,2026091900,389,-0.043504938647151506,-0.3133601569844934,0.48,0.01,0.34350246894973646
0.24,2026091900,390,0.4916692397621744,-0.5406345613735959,0.6,0.02,0.33659074439063374
0.24,2026091900,391,0.36491064985502264,-0.7015619159007749,0.64,0.03,0.32382844661361054
0.24,2026091900,392,-0.09769444358694447,-0.4931600672032602,0.66,0.01,0.341098005910004
0.24,2026091900,393,0.5118182047687937,-0.5170713841739932,0.62,0.04,0.30088134547632067
0.24,2026091900,394,0.4772188914227399,-0.5984733841879669,0.57,0.04,0.3425193769383086
0.24,2026091900,395,0.0330218591065205,-0.020362715897047377,0.51,0.04,0.34711060826598744
0.24,2026091900,396,0.4982455988834489,-0.734484389276071,0.65,0.06,0.35485555624332915
0.24,2026091900,397,0.20142510331660418,-0.6321824446600585,0.58,0.04,0.36913067192066046
0.24,2026091900,398,-0.035386912651609946,-0.45110362813182875,0.58,0.03,0.3492898387366467
0.24,2026091900,399,0.12975551231910468,-0.5369152943181479,0.61,0.04,0.33260628619803756
0.24,2026091900,400,0.6497105905720791,-0.7104093163468653,0.63,0.06,0.3283584721384268
0.24,2026091900,401,0.0653601406751739,-0.11043080176870312,0.53,0.01,0.3488948059227965
0.24,2026091900,402,0.44040889752014406,-0.5259159580448515,0.61,0.06,0.32854906790087207
0.24,2026091900,403,-0.0096774590876463,-0.4725342061182413,0.59,0.04,0.3511890435869925
0.24,2026091900,404,0.10544492216516532,-0.12525582221177117,0.5,0.02,0.3767450898096579
0.24,2026091900,405,0.5189043613169897,-0.6178425006893858,0.61,0.04,0.3360554582467753
0.24,2026091900,406,0.5323293401892993,-0.7831458685954682,0.63,0.02,0.37175092998182335
0.24,2026091900,407,0.5642862995068995,-0.8744751567013617,0.67,0.06,0.3426596608083494
0.24,2026091900,408,-0.22549913910056943,-0.2884646245333578,0.52,0.02,0.3432863580526437
0.24,2026091900,409,-0.026751081175371835,-0.3315878331801164,0.59,0.01,0.33671937635982196
0.24,2026091900,410,0.15289296642584843,-0.45242778514472215,0.59,0.02,0.33397414147025756
0.24,2026091900,411,0.47452503372216887,-0.8012107403754767,0.67,0.05,0.34637694483599474
0.24,2026091900,412,0.15559459015245866,-0.35492182033255726,0.55,0.07,0.3285177500888835
0.24,2026091900,413,-0.09006564383950316,-0.3104046287127138,0.54,0.01,0.3200248661446034
0.24,2026091900,414,0.5509041689791774,-0.8651082298976905,0.65,0.02,0.3798854985500812
0.24,2026091900,415,-0.0688286841655891,-0.22945514262142983,0.56,0.02,0.34802070862567835
0.24,2026091900,416,0.2979208862349325,-0.41750639117400257,0.56,0.06,0.3301408427522017
0.24,2026091900,417,-0.06058419557713046,-0.6568138787224536,0.61,0.05,0.3545354298725567
0.24,2026091900,418,0.08132210931621281,-0.6984167363612719,0.63,0.07,0.31719839313140846
0.24,2026091900,419,0.4514421030816318,-0.8480371413162378,0.66,0.07,0.33100945788766806
0.24,2026091900,420,0.13900078791777756,-0.20605870296770845,0.5,0.01,0.3471097229629015
0.24,2026091900,421,0.1490022887377614,-0.17707471425616053,0.57,0.04,0.35808426123798986
0.24,2026091900,422,0.2537165842983898,-0.5657691115354578,0.57,0.02,0.35401042477269135
0.24,2026091900,423,0.47205277170648324,-0.4996930580633074,0.54,0.04,0.3552517214302036
0.24,2026091900,424,0.275910922448685,-0.46292509771317714,0.61,0.05,0.3347701477811814
0.24,2026091900,425,0.0012278722454517421,-0.34025634803945676,0.56,0.02,0.3285539987773425
0.24,2026091900,426,0.048435218898897035,-0.8104227164542317,0.62,0.04,0.337125955615855
0.24,2026091900,427,0.5753508223802537,-0.49504567397557964,0.58,0.02,0.3422017082187709
0.24,2026091900,428,0.25706256692954244,-0.704207757861265,0.56,0.03,0.3553171819755153
0.24,2026091900,429,0.20433671492182906,-0.7028897138448097,0.59,0.03,0.32917621820422643
0.24,2026091900,430,0.3186478041002771,-0.08627457092774969,0.48,0.03,0.3333121340745062
0.24,2026091900,431,0.1951761614872612,-0.3680680832996718,0.63,0.02,0.33638478049340054
0.24,2026091900,432,0.6512882278018464,-0.7020733195141393,0.58,0.02,0.31958421835074974
0.24,2026091900,433,0.04715761648689778,-0.6015896268647688,0.6,0.05,0.3632746696534814
0.24,2026091900,434,0.3706076710387549,-0.6997589823686355,0.6,0.01,0.3341714602804701
0.24,2026091900,435,0.1472798218021941,-0.6086911768472837,0.57,0.07,0.34475867751674605
0.24,2026091900,436,0.18150379741733555,-0.5273085985671119,0.59,0.04,0.3138333593886614
0.24,2026091900,437,0.35129781914392966,-0.47422846731694235,0.55,0.04,0.3469606550153033
0.24,2026091900,438,0.2674761423322162,-0.47119003216742156,0.58,0.05,0.3377124829029692
0.24,2026091900,439,0.046994663965461425,-0.5001561353949504,0.56,0.02,0.33596784389524126
0.24,2026091900,440,0.2635636689647399,-0.7408242505792567,0.66,0.05,0.33370487542865257
0.24,2026091900,441,0.37039360253124637,-0.7799082085534786,0.72,0.04,0.3450304615370607
0.24,2026091900,442,0.41067906140889066,-0.7634094243453643,0.61,0.07,0.3550574764881636
0.24,2026091900,443,0.50224334061034,-0.8515731679154227,0.64,0.02,0.3533920913353065
0.24,2026091900,444,0.40064334606013874,-0.5627396916786364,0.61,0.03,0.32995545839256946
0.24,2026091900,445,0.20518842885540522,-0.6711130227010415,0.6,0.0,0.3275883206670079
0.24,2026091900,446,0.12256357928266341,-0.2604150920373884,0.56,0.06,0.33366300492029455
0.24,2026091900,447,0.534508547966103,-0.9652221515678394,0.64,0.02,0.3468430548307615
0.24,2026091900,448,0.3177155832699957,-0.5731613565206907,0.6,0.02,0.34495688117925366
0.24,2026091900,449,0.23976289020079838,-0.43815905316945264,0.57,0.06,0.35135206296391286
0.24,2026091900,450,0.3916695538784324,-0.421308971301435,0.59,0.03,0.35098496770852167
0.24,2026091900,451,0.5344802238515236,-0.4544387464674561,0.58,0.04,0.34445202209372766
0.24,2026091900,452,0.045074200307628626,-0.38351902965876433,0.57,0.07,0.3245372784799164
0.24,2026091900,453,0.27041969271030536,-0.3073852116148389,0.51,0.02,0.34149461714450347
0.24,2026091900,454,0.26226060877992124,-0.8095673401701788,0.67,0.03,0.3262754620392977
0.24,2026091900,455,-0.03939522290382698,-0.3842414079063925,0.57,0.03,0.3425015686720977
0.24,2026091900,456,0.5093947836875695,-0.427986144959373,0.6,0.06,0.3133899985218979
0.24,2026091900,457,0.009499816728192388,-0.5189093809022699,0.62,0.03,0.33462772268385055
0.24,2026091900,458,0.23346120786886995,-0.24593329589851035,0.57,0.03,0.3408583148204443
0.24,2026091900,459,0.510302747965325,-1.0466704637960866,0.66,0.09,0.35166833690773636
0.24,2026091900,460,0.414502600228943,-0.6283892421753461,0.57,0.02,0.3197903625727482
0.24,2026091900,461,0.8493328283336108,-0.46186892773116284,0.62,0.01,0.35835769942179424
0.24,2026091900,462,-0.027596469196816718,-0.23266443209593773,0.59,0.02,0.33409869316234825
0.24,2026091900,463,0.22997049737438618,-0.33934070013881984,0.59,0.05,0.3330418093953859
0.24,2026091900,464,0.05851494281895305,-0.4698301258528969,0.63,0.05,0.3381041354064881
0.24,2026091900,465,0.5099498830692218,-0.11934298328121935,0.55,0.02,0.3568185088149439
0.24,2026091900,466,0.11136227499974244,-0.46294878024620717,0.55,0.04,0.384090700825867
0.24,2026091900,467,0.330622519619655,-0.8583829796556138,0.63,0.02,0.3308564187615968
0.24,2026091900,468,0.2796495494578056,-0.5071037573576068,0.6,0.03,0.3389386011665665
0.24,2026091900,469,0.05915476841553665,-0.387417364068367,0.58,0.04,0.31778310724029973
0.24,2026091900,470,0.3993194886386378,-0.6335911431481119,0.63,0.08,0.3495012090770293
0.24,2026091900,471,0.060592497403373295,-0.3140859616524635,0.6,0.02,0.31422874040029386
0.24,2026091900,472,0.027213955883741963,-0.18225550906179944,0.51,0.01,0.33698963203844434
0.24,2026091900,473,0.5752205393246779,-0.6509851295146888,0.63,0.03,0.3344091843320187
0.24,2026091900,474,0.22007450302350928,-0.5808492390481964,0.57,0.03,0.35084128451153956
0.24,2026091900,475,-0.043350271166932824,-0.34214003330899784,0.57,0.05,0.32908930560373034
0.24,2026091900,476,0.26342343701826243,-0.7256479077166818,0.58,0.08,0.3367657470873654
0.24,2026091900,477,0.5630771208238141,-0.5643183346784214,0.55,0.01,0.3368900502453047
0.24,2026091900,478,0.11445382254257837,0.04490677442844108,0.49,0.05,0.34030763310837636
0.24,2026091900,479,0.1435845865546649,-0.32673463136257935,0.55,0.01,0.34496597420390346
0.24,2026091900,480,0.4654327315006885,-0.5584724596098319,0.59,0.05,0.32768731487588576
0.24,2026091900,481,0.1180688805930648,-0.30757950577837084,0.57,0.03,0.3704399983936628
0.24,2026091900,482,0.16132622883720704,-0.837429328267291,0.63,0.05,0.3551799361826874
0.24,2026091900,483,0.6477114304483521,-0.4773206893336188,0.62,0.03,0.2978148275068675
0.24,2026091900,484,0.25331683026666074,-0.71342479481545,0.62,0.05,0.3381891611288302
0.24,2026091900,485,0.2110601468157195,-0.4046489366955514,0.58,0.02,0.36884461801692914
0.24,2026091900,486,0.013000821642040895,-0.48678970139182054,0.57,0.03,0.30951027997132974
0.24,2026091900,487,0.22822935126796917,-0.5502015280866899,0.56,0.03,0.3622830849152104
0.24,2026091900,488,0.30477763036743033,-0.30086032066800916,0.57,0.06,0.34221127156525705
0.24,2026091900,489,0.2985072660321773,-0.6294924655533489,0.62,0.04,0.32468260668411225
0.24,2026091900,490,-0.0436881420768289,-0.5556879118002106,0.59,0.01,0.3366326863421214
0.24,2026091900,491,0.3510983252338966,-0.391077594445879,0.57,0.05,0.34216799731897074
0.24,2026091900,492,0.2386642193412136,-0.34260722405741445,0.57,0.02,0.35621425665651707
0.24,2026091900,493,0.52070534265945,-0.9573705967480133,0.69,0.04,0.3291559872378494
0.24,2026091900,494,0.3547604391098023,-0.644331621415315,0.61,0.01,0.32554403072332144
0.24,2026091900,495,0.02101183727937541,-0.17365542969847478,0.53,0.02,0.34772938425477656
0.24,2026091900,496,-0.00682850068789495,-0.3907124048744561,0.57,0.01,0.34032651631684047
0.24,2026091900,497,0.3378718306692059,-0.44412957566556194,0.6,0.02,0.33970555017369614
0.24,2026091900,498,0.5311847015589842,-0.9507285268502398,0.7,0.06,0.34825003446042563
0.24,2026091900,499,0.00533952670358494,-0.2967894782121918,0.55,0.06,0.3292862876833016
0.32,2026091900,0,0.7792691025056135,-0.4046059283539194,0.6,0.05,0.3235388357242779
0.32,2026091900,1,-0.04989771639113158,0.014665245912923562,0.5,0.02,0.30896022545989227
0.32,2026091900,2,-0.23039822188210887,-0.24887340663279758,0.53,0.0,0.35211028727438304
0.32,2026091900,3,0.2360972502263812,-0.3464291319738255,0.58,0.04,0.3582226039401732
0.32,2026091900,4,-0.03266217899819332,-0.4586931379591753,0.52,0.02,0.3426101716210234
0.32,2026091900,5,0.10389099839009981,-0.2933985443354909,0.59,0.01,0.35262868271328335
0.32,2026091900,6,-0.22619103041213,-0.373093465182204,0.62,0.01,0.3602434745542739
0.32,2026091900,7,-0.265897086367204,-0.3888269438171953,0.58,0.02,0.3342376307667207
0.32,2026091900,8,0.43648534909665904,-0.07749430228186524,0.5,0.02,0.37228309595488335
0.32,2026091900,9,0.26236535690601753,-0.40672173634228054,0.61,0.06,0.350787778229452
0.32,2026091900,10,0.20356458635614438,-0.2724116743904159,0.58,0.04,0.367661052460112
0.32,2026091900,11,0.19939455876073278,-0.732236980359626,0.64,0.02,0.3298718027427819
0.32,2026091900,12,0.30978768294363707,-0.1282072113875116,0.5,0.02,0.3615577764450937
0.32,2026091900,13,0.07844061741618272,-0.18693875470206095,0.55,0.02,0.3532045315693035
0.32,2026091900,14,-0.26328953596557864,-0.14212181945472038,0.5,0.03,0.34142432562875563
0.32,2026091900,15,0.12305238700203913,-1.0065129004069462,0.68,0.04,0.33848320067542204
0.32,2026091900,16,0.08604617678129005,-0.17244279332736526,0.53,0.02,0.3518609788291834
0.32,2026091900,17,0.6525177582721777,-0.5395967976862402,0.62,0.02,0.3620127522270122
0.32,2026091900,18,0.1524302144569027,-0.4460548798465224,0.56,0.02,0.3458402572583259
0.32,2026091900,19,0.04159015382266165,-0.9573072506138811,0.65,0.01,0.3526376391697563
0.32,2026091900,20,0.2468888914298432,-0.2492736993089716,0.5,0.04,0.3716435901000656
0.32,2026091900,21,0.26089563740951044,-0.5374197269890311,0.55,0.01,0.3833368952736255
0.32,2026091900,22,-0.08291408346706758,-0.08900733349022805,0.5,0.02,0.3605322385681389
0.32,2026091900,23,-0.0024231490683999457,-0.5178164739731026,0.53,0.01,0.34986353538058795
0.32,2026091900,24,0.28202367599102024,-0.31165895652083514,0.61,0.01,0.3634445093998647
0.32,2026091900,25,0.008886289984130338,-0.20051049285204897,0.57,0.01,0.3455276266519356
0.32,2026091900,26,0.40716186572584173,-0.8895811838424244,0.62,0.01,0.3250689016134804
0.32,2026091900,27,0.11817763673862766,-0.24531078779112644,0.56,0.02,0.34682681466289805
0.32,2026091900,28,0.5047052855365177,-0.4796971081563964,0.63,0.05,0.3623636253156242
0.32,2026091900,29,0.2628907310156966,-0.25086733193851496,0.53,0.01,0.3608027928606625
0.32,2026091900,30,0.07097015462135838,-0.17641383509479547,0.49,0.04,0.3469827147217613
0.32,2026091900,31,0.11122747718311643,-0.44004510142476777,0.55,0.03,0.36455182161457667
0.32,2026091900,32,-0.04922702309784587,-0.058643158296835744,0.53,0.07,0.37913852767422773
0.32,2026091900,33,0.1048816020777204,-0.4845642930527286,0.6,0.04,0.33529979316552905
0.32,2026091900,34,-0.13816537348372507,-0.38931640752668933,0.56,0.02,0.3481638779847942
0.32,2026091900,35,-0.1404519820863518,-0.15866629115828584,0.51,0.03,0.31185985877198946
0.32,2026091900,36,0.18931122511278992,-0.343039319565851,0.56,0.02,0.3371329052341925
0.32,2026091900,37,0.12658504055390263,-0.7996783983792004,0.61,0.04,0.37238915876679973
0.32,2026091900,38,0.3141731166513982,-0.7757132769682655,0.6,0.03,0.3539203324652292
0.32,2026091900,39,-0.2189557755445309,-0.10826646433807323,0.53,0.07,0.34053043623378104
0.32,2026091900,40,0.4791200750669637,-0.7169988190591244,0.59,0.02,0.33315120183132413
0.32,2026091900,41,0.07327873803766259,0.034641019222141294,0.49,0.01,0.3622560101973993
0.32,2026091900,42,0.6008185930256322,-0.7254839025503333,0.58,0.02,0.3577002276989994
0.32,2026091900,43,0.30321112143607126,-0.44770349306558105,0.57,0.04,0.3540708649266368
0.32,2026091900,44,0.13320123348995858,-0.8030798895012856,0.62,0.03,0.36871451642583536
0.32,2026091900,45,-0.15847541641459556,0.11567021835183518,0.47,0.01,0.38198135174452724
0.32,2026091900,46,0.2830775556176178,-0.45623973725506817,0.56,0.03,0.3470878117664832
0.32,2026091900,47,0.4079105260640455,-0.4288367693994827,0.54,0.02,0.38584381477421364
0.32,2026091900,48,0.050891451293897196,-0.5499973847001624,0.59,0.01,0.356998058128898
0.32,2026091900,49,0.02382973406642969,-0.07249090046681363,0.46,0.0,0.3636295201780218
0.32,2026091900,50,-0.20867676759842532,-0.3317668554761828,0.59,0.02,0.3397309534215866
0.32,2026091900,51,0.5310352406275949,-0.23319383875963393,0.53,0.03,0.3591076768818414
0.32,2026091900,52,0.14572192224454356,-0.28798305933304613,0.52,0.02,0.32561714643777767
0.32,2026091900,53,0.2701407668835148,-0.08427976432050785,0.5,0.0,0.3460157524438358
0.32,2026091900,54,0.5252457647790171,-0.5644198599617632,0.55,0.01,0.36268600396111417
0.32,2026091900,55,0.4702433243381193,-0.596627362615693,0.58,0.04,0.34322700893306973
0.32,2026091900,56,0.30172126776256514,-0.5389372585210427,0.59,0.02,0.382492230912238
0.32,2026091900,57,0.4884970661248385,-0.7413258151727794,0.61,0.03,0.3454395342224346
0.32,2026091900,58,-0.059844809999304374,-0.08111866794582728,0.49,0.02,0.34358416246771606
0.32,2026091900,59,-0.2959616176014091,-0.30936096302915844,0.52,0.03,0.3337138235873091
0.32,2026091900,60,-0.011096176360632782,-0.19369624757775739,0.51,0.01,0.37072289573232703
0.32,2026091900,61,0.28595655959592386,-0.23698240322627348,0.55,0.01,0.3275493869031342
0.32,2026091900,62,0.43832224748724313,-0.588096275237725,0.6,0.01,0.36118954157784855
0.32,2026091900,63,0.24909783614847447,-0.5804544967614469,0.56,0.02,0.36633790347273903
0.32,2026091900,64,0.12484847803025868,-0.023914535339755336,0.55,0.02,0.38530626212885216
0.32,2026091900,65,0.3601288655190006,-0.35977870999433104,0.58,0.02,0.35103981625715575
0.32,2026091900,66,0.03541063454511916,-0.6538972408284088,0.58,0.01,0.3590883921076611
0.32,2026091900,67,0.560387839999849,-0.602376688067376,0.58,0.0,0.3664080390229384
0.32,2026091900,68,0.46509835281602596,-0.3961697138669889,0.59,0.02,0.3519644144759288
0.32,2026091900,69,0.07875967171618464,-0.32740400511836093,0.56,0.04,0.34923444055551395
0.32,2026091900,70,0.5736483483651547,-0.8146250143387361,0.65,0.06,0.3454922318633276
0.32,2026091900,71,0.2728851972566661,-0.5856074163757267,0.56,0.04,0.35924533676723996
0.32,2026091900,72,0.11705848044002436,-0.33958739261640775,0.6,0.04,0.3477668312212013
0.32,2026091900,73,0.2662227621997488,-0.43425695843051954,0.57,0.04,0.334626828016677
0.32,2026091900,74,0.12211371248921565,-0.8175654192569445,0.58,0.01,0.38041357554892513
0.32,2026091900,75,-0.37130539678878316,0.01887924549946599,0.5,0.04,0.3552001977974445
0.32,2026091900,76,-0.06513663469070906,-0.4040042665294885,0.55,0.03,0.3798284884658731
0.32,2026091900,77,0.24909781650385746,-0.538223628556576,0.54,0.03,0.3518833769191527
0.32,2026091900,78,0.0022718401125920895,-0.23836873203015194,0.55,0.02,0.3697374216763298
0.32,2026091900,79,0.36121944204986617,-0.5283187535478426,0.56,0.02,0.3508775300381022
0.32,2026091900,80,0.09210448365782177,-0.4597423024205022,0.56,0.05,0.340697699420258
0.32,2026091900,81,-0.04297429700627564,-0.029577573996665815,0.53,0.02,0.38516871241456535
0.32,2026091900,82,0.17305634431498082,-0.2273872387251019,0.54,0.03,0.337580075926367
0.32,2026091900,83,-0.020594330344458015,-0.4472535106499324,0.59,0.02,0.34689058898393405
0.32,2026091900,84,0.6146987425943498,-0.3689649566674418,0.61,0.02,0.36329946155598314
0.32,2026091900,85,0.14262880452188453,-0.3607307439070952,0.56,0.0,0.389277358623801
0.32,2026091900,86,-0.09309806826364625,-0.009069518978554974,0.5,0.02,0.3595603727485115
0.32,2026091900,87,0.009311247582149365,-0.5416587778888551,0.63,0.03,0.35567514278881623
0.32,2026091900,88,0.06891436132263137,-0.15452879131152947,0.51,0.04,0.35781334304037865
0.32,2026091900,89,-0.10400109305099776,0.4651548187703748,0.46,0.05,0.3393822515783876
0.32,2026091900,90,0.2241413254610297,-0.5056291215616723,0.6,0.03,0.3344991474171664
0.32,2026091900,91,0.7526691504724922,-0.9297666382160853,0.68,0.0,0.3368150800889717
0.32,2026091900,92,0.30445150296523016,-0.3020123891875311,0.57,0.04,0.3498155680836191
0.32,2026091900,93,0.044123150760875925,-0.6134304939984575,0.57,0.02,0.36134784340742887
0.32,2026091900,94,0.0937865428378954,-0.36705485158668166,0.55,0.03,0.37592269048216354
0.32,2026091900,95,0.5301029009720759,-0.0503973669363669,0.51,0.03,0.37707901388960147
0.32,2026091900,96,0.16845600571531885,-0.4788258929399865,0.56,0.01,0.3742599203107793
0.32,2026091900,97,0.15353858829850434,-0.41668115507824605,0.56,0.03,0.30569372469095496
0.32,2026091900,98,-0.2057129757804492,-0.41184412043851026,0.62,0.03,0.3606497456389725
0.32,2026091900,99,0.06611178373599307,-0.24900440044449879,0.53,0.02,0.34325341562728684
0.32,2026091900,100,0.15152244723185382,-0.324730699974795,0.52,0.02,0.36715515240317076
0.32,2026091900,101,0.17239259906288432,-0.7541247853121389,0.62,0.02,0.3196041862645311
0.32,2026091900,102,-0.048580619347027856,-0.44956186591410263,0.6,0.01,0.3539562227132072
0.32,2026091900,103,0.45551385454122206,-0.5277298019280603,0.58,0.01,0.34079854638326657
0.32,2026091900,104,-0.13505319975312025,-0.020587322354770354,0.49,0.01,0.3590612273197314
0.32,2026091900,105,0.1562495451471385,-0.31824096890663206,0.55,0.01,0.3711487195680029
0.32,2026091900,106,-0.03176315204873246,-0.09932169367370762,0.5,0.04,0.3527118092075828
0.32,2026091900,107,0.14919518705862622,-0.6090168117004819,0.63,0.02,0.38160566588100053
0.32,2026091900,108,0.15436358922055798,-0.39993253469315937,0.61,0.03,0.36564653091856775
0.32,2026091900,109,0.40490515648035524,-0.5481680995991823,0.63,0.02,0.3312224148291787
0.32,2026091900,110,-0.35586094124605366,-0.17680142022151707,0.53,0.03,0.3694151385539811
0.32,2026091900,111,-0.1429100836344612,-0.3718159024047731,0.57,0.02,0.3408006394154252
0.32,2026091900,112,0.2821869154242428,-0.48303115395061325,0.6,0.04,0.34658648813450404
0.32,2026091900,113,-0.17672136046219505,0.2531831147713582,0.46,0.01,0.34761221481288834
0.32,2026091900,114,-0.031158913412043354,-0.3857967257181753,0.57,0.03,0.36877769692229356
0.32,2026091900,115,0.6236134931196093,-0.35739457816256576,0.51,0.04,0.36549564795623657
0.32,2026091900,116,0.35803913916985275,-0.4304892463235434,0.55,0.0,0.3565926168305622
0.32,2026091900,117,0.5326912396717083,-0.5024249381810931,0.56,0.03,0.34544533909850555
0.32,2026091900,118,0.2834595272328725,-0.24240303245577832,0.57,0.03,0.36870922789451854
0.32,2026091900,119,0.35864410646273553,-0.1867821744048619,0.51,0.03,0.34222577861632486
0.32,2026091900,120,0.6212093519680617,-0.6274360112051751,0.65,0.01,0.35081193216856826
0.32,2026091900,121,-0.15009536680518892,-0.42879326663400114,0.57,0.03,0.3779951325360462
0.32,2026091900,122,0.04942387494242334,-0.3880541348905072,0.61,0.02,0.3770192641522187
0.32,2026091900,123,-0.25128922953658067,0.0127501681885447,0.51,0.03,0.3554786481725957
0.32,2026091900,124,-0.11202712586770341,-0.06820101255408263,0.5,0.03,0.36690032869119255
0.32,2026091900,125,0.3725473198024766,-0.19741244304651737,0.51,0.03,0.3370502181139081
0.32,2026091900,126,0.1608164067711785,-0.6927051221667834,0.56,0.02,0.34886115413509544
0.32,2026091900,127,0.17202822108655688,-0.2764687966713538,0.57,0.01,0.3241965456185199
0.32,2026091900,128,-0.3947840861946292,0.20748508648175348,0.49,0.03,0.3632542734670167
0.32,2026091900,129,0.01934718687317725,-0.2944836064790589,0.54,0.01,0.3674640507043723
0.32,2026091900,130,0.0595370220299867,-0.5044832781563482,0.6,0.02,0.35301226712986794
0.32,2026091900,131,-0.22718648359377103,0.018082416904491843,0.5,0.01,0.35260724921006903
0.32,2026091900,132,0.27225724927392064,-0.29027281271601074,0.55,0.01,0.3726900397054373
0.32,2026091900,133,-0.04093101540534812,-0.18941241756852162,0.55,0.06,0.4013760381021112
0.32,2026091900,134,-0.20905480326248216,-0.47889983061648,0.57,0.0,0.34155702639752666
0.32,2026091900,135,0.10045396001199389,-0.48778592682236693,0.53,0.01,0.34382446759993507
0.32,2026091900,136,0.27171528087887753,-0.16106907278878504,0.5,0.0,0.3498304968223808
0.32,2026091900,137,-0.02769732534779198,0.015055575500904772,0.46,0.01,0.36501025359804984
0.32,2026091900,138,0.39514881360570003,-0.38870940198438114,0.57,0.02,0.37646268798045524
0.32,2026091900,139,0.040793243421202406,-0.3331341022989352,0.57,0.04,0.34154147512670524
0.32,2026091900,140,-0.013131328131758602,-0.45546300390070515,0.56,0.03,0.3589341233738764
0.32,2026091900,141,-0.10007155995435149,-0.10582734086371567,0.44,0.04,0.36445919154850237
0.32,2026091900,142,0.23773903223769677,-0.7829886174197814,0.6,0.0,0.36519409654766916
0.32,2026091900,143,0.3791715104679087,-0.2603731998044707,0.53,0.02,0.33166411205481877
0.32,2026091900,144,0.546975795393387,-0.4294250804058516,0.57,0.01,0.33916954908403446
0.32,2026091900,145,0.19615458995002777,-0.4444071212894627,0.55,0.0,0.33384835106433397
0.32,2026091900,146,-0.13650246211569883,-0.04923169376686722,0.5,0.0,0.36020801396495306
0.32,2026091900,147,0.3371958801747796,-0.4716700954031492,0.53,0.02,0.36749393105927913
0.32,2026091900,148,0.5292657776827876,-0.5936788715738073,0.56,0.05,0.357771123819161
0.32,2026091900,149,-0.142402402992142,0.01849384846687239,0.51,0.04,0.3615363014699202
0.32,2026091900,150,0.26369883345177386,-0.543190605342585,0.53,0.02,0.3540155373710382
0.32,2026091900,151,0.14820258666913266,-0.2668534701638743,0.52,0.01,0.38169785190612004
0.32,2026091900,152,0.44297282835090795,-0.4819390144932544,0.58,0.04,0.34050626394408995
0.32,2026091900,153,0.15092723660694937,-0.4613156822049283,0.6,0.01,0.3526282839262894
0.32,2026091900,154,0.48969223514855104,0.0023302718199006535,0.52,0.02,0.35935178290871006
0.32,2026091900,155,0.14102673952159037,-0.06499497260504089,0.44,0.04,0.35895966933741186
0.32,2026091900,156,-0.014288322832002242,-0.09379385104876889,0.53,0.01,0.3824343298400879
0.32,2026091900,157,-0.20263168801823148,-0.17020770873505459,0.5,0.04,0.35261377457439635
0.32,2026091900,158,0.3863579453397461,-0.44418923596452353,0.52,0.02,0.3409284164599833
0.32,2026091900,159,0.6265694402073368,-0.3443770078927349,0.53,0.02,0.3694247546840765
0.32,2026091900,160,0.16709836599779596,-0.35893945472135896,0.55,0.01,0.32420407582834626
0.32,2026091900,161,0.4295290199143571,-0.33988572997305505,0.58,0.01,0.3538365817739069
0.32,2026091900,162,0.7899108552134565,-0.29913275254118704,0.54,0.04,0.35368755023761317
0.32,2026091900,163,0.33389399510305323,-0.20498978157574818,0.52,0.02,0.37537434476495124
0.32,2026091900,164,0.10751598743732581,-0.3569869567210744,0.54,0.02,0.382455867798055
0.32,2026091900,165,0.3501009997543131,-0.5296490685354159,0.61,0.02,0.3666090674327205
0.32,2026091900,166,0.20434827604535685,-0.10615768815664768,0.53,0.01,0.3599120197542729
0.32,2026091900,167,0.33343869088389483,-0.4139914278122848,0.62,0.07,0.36645280599393026
0.32,2026091900,168,0.05555898941911236,-0.1983546133279689,0.45,0.03,0.3647694947370268
0.32,2026091900,169,0.6356690923858564,-0.43554442482395084,0.61,0.08,0.36390604650474223
0.32,2026091900,170,0.5344805441065854,-0.2998792161682509,0.52,0.04,0.34158672978274746
0.32,2026091900,171,-0.22084342287049608,-0.47258816363431433,0.59,0.04,0.37092306141464076
0.32,2026091900,172,0.5554089612047443,-0.4086542812402204,0.58,0.04,0.3444997117902466
0.32,2026091900,173,0.18771175330690043,-0.641526854402758,0.62,0.03,0.3448561329852108
0.32,2026091900,174,0.4732413052187738,-0.38488604085011985,0.55,0.02,0.38360489397501824
0.32,2026091900,175,-0.05814889988229348,0.04651526300969832,0.53,0.02,0.36581568610167897
0.32,2026091900,176,0.018392643292234077,-0.2695215255552074,0.58,0.05,0.361442086638845
0.32,2026091900,177,0.2170954473078041,-0.42342483144571624,0.51,0.0,0.3774904502350697
0.32,2026091900,178,0.22743860878378094,-0.5005319338354525,0.59,0.05,0.36777496963484446
0.32,2026091900,179,0.3682744458267001,-0.3883681492852253,0.54,0.05,0.31143326417028844
0.32,2026091900,180,-0.4615956769107519,0.06344085199794149,0.51,0.0,0.36107742971438594
0.32,2026091900,181,-0.2993500483818575,-0.4300235452801636,0.52,0.01,0.3429813318123342
0.32,2026091900,182,0.232706114743947,-0.2527651933088746,0.56,0.04,0.36464434331187034
0.32,2026091900,183,0.5137260342441821,-0.9385878684116209,0.63,0.02,0.35851195221130205
0.32,2026091900,184,0.21189396608745295,-0.5032350724667422,0.56,0.01,0.37199929281167315
0.32,2026091900,185,0.12720064499258021,-0.09869733341414377,0.51,0.04,0.33748788363862553
0.32,2026091900,186,-0.12785834102692126,-0.07023458416445265,0.47,0.01,0.3616558486299803
0.32,2026091900,187,0.6098665282132287,-0.6542264095975995,0.67,0.03,0.3832297714414457
0.32,2026091900,188,-0.15086279775897948,0.00908103468525583,0.47,0.03,0.33687725647830563
0.32,2026091900,189,0.20788457088117532,-0.3502084948340051,0.56,0.04,0.35900351922536283
0.32,2026091900,190,0.12819868248730656,-0.0700329040799348,0.5,0.04,0.35529681952014164
0.32,2026091900,191,0.08475787736931743,-0.5294283975664353,0.6,0.01,0.35293882066997406
0.32,2026091900,192,0.06803431891421635,-0.22765047437552272,0.54,0.05,0.3490554880459402
0.32,2026091900,193,0.4469393779276776,-0.18079384031028567,0.55,0.01,0.3535138817415284
0.32,2026091900,194,0.6409660102541297,-0.5008702806528967,0.59,0.02,0.3919579676115373
0.32,2026091900,195,0.16992398248889087,-0.5910553379890625,0.6,0.02,0.37106613519871506
0.32,2026091900,196,0.3170238299944137,-0.4384278888098319,0.54,0.04,0.3546629248671468
0.32,2026091900,197,0.20202801930826259,-0.1997779643273753,0.56,0.06,0.3615182584775699
0.32,2026091900,198,-0.02824229065216764,-0.15011262266724695,0.5,0.04,0.3804855584525544
0.32,2026091900,199,0.29466894320207954,-0.23180219448488684,0.54,0.04,0.3543683269135107
0.32,2026091900,200,0.21157699614815606,-0.3065913024024863,0.61,0.05,0.32923540113409255
0.32,2026091900,201,0.1198356553332303,-0.10238530951848693,0.5,0.03,0.3504520334162383
0.32,2026091900,202,-0.21176100008724344,-0.2892256808991896,0.53,0.03,0.3611210031476761
0.32,2026091900,203,0.03242146986309283,-0.30369620073875714,0.54,0.01,0.35113736998782896
0.32,2026091900,204,-0.14804695806483306,-0.019077479969248662,0.5,0.01,0.3540323568253114
0.32,2026091900,205,0.4012983188708764,-0.6809663330843811,0.59,0.01,0.33840232957134103
0.32,2026091900,206,0.22471152163137553,-0.6357892318390054,0.64,0.02,0.33457117363152067
0.32,2026091900,207,0.018556865297692866,-0.20690713638418706,0.56,0.04,0.3610416022166259
0.32,2026091900,208,0.3098284937429192,-0.5684904231556609,0.63,0.02,0.35781325041438555
0.32,2026091900,209,0.29010516350616083,-0.585781327885962,0.59,0.04,0.3577875655933945
0.32,2026091900,210,-0.32175518195298625,-0.2205632028399923,0.58,0.03,0.3323050128510899
0.32,2026091900,211,0.42227190005601395,-0.20925937283510052,0.57,0.02,0.3505475481399712
0.32,2026091900,212,0.16054977375546542,-0.16958025414761288,0.46,0.03,0.3377653702183344
0.32,2026091900,213,0.013473411026877881,0.12603187163636434,0.46,0.01,0.35704230720850605
0.32,2026091900,214,-0.03214332429870871,-0.2020173078101326,0.53,0.02,0.3505901308023733
0.32,2026091900,215,0.029415108188285154,-0.3700609538258453,0.53,0.0,0.4108784109375418
0.32,2026091900,216,0.029136001376211373,0.06052709687345253,0.52,0.05,0.3288710097971614
0.32,2026091900,217,0.14524437227472606,-0.45249390083932534,0.56,0.0,0.3460563493745854
0.32,2026091900,218,0.28401296633152745,-0.37340135086598747,0.54,0.02,0.34896713930218015
0.32,2026091900,219,0.5320520778922158,0.09140347205123352,0.52,0.01,0.35516705141350235
0.32,2026091900,220,0.05519174692294639,-0.2797413968843399,0.55,0.03,0.3276118787375045
0.32,2026091900,221,0.18816169826541632,-0.5661498201909891,0.56,0.02,0.35757246149524446
0.32,2026091900,222,-0.01468632342921847,-0.08000712247990079,0.52,0.03,0.380388616379613
0.32,2026091900,223,0.14164621424877544,-0.16557715250068272,0.48,0.01,0.3411348743768145
0.32,2026091900,224,0.05102084439720958,-0.07293734168410748,0.46,0.01,0.3485575314965416
0.32,2026091900,225,0.6294340339733,-0.40480881400266017,0.55,0.03,0.34966764079310686
0.32,2026091900,226,-0.0032934605581458375,-0.5240790362123287,0.54,0.0,0.34650062593016806
0.32,2026091900,227,0.14205203420923213,-0.6496767778378544,0.59,0.02,0.3542976321549527
0.32,2026091900,228,0.021145690779122588,0.16600742443584884,0.48,0.02,0.3743886521196947
0.32,2026091900,229,0.19053146702253815,-0.2682774346373503,0.57,0.04,0.3589604569177686
0.32,2026091900,230,0.04267465653856764,-0.3892117102081638,0.56,0.02,0.3800600470905456
0.32,2026091900,231,0.6215165657490598,-0.47224861986786437,0.6,0.01,0.3800095532725008
0.32,2026091900,232,0.3161182509223229,-0.4487273765250266,0.57,0.03,0.3277021113281728
0.32,2026091900,233,0.5597063731191327,-0.20245811280076115,0.57,0.03,0.3552492341776838
0.32,2026091900,234,0.2803929470969401,-0.19484815988431517,0.54,0.03,0.36383840899079184
0.32,2026091900,235,-0.140875518342168,0.01985969384722839,0.52,0.02,0.356468234117593
0.32,2026091900,236,0.04444679295106691,-0.11467710159698524,0.51,0.03,0.37252604730994937
0.32,2026091900,237,0.5604698614468081,-0.4009981706226739,0.53,0.01,0.32804503315473454
0.32,2026091900,238,0.3893959684721534,-0.7388349947134347,0.63,0.04,0.3548685867825019
0.32,2026091900,239,0.039418554495661715,-0.5149698815929741,0.59,0.01,0.35504899440694465
0.32,2026091900,240,0.4302992298598481,-0.8039176013562713,0.65,0.04,0.37245372001138144
0.32,2026091900,241,0.11512074990841079,-0.1428934641622293,0.53,0.0,0.3436462271424802
0.32,2026091900,242,-0.04482478931876073,-0.12642999052299606,0.48,0.03,0.37970911926600637
0.32,2026091900,243,0.5377322393137343,-0.36013929121541133,0.55,0.04,0.36441817212657895
0.32,2026091900,244,0.32491703372722286,-0.4499936685294297,0.5,0.0,0.35389748484510974
0.32,2026091900,245,0.2590493798164369,-0.4563301343635132,0.56,0.02,0.38120014892080184
0.32,2026091900,246,0.46444159749911024,-0.6014074205250074,0.5,0.01,0.3794204509077291
0.32,2026091900,247,0.0362044668113325,-0.4127920697081515,0.61,0.06,0.35558234420870805
0.32,2026091900,248,0.41808615226326423,-0.24766565930774134,0.54,0.05,0.3366512049873582
0.32,2026091900,249,0.06732573397619279,-0.31813179259875185,0.59,0.04,0.35893865516635465
0.32,2026091900,250,0.14778004564087519,-0.12459747508213875,0.54,0.05,0.3472215516920956
0.32,2026091900,251,0.4113398126739931,-0.33003473709266884,0.57,0.02,0.35822588255062743
0.32,2026091900,252,0.008629411667770044,-0.2789150162927693,0.53,0.03,0.30964622252837126
0.32,2026091900,253,-0.030948415557108668,-0.28002734411794256,0.57,0.03,0.36105743074257907
0.32,2026091900,254,0.2218423028758432,-0.6690084667945435,0.62,0.03,0.34314461781054534
0.32,2026091900,255,0.42809904423436473,-0.42430724278392323,0.53,0.0,0.36028631944287764
0.32,2026091900,256,0.21317764867066302,-0.4424919495943627,0.53,0.03,0.3667794284412383
0.32,2026091900,257,0.22364099164456236,-0.4891095603088614,0.56,0.01,0.3642876424023413
0.32,2026091900,258,0.10670366816848542,-0.5176867172460092,0.57,0.02,0.35994728797473413
0.32,2026091900,259,0.2134915305711774,-0.09756487867615514,0.54,0.02,0.3289747201276284
0.32,2026091900,260,-0.13561035203462082,-0.3968450415008325,0.54,0.03,0.33931809738189267
0.32,2026091900,261,0.21996010662084092,-0.5189878587862022,0.57,0.05,0.3688995308944515
0.32,2026091900,262,0.2834199724228629,-0.381582240876771,0.53,0.03,0.3250397959468414
0.32,2026091900,263,0.1754830794759208,-0.41927039354131757,0.57,0.02,0.3520467273663705
0.32,2026091900,264,0.22068708441563956,-0.3774161538973885,0.64,0.01,0.3345320554601775
0.32,2026091900,265,-0.14463818881917268,-0.5965128254559509,0.56,0.04,0.3661198602016726
0.32,2026091900,266,-0.3711258595191717,-0.1178781275062889,0.49,0.03,0.3683761960865738
0.32,2026091900,267,0.7619241805838746,-0.5660833009862689,0.56,0.04,0.3744711540760447
0.32,2026091900,268,0.3434096797570166,-0.6861103759310399,0.6,0.04,0.382539287562495
0.32,2026091900,269,0.2636538198264994,-0.0059816364679755865,0.55,0.03,0.33991603146538557
0.32,2026091900,270,0.24991478506624873,-0.22874127293247756,0.59,0.08,0.36586468195785604
0.32,2026091900,271,0.14138156892382608,-0.4228014881355789,0.56,0.03,0.3628797361217018
0.32,2026091900,272,-0.16760615218801228,-0.19015974751038947,0.56,0.01,0.3365189307233777
0.32,2026091900,273,0.5331356105565238,-0.15337364047884638,0.55,0.03,0.33043784966019457
0.32,2026091900,274,0.24826405815921349,-0.5675399752226613,0.54,0.01,0.35294735581696984
0.32,2026091900,275,0.34965722568451335,-0.44127439122092815,0.55,0.02,0.36703153199021754
0.32,2026091900,276,-0.039057008987227304,-0.18846303850789078,0.54,0.01,0.3639885664639467
0.32,2026091900,277,-0.2212665252643749,-0.387182850042657,0.59,0.03,0.3577931996695725
0.32,2026091900,278,0.08084534069279485,-0.6546907430377553,0.64,0.03,0.35008630946017916
0.32,2026091900,279,0.28697057253689523,-0.12870881306303555,0.56,0.02,0.3405861143280519
0.32,2026091900,280,-0.15029911656474554,-0.4149736686305699,0.54,0.06,0.3666421062842911
0.32,2026091900,281,0.019081995306246227,-0.2786203291005489,0.49,0.03,0.3461752604794181
0.32,2026091900,282,0.7531375437434648,-0.928983221411095,0.68,0.01,0.3302902080481638
0.32,2026091900,283,0.6100737328907004,-0.4435244625612601,0.6,0.01,0.35117940387486
0.32,2026091900,284,0.24084668077071306,-0.4729170178148827,0.59,0.02,0.36360926185394377
0.32,2026091900,285,0.27085211486068517,-0.34125963840774426,0.56,0.03,0.3361221830273707
0.32,2026091900,286,0.2044959759160505,-0.5921216654751378,0.62,0.02,0.386215051243631
0.32,2026091900,287,0.17578292516820163,-0.39318961685501824,0.56,0.02,0.3284627179614849
0.32,2026091900,288,-0.07215040090804528,-0.29555747716969877,0.53,0.01,0.3597937812341926
0.32,2026091900,289,0.1278452886243851,-0.42664035419916935,0.57,0.03,0.3860078337656285
0.32,2026091900,290,0.1281200254948934,-0.2788121487610452,0.51,0.03,0.3450506640370542
0.32,2026091900,291,0.7794792076975147,-0.837256117276054,0.6,0.02,0.38032759440640773
0.32,2026091900,292,0.02723718205906268,-0.34118011258665915,0.53,0.01,0.3308440832707577
0.32,2026091900,293,0.2316060459136539,-0.24979508137781856,0.53,0.01,0.35330713812073333
0.32,2026091900,294,0.07414426617448983,-0.2381154066057671,0.53,0.01,0.3684021550292759
0.32,2026091900,295,-0.21584955642970127,0.15544683828944986,0.44,0.0,0.3589425859508818
0.32,2026091900,296,0.07221770342087011,-0.14723471409639852,0.52,0.01,0.31836773455042666
0.32,2026091900,297,-0.025475774876479774,-0.6933260011316825,0.58,0.01,0.36047991359836123
0.32,2026091900,298,0.8244070414138132,-0.9646211565465501,0.56,0.03,0.3599625053901434
0.32,2026091900,299,-0.18543606885662087,-0.15846152568805824,0.47,0.01,0.36426973503575755
0.32,2026091900,300,0.42044611688030537,-0.6117933789088689,0.62,0.03,0.35259774503539437
0.32,2026091900,301,0.34492865468805123,-0.44278796286892097,0.57,0.0,0.33621924546402665
0.32,2026091900,302,0.05238678506908384,0.1116209784348154,0.53,0.04,0.36736111445674624
0.32,2026091900,303,0.11007323282527583,-0.5486570849200499,0.61,0.02,0.3545970671599397
0.32,2026091900,304,0.023712125736252698,-0.25329551246880216,0.56,0.03,0.3171420091540876
0.32,2026091900,305,0.43541137269572155,-0.6911852926315949,0.55,0.03,0.347245189212447
0.32,2026091900,306,0.18745634903503913,-0.5080834289404903,0.58,0.02,0.3675242133583369
0.32,2026091900,307,0.2187853113092507,-0.3847932034167456,0.53,0.01,0.34242036891809746
0.32,2026091900,308,-0.21033922434087976,0.03732952573918967,0.51,0.01,0.32026351292273036
0.32,2026091900,309,-0.1801850385320822,-0.34692095082647134,0.56,0.02,0.36397094719801254
0.32,2026091900,310,0.2804469229898259,-0.1389654669236322,0.48,0.03,0.3876201499159816
0.32,2026091900,311,0.21799666585198657,-0.10884096737776158,0.52,0.05,0.3800563582465012
0.32,2026091900,312,-0.13934339673835724,-0.11302888142528181,0.51,0.02,0.35663096549683254
0.32,2026091900,313,-0.49175257361667035,-0.10007940285191198,0.59,0.03,0.37363862132807923
0.32,2026091900,314,0.19552340808887,-0.05002496481675924,0.47,0.04,0.3459770152089478
0.32,2026091900,315,0.1846181476586849,-0.2204704301913941,0.55,0.05,0.3730282615585638
0.32,2026091900,316,0.37846703716328434,-0.43068855374471754,0.59,0.02,0.3563817271502448
0.32,2026091900,317,-0.2376200622016826,0.09664963869679508,0.54,0.05,0.34055231753523735
0.32,2026091900,318,0.0743100488119392,-0.2487885447146759,0.52,0.05,0.3335737377971495
0.32,2026091900,319,0.006550025898943201,-0.055420813167059914,0.5,0.03,0.3472705777096749
0.32,2026091900,320,0.07148631075298532,0.04785907910771407,0.48,0.01,0.33386786957482173
0.32,2026091900,321,-0.10084099361811788,-0.04267920553831315,0.52,0.06,0.35358260485416254
0.32,2026091900,322,0.03540027156310075,-0.4429382858665521,0.53,0.03,0.3749020718811579
0.32,2026091900,323,-0.3279940408391792,0.10105139321350695,0.48,0.03,0.34645140004060443
0.32,2026091900,324,-0.07266569395640515,-0.6935480253079259,0.63,0.02,0.36906864169473946
0.32,2026091900,325,0.3914041124378447,-0.5038628391015558,0.58,0.02,0.3433717188281738
0.32,2026091900,326,-0.20995985796062527,-0.17905009627973428,0.55,0.02,0.36477151663492996
0.32,2026091900,327,0.38013575730146715,-0.4067974406675435,0.52,0.01,0.3644352469310938
0.32,2026091900,328,0.500390724212265,-0.3138745899317808,0.52,0.01,0.35833674969440193
0.32,2026091900,329,-0.24152751485180002,-0.27708513210024316,0.53,0.01,0.3601063532817486
0.32,2026091900,330,-0.19739849199656262,-0.12596757906074538,0.59,0.02,0.32765657505721996
0.32,2026091900,331,0.31004144428281477,-0.45544873609380376,0.56,0.03,0.34881901718089237
0.32,2026091900,332,0.5535626740565428,-0.38855997452357616,0.54,0.02,0.3573184174900374
0.32,2026091900,333,0.29273468704750494,-0.5004854599258074,0.61,0.05,0.35187994020026375
0.32,2026091900,334,0.3275851564856225,-0.6571753539486473,0.63,0.03,0.35909877982920335
0.32,2026091900,335,-0.23778953380386916,-0.020185880524148665,0.5,0.05,0.3558775233770053
0.32,2026091900,336,0.478828229186737,-0.43861241248744015,0.55,0.03,0.3647171288718207
0.32,2026091900,337,0.16823338739377786,-0.577403989594965,0.65,0.05,0.34676806806933436
0.32,2026091900,338,0.23453694687958435,-0.4143905945884569,0.51,0.05,0.3627870883391261
0.32,2026091900,339,0.07416351020552417,-0.2960490555163211,0.49,0.01,0.35929848891546806
0.32,2026091900,340,0.25489511061814907,-0.24202285882069002,0.52,0.03,0.3357327736041077
0.32,2026091900,341,0.23913250391069263,-0.4595817551820972,0.62,0.03,0.3199864492856723
0.32,2026091900,342,0.4288004595930613,-0.6563151943784595,0.57,0.01,0.3852660875663021
0.32,2026091900,343,0.3237529847228422,-0.43660068599479884,0.57,0.01,0.3346421638159905
0.32,2026091900,344,-0.11650926346972365,-0.32071268233336875,0.62,0.04,0.33926994044866915
0.32,2026091900,345,0.2842326276425273,-0.4494454353930618,0.55,0.01,0.345089971120968
0.32,2026091900,346,-0.2988668646295796,0.18975049626590562,0.49,0.04,0.3397148408674142
0.32,2026091900,347,0.08009394674246753,-0.32739809587457586,0.6,0.02,0.3763025259004522
0.32,2026091900,348,0.19815022958195186,-0.3095907703986546,0.53,0.03,0.3311065531649512
0.32,2026091900,349,-0.1985468497722792,-0.24850670158102578,0.48,0.01,0.33347406071501395
0.32,2026091900,350,0.2312260500363712,-0.7991515462364659,0.59,0.04,0.3524384240066924
0.32,2026091900,351,0.2958330464772051,-0.3244124694922694,0.55,0.02,0.3364853037655697
0.32,2026091900,352,0.1841268086287806,-0.5066309383516228,0.6,0.05,0.371637642547886
0.32,2026091900,353,0.15421438976820784,0.22407189202140473,0.49,0.0,0.3600678884717794
0.32,2026091900,354,0.4755225750077194,-1.1124133597852035,0.67,0.04,0.35174296231155233
0.32,2026091900,355,0.3974084556222852,-0.18840294444102654,0.5,0.04,0.35237298369431036
0.32,2026091900,356,0.47292250043117895,-0.5610097312213412,0.57,0.01,0.3574046511515867
0.32,2026091900,357,-0.43995535544353587,0.08989974224953318,0.43,0.01,0.361241622086564
0.32,2026091900,358,0.22339502784029008,-0.8150594517699862,0.62,0.01,0.35624238998399527
0.32,2026091900,359,-0.23484065136583576,-0.3063882543867058,0.58,0.01,0.3692023566367477
0.32,2026091900,360,0.5412639875035881,-0.7257040420151658,0.56,0.03,0.38585983981715927
0.32,2026091900,361,-0.04909891576506432,-0.6585905016637035,0.6,0.04,0.34318723407398255
0.32,2026091900,362,0.15890230351810658,-0.48008284339262985,0.56,0.04,0.35378967734618355
0.32,2026091900,363,0.009823479545045597,-0.3502897235360712,0.53,0.02,0.33277277465814575
0.32,2026091900,364,0.6262557322632673,-0.7586320203063347,0.61,0.04,0.35833341408224695
0.32,2026091900,365,0.46051493427977314,-0.6915143538456361,0.61,0.0,0.3542278632734773
0.32,2026091900,366,-0.060681745982698876,-0.09320420136170891,0.56,0.03,0.3526039371182741
0.32,2026091900,367,0.4321931127791374,-0.48848655482519276,0.59,0.02,0.3339894137027897
0.32,2026091900,368,0.3165904391430945,-0.29802142947070337,0.55,0.01,0.3279453008882639
0.32,2026091900,369,0.12730210989393714,0.14121832999014367,0.5,0.02,0.36831115702635353
0.32,2026091900,370,0.10493703953676765,-0.16751833333874477,0.54,0.01,0.3494835876312046
0.32,2026091900,371,-0.029101196355967654,-0.3827677751899439,0.6,0.05,0.3471920971873476
0.32,2026091900,372,0.16207737858653556,-0.34180506610368205,0.58,0.02,0.32628905959012294
0.32,2026091900,373,0.4848482683395831,-0.6349568579994785,0.58,0.02,0.36807267386194126
0.32,2026091900,374,-0.03121247664115728,-0.02929508493218169,0.48,0.03,0.3412133879737463
0.32,2026091900,375,0.3927044944304719,-0.620565534272842,0.59,0.02,0.35995639074673064
0.32,2026091900,376,0.348230336194975,-0.17188145042389333,0.55,0.04,0.3534610976130368
0.32,2026091900,377,0.36971340541840897,-0.5521258221778912,0.59,0.04,0.35928723981771316
0.32,2026091900,378,-0.04862399415574616,0.027811613338086558,0.49,0.03,0.3495649275487178
0.32,2026091900,379,0.2072109250135059,-0.28931315202766894,0.49,0.04,0.3414170587787149
0.32,2026091900,380,0.02590774727315397,-0.471364259486509,0.57,0.03,0.3501369580407193
0.32,2026091900,381,0.14104257729521474,-0.3701899942081235,0.55,0.02,0.36568000849441373
0.32,2026091900,382,0.4501241941949205,-0.33739693592598746,0.55,0.04,0.3508037174359733
0.32,2026091900,383,0.020704499999587032,-0.20597188622691762,0.57,0.03,0.36252671767360817
0.32,2026091900,384,0.12404040257621314,-0.41851156362436615,0.6,0.03,0.3939214154477584
0.32,2026091900,385,0.5071529859746547,-0.7918922438523849,0.64,0.04,0.34069258205439157
0.32,2026091900,386,-0.21047991753464718,0.2586038006681923,0.42,0.01,0.326534956423403
0.32,2026091900,387,-0.0930628428646909,-0.33907957500321073,0.56,0.02,0.3847653537364393
0.32,2026091900,388,0.10369174274561459,-0.40536310874530845,0.61,0.07,0.37359452229135526
0.32,2026091900,389,-0.37030381932597217,0.14998431839133125,0.5,0.02,0.38002052143310266
0.32,2026091900,390,0.5614661869722193,-0.4806964580956158,0.62,0.04,0.35259219176213674
0.32,2026091900,391,0.43203343892603313,-0.8103366260936958,0.65,0.02,0.31377225286988153
0.32,2026091900,392,-0.14388669184986386,-0.26953503340286544,0.61,0.03,0.3382236344363801
0.32,2026091900,393,0.48298441191572755,-0.4056092502695589,0.58,0.03,0.37149549533352993
0.32,2026091900,394,0.29463071763055837,-0.4177116417626484,0.56,0.03,0.3584725591164247
0.32,2026091900,395,0.06277294974966757,-0.13442674464858206,0.48,0.04,0.3741226171374104
0.32,2026091900,396,0.45719545856723826,-0.6997683786117008,0.59,0.05,0.3637850679992147
0.32,2026091900,397,0.01263954359999139,-0.45350329234085507,0.58,0.03,0.3632958580555847
0.32,2026091900,398,-0.22129705635963404,-0.40922362889939634,0.58,0.01,0.31447792404157465
0.32,2026091900,399,0.10025773869713998,-0.4371390713218029,0.53,0.03,0.34510618930491005
0.32,2026091900,400,1.0696752259283702,-0.5111485401847399,0.55,0.03,0.3664683757154224
0.32,2026091900,401,0.12278617718348812,-0.13149813579646755,0.52,0.02,0.35525262044207556
0.32,2026091900,402,0.33274335766257684,-0.39880804579219065,0.57,0.04,0.34417545621588785
0.32,2026091900,403,-0.0209932615448586,-0.4057179200209753,0.57,0.05,0.3618301892449487
0.32,2026091900,404,-0.14301516973813416,0.0444492986403967,0.42,0.03,0.3833061408164397
0.32,2026091900,405,0.257009465777553,-0.323451918733361,0.49,0.03,0.34660474636533
0.32,2026091900,406,0.04282956408297963,-0.37436982738788105,0.59,0.04,0.3638295611131447
0.32,2026091900,407,0.43975079129069017,-0.7100093796871424,0.57,0.04,0.3630904280517812
0.32,2026091900,408,-0.133510162845591,-0.0639880135810862,0.5,0.01,0.3676988644016188
0.32,2026091900,409,0.06977958765583088,-0.119612378153593,0.52,0.02,0.34047572746277327
0.32,2026091900,410,-0.1574790549910109,-0.3643514712056073,0.62,0.04,0.3430319639717765
0.32,2026091900,411,0.24263080478131435,-0.4039028259832642,0.61,0.03,0.3473725469119762
0.32,2026091900,412,0.30389384244571593,-0.5337066917935163,0.53,0.01,0.35649373193553174
0.32,2026091900,413,0.05062953364838253,-0.1999995737310848,0.56,0.04,0.3528337452610426
0.32,2026091900,414,0.4374294291343305,-0.5681065502846634,0.59,0.04,0.3711995836679911
0.32,2026091900,415,0.16067096814754525,-0.2205673243527978,0.49,0.04,0.35477269267926226
0.32,2026091900,416,0.1100164022921998,-0.10068193487873074,0.53,0.04,0.34847952818649136
0.32,2026091900,417,0.31510616612952724,-0.7753526707100007,0.64,0.03,0.36796919985118665
0.32,2026091900,418,0.003830492185912453,-0.14377389100544405,0.54,0.03,0.378701103058819
0.32,2026091900,419,0.40241207606732843,-0.6059193719774452,0.63,0.07,0.3504961748878192
0.32,2026091900,420,-0.24926326947918548,-0.14156995565549102,0.56,0.03,0.37332765213127855
0.32,2026091900,421,-0.05583772451099664,0.24422320378554482,0.46,0.06,0.3603435329475445
0.32,2026091900,422,0.33201963653405575,-0.754494493762358,0.58,0.03,0.37589766995998586
0.32,2026091900,423,0.39959500693899414,-0.4120144653046762,0.54,0.02,0.36407568311241967
0.32,2026091900,424,0.02666175591344075,0.015424348064153416,0.5,0.01,0.35653006516962216
0.32,2026091900,425,-0.22838983293344467,-0.10049599432645945,0.51,0.02,0.3348738105990248
0.32,2026091900,426,0.14768882080735546,-0.7104741583167312,0.56,0.0,0.33868000662318737
0.32,2026091900,427,0.3749445375098637,-0.4844612943234589,0.55,0.06,0.3588990707837498
0.32,2026091900,428,0.31634123808670045,-0.5039664196254837,0.56,0.02,0.3849809005800835
0.32,2026091900,429,0.2230172280371782,-0.34174095613199973,0.56,0.04,0.35790956209913327
0.32,2026091900,430,0.15316248665208235,0.0870739682190347,0.5,0.04,0.3582227497570997
0.32,2026091900,431,0.16340171414170906,0.10315976001876268,0.47,0.02,0.3517930167018229
0.32,2026091900,432,0.28418947314654125,-0.24525541488716007,0.54,0.02,0.3439139040229906
0.32,2026091900,433,-0.15353870602999606,-0.21788222941908075,0.54,0.01,0.3650465446869617
0.32,2026091900,434,0.5008645452717805,-0.5574673135840421,0.6,0.02,0.3377025065191333
0.32,2026091900,435,0.06455126705580627,-0.54601467701336,0.57,0.0,0.3717695849327349
0.32,2026091900,436,0.36423532888065807,-0.5141456732514237,0.57,0.03,0.370387980595595
0.32,2026091900,437,0.04870943052204169,-0.18540560625811228,0.53,0.03,0.3574960156206085
0.32,2026091900,438,0.16083269914664647,0.05506104885076797,0.5,0.03,0.3460961927542269
0.32,2026091900,439,-0.0010183385322056532,-0.08020002568620307,0.55,0.01,0.34703391590503246
0.32,2026091900,440,0.3631127954326964,-0.5705201224938695,0.63,0.03,0.34891095176192544
0.32,2026091900,441,0.08562347625395811,-0.39391494694132584,0.55,0.01,0.35739552480829545
0.32,2026091900,442,0.4712433884561811,-0.7447297448060531,0.6,0.02,0.39153688325174785
0.32,2026091900,443,0.14313944091924766,-0.3723112144304311,0.6,0.0,0.36149054756620963
0.32,2026091900,444,0.11509101423357324,-0.3221014449221888,0.61,0.03,0.35942093123661173
0.32,2026091900,445,0.1648246683381988,-0.41477358506001544,0.55,0.02,0.35452323973318994
0.32,2026091900,446,0.20519906206834151,-0.19323410381159498,0.53,0.0,0.362306875562502
0.32,2026091900,447,0.6837308818472924,-0.7928693175714518,0.62,0.05,0.38354867964195066
0.32,2026091900,448,0.20177182268376687,-0.49861803836165985,0.54,0.0,0.33766281975051554
0.32,2026091900,449,-0.010167674304215904,-0.49795709204454497,0.54,0.0,0.3591576166444333
0.32,2026091900,450,0.25927237511786627,-0.33618175294006325,0.6,0.05,0.36638485526666303
0.32,2026091900,451,0.44827367638728666,-0.25384834092405173,0.54,0.05,0.35517878083313276
0.32,2026091900,452,-0.042290786608069696,-0.39938839160242756,0.53,0.02,0.36109279947599854
0.32,2026091900,453,0.16545708633247144,-0.32483410769918775,0.51,0.03,0.37671816693216675
0.32,2026091900,454,0.34620995579425473,-0.7009587335287981,0.63,0.01,0.3316779376774801
0.32,2026091900,455,-0.0280316405903948,-0.43294056035522266,0.58,0.01,0.3772973233800004
0.32,2026091900,456,0.5764123573307084,-0.6610348117055947,0.6,0.03,0.35504722300923075
0.32,2026091900,457,-0.24113737638691737,-0.20850368793157556,0.52,0.01,0.35598867790313704
0.32,2026091900,458,0.19654160002057314,0.024696291205317876,0.52,0.02,0.3474719558436917
0.32,2026091900,459,0.3589148901141748,-1.2013400630752422,0.69,0.03,0.35269259052212926
0.32,2026091900,460,0.40398173708008367,-0.4335880219187458,0.56,0.02,0.35853479311941194
0.32,2026091900,461,0.5890841340244768,-0.4921020579011315,0.56,0.02,0.36110890464495965
0.32,2026091900,462,-0.02677727242451095,-0.35347771479749923,0.58,0.02,0.35120807656846054
0.32,2026091900,463,-0.06172144365017617,-0.21485566363491654,0.52,0.05,0.3558653702363637
0.32,2026091900,464,-0.29232683940951554,-0.09787186010279023,0.51,0.03,0.3712669276788374
0.32,2026091900,465,0.3597240909546683,-0.17706460855815634,0.58,0.02,0.3494792955875098
0.32,2026091900,466,0.03202228441365805,-0.1734559373491021,0.53,0.05,0.36106465017976946
0.32,2026091900,467,0.04964043541715034,-0.40870087315737874,0.56,0.02,0.3667762941618353
0.32,2026091900,468,0.13632386938206223,-0.46962403609072473,0.56,0.01,0.35736838339759
0.32,2026091900,469,-0.03756819741597965,-0.28035091620626035,0.56,0.01,0.33453792626615597
0.32,2026091900,470,-0.11977245946229947,-0.20917183042937484,0.5,0.01,0.3744502111054001
0.32,2026091900,471,-0.2291339682099378,-0.18154276239945155,0.55,0.01,0.3717494668627754
0.32,2026091900,472,0.03148644896642016,0.08921328211276863,0.49,0.03,0.3386539652831634
0.32,2026091900,473,0.3122646603606057,-0.5694650975946532,0.58,0.02,0.3554469879760828
0.32,2026091900,474,0.4905103157454541,-0.7415011861364255,0.58,0.03,0.3284007564307821
0.32,2026091900,475,-0.12471868862279123,-0.28139582708410776,0.53,0.01,0.36140911972871725
0.32,2026091900,476,0.2490191488845581,-0.3330450889704382,0.54,0.05,0.350462874637118
0.32,2026091900,477,0.32824949428713085,-0.4375953105410575,0.56,0.03,0.35047536960428893
0.32,2026091900,478,0.20535448900170297,0.06782294820703927,0.52,0.02,0.35183294044395624
0.32,2026091900,479,0.06595866168180073,-0.2814210340751138,0.51,0.02,0.3464594334380006
0.32,2026091900,480,0.28211039733180787,-0.3439429326685897,0.59,0.04,0.34748142278139044
0.32,2026091900,481,0.04392024931703059,-0.24677085840983537,0.53,0.03,0.3522064927952402
0.32,2026091900,482,-0.03599802653173441,-0.7238317650864228,0.61,0.02,0.36961271704967424
0.32,2026091900,483,0.5376032978309837,-0.2664128174549187,0.53,0.05,0.32835638460188
0.32,2026091900,484,0.09350291009420983,-0.5835371847725799,0.53,0.02,0.33698400790917077
0.32,2026091900,485,0.0011864188358877304,-0.3166351913464842,0.57,0.01,0.3710356536472246
0.32,2026091900,486,-0.3231766419593361,-0.1174746238203565,0.52,0.02,0.3607635922917865
0.32,2026091900,487,0.29857295556969937,-0.5999317987834121,0.59,0.05,0.3433996208334751
0.32,2026091900,488,0.13240163575735536,0.10110711898182455,0.52,0.03,0.3617769408366071
0.32,2026091900,489,0.21696101836058312,-0.1686488168555455,0.5,0.0,0.33940964481047436
0.32,2026091900,490,-0.2511886315439062,-0.3559211897932545,0.48,0.02,0.33922202329388407
0.32,2026091900,491,0.38836741519354795,-0.3089110065798708,0.56,0.01,0.37568799461589086
0.32,2026091900,492,0.059265374567005855,-0.20227481582453744,0.52,0.0,0.3417019237135574
0.32,2026091900,493,0.22116518337149427,-0.6569182908403216,0.67,0.06,0.3653959642392768
0.32,2026091900,494,0.4167306788493746,-0.534651929138182,0.6,0.03,0.36444992388919667
0.32,2026091900,495,-0.14522877462858072,-0.02570064050753741,0.46,0.04,0.36278369273431693
0.32,2026091900,496,0.11926222024417597,-0.36678460238760235,0.54,0.04,0.35826483423729266
0.32,2026091900,497,0.00906692259765074,0.07307760372998487,0.51,0.01,0.36215829573291414
0.32,2026091900,498,0.3587678563078005,-0.8287442966195195,0.59,0.02,0.36025144409539656
0.32,2026091900,499,-0.21811668025388734,0.06981635696072745,0.45,0.02,0.3518294796790895
0.5,2026091900,0,0.3408660217755371,0.17399009388355316,0.51,0.02,0.3686998388493222
0.5,2026091900,1,-0.5109753155338855,0.7881844534734052,0.39,0.01,0.3526742672453354
0.5,2026091900,2,0.12659368494943407,-0.7306628312809273,0.61,0.04,0.3655551999528677
0.5,2026091900,3,0.46586029556376146,-0.3348975426550201,0.55,0.01,0.3572701405522563
0.5,2026091900,4,0.10031083221586103,-0.025283571904810898,0.51,0.02,0.35083937431345014
0.5,2026091900,5,0.051653751876648474,-0.10407896403179967,0.51,0.01,0.38601674737524283
0.5,2026091900,6,0.08594663543144337,-0.1923968624043409,0.59,0.02,0.38412537778812
0.5,2026091900,7,-0.16824470909488462,-0.40109199164841064,0.56,0.01,0.35957485855580884
0.5,2026091900,8,0.41780597408971265,0.0736820028739284,0.49,0.01,0.350670182674171
0.5,2026091900,9,0.18766572442423196,-0.6172918581561693,0.57,0.04,0.3669675271088795
0.5,2026091900,10,-0.004799605910191041,-0.08602200895322225,0.51,0.0,0.34406469284398045
0.5,2026091900,11,0.26019891660317584,-0.31988242193117294,0.51,0.02,0.36611943247465406
0.5,2026091900,12,0.12690205493506795,0.22346114709853637,0.48,0.02,0.3256243293534509
0.5,2026091900,13,0.18421262967064478,-0.4240369711563731,0.58,0.01,0.3570318556178713
0.5,2026091900,14,-0.1621679809838231,-0.05342326532922052,0.48,0.01,0.3631555166776431
0.5,2026091900,15,-0.207248490156323,-0.6093047861224935,0.62,0.02,0.3623899873388593
0.5,2026091900,16,-0.14306206391779142,0.2178257266197736,0.45,0.03,0.3720955340946255
0.5,2026091900,17,0.540358416690679,-0.19613933630106245,0.52,0.02,0.39601265581510714
0.5,2026091900,18,0.0704969847854918,-0.26050871740199094,0.57,0.0,0.33410954425311673
0.5,2026091900,19,0.14284063748132744,-0.6365694144803024,0.63,0.05,0.37056959249513
0.5,2026091900,20,0.08050217719390637,0.04704354539619944,0.51,0.01,0.36540865864424693
0.5,2026091900,21,0.07825334259059082,-0.27136829248218836,0.52,0.02,0.372206371441481
0.5,2026091900,22,-0.3740637976220371,0.11133986968447546,0.52,0.02,0.357149901936287
0.5,2026091900,23,0.0841478601671822,-0.19842763672267283,0.57,0.01,0.36624423995434474
0.5,2026091900,24,0.14242437141599723,-0.4583323115709359,0.61,0.0,0.3758344881738067
0.5,2026091900,25,0.21895592151913498,-0.22655758752170324,0.49,0.03,0.3788217378248612
0.5,2026091900,26,-0.005103155772970911,-0.4106999981803904,0.53,0.03,0.3687157634048681
0.5,2026091900,27,0.1663050837664948,-0.28359817707375756,0.51,0.0,0.34869445821926504
0.5,2026091900,28,0.5923917924943626,-0.33671019617160036,0.57,0.06,0.37015467272651814
0.5,2026091900,29,0.5053684240609408,-0.15260006453631433,0.49,0.02,0.4049427307359999
0.5,2026091900,30,-0.08604363811295702,0.011505821304565749,0.51,0.03,0.3998868334236177
0.5,2026091900,31,0.2156047887322076,-0.4699006417410325,0.54,0.03,0.36480570096085385
0.5,2026091900,32,-0.0511758826181039,0.060713290753691786,0.48,0.0,0.36699369040852625
0.5,2026091900,33,-0.16566964621566485,-0.24408013697805586,0.52,0.02,0.36950871594841744
0.5,2026091900,34,-0.4220510043458743,-0.16714849187493183,0.54,0.01,0.3721547504719637
0.5,2026091900,35,-0.27252765538636803,0.21760125245336223,0.48,0.02,0.3516184220872872
0.5,2026091900,36,0.000469756866743678,0.07911184464345261,0.44,0.04,0.3565761726305388
0.5,2026091900,37,-0.16015016196011014,-0.7987276916141721,0.57,0.04,0.3579429455430509
0.5,2026091900,38,0.28817632399535176,-0.4996469434170204,0.57,0.01,0.3510470386719851
0.5,2026091900,39,-0.6391039714523228,0.2615209761130023,0.46,0.0,0.3738964629589488
0.5,2026091900,40,0.4788697849411918,-0.5569991902295521,0.57,0.02,0.37284322452242735
0.5,2026091900,41,-0.011397372731173272,0.2447088457789986,0.45,0.0,0.3519768837378464
0.5,2026091900,42,0.6180969302797373,-0.8569075111123908,0.5,0.01,0.3619624518476611
0.5,2026091900,43,0.47995303936172057,-0.23275915341595513,0.49,0.0,0.3580722610657251
0.5,2026091900,44,0.00045316591365370586,-0.488490672334176,0.62,0.01,0.3542255607470011
0.5,2026091900,45,0.031068951223175566,0.02279201624620698,0.47,0.04,0.3911969340509394
0.5,2026091900,46,-0.1288757609789087,0.019258792985194565,0.5,0.02,0.3749302462724987
0.5,2026091900,47,0.3274932911475809,-0.2764735299157827,0.54,0.0,0.37560736810541684
0.5,2026091900,48,-0.23625060156777838,-0.5110490482338825,0.58,0.04,0.34491688981519075
0.5,2026091900,49,-0.3610013401349733,-0.19716094744656598,0.5,0.0,0.37621952666930886
0.5,2026091900,50,0.05490187503801268,-0.5120789264059564,0.58,0.01,0.3313729544325521
0.5,2026091900,51,0.14619691394195156,0.2374327134891358,0.47,0.01,0.37919577216434397
0.5,2026091900,52,0.44179771580501537,-0.29558687721076604,0.52,0.01,0.3482557635907384
0.5,2026091900,53,-0.17065503055104622,0.4524898560936243,0.37,0.01,0.3711025920346847
0.5,2026091900,54,0.23722446564860203,-0.37753105902810263,0.52,0.02,0.37380766505242724
0.5,2026091900,55,0.7230682483387558,-0.7121751645776179,0.59,0.02,0.38322244097131
0.5,2026091900,56,0.1419377238039514,-0.2880259454752214,0.54,0.0,0.3516640671095159
0.5,2026091900,57,0.2667411896064715,-0.46129882976727943,0.57,0.0,0.3591582482289118
0.5,2026091900,58,-0.07531452725073082,0.3380593092038868,0.51,0.02,0.3596532154851143
0.5,2026091900,59,-0.09868585773692001,-0.3200007203536031,0.51,0.02,0.3521575802548062
0.5,2026091900,60,0.19719329840115163,-0.05054600013122088,0.53,0.04,0.372493182581862
0.5,2026091900,61,0.5050056109125984,-0.20905131251916512,0.52,0.02,0.36168155961443
0.5,2026091900,62,0.09967317739807707,-0.4817935165360322,0.57,0.02,0.36651379288923
0.5,2026091900,63,0.3521083337107401,-0.5627696120975972,0.58,0.02,0.3447761057567316
0.5,2026091900,64,-0.07866670078643084,0.23677133651080293,0.48,0.02,0.39598558204381695
0.5,2026091900,65,0.6764784998976032,-0.35682485567681566,0.54,0.02,0.3495294399703247
0.5,2026091900,66,0.05589413631735284,-0.40446997864254264,0.55,0.02,0.3546866152945528
0.5,2026091900,67,0.8431172968144136,-0.3314218436772267,0.49,0.01,0.39004466789997416
0.5,2026091900,68,0.11670599898654267,-0.1563296417964627,0.55,0.0,0.3632336118512174
0.5,2026091900,69,-0.3177349759593295,0.3655608843994831,0.44,0.02,0.3839011573007462
0.5,2026091900,70,0.6226489816434899,-0.7697168837858271,0.61,0.0,0.3653217163378322
0.5,2026091900,71,-0.18397132107323233,-0.15774513654296182,0.56,0.01,0.3574957296064717
0.5,2026091900,72,0.24650266156819875,-0.34049010835824634,0.52,0.0,0.3504253688636305
0.5,2026091900,73,-0.10841355308448711,0.2162296915027392,0.46,0.01,0.37524183404924216
0.5,2026091900,74,-0.21049840887183197,-0.34754071343536813,0.49,0.0,0.355099424286455
0.5,2026091900,75,-0.610580527130115,0.4397996414146377,0.44,0.03,0.39525869247558565
0.5,2026091900,76,-0.28977910687369246,-0.13480627201568218,0.55,0.0,0.4019455515389874
0.5,2026091900,77,0.45040646370687304,-0.7228391292606524,0.54,0.02,0.3836928875600417
0.5,2026091900,78,-0.27335596107838345,-0.057123833126505694,0.51,0.02,0.37323455110595893
0.5,2026091900,79,0.3604467078208149,-0.3221712788149499,0.56,0.01,0.386867860830558
0.5,2026091900,80,-0.13630389729387743,-0.019792158608600955,0.49,0.01,0.3629176751623971
0.5,2026091900,81,0.15739035360569814,0.1460491684739294,0.52,0.02,0.3696736961216307
0.5,2026091900,82,0.31404637445480543,0.05684457350335256,0.49,0.0,0.3574608204822812
0.5,2026091900,83,0.04464352914203135,-0.11085409713506227,0.53,0.02,0.369628724683841
0.5,2026091900,84,0.6968270956287445,-0.21560150575293527,0.55,0.03,0.34124063147635186
0.5,2026091900,85,-0.028068345306198183,-0.1276317389434932,0.53,0.0,0.3724074201322587
0.5,2026091900,86,-0.3003771759356729,0.11499233717152896,0.48,0.0,0.3869402274972953
0.5,2026091900,87,-0.09130566119823999,-0.3891137406270177,0.56,0.0,0.33561388882850957
0.5,2026091900,88,0.17585286940535688,-0.04187019935325938,0.58,0.04,0.35844661566758246
0.5,2026091900,89,-0.12225124914495467,0.6361527940452189,0.4,0.01,0.3749043300981683
0.5,2026091900,90,-0.045577851027998516,-0.20824347573310514,0.54,0.02,0.3440991091916679
0.5,2026091900,91,0.600980139017838,-0.2905212927028999,0.55,0.05,0.35269579356549235
0.5,2026091900,92,0.0863094531644737,-0.1714872278872356,0.52,0.03,0.3637247106756897
0.5,2026091900,93,-0.16224222297843308,-0.2379136487827999,0.52,0.0,0.3862448771814102
0.5,2026091900,94,0.3787213651278893,-0.305120725800912,0.51,0.04,0.39476401024001107
0.5,2026091900,95,0.4201472351452287,0.005432808084774603,0.52,0.02,0.36790399232682974
0.5,2026091900,96,0.0886235280556944,-0.3501296305736458,0.54,0.0,0.3456504241953241
0.5,2026091900,97,-0.30296209889537556,-0.2739473437984058,0.56,0.01,0.3743747506400619
0.5,2026091900,98,-0.16847245750159906,-0.45133050318436085,0.58,0.01,0.3733539964284261
0.5,2026091900,99,-0.19506161715340192,-0.26672514313567847,0.54,0.01,0.40397735844009913
0.5,2026091900,100,0.13314389510796207,0.033584265150286695,0.53,0.04,0.36656682666492124
0.5,2026091900,101,-0.047762558957456465,-0.5175382917955585,0.53,0.02,0.38366412556117346
0.5,2026091900,102,-0.3273271263528902,-0.33530926629549135,0.56,0.01,0.3693568057972694
0.5,2026091900,103,0.3996818996033835,-0.19823773876791198,0.54,0.0,0.3638545868727323
0.5,2026091900,104,0.1857284447492307,0.11907116361606564,0.49,0.05,0.39832043848032794
0.5,2026091900,105,-0.08644962730386999,-0.19611726629887943,0.52,0.01,0.3918443853766185
0.5,2026091900,106,-0.2139481492013983,-0.1061612102310509,0.47,0.01,0.3917437600191586
0.5,2026091900,107,0.18118548361569173,-0.2718584576495732,0.56,0.03,0.38911860586821717
0.5,2026091900,108,-0.49417265699793533,-0.08963344125486195,0.47,0.0,0.3634764636539333
0.5,2026091900,109,0.4157896624927753,-0.5089539806954527,0.53,0.0,0.3889408573748472
0.5,2026091900,110,-0.3603078542207057,-0.2955418371188319,0.58,0.03,0.37803074021613514
0.5,2026091900,111,0.026850684080571563,-0.5190648591551671,0.59,0.04,0.37433094872788436
0.5,2026091900,112,0.10685196362091703,-0.17199565672429717,0.51,0.01,0.3789101006561578
0.5,2026091900,113,0.16402182591888362,0.10144069467312303,0.55,0.02,0.37357551464474836
0.5,2026091900,114,-0.16102836764490613,-0.00483806875046998,0.49,0.03,0.38767891355144884
0.5,2026091900,115,0.602988951242947,-0.38583475113330223,0.59,0.05,0.38079901713262726
0.5,2026091900,116,0.19074315326130808,0.11918438986134561,0.49,0.0,0.34633400019613353
0.5,2026091900,117,0.2482548412711543,-0.08139677841065733,0.52,0.01,0.3682317225565956
0.5,2026091900,118,0.0733942138359897,-0.12279299399666524,0.55,0.02,0.3768227141619085
0.5,2026091900,119,-0.06876818530572233,0.5138668520584487,0.45,0.02,0.367218453799723
0.5,2026091900,120,0.20835066381854653,-0.3010233857383522,0.55,0.01,0.34500513458495563
0.5,2026091900,121,0.039353054674654483,-0.2526461683547739,0.48,0.0,0.3585181458144798
0.5,2026091900,122,-0.33004403759774203,0.02480686071418181,0.5,0.01,0.35822164292476777
0.5,2026091900,123,-0.507848899464805,0.22230476951894304,0.52,0.01,0.3758092280318454
0.5,2026091900,124,-0.05953038454324524,-0.030682778718305683,0.55,0.01,0.3654120926818562
0.5,2026091900,125,0.37201622925102285,0.1755462696338817,0.45,0.01,0.33634780552613697
0.5,2026091900,126,-0.07933473592455051,-0.7631248140601957,0.61,0.02,0.38211106321183563
0.5,2026091900,127,-0.04890352485162729,-0.3471467244089546,0.61,0.04,0.3871261596838215
0.5,2026091900,128,-0.34060142794643666,0.5778801861034485,0.47,0.03,0.398811153312263
0.5,2026091900,129,-0.15219322946428526,0.10773954846209584,0.47,0.01,0.3734917953292889
0.5,2026091900,130,-0.24381792026993002,-0.312690563208509,0.55,0.0,0.3711278737285616
0.5,2026091900,131,-0.5939968637320154,0.26525330677568276,0.47,0.01,0.3552924671021815
0.5,2026091900,132,0.31484430956592935,0.05683824377662803,0.47,0.0,0.35997564911204205
0.5,2026091900,133,-0.2546868036909753,0.09915540196520148,0.48,0.02,0.3379935900510654
0.5,2026091900,134,-0.5794584403446243,-0.1190030171103247,0.48,0.0,0.393559917770189
0.5,2026091900,135,0.219352133059635,-0.7767310810522805,0.62,0.03,0.3693501486372912
0.5,2026091900,136,-0.046439534446803175,0.35741390884406976,0.5,0.01,0.3648085191548683
0.5,2026091900,137,0.1435647890668129,0.3005801625268286,0.43,0.0,0.3861565596003501
0.5,2026091900,138,0.26270759509565295,-0.0015069197908945365,0.49,0.0,0.3909889851706981
0.5,2026091900,139,-0.05146013833842582,-0.3708262218214078,0.56,0.02,0.3700494900407044
0.5,2026091900,140,-0.07555055856680089,-0.1780736377452222,0.54,0.02,0.35922124536885236
0.5,2026091900,141,-0.06251982718747728,0.04997143026393827,0.44,0.01,0.4022040868212514
0.5,2026091900,142,0.18559472245903266,-0.8641398722778081,0.61,0.02,0.38629288599111516
0.5,2026091900,143,0.4926029959273505,-0.3768013032729439,0.49,0.01,0.35836033607172085
0.5,2026091900,144,1.0250142483243776,-0.7843691902202012,0.65,0.01,0.3552092194146334
0.5,2026091900,145,-0.11787579905178855,0.1087452579454498,0.47,0.02,0.38854977157295545
0.5,2026091900,146,-0.18623006871531067,0.16139314573061647,0.5,0.0,0.3777430824297076
0.5,2026091900,147,0.2167410081117633,-0.47110325885713217,0.54,0.03,0.36508132171544255
0.5,2026091900,148,0.021224159494945646,-0.10135983010396249,0.52,0.01,0.35078681286793156
0.5,2026091900,149,-0.5154041794256866,0.28143858885677303,0.49,0.0,0.3729679014961196
0.5,2026091900,150,0.11849000018986898,-0.5104128989395149,0.49,0.01,0.38410824111182007
0.5,2026091900,151,0.18967942864784626,-0.02907241942404797,0.52,0.01,0.38271737743579387
0.5,2026091900,152,0.36077850194483524,-0.531045123976927,0.57,0.0,0.3512221451840759
0.5,2026091900,153,0.39376082816107316,-0.16257220933606495,0.52,0.0,0.37311256548854405
0.5,2026091900,154,0.2618986796003229,0.23015706274727876,0.51,0.01,0.36308241133201996
0.5,2026091900,155,0.16278651848150882,0.29809021135595937,0.46,0.01,0.3652411698969674
0.5,2026091900,156,-0.1523266462276262,0.3034337768870065,0.46,0.01,0.4184072804945062
0.5,2026091900,157,-0.3429243776450221,0.3937489870739461,0.47,0.01,0.36071357653202846
0.5,2026091900,158,0.3296957144348719,-0.6606171667368053,0.58,0.03,0.3675651688111847
0.5,2026091900,159,0.5772227921146004,-0.021364292021250186,0.5,0.02,0.3764823859995305
0.5,2026091900,160,0.3133380826066446,-0.3404977533011398,0.5,0.02,0.3584274133660687
0.5,2026091900,161,0.25942157081386175,0.060137643928941366,0.48,0.02,0.3309280888502342
0.5,2026091900,162,0.6175342034665923,-0.4870378841371188,0.56,0.0,0.3764293819658678
0.5,2026091900,163,0.25740718516702565,-0.032035078538166874,0.51,0.01,0.37858788729500675
0.5,2026091900,164,0.033564262652661825,-0.025423944786870413,0.53,0.01,0.37883795071246756
0.5,2026091900,165,0.49876350937688324,-0.32549283999466005,0.54,0.02,0.39284213202920293
0.5,2026091900,166,0.2515031522904603,-0.010553976105311346,0.54,0.01,0.37047539646201316
0.5,2026091900,167,0.05972625353694054,-0.40023691370922976,0.56,0.0,0.39905546042896506
0.5,2026091900,168,0.2784796254503518,-0.13192198048466508,0.51,0.01,0.3648991305606296
0.5,2026091900,169,0.38142036366349286,-0.03729586977843355,0.49,0.01,0.3735744952358283
0.5,2026091900,170,0.21646492359236638,-0.058869809206829285,0.52,0.01,0.3709055652556511
0.5,2026091900,171,-0.4534061446274327,-0.20924636802260185,0.53,0.01,0.3673630132661879
0.5,2026091900,172,0.5843438743252163,-0.21155774294897534,0.54,0.06,0.3452743472004585
0.5,2026091900,173,0.017116387139703707,-0.7019140828975153,0.55,0.01,0.3834256099928919
0.5,2026091900,174,0.4183956328868289,-0.18690280485000194,0.53,0.03,0.3917174589088409
0.5,2026091900,175,0.09782264017753078,-0.01982200518748849,0.49,0.03,0.3520834605567049
0.5,2026091900,176,0.16647680106595267,-0.07805791326380723,0.52,0.02,0.37394873737742323
0.5,2026091900,177,0.013934247814825116,-0.02897571695396734,0.5,0.02,0.3816462839350326
0.5,2026091900,178,0.2941562381237624,-0.49913517049773864,0.55,0.0,0.36695413363785184
0.5,2026091900,179,0.2563195638640417,-0.02259948534325459,0.53,0.03,0.3654663651483874
0.5,2026091900,180,-0.30787733479766466,0.08788631969915668,0.5,0.02,0.3864856119159834
0.5,2026091900,181,-0.4117666100837804,-0.19880356166550622,0.51,0.02,0.3542685531360848
0.5,2026091900,182,0.4164693055369484,-0.2989821652834545,0.57,0.01,0.34996253723737875
0.5,2026091900,183,0.45165663735290906,-0.5986352366926032,0.55,0.03,0.3872184558869663
0.5,2026091900,184,0.02209420315068945,-0.22140647569003405,0.51,0.03,0.4019247842663991
0.5,2026091900,185,-0.22403716176062022,0.24254204009297042,0.48,0.01,0.3490542290557258
0.5,2026091900,186,-0.2290656187186287,0.31299864492793844,0.46,0.02,0.37108003112190263
0.5,2026091900,187,0.6284624826305896,-0.7670331317807202,0.63,0.02,0.3660444913861492
0.5,2026091900,188,-0.5219434003194924,0.2894396463116381,0.43,0.03,0.3552820113522637
0.5,2026091900,189,0.028117579850219804,0.09622430207082633,0.49,0.02,0.35722655737111836
0.5,2026091900,190,-0.0616116607147392,0.27741664225755625,0.5,0.01,0.37175122388076476
0.5,2026091900,191,0.08381302005860253,-0.49084955392120705,0.54,0.01,0.3627770302025591
0.5,2026091900,192,-0.05534867089002979,-0.007172727105632659,0.54,0.01,0.3783207361215732
0.5,2026091900,193,0.11626593763251375,0.018260107017283592,0.46,0.01,0.37785045075312107
0.5,2026091900,194,0.20694261612801623,0.0862506263305517,0.5,0.03,0.34611011037840017
0.5,2026091900,195,0.12508190635345606,-0.3241259749828363,0.55,0.01,0.41838577198122756
0.5,2026091900,196,0.05769599582568312,-0.03652506432378053,0.52,0.03,0.3767695905364922
0.5,2026091900,197,0.20849841542246625,-0.18406152013610477,0.58,0.03,0.36101146207495477
0.5,2026091900,198,0.18883609410089514,0.10869587184158086,0.45,0.01,0.35258916749107877
0.5,2026091900,199,0.37944524157771,0.011449173087836615,0.51,0.02,0.36204338991115326
0.5,2026091900,200,0.20262908343707842,-0.24338639574411086,0.52,0.02,0.34564778931332923
0.5,2026091900,201,-0.07709484325921782,0.187915354472566,0.49,0.02,0.35993092756996153
0.5,2026091900,202,-0.5133549854488263,0.01041550615516102,0.47,0.03,0.38901132849140174
0.5,2026091900,203,-0.14989425992296185,-0.2908312538611949,0.51,0.01,0.3403231393210861
0.5,2026091900,204,-0.25057807683382427,0.31209168900580003,0.43,0.01,0.3485872660680758
0.5,2026091900,205,0.6090853033489646,-0.8761077143999746,0.6,0.01,0.36679628399581027
0.5,2026091900,206,-0.2508118689451934,-0.14265559691068994,0.57,0.01,0.3903364885878897
0.5,2026091900,207,0.0009508780657604033,0.018586527516320273,0.53,0.02,0.36559205268107325
0.5,2026091900,208,0.08037489834126027,-0.2279128837711292,0.55,0.03,0.38058803140793623
0.5,2026091900,209,0.1617777524231082,-0.5274567222811798,0.59,0.02,0.3684289233351093
0.5,2026091900,210,-0.7641840345967255,0.278315972172048,0.46,0.01,0.3963432289691198
0.5,2026091900,211,0.0418891763044998,0.10892722071877597,0.49,0.02,0.3659268218102359
0.5,2026091900,212,-0.10106069860926216,0.1427821803983563,0.45,0.0,0.3698200303639358
0.5,2026091900,213,-0.11533337388061671,0.37416024393671954,0.39,0.01,0.38117366298051264
0.5,2026091900,214,-0.4005142011474632,0.15450903499724067,0.54,0.04,0.3863017180759145
0.5,2026091900,215,0.10204756222800061,-0.5742372700947925,0.52,0.02,0.38821991764221736
0.5,2026091900,216,-0.061051793349927816,0.05061819340668387,0.44,0.0,0.3504971509417984
0.5,2026091900,217,0.019181606811875293,-0.2697521083988587,0.54,0.02,0.34619016940727687
0.5,2026091900,218,0.07640021626891741,-0.5000293856741944,0.53,0.01,0.3901030390423558
0.5,2026091900,219,0.3979007224433216,0.3739432006147832,0.5,0.0,0.37814200252750413
0.5,2026091900,220,0.23438691083297938,-0.0929355821652942,0.5,0.01,0.35022088045462946
0.5,2026091900,221,0.018537070018754945,-0.45365975105546597,0.52,0.0,0.34955605682765417
0.5,2026091900,222,0.12471644622597754,-0.24751077266265922,0.55,0.02,0.39176757287034264
0.5,2026091900,223,0.16716946290240917,0.020118173757167925,0.53,0.02,0.3642277125726283
0.5,2026091900,224,-0.12689392391364915,0.2828339876861318,0.45,0.01,0.353893175311982
0.5,2026091900,225,0.8656681188450429,-0.5366566900965666,0.62,0.01,0.356944599107185
0.5,2026091900,226,-0.3982917372037875,0.14034804586939906,0.52,0.01,0.34744140648606636
0.5,2026091900,227,-0.007439357328837071,-0.13989293720583318,0.48,0.0,0.3602901118981404
0.5,2026091900,228,0.07952820541695754,0.3701449354591447,0.48,0.0,0.3430262436913114
0.5,2026091900,229,-0.030414514627961787,0.157603405774163,0.46,0.0,0.3895774939462438
0.5,2026091900,230,0.08359862177460185,-0.5290691833101956,0.52,0.02,0.3521360686354928
0.5,2026091900,231,0.26206928336231267,0.018783618640466557,0.55,0.01,0.3496734219405279
0.5,2026091900,232,-0.07772374528347419,-0.1671205810599388,0.58,0.0,0.36026236844690424
0.5,2026091900,233,0.20851791372174105,0.2799853192017954,0.46,0.01,0.36198879533510575
0.5,2026091900,234,0.5405007894371341,0.04523636864171945,0.5,0.03,0.3519418152772835
0.5,2026091900,235,0.0925504420530253,0.19331195805176932,0.48,0.02,0.36561235197947206
0.5,2026091900,236,0.14347783174608458,0.1063523850164029,0.51,0.0,0.35250356110511133
0.5,2026091900,237,0.5319950625166652,-0.28743940146505986,0.51,0.03,0.3863849167051018
0.5,2026091900,238,0.08513513132833023,-0.49615107056011665,0.57,0.01,0.348568572330519
0.5,2026091900,239,-0.2085899359532506,-0.3753388418408231,0.57,0.01,0.3497430272979571
0.5,2026091900,240,0.23156886471560306,-0.43811071421420517,0.55,0.02,0.3687580864056287
0.5,2026091900,241,-0.05270055634584635,-0.044027828250653905,0.51,0.0,0.3577476649675874
0.5,2026091900,242,-0.17369263283470118,0.0610020194195991,0.47,0.0,0.3788318091105433
0.5,2026091900,243,0.11639186145587363,0.09050673483265853,0.42,0.0,0.4092382596881052
0.5,2026091900,244,0.3214626888679122,-0.30211932382658047,0.54,0.02,0.3547574139544565
0.5,2026091900,245,0.0460921340200637,-0.28325190526484467,0.54,0.01,0.41571443725882934
0.5,2026091900,246,0.285678192294328,-0.7412061196719703,0.57,0.01,0.39942237482677273
0.5,2026091900,247,-0.10983114266254956,-0.41722032886199556,0.53,0.02,0.36963548091776444
0.5,2026091900,248,0.6546048067990542,0.12319785840764882,0.48,0.01,0.3536231473067394
0.5,2026091900,249,-0.0077035962484878606,-0.23454789820659053,0.55,0.02,0.396711456920346
0.5,2026091900,250,0.12406340442053568,-0.13381954120171144,0.49,0.03,0.3599979663947075
0.5,2026091900,251,0.07819693184002728,0.08369006721827814,0.5,0.03,0.36008912702618046
0.5,2026091900,252,0.12375516066259024,-0.19410235327816058,0.53,0.01,0.39521392582877757
0.5,2026091900,253,0.005706501419169685,-0.13868982499993748,0.47,0.03,0.358867350854209
0.5,2026091900,254,0.2944914891242469,-0.49697915377252366,0.56,0.0,0.3789260225896157
0.5,2026091900,255,0.33475392414041827,-0.17071267068691923,0.51,0.01,0.3820413168403906
0.5,2026091900,256,0.03657597945816013,-0.3680474225817616,0.55,0.04,0.3504791192846302
0.5,2026091900,257,-0.012368123342997616,-0.29852502409784754,0.57,0.0,0.3595168985289699
0.5,2026091900,258,-0.04303432198313173,-0.060651323939013665,0.5,0.02,0.3816944586760841
0.5,2026091900,259,0.3770644371933169,-0.17009575239080818,0.53,0.02,0.37535133905155627
0.5,2026091900,260,-0.33148355558745424,-0.005308882076368512,0.49,0.01,0.36614141756133106
0.5,2026091900,261,0.04974786269436732,0.09213860836477437,0.49,0.02,0.3910309526393497
0.5,2026091900,262,0.013318180385035894,0.09904178490002014,0.51,0.02,0.3512836368052577
0.5,2026091900,263,0.10468239036294069,-0.3516569153883601,0.57,0.02,0.3878475707923092
0.5,2026091900,264,0.25594155514630196,-0.590468085188775,0.6,0.02,0.37012560022244445
0.5,2026091900,265,-0.19548844887344946,-0.36086695611837954,0.57,0.03,0.3743372594820331
0.5,2026091900,266,-0.840147792258518,0.17906603267001095,0.44,0.02,0.36127406089129915
0.5,2026091900,267,0.6815642380689549,-0.11749794644235337,0.49,0.01,0.3750695278568571
0.5,2026091900,268,0.2187933583338527,-0.5201156136119994,0.51,0.01,0.37485632114906936
0.5,2026091900,269,-0.058110297207132976,0.29594973817806075,0.46,0.0,0.3625431164332648
0.5,2026091900,270,0.09688904470743892,0.17103155385649826,0.47,0.04,0.33230301451156796
0.5,2026091900,271,-0.09974725541184756,-0.4211315293484557,0.54,0.03,0.3437646970140857
0.5,2026091900,272,0.025033404454087888,0.008491407213990426,0.51,0.01,0.39028266348458795
0.5,2026091900,273,0.44800595103613644,-0.06810954134233525,0.48,0.01,0.36686208355331634
0.5,2026091900,274,0.4773137033950104,-0.3138450373693167,0.51,0.03,0.3485392979366157
0.5,2026091900,275,0.06002684529790231,0.10986442334972787,0.45,0.03,0.3616811358660029
0.5,2026091900,276,0.40845620578529834,0.18895634786716592,0.51,0.0,0.3370736078257355
0.5,2026091900,277,-0.3639936164681956,-0.16763027458625754,0.55,0.04,0.36420977580941405
0.5,2026091900,278,-0.03465141523030945,-0.2942095111567099,0.55,0.0,0.3934608531097783
0.5,2026091900,279,0.558055894016507,-0.057850041683569726,0.51,0.03,0.3589723338149991
0.5,2026091900,280,-0.1442693895462521,-0.4036368259936427,0.55,0.03,0.34833937821708616
0.5,2026091900,281,-0.1904601359125571,-0.2987592883193138,0.54,0.01,0.38333314799913554
0.5,2026091900,282,0.7148784097861038,-0.8797824798332491,0.61,0.0,0.36306015241270595
0.5,2026091900,283,0.8854303081185971,-0.6535923456390451,0.62,0.03,0.34615857068308437
0.5,2026091900,284,0.19367361188876156,-0.1945708234729343,0.53,0.01,0.33308486129721226
0.5,2026091900,285,0.12435383779916846,-0.20046918948665268,0.57,0.0,0.3789356966871763
0.5,2026091900,286,-0.21901599477073463,-0.5719425173484705,0.57,0.0,0.3813416166293695
0.5,2026091900,287,0.5425559771083345,-0.39688405258162923,0.48,0.01,0.3886614087407875
0.5,2026091900,288,-0.3794734505504811,0.10370187103359313,0.45,0.02,0.3533369136932314
0.5,2026091900,289,-0.12239869089197644,-0.07244405153420422,0.51,0.01,0.38874444765891947
0.5,2026091900,290,0.20726516241357446,-0.23731269195552063,0.48,0.0,0.3704557241417057
0.5,2026091900,291,0.7668850438264588,-0.7716925121545941,0.6,0.02,0.35043872655516234
0.5,2026091900,292,-0.14055518710286172,-0.14028666684625957,0.51,0.02,0.35649606054249167
0.5,2026091900,293,0.413407451225657,-0.22262645127906708,0.57,0.04,0.3620876716437027
0.5,2026091900,294,-0.4144560105089623,0.13274122812178057,0.54,0.02,0.3633849299280634
0.5,2026091900,295,-0.5200404573096742,0.7165240235951538,0.41,0.0,0.38507085673900265
0.5,2026091900,296,0.24709863811109606,-0.07865384750811832,0.5,0.01,0.3784479492105164
0.5,2026091900,297,-0.09180770981166196,-0.43172127038781566,0.54,0.0,0.35879950302015495
0.5,2026091900,298,0.7457539548135492,-0.9188930063085227,0.56,0.02,0.3912332647022547
0.5,2026091900,299,-0.10719467659476425,-0.060894026884244085,0.53,0.02,0.3748096723711897
0.5,2026091900,300,-0.019387038290779247,-0.1827223241655516,0.51,0.02,0.3519635299404332
0.5,2026091900,301,0.27421881131552517,-0.18139451901199238,0.52,0.02,0.3709960080461974
0.5,2026091900,302,-0.24843024002775999,0.5709558803439243,0.44,0.0,0.3662988725146413
0.5,2026091900,303,-0.11016348565122885,-0.35639762472258385,0.54,0.04,0.3415768580865825
0.5,2026091900,304,-0.0559048711469064,-0.06374788253303901,0.47,0.02,0.37795816830812135
0.5,2026091900,305,0.16400738611965898,-0.40136360746711863,0.53,0.0,0.35522499972013866
0.5,2026091900,306,0.09578222120430947,-0.21718073745663827,0.49,0.01,0.3784351127951887
0.5,2026091900,307,0.12994678993685954,-0.10771302061254612,0.51,0.02,0.3781736325285248
0.5,2026091900,308,-0.600686499841075,0.15157970683898428,0.47,0.04,0.3569719001445321
0.5,2026091900,309,-0.4895633680376216,-0.040506291316031444,0.52,0.0,0.35895172709353207
0.5,2026091900,310,0.3172233023282477,0.3399276532668251,0.44,0.02,0.37661386134701436
0.5,2026091900,311,0.19099785521069845,0.3282877797875782,0.42,0.01,0.36749475268130527
0.5,2026091900,312,-0.23424678437760027,0.1596525839357201,0.49,0.01,0.36890622412725643
0.5,2026091900,313,-0.6720013064348714,-0.06214414654047327,0.53,0.03,0.3561335826200461
0.5,2026091900,314,0.4327441853961896,-0.18426426485146932,0.54,0.02,0.37341876039028016
0.5,2026091900,315,0.21547428480233408,-0.17807640586459456,0.52,0.04,0.37675506620243626
0.5,2026091900,316,0.25659275961361044,0.04953934972267527,0.46,0.02,0.34292850035725436
0.5,2026091900,317,-0.3172849245813973,0.22812291135005483,0.53,0.02,0.34341775549427
0.5,2026091900,318,-0.3010564660491493,0.002044935902284317,0.47,0.0,0.36725079371551766
0.5,2026091900,319,-0.10650194865798668,0.24420020916064913,0.5,0.02,0.329776906590698
0.5,2026091900,320,-0.16431921399704028,0.3501832414354508,0.45,0.02,0.3577177069541995
0.5,2026091900,321,-0.4426204391111449,0.19449513921936315,0.5,0.0,0.3937075208046796
0.5,2026091900,322,-0.2786671079865705,0.05151724061567471,0.51,0.0,0.394139788366579
0.5,2026091900,323,-0.32762054633283877,0.20582754733585917,0.5,0.02,0.38842806797992296
0.5,2026091900,324,-0.24015596788070248,-0.10102885520239129,0.5,0.01,0.3668564594270395
0.5,2026091900,325,0.06433994363045929,-0.5270160222804843,0.58,0.03,0.35475800018269305
0.5,2026091900,326,-0.278240466753363,0.13693611478223391,0.5,0.02,0.3883240339976944
0.5,2026091900,327,0.05227728141100609,-0.3378484446466101,0.5,0.02,0.34279714264343203
0.5,2026091900,328,0.4553938613235667,-0.2799427895572646,0.5,0.01,0.3578767985546301
0.5,2026091900,329,-0.3914139384035118,-0.015483203917888372,0.54,0.0,0.3706792018772605
0.5,2026091900,330,-0.6797513454325435,0.3959907409234912,0.48,0.02,0.38053706767092016
0.5,2026091900,331,0.2803645281797478,-0.34707772772604983,0.56,0.02,0.370494722734416
0.5,2026091900,332,0.6052341449824877,-0.4002380073113687,0.53,0.01,0.37532246213121234
0.5,2026091900,333,0.05621811364508341,-0.1650381245509194,0.55,0.02,0.36092589574591427
0.5,2026091900,334,0.3306274995670602,-0.58859148061961,0.63,0.02,0.3909296481261293
0.5,2026091900,335,-0.37875025343174806,0.6210707506890308,0.48,0.0,0.3823175654952307
0.5,2026091900,336,0.4718382359453514,-0.2943737034488057,0.53,0.01,0.3823154559910332
0.5,2026091900,337,0.4262256869179107,-0.40073420783127245,0.58,0.01,0.3199617213929597
0.5,2026091900,338,0.07282068802585644,-0.32624238114729287,0.56,0.05,0.3575149858442845
0.5,2026091900,339,-0.24875255952450537,-0.13211297306497463,0.52,0.02,0.3766477348999196
0.5,2026091900,340,0.27542168852599797,0.19271253627293855,0.49,0.01,0.3687350587479088
0.5,2026091900,341,0.28307502321336675,-0.29358687596656063,0.51,0.01,0.36743587080978357
0.5,2026091900,342,0.3478972828052278,-0.42548527556067967,0.53,0.0,0.3841891601547844
0.5,2026091900,343,0.3740819793275568,-0.32350654396440603,0.5,0.02,0.35296433637494445
0.5,2026091900,344,-0.19521780606544314,-0.10253876838356266,0.52,0.03,0.3530591667174539
0.5,2026091900,345,0.4041477463978678,-0.4780407110101163,0.56,0.03,0.3429403721502143
0.5,2026091900,346,-0.25402633092693383,0.06329907049614372,0.49,0.0,0.3701475868768339
0.5,2026091900,347,0.15291392314168836,-0.12930158774143688,0.57,0.01,0.37511284678264956
0.5,2026091900,348,-0.042418276648086096,-0.2187531266348725,0.52,0.01,0.34321345960537564
0.5,2026091900,349,-0.030943132336082077,-0.19568255379487948,0.55,0.03,0.38256835505598424
0.5,2026091900,350,-0.22628503472043124,-0.202062367268463,0.52,0.01,0.39075117111252444
0.5,2026091900,351,0.16554491073178446,-0.761198722454742,0.59,0.05,0.3630911367701989
0.5,2026091900,352,0.15578120639450221,-0.33503502267934593,0.57,0.04,0.36753839222683643
0.5,2026091900,353,0.8354090235847553,0.12476906783728495,0.5,0.01,0.35828568985934295
0.5,2026091900,354,0.15705163677815384,-1.0676869214927565,0.65,0.01,0.35810785087135694
0.5,2026091900,355,-0.016465470683143756,-0.07244053544655232,0.44,0.01,0.3716480846399321
0.5,2026091900,356,0.31308087299452386,-0.1301561950565928,0.54,0.0,0.3490821389676041
0.5,2026091900,357,-0.6605777248769232,0.255701224829686,0.44,0.0,0.388376623899447
0.5,2026091900,358,0.013868715746977033,-0.5811913078750478,0.54,0.0,0.3529915628552808
0.5,2026091900,359,-0.6759571281518086,-0.1967259098308959,0.54,0.04,0.3733457260188092
0.5,2026091900,360,0.6537885059361902,-0.7554278371092125,0.64,0.05,0.3544887190760629
0.5,2026091900,361,-0.3862445108084171,-0.26881467139974696,0.58,0.03,0.36894151918336004
0.5,2026091900,362,0.20177148740805073,-0.6179687240147343,0.56,0.02,0.38450863075917563
0.5,2026091900,363,-0.5480901436812609,0.14551020913318388,0.43,0.01,0.3602673385607647
0.5,2026091900,364,0.5324973199144762,-0.8106925232767425,0.59,0.01,0.3647033935260582
0.5,2026091900,365,0.5001040345075366,-0.5983941952331508,0.57,0.01,0.3695948389303473
0.5,2026091900,366,0.06530320527252922,0.13131240810648018,0.52,0.02,0.3545825132463549
0.5,2026091900,367,0.4197561549317353,-0.32228681175015955,0.51,0.01,0.3515130448724218
0.5,2026091900,368,0.6665791241333219,-0.5285909536402956,0.54,0.01,0.37906716439185073
0.5,2026091900,369,0.15766509222865685,0.2116490314803816,0.45,0.01,0.38257511531151267
0.5,2026091900,370,0.23647300467767718,-0.20318161815551694,0.48,0.01,0.36964685197154906
0.5,2026091900,371,-0.1945316210718772,-0.03965275344329731,0.47,0.01,0.34865882410460386
0.5,2026091900,372,0.20524375866818872,-0.07023398986124009,0.54,0.02,0.33231017541966246
0.5,2026091900,373,0.2984289971844175,-0.2384732781264872,0.48,0.01,0.3513448070868664
0.5,2026091900,374,-0.40261228033248087,0.38093997957872283,0.48,0.02,0.35951504673454093
0.5,2026091900,375,0.30307387730686963,-0.340182936313699,0.5,0.03,0.3752558848187249
0.5,2026091900,376,-0.031830996191574215,0.013187429180268394,0.5,0.01,0.3790762591279739
0.5,2026091900,377,0.4472549518271506,-0.20085946755076062,0.54,0.02,0.3378506639820176
0.5,2026091900,378,0.10005226700958475,-0.04562375217304372,0.5,0.0,0.3636054670834056
0.5,2026091900,379,0.14594409587501833,-0.36032404857754713,0.5,0.0,0.3528397521357366
0.5,2026091900,380,0.04776493670819592,-0.14587504411407523,0.53,0.01,0.3865195844832192
0.5,2026091900,381,0.14852142574243513,-0.5605793443799784,0.55,0.01,0.36333376755284597
0.5,2026091900,382,0.10789794075727775,0.11481806328448046,0.5,0.01,0.3773121480412673
0.5,2026091900,383,0.027327450433366485,0.02391880822157068,0.56,0.04,0.37349204159109406
0.5,2026091900,384,-0.12397353582767634,-0.0781558241625398,0.5,0.03,0.3808711363524886
0.5,2026091900,385,0.32381712967171916,-0.502739782049499,0.62,0.02,0.3698163851766121
0.5,2026091900,386,-0.3626637970030122,0.6098880450506613,0.37,0.0,0.34236733716455175
0.5,2026091900,387,-0.2361013706051131,-0.10086296221905056,0.52,0.01,0.3979005710783568
0.5,2026091900,388,0.3470493854643968,-0.693318873667043,0.57,0.01,0.3739941044327177
0.5,2026091900,389,-0.6902725397922163,0.6630457068889468,0.45,0.0,0.38094985539001575
0.5,2026091900,390,0.7813445318482235,-0.348273386469923,0.56,0.01,0.3683379404041673
0.5,2026091900,391,0.39147653253889614,-0.8044286590135526,0.59,0.0,0.376332288739695
0.5,2026091900,392,-0.3853229826146507,-0.22655607432190564,0.52,0.01,0.3751805923685963
0.5,2026091900,393,0.48217437534773194,-0.00666562692169002,0.51,0.0,0.34205892346746547
0.5,2026091900,394,0.025473730531332353,-0.10998694222982273,0.49,0.0,0.37098731751219716
0.5,2026091900,395,-0.2442234575548698,-0.07984025863985106,0.5,0.04,0.38172091030892835
0.5,2026091900,396,0.03443343625480971,-0.34814059143057635,0.56,0.03,0.3716524992294228
0.5,2026091900,397,0.13050334587372966,-0.3895965413910373,0.52,0.01,0.38535897270913444
0.5,2026091900,398,-0.08557718962516293,-0.08685015972534335,0.55,0.04,0.33523568599955494
0.5,2026091900,399,-0.10999115342272418,-0.54661943100411,0.57,0.02,0.3663527644137657
0.5,2026091900,400,1.0489789204276783,-0.5708574130139403,0.55,0.02,0.4136792083852028
0.5,2026091900,401,-0.26485755748358997,0.06693789535829053,0.49,0.01,0.375261163741468
0.5,2026091900,402,0.28103632174362814,-0.052145817203434384,0.5,0.02,0.3406570013870175
0.5,2026091900,403,-0.46588727104643113,-0.11628513867019524,0.47,0.0,0.38366775668348363
0.5,2026091900,404,0.22243211078541691,0.14038407589070714,0.42,0.02,0.36489592628689316
0.5,2026091900,405,0.306409305267912,-0.2681362612107657,0.54,0.03,0.3870763257890453
0.5,2026091900,406,0.10209883864056687,-0.3528341376771928,0.53,0.01,0.36280139610323225
0.5,2026091900,407,0.4398925576850873,-0.6861432502598278,0.61,0.02,0.3774377042295527
0.5,2026091900,408,-0.6479702012667066,0.30260157658364567,0.46,0.01,0.3675737125828452
0.5,2026091900,409,0.17769787763810252,0.08577664905146565,0.52,0.02,0.3899346883187078
0.5,2026091900,410,-0.23844495403202665,0.03366565241955456,0.53,0.04,0.3772593223311374
0.5,2026091900,411,0.19607282370123394,-0.06925865710228618,0.52,0.01,0.35761095558176664
0.5,2026091900,412,0.3886733322037824,-0.20882475272410872,0.44,0.02,0.3749962098877861
0.5,2026091900,413,-0.14089788945015708,-0.1481935028078988,0.51,0.01,0.3530681113868255
0.5,2026091900,414,0.06742673315817027,-0.4284957807493661,0.56,0.02,0.38156773261764604
0.5,2026091900,415,0.1033106019851913,0.15150673856582794,0.45,0.02,0.3915738337631511
0.5,2026091900,416,0.12425091600838742,0.0479756901589845,0.52,0.0,0.34806830197777616
0.5,2026091900,417,-0.10561261344977993,-0.3239035714147034,0.6,0.03,0.36159358051647494
0.5,2026091900,418,0.15517817271117257,-0.11237613082763573,0.52,0.04,0.364132399416322
0.5,2026091900,419,0.057936412963094944,-0.29895554265344765,0.56,0.02,0.36410798579371145
0.5,2026091900,420,-0.15090710680618621,0.35127601730880587,0.44,0.02,0.3340452892785011
0.5,2026091900,421,-0.2644244410607288,0.6504672995921849,0.38,0.01,0.37334235468354654
0.5,2026091900,422,0.1579318729755136,-0.5914087576407788,0.54,0.01,0.3661417283469032
0.5,2026091900,423,0.2781188281573668,-0.222367079774816,0.58,0.01,0.36935346298167765
0.5,2026091900,424,-0.2463366618405884,0.26957005412805934,0.41,0.02,0.3260916385228909
0.5,2026091900,425,-0.4212793281214303,0.08746496399056106,0.49,0.0,0.3553209551579849
0.5,2026091900,426,-0.16326339278059046,-0.6210891326145387,0.56,0.01,0.36048973482973456
0.5,2026091900,427,0.7353184401019669,-0.3946348560818685,0.5,0.03,0.39100069758887246
0.5,2026091900,428,0.3207055430127717,-0.5632558419566264,0.55,0.03,0.37420956204833467
0.5,2026091900,429,0.322146098108488,-0.3723626958633641,0.53,0.02,0.37747075130102176
0.5,2026091900,430,0.1524066273341177,0.3404292765257839,0.53,0.0,0.36006347668686284
0.5,2026091900,431,-0.39039586171489427,0.30355179519446174,0.47,0.0,0.34431204228607654
0.5,2026091900,432,0.3494473878993307,-0.04314360178858804,0.49,0.03,0.37414659945404716
0.5,2026091900,433,-0.3991765517002013,0.07280073851918986,0.5,0.0,0.33956084622323934
0.5,2026091900,434,0.2195074615689673,-0.33409674409790907,0.58,0.01,0.36370895428916916
0.5,2026091900,435,-0.020567883822082075,-0.4973735496350639,0.56,0.01,0.3796771968888299
0.5,2026091900,436,0.08504826987615839,-0.223044841454546,0.51,0.02,0.37208403694583614
0.5,2026091900,437,-0.0371677170272079,0.13190512269098872,0.45,0.01,0.3810966085072565
0.5,2026091900,438,0.4072654764830038,0.058873668229475734,0.53,0.02,0.3484467808394838
0.5,2026091900,439,-0.09634084547172513,0.1375099488367269,0.5,0.04,0.3601368902027036
0.5,2026091900,440,0.284266261130233,-0.48962705634896947,0.6,0.01,0.33644244792199024
0.5,2026091900,441,-0.1461680749103109,-0.15398215683684383,0.49,0.01,0.3796770726136398
0.5,2026091900,442,0.2325837611142021,-0.29812703872833046,0.58,0.03,0.3844789816020636
0.5,2026091900,443,0.3192030531661775,-0.5744831100019212,0.62,0.05,0.38405698230936525
0.5,2026091900,444,-0.1523319608571472,-0.1895716612773878,0.47,0.0,0.3627348589363213
0.5,2026091900,445,0.12453613499578213,-0.41249656140157986,0.52,0.01,0.38633247566889667
0.5,2026091900,446,-0.08723771965070981,0.22032271318823277,0.5,0.04,0.36851980191779654
0.5,2026091900,447,0.6920080945044026,-0.5509380594814288,0.55,0.0,0.38410210238211384
0.5,2026091900,448,-0.40998036106031527,-0.07844032803900937,0.53,0.03,0.3702037324905492
0.5,2026091900,449,-0.1943260849217792,-0.17059664209102657,0.53,0.01,0.3496687586352239
0.5,2026091900,450,0.4287054074343063,-0.13163495761139563,0.56,0.01,0.3778671576164643
0.5,2026091900,451,0.11654045550640063,-0.03521056442795002,0.48,0.02,0.36207681107699186
0.5,2026091900,452,-0.11990998440069768,-0.055903453772332086,0.53,0.04,0.363108331648477
0.5,2026091900,453,0.11889474598261199,-0.06352342485609493,0.49,0.02,0.3449891376182686
0.5,2026091900,454,0.4056644878206066,-0.8493273541575809,0.57,0.0,0.35908095388861755
0.5,2026091900,455,-0.21474108035176287,0.08267435257102224,0.48,0.02,0.349449414716317
0.5,2026091900,456,0.39849771888532076,-0.42558409398479957,0.58,0.0,0.36256803238720153
0.5,2026091900,457,-0.2122955714297067,0.1424399901098955,0.53,0.05,0.39950831497595524
0.5,2026091900,458,0.07580173060129186,0.13329560484221314,0.47,0.02,0.35744487659429686
0.5,2026091900,459,0.33517799941165455,-0.9956863938900818,0.65,0.01,0.36027798001070876
0.5,2026091900,460,0.07008292211503969,0.01825499409942012,0.53,0.01,0.3384409669996958
0.5,2026091900,461,0.6522622169912249,-0.4006687516434207,0.58,0.03,0.36921622179057473
0.5,2026091900,462,-0.07586190180543471,-0.11413500233305691,0.52,0.0,0.3699615986537788
0.5,2026091900,463,-0.11413115196446405,-0.1921619290062365,0.56,0.01,0.38495736257875734
0.5,2026091900,464,-0.2884451099624849,-0.13255584517627625,0.56,0.01,0.387809131712611
0.5,2026091900,465,0.49313880676642374,0.2877323709440909,0.49,0.0,0.374714955591151
0.5,2026091900,466,-0.03724443838768477,0.0783277280763524,0.45,0.0,0.36546405703847656
0.5,2026091900,467,0.12900004965198827,-0.4980200797690299,0.58,0.02,0.37916135983443894
0.5,2026091900,468,-0.2361110291434613,-0.16889979870666283,0.56,0.02,0.38491075876714154
0.5,2026091900,469,-0.2610720616218209,0.23332225840131918,0.46,0.0,0.3809375609935486
0.5,2026091900,470,0.11065072979517546,-0.18952488107259385,0.5,0.01,0.3819762763820872
0.5,2026091900,471,-0.5003270596271513,-0.13617146662879787,0.52,0.01,0.3555574176497484
0.5,2026091900,472,-0.0859747418652913,0.46508806056044544,0.45,0.02,0.36974521612648
0.5,2026091900,473,0.2934206166255069,-0.2935620098138946,0.53,0.01,0.3813168011358911
0.5,2026091900,474,0.4002326703230644,-0.620775321111487,0.54,0.01,0.3673310012881948
0.5,2026091900,475,-0.07134617620052866,-0.1355252292218233,0.5,0.0,0.37096035698600344
0.5,2026091900,476,0.11932943704442252,-0.23878462353282207,0.51,0.0,0.3820312420766329
0.5,2026091900,477,0.18177136531621543,-0.3067211097310698,0.52,0.02,0.3655033832533915
0.5,2026091900,478,0.15558839030498783,0.32717077787820564,0.48,0.02,0.37878641585574774
0.5,2026091900,479,-0.040692824830920335,-0.07566015333450968,0.48,0.01,0.35659753455427706
0.5,2026091900,480,0.1583346628382862,-0.16555533565468397,0.51,0.0,0.3931709084256183
0.5,2026091900,481,-0.16201216009022196,0.3876041247561027,0.49,0.01,0.3546357370633816
0.5,2026091900,482,-0.3043976402186204,-0.6582305095735387,0.61,0.01,0.37936910594280365
0.5,2026091900,483,0.32666221428140796,-0.010375429912486052,0.51,0.01,0.3666182501317708
0.5,2026091900,484,0.15271564886685657,-0.5293397004511327,0.55,0.0,0.3538661567813399
0.5,2026091900,485,0.09128677765037048,0.13941676418504595,0.47,0.02,0.35953104119163853
0.5,2026091900,486,-0.2146050806617796,-0.09369293899354504,0.52,0.0,0.37628511316779784
0.5,2026091900,487,0.21201566515439388,-0.7163433122228104,0.57,0.02,0.364581729691465
0.5,2026091900,488,-0.3571624754568827,0.18192654238356998,0.49,0.0,0.3720539712555669
0.5,2026091900,489,0.2783204575760065,0.040359287977379525,0.56,0.02,0.3627299595321712
0.5,2026091900,490,-0.39735850292965647,-0.06724576762851849,0.52,0.02,0.38231926421141776
0.5,2026091900,491,0.47381861450979895,-0.1724800579944577,0.51,0.02,0.3722234411705017
0.5,2026091900,492,-0.11217933628247762,0.0734016757635803,0.48,0.01,0.3501627489343568
0.5,2026091900,493,0.3035445777603647,-0.686829040784067,0.6,0.03,0.36212902644675926
0.5,2026091900,494,0.39146637007644686,-0.4694048847857792,0.57,0.01,0.369160857589526
0.5,2026091900,495,-0.3988369607702998,0.3435428324318256,0.49,0.0,0.38487120324979734
0.5,2026091900,496,0.4496593437490704,-0.41809975488486417,0.55,0.01,0.36166835342917447
0.5,2026091900,497,-0.20331553735283248,0.21126387622946197,0.55,0.02,0.3586217443397526
0.5,2026091900,498,0.5819063856357624,-0.7113287790414486,0.55,0.02,0.37274478983619636
0.5,2026091900,499,-0.5096606607042901,0.4815417740041099,0.45,0.0,0.358004927778644
0.5,2026101900,0,0.29659904058936554,-0.36590526194274126,0.49,0.02,0.3656075968010374
0.5,2026101900,1,-0.05273642126419766,0.35796519008800554,0.39,0.02,0.35078825908275674
0.5,2026101900,2,0.12034084997144992,-0.275960926370007,0.51,0.02,0.38062660868658815
0.5,2026101900,3,-0.11566120123648198,-0.12908379170081916,0.44,0.03,0.37401263818521413
0.5,2026101900,4,0.15466475446376993,-0.4365739072384132,0.64,0.0,0.37211815388905345
0.5,2026101900,5,0.04039543466128476,0.09238462976140902,0.48,0.02,0.3833980313163582
0.5,2026101900,6,0.2832744327944426,-0.3707240242240696,0.53,0.0,0.3561694941637202
0.5,2026101900,7,-0.5040736904833207,0.11829795600250226,0.45,0.02,0.36065946839042945
0.5,2026101900,8,0.21174364143610777,-0.25086447213026514,0.55,0.04,0.36796984183112014
0.5,2026101900,9,0.980938749506888,-1.2600466079072046,0.63,0.02,0.3723605419476811
0.5,2026101900,10,0.22973729721914943,-0.8131125932241555,0.61,0.02,0.3741504382853884
0.5,2026101900,11,0.09787658118324949,-0.44360702474151625,0.51,0.02,0.3599535057218418
0.5,2026101900,12,-0.2639872540947023,-0.09610869464858858,0.52,0.0,0.3649122531878859
0.5,2026101900,13,0.06949147064902697,-0.5365521688592156,0.55,0.02,0.37799140550045335
0.5,2026101900,14,-0.06144021934701762,-0.07045254343228013,0.5,0.03,0.37407924194811826
0.5,2026101900,15,0.02098611220318896,0.10630361916879043,0.47,0.01,0.3775483773709773
0.5,2026101900,16,0.5237913786832565,-0.06617533235712743,0.52,0.01,0.3429343596941878
0.5,2026101900,17,0.232912665756329,-0.039880864266921064,0.54,0.01,0.3432815415737075
0.5,2026101900,18,0.41016243410621883,-0.6053218191244955,0.58,0.01,0.3716236624692907
0.5,2026101900,19,-0.37003600041701973,0.16581867256827423,0.52,0.02,0.3912679947062976
0.5,2026101900,20,-0.008597389839710385,-0.39282255406372707,0.58,0.02,0.36173459124693413
0.5,2026101900,21,0.33432766929323493,-0.17119841212524148,0.49,0.0,0.3620040010001287
0.5,2026101900,22,0.3320674996926511,-0.5743387736051855,0.54,0.01,0.33637231777507764
0.5,2026101900,23,0.5785210187122344,-0.7542073982700672,0.64,0.02,0.3702668748651902
0.5,2026101900,24,-0.2750647260634933,-0.08893935610061744,0.54,0.01,0.3803318740669632
0.5,2026101900,25,0.29771856983202283,0.002446816721884959,0.5,0.01,0.37774744023753015
0.5,2026101900,26,0.4184957914665949,0.2637324760697477,0.45,0.01,0.3846474610354164
0.5,2026101900,27,0.5380025746200894,-0.8502410007936595,0.56,0.01,0.37992993842968614
0.5,2026101900,28,-0.10535226916643242,-0.17867866451253633,0.55,0.0,0.3695870826524661
0.5,2026101900,29,-0.3312340930618523,0.24513769795499538,0.43,0.0,0.3796856692425784
0.5,2026101900,30,0.25574650573313534,-0.47503384581949504,0.54,0.02,0.377445349619707
0.5,2026101900,31,-0.21222262676440767,0.0325357830345592,0.5,0.0,0.3836643968003531
0.5,2026101900,32,0.557624347159265,-0.2344006294969169,0.52,0.02,0.349381603949704
0.5,2026101900,33,0.32010490151773074,-0.40808181325143617,0.57,0.03,0.36876573816857233
0.5,2026101900,34,0.03569906374038446,0.2906995916659573,0.48,0.0,0.39926800295390874
0.5,2026101900,35,0.018868695752354118,0.19331429037830986,0.42,0.0,0.35968657745610505
0.5,2026101900,36,0.3220206950062375,0.046292239006595765,0.52,0.02,0.3631866496193736
0.5,2026101900,37,0.3138736446851506,-0.8565104481554122,0.61,0.01,0.38436060934998856
0.5,2026101900,38,0.4575124509335987,-0.14113998686631926,0.53,0.04,0.38372506219688995
0.5,2026101900,39,0.3372956800262341,-0.7191640387004152,0.6,0.02,0.3577945819989757
0.5,2026101900,40,0.5281343872711673,-0.4182013219500246,0.56,0.03,0.36147254390767036
0.5,2026101900,41,0.11597350635039298,-0.009242654548031531,0.55,0.01,0.37436958000914955
0.5,2026101900,42,-0.770949567195799,0.28004173672181215,0.39,0.0,0.3554568676949985
0.5,2026101900,43,0.3528651402866218,-0.2984018215524557,0.52,0.02,0.37649755184036465
0.5,2026101900,44,0.026461519470287197,-0.10171475271081352,0.53,0.04,0.35808960331924583
0.5,2026101900,45,-0.16977684736185641,-0.025702940847281114,0.53,0.0,0.3616547758513604
0.5,2026101900,46,0.1183288497258067,-0.21808635333104406,0.5,0.0,0.36693846413580145
0.5,2026101900,47,-0.018960151877531722,-0.1189467282617191,0.56,0.02,0.3691535674690431
0.5,2026101900,48,0.6713804554051941,-0.7952056078129719,0.57,0.0,0.3617854167629504
0.5,2026101900,49,-0.05779305179441211,-0.26258179744105553,0.57,0.0,0.36733806912962486
0.5,2026101900,50,0.18174942030809568,-0.09909235469949478,0.51,0.01,0.3751744023914673
0.5,2026101900,51,0.2149938458358721,-0.3673368326791476,0.57,0.01,0.35636198139982445
0.5,2026101900,52,-0.20260173778970508,0.036801023856300935,0.48,0.02,0.3578621264241535
0.5,2026101900,53,0.1575617297126026,-0.14673750252529405,0.46,0.03,0.38440868680286366
0.5,2026101900,54,0.2615288426559096,-0.30938256494974925,0.51,0.02,0.3620320638351492
0.5,2026101900,55,0.2982035563521937,0.21716763567251973,0.48,0.0,0.35218562731225533
0.5,2026101900,56,0.5700548015907273,-0.15982080606502,0.51,0.01,0.3481228424062895
0.5,2026101900,57,0.05020109191932199,-0.4280411334241383,0.58,0.01,0.3764634853082596
0.5,2026101900,58,0.017745357293219452,-0.13994020413541086,0.54,0.02,0.385245710989549
0.5,2026101900,59,-0.12966352541889598,0.001744120021118869,0.46,0.0,0.37494512099410743
0.5,2026101900,60,0.08749526477624864,0.4061704202605375,0.49,0.0,0.3621504078832652
0.5,2026101900,61,0.07813393431405752,-0.25888878078847105,0.57,0.02,0.36236635782198845
0.5,2026101900,62,0.1577076784010491,-0.1684980546371513,0.55,0.0,0.3677052795067442
0.5,2026101900,63,-0.5743787649768323,0.10278741504863548,0.47,0.01,0.3556862016892609
0.5,2026101900,64,0.5664031947176911,0.3273317061348579,0.45,0.0,0.38154722967883054
0.5,2026101900,65,0.009167195719297803,-0.34977191105128996,0.51,0.01,0.37060316194011256
0.5,2026101900,66,-0.3023883530336642,0.21313517239263205,0.48,0.01,0.367449427438386
0.5,2026101900,67,-0.035251561319055276,-0.4977137942382268,0.59,0.01,0.38520900387925827
0.5,2026101900,68,0.1828404938271599,0.1493203235555732,0.45,0.01,0.35804500898379404
0.5,2026101900,69,-0.44259898250669133,0.011389613711949327,0.5,0.03,0.38535887628335885
0.5,2026101900,70,0.0024085765365026834,-0.24760792588667882,0.57,0.03,0.3538517829208393
0.5,2026101900,71,0.4381330386464194,0.35146091680989516,0.45,0.01,0.3656341768535868
0.5,2026101900,72,0.6306970061479729,0.1564958553820282,0.51,0.03,0.37890761027397746
0.5,2026101900,73,-0.2870378002204834,0.3181338055353192,0.48,0.04,0.3562689492674946
0.5,2026101900,74,0.07973939883283122,-0.37593142191979395,0.54,0.0,0.3744386107161282
0.5,2026101900,75,0.12478556193241509,-0.15923129681349876,0.51,0.02,0.395535018083786
0.5,2026101900,76,-0.542200338865298,0.2261574597909286,0.44,0.01,0.388705294089585
0.5,2026101900,77,-0.04702593983201635,-0.11017255129897889,0.5,0.02,0.3760251471703381
0.5,2026101900,78,0.19398937006434155,-0.04299472688247632,0.51,0.01,0.34967439424411767
0.5,2026101900,79,0.15048650261450888,0.21944899209172725,0.53,0.02,0.3849906542046045
0.5,2026101900,80,-0.22265305972399388,0.030317272901045567,0.49,0.01,0.3401259780650607
0.5,2026101900,81,-0.3492461678421184,-0.3651892964548885,0.54,0.02,0.3749486076253314
0.5,2026101900,82,0.41401669091582916,-0.33103775950024905,0.54,0.01,0.35697342879930255
0.5,2026101900,83,0.36576673225675554,-0.08680561433766087,0.58,0.01,0.36948907694327715
0.5,2026101900,84,0.06899670315809253,-0.010227765569203875,0.56,0.04,0.3507537238097593
0.5,2026101900,85,-0.055462033631392675,-0.17553739691131784,0.56,0.01,0.37182736243047676
0.5,2026101900,86,0.039878296905089816,-0.19892664233390014,0.47,0.0,0.3690602986830244
0.5,2026101900,87,-0.295960114515161,-0.11728067061657498,0.56,0.0,0.3730643264367128
0.5,2026101900,88,0.5092194056786402,-0.4879416824981145,0.52,0.01,0.3819614682515543
0.5,2026101900,89,0.16173271272827883,-0.21755632801018485,0.51,0.03,0.35635590577741266
0.5,2026101900,90,-0.02939789058235168,-0.3118582937403188,0.55,0.03,0.3600288836206247
0.5,2026101900,91,0.340783810648293,0.029079302358100172,0.49,0.02,0.3450094310259302
0.5,2026101900,92,0.03704998259733564,-0.25850102014953713,0.54,0.01,0.3622728842802107
0.5,2026101900,93,0.5245285210274493,-0.2298261952491475,0.52,0.02,0.3755509500755138
0.5,2026101900,94,0.3826488249956384,-0.3100050736829954,0.53,0.01,0.3656197228390827
0.5,2026101900,95,-0.1897680902373893,-0.0034936403607965082,0.49,0.0,0.38947568590379417
0.5,2026101900,96,0.0463179692053412,-0.6067095177672015,0.58,0.01,0.39027543343659304
0.5,2026101900,97,0.4607149716921511,-0.23181717587910688,0.52,0.03,0.38324236070541323
0.5,2026101900,98,0.5395058357714977,-0.25971215614502063,0.57,0.03,0.3414524526234628
0.5,2026101900,99,-0.035899048940659234,0.14740519068304483,0.49,0.01,0.38944361899519436
0.5,2026101900,100,-0.31507578959871674,0.1543533040549383,0.49,0.05,0.3298546430825782
0.5,2026101900,101,0.23717140225118544,0.36068737714450017,0.42,0.01,0.35373272532179023
0.5,2026101900,102,0.039425452874222985,-0.021754711377759302,0.48,0.02,0.38271101023179016
0.5,2026101900,103,0.0958106123794042,-0.4005730616685015,0.53,0.01,0.36651590022808217
0.5,2026101900,104,-0.3164242389310481,0.16938934671797226,0.5,0.0,0.3386642214214467
0.5,2026101900,105,0.7188667338231594,0.27278354105114816,0.48,0.03,0.385784759765477
0.5,2026101900,106,-0.21558198418880153,0.01329662282068518,0.46,0.03,0.40222153972129715
0.5,2026101900,107,0.06596223692096043,-0.36332471234718866,0.53,0.02,0.3708593167703903
0.5,2026101900,108,0.5975973138520032,-0.6409247969662638,0.54,0.01,0.3405334390285792
0.5,2026101900,109,0.4262525726487163,0.11653829421831866,0.48,0.02,0.35663847872588916
0.5,2026101900,110,0.33923541883169117,-0.49135169272686613,0.5,0.0,0.3513851329535605
0.5,2026101900,111,-0.4719182937546894,0.07077451616240577,0.49,0.0,0.3530737922865128
0.5,2026101900,112,0.22762349916888033,0.09008519418362355,0.43,0.0,0.3632418439807597
0.5,2026101900,113,0.581028494499307,-0.4732720614639935,0.52,0.0,0.37748580745337273
0.5,2026101900,114,-0.24465392434149114,-0.1581838951583192,0.55,0.01,0.38269815328709583
0.5,2026101900,115,-0.16035391859074616,0.37803528528618385,0.45,0.03,0.3850835315929114
0.5,2026101900,116,-0.2490800641582793,-0.1187237489186917,0.49,0.01,0.3842062628106346
0.5,2026101900,117,1.1217872553781938,-0.8805891953860288,0.63,0.0,0.37972695630304815
0.5,2026101900,118,0.015396461416788734,-0.20758338438777466,0.55,0.06,0.3792420786410103
0.5,2026101900,119,0.2779745819174626,-0.059294059143443156,0.47,0.0,0.3617865509362653
0.5,2026101900,120,0.20310908134360742,0.05945729311219792,0.47,0.02,0.3421282016288469
0.5,2026101900,121,0.24371464324576098,-0.22775330604932584,0.5,0.01,0.3518594103580835
0.5,2026101900,122,-0.07936822212798955,-0.5058066903563926,0.57,0.03,0.37171554702765414
0.5,2026101900,123,0.3342729322607053,0.12176080135862975,0.49,0.01,0.3578863011099923
0.5,2026101900,124,-0.07262706145431123,-0.3128038690973954,0.56,0.0,0.36808321365869423
0.5,2026101900,125,0.0863569832813085,-0.027320358999445453,0.55,0.02,0.35686680526089054
0.5,2026101900,126,0.13287193180331194,-0.11799694821734383,0.55,0.02,0.37162141182330793
0.5,2026101900,127,-0.14620448330622168,-0.37940278447320497,0.58,0.03,0.3724787525743634
0.5,2026101900,128,-0.16860693731383156,0.03294316115009132,0.47,0.02,0.38238533095094274
0.5,2026101900,129,0.4566870705400482,-0.6011242046381988,0.58,0.02,0.34634927777231644
0.5,2026101900,130,0.3065946654962623,-0.04733688324008403,0.49,0.03,0.36102706575022636
0.5,2026101900,131,-0.019044606748375107,-0.08074341263658301,0.49,0.01,0.3493276638480448
0.5,2026101900,132,0.5270099849005724,-0.19974879019591213,0.54,0.03,0.3912506233596257
0.5,2026101900,133,-0.2191042769420504,0.25815239356101854,0.45,0.01,0.3916778201172067
0.5,2026101900,134,0.20858820128099367,0.15854690649784867,0.49,0.02,0.3737661368003099
0.5,2026101900,135,0.3145457665700966,-0.46616328267501994,0.57,0.03,0.3580713908758618
0.5,2026101900,136,0.2826167554556239,-0.027915936241867164,0.49,0.02,0.36780003082157575
0.5,2026101900,137,0.41248714487607624,-0.37852985922700577,0.54,0.01,0.35943982302229754
0.5,2026101900,138,0.04074462413400883,0.3658332469332935,0.44,0.02,0.3881859529670276
0.5,2026101900,139,0.3898214276252656,-0.03181394228276106,0.51,0.02,0.3744360957058739
0.5,2026101900,140,0.1901264011723002,-0.8481691345477779,0.64,0.02,0.35335617177801937
0.5,2026101900,141,0.48724443256324723,-0.3288782570862021,0.58,0.01,0.37434115438484616
0.5,2026101900,142,0.24612028299653502,-0.2616404679087413,0.51,0.03,0.36352097739440076
0.5,2026101900,143,-0.1079161500534251,-0.04496647376518395,0.53,0.01,0.37508103267442744
0.5,2026101900,144,-0.3684730884531628,0.6925469226671472,0.41,0.01,0.3643622296147654
0.5,2026101900,145,-0.35959830273207066,0.0494809562723103,0.48,0.02,0.3730518113734742
0.5,2026101900,146,0.5714197204705839,-0.20068052977451015,0.5,0.01,0.39201386658667575
0.5,2026101900,147,0.346879097596066,-0.11517127645330273,0.53,0.01,0.3834650073758057
0.5,2026101900,148,-0.07054446092525073,-0.15790992015693178,0.57,0.02,0.3828500744456955
0.5,2026101900,149,0.55208365876411,-0.28876973340625084,0.54,0.01,0.36826224627094867
0.5,2026101900,150,-0.3844373910907791,0.5737638237864645,0.42,0.03,0.37181160377408445
0.5,2026101900,151,-0.31497619300533114,0.18198306175639403,0.49,0.01,0.36536864093995386
0.5,2026101900,152,0.6524521282201231,-0.38329267716884147,0.52,0.04,0.3902849137965535
0.5,2026101900,153,0.10968627343265812,-0.36879382392052784,0.54,0.01,0.37455475979537384
0.5,2026101900,154,0.06683436522804691,-0.10608943517378759,0.49,0.0,0.3747110691825515
0.5,2026101900,155,0.21137736540500224,-0.08003485421717835,0.52,0.02,0.35316171675999036
0.5,2026101900,156,0.3222611470164329,-0.11581086007090327,0.55,0.04,0.37266064993687675
0.5,2026101900,157,0.4544868580515209,-0.364500396131846,0.51,0.03,0.36027498951540154
0.5,2026101900,158,-0.3629861436102946,0.09227445822266792,0.55,0.01,0.3513732432722325
0.5,2026101900,159,0.1720458590570806,-0.0700989867239765,0.55,0.02,0.37498580427241146
0.5,2026101900,160,0.159588024976976,-0.22450333814414997,0.51,0.01,0.3544635709449211
0.5,2026101900,161,0.16722541182692185,-0.7224442851475706,0.58,0.04,0.376388893690688
0.5,2026101900,162,-0.048428909382034535,0.271798438310298,0.44,0.01,0.3882890482284624
0.5,2026101900,163,0.2688953285119025,-0.5776523351029692,0.6,0.0,0.3272472114708056
0.5,2026101900,164,-0.07158437062910107,0.402295702243744,0.4,0.0,0.34091900766662225
0.5,2026101900,165,0.16979406803410055,-0.38027173869650055,0.54,0.04,0.3890521236639711
0.5,2026101900,166,-0.16107482264464587,-0.22219488263323947,0.52,0.01,0.3879662673445518
0.5,2026101900,167,0.10515025071855581,-0.08635724105972041,0.49,0.02,0.35676140535223844
0.5,2026101900,168,0.4095895193981556,-0.31307532241573566,0.54,0.02,0.34570099651191477
0.5,2026101900,169,0.45134397284763694,0.0434051840884581,0.46,0.01,0.3718276432878871
0.5,2026101900,170,-0.08126567765433944,-0.03675290420332153,0.55,0.03,0.36576903299191765
0.5,2026101900,171,-0.1445325835826261,-0.13730139731446978,0.53,0.03,0.36815423248760765
0.5,2026101900,172,0.24352496235529414,0.292641425780597,0.42,0.01,0.3670116166166437
0.5,2026101900,173,0.48232417538919653,-0.5492841049948046,0.56,0.0,0.3471707158511896
0.5,2026101900,174,0.17353196401439758,-0.238956550860306,0.51,0.04,0.3892926016428684
0.5,2026101900,175,0.17529765448906448,-0.12776281263429634,0.53,0.01,0.37522906728168764
0.5,2026101900,176,0.23524574700829734,-0.7470338337889822,0.61,0.02,0.3771703684304265
0.5,2026101900,177,-0.46559852465981555,-0.1886059434777728,0.49,0.0,0.3703756891997832
0.5,2026101900,178,-0.03990829799838624,-0.26578411339020563,0.55,0.0,0.338424054937049
0.5,2026101900,179,0.09586075124471595,-0.30815937941468496,0.56,0.03,0.3446628639591267
0.5,2026101900,180,-0.4337497590331079,0.5956690538441505,0.48,0.01,0.34582131514564346
0.5,2026101900,181,-0.4239055835449742,0.5474825586015464,0.46,0.01,0.36578106511685443
0.5,2026101900,182,0.3885585412280974,-0.8149832277892365,0.62,0.0,0.3598644465262092
0.5,2026101900,183,0.0387588479210779,-0.03002676986482669,0.54,0.01,0.3690743587987241
0.5,2026101900,184,0.6885173814259847,-0.6128616535373458,0.6,0.01,0.3699583239325127
0.5,2026101900,185,0.13150502885622323,-0.2407077416277238,0.52,0.05,0.3655399698890482
0.5,2026101900,186,0.055473440731610084,0.0362355635000807,0.51,0.01,0.37285612087122033
0.5,2026101900,187,0.39526377111242383,-0.07851007736984256,0.5,0.01,0.38020938889116074
0.5,2026101900,188,-0.08016879145856796,-0.018361195131873134,0.52,0.02,0.38008151415215485
0.5,2026101900,189,-0.08071939549279243,0.08194071994257487,0.47,0.02,0.40608572127211756
0.5,2026101900,190,0.291667928128211,-0.21871310918210873,0.49,0.01,0.38842823062014686
0.5,2026101900,191,0.21560148917347136,-0.8104450216737078,0.59,0.02,0.37362088880931266
0.5,2026101900,192,-0.29182802486365084,0.2918544066399648,0.45,0.02,0.34747653087987096
0.5,2026101900,193,-0.011087756339549957,-1.0105394383412751,0.68,0.01,0.3749409052753442
0.5,2026101900,194,-0.049624721591592834,-0.23882757278848912,0.54,0.02,0.3563280186960713
0.5,2026101900,195,0.2369291266810435,-0.6991216153120487,0.65,0.04,0.3476887388648357
0.5,2026101900,196,-0.07538345344489976,-0.02634702158824677,0.48,0.01,0.35892342534002325
0.5,2026101900,197,0.34941896806353057,-0.4377634857842398,0.51,0.0,0.3370088582780917
0.5,2026101900,198,0.509165313210968,-0.5930683263781183,0.57,0.01,0.35267378432930435
0.5,2026101900,199,0.18312292263555122,-0.1716564803007034,0.5,0.01,0.39099592150813534
0.5,2026101900,200,-0.32114392037317996,0.24564087705229704,0.47,0.02,0.37454083628038753
0.5,2026101900,201,-0.2800096374654615,0.005633896698663304,0.47,0.01,0.3773974469931801
0.5,2026101900,202,-0.28833170471610126,0.6306951266383853,0.43,0.01,0.34668754144963626
0.5,2026101900,203,0.1437633020870139,0.18088176068531162,0.5,0.01,0.3954196625822147
0.5,2026101900,204,-0.14624847994407847,0.09219920360234651,0.51,0.01,0.34805360279755765
0.5,2026101900,205,0.3644417668919841,0.2958854012535299,0.44,0.01,0.3592719972529928
0.5,2026101900,206,0.12307749247197897,0.02596180216987258,0.49,0.01,0.358141337335323
0.5,2026101900,207,-0.24985174031456966,0.16441272040402527,0.51,0.04,0.38373999487881305
0.5,2026101900,208,-0.20835397081932847,-0.29918816303696605,0.5,0.02,0.3383885780140239
0.5,2026101900,209,-0.23959687060203208,-0.05627210380967398,0.5,0.03,0.3358173002186538
0.5,2026101900,210,0.17549386536790273,0.18468739214820104,0.42,0.03,0.3566097346537604
0.5,2026101900,211,0.15551644794808606,-0.37356692097632577,0.49,0.0,0.3905557741468069
0.5,2026101900,212,-0.13017136461983325,-0.012657341748497551,0.53,0.0,0.35556374421854015
0.5,2026101900,213,0.23600526106672895,-0.5690192067586363,0.61,0.0,0.36924751519245613
0.5,2026101900,214,0.32570582643480356,0.062069805242544,0.44,0.03,0.38365905071484624
0.5,2026101900,215,0.16237436723071405,-0.6218731914547536,0.58,0.03,0.3739923923465495
0.5,2026101900,216,-0.04139106577691521,-0.16727378056990116,0.52,0.02,0.3792398524627875
0.5,2026101900,217,0.07752668616281413,0.052073521386245256,0.5,0.01,0.36912749743406337
0.5,2026101900,218,0.4300006014915121,-0.3575914715793125,0.54,0.01,0.37505594844752965
0.5,2026101900,219,0.0664367531241018,-0.36928924251331485,0.54,0.0,0.3857324339170083
0.5,2026101900,220,0.19339770904752637,-0.02358706227040706,0.52,0.02,0.3820520966574747
0.5,2026101900,221,0.2638970206709882,-0.7037616772935723,0.58,0.01,0.3863325933178395
0.5,2026101900,222,0.014488424022239781,0.30661170423927947,0.42,0.01,0.3766932060070038
0.5,2026101900,223,1.0541039011497864,-0.5738661385497104,0.58,0.02,0.38004446595291413
0.5,2026101900,224,-0.27177099688316836,0.1428380824712854,0.49,0.03,0.3731756203783372
0.5,2026101900,225,-0.10094080742492664,-0.8240488390989698,0.54,0.0,0.34959806258334
0.5,2026101900,226,-0.11208564133753075,0.3765383068642301,0.44,0.02,0.36221582119768014
0.5,2026101900,227,-0.04379347179802924,0.011606985839909994,0.52,0.04,0.35402769319974753
0.5,2026101900,228,0.06349217547209898,-0.6204983294028082,0.58,0.02,0.3762077543366392
0.5,2026101900,229,0.6891081247049955,-0.4095874971897006,0.56,0.02,0.3745120966664151
0.5,2026101900,230,-0.17316315020057574,0.34139673858080066,0.47,0.02,0.38489975916520514
0.5,2026101900,231,-0.07147897737166979,-0.09826310384811193,0.56,0.02,0.3670009116218764
0.5,2026101900,232,-0.5419428764068663,0.3918519215779143,0.44,0.0,0.35366205380995147
0.5,2026101900,233,0.3400933912646068,-0.4307858763787264,0.56,0.01,0.3725072215909681
0.5,2026101900,234,0.4214048814119524,-0.31009031757847383,0.53,0.04,0.36062594142767246
0.5,2026101900,235,-0.08050086664047511,0.07104718140874361,0.53,0.05,0.36413969676676394
0.5,2026101900,236,-0.23308654405693452,0.026288999378263248,0.5,0.01,0.3453583776524097
0.5,2026101900,237,0.10006891133992807,-0.1731773181052354,0.5,0.02,0.3953945708633049
0.5,2026101900,238,0.22389485335809453,-0.3029296266916807,0.54,0.02,0.33414067382920154
0.5,2026101900,239,-0.02564078714970605,0.3314504092854331,0.49,0.0,0.40673218707729625
0.5,2026101900,240,0.15072400630960722,0.31159523679043355,0.5,0.01,0.35835470276257547
0.5,2026101900,241,0.2633873239384018,-0.5008603943782453,0.5,0.01,0.3788664175513762
0.5,2026101900,242,-0.07945649745428912,-0.5219809769013726,0.53,0.01,0.36475691230471097
0.5,2026101900,243,-0.20996478613469755,0.021401206027711873,0.54,0.01,0.35874907540218337
0.5,2026101900,244,-0.14789388414956434,0.06812102740533053,0.53,0.01,0.3673946311216652
0.5,2026101900,245,0.3976431088695876,0.066407982281607,0.55,0.04,0.3678270409741969
0.5,2026101900,246,0.6400651000203051,-0.49651018666590063,0.59,0.01,0.3734584406132702
0.5,2026101900,247,-0.9641424438164435,0.5632821742619671,0.44,0.03,0.37908429614164585
0.5,2026101900,248,0.22460839606835287,-0.49764324428014606,0.58,0.01,0.37470487233713096
0.5,2026101900,249,0.12136710538158173,-0.8405239939061826,0.6,0.01,0.33684582659334106
0.5,2026101900,250,-0.15983399828189276,0.43914284661210556,0.48,0.01,0.3444718996948036
0.5,2026101900,251,-0.16116515761279365,0.2354027451217777,0.49,0.03,0.3858245182646895
0.5,2026101900,252,0.3664519333386373,-0.8208534937669947,0.56,0.01,0.40099852866252356
0.5,2026101900,253,0.11614348939708187,-0.2207825984127515,0.49,0.01,0.38413076056974965
0.5,2026101900,254,0.44386931685754716,-0.4864069799972875,0.56,0.01,0.3911554397283548
0.5,2026101900,255,-0.205214254950043,0.06825912195352915,0.53,0.03,0.4026314067840293
0.5,2026101900,256,-0.3004810417978354,-0.08974762364420313,0.51,0.01,0.3664873591804048
0.5,2026101900,257,-0.16903181618740773,-0.05124889517578724,0.53,0.01,0.37328072149232633
0.5,2026101900,258,-0.472496261017028,0.3075951354227735,0.47,0.02,0.33705032305845606
0.5,2026101900,259,-0.1605358749271025,0.24967975020207586,0.48,0.03,0.3592501377468774
0.5,2026101900,260,0.10356923069545884,-0.17939034121929495,0.52,0.01,0.3805137906023084
0.5,2026101900,261,0.4925453472460655,-0.38067801940508694,0.5,0.01,0.37119178349146076
0.5,2026101900,262,0.02953419058957418,-0.012991236104756086,0.53,0.02,0.3702417233255623
0.5,2026101900,263,0.04656876723574758,-0.022076458463963396,0.47,0.0,0.3884547701558709
0.5,2026101900,264,0.2846419973029794,-0.5609399749900702,0.59,0.01,0.34774117159621143
0.5,2026101900,265,0.3078715588419401,0.007616355247732702,0.51,0.02,0.37464464202715186
0.5,2026101900,266,0.23700151525873153,0.20078845113152216,0.47,0.03,0.3775415288124167
0.5,2026101900,267,0.7067886141056953,-0.5654329753063813,0.51,0.01,0.3599132943687118
0.5,2026101900,268,0.42463186407761144,-0.6689430111995616,0.56,0.01,0.35628702566891735
0.5,2026101900,269,0.5302495555165969,-0.6785167102472579,0.58,0.01,0.34106812279924353
0.5,2026101900,270,0.0867287356904438,-0.4186865185067044,0.57,0.01,0.382156876384733
0.5,2026101900,271,0.3639094794720782,-0.08976433156412172,0.46,0.01,0.3737819459533284
0.5,2026101900,272,-0.04294498147435019,0.037059232541855974,0.53,0.02,0.34834009698671986
0.5,2026101900,273,-0.20638516049277428,-0.2890289254214054,0.52,0.0,0.3671441825905454
0.5,2026101900,274,0.00900043553285598,-0.09862572359648057,0.5,0.0,0.3758977255570541
0.5,2026101900,275,0.567739958749739,-0.11600559873628315,0.51,0.02,0.3634807387209269
0.5,2026101900,276,-0.10429786699787115,0.6491741172692084,0.47,0.02,0.35887421446963846
0.5,2026101900,277,0.6122238167587262,-0.1512233286823604,0.54,0.01,0.3571306539282245
0.5,2026101900,278,-0.01612134576055948,-0.5490278347834838,0.53,0.0,0.35671888683674247
0.5,2026101900,279,-0.43452390098892657,-0.1435447575979408,0.48,0.0,0.36050514985655163
0.5,2026101900,280,0.5334359653338495,-0.08177898252034936,0.52,0.02,0.3701420091312205
0.5,2026101900,281,-0.1476819530399361,-0.3483304064774329,0.53,0.03,0.3712296223838514
0.5,2026101900,282,0.15611103012540412,-0.27725925793739126,0.53,0.01,0.3522318509186415
0.5,2026101900,283,-0.2729297754669724,-0.22354001676233198,0.57,0.01,0.36169910327322613
0.5,2026101900,284,-0.1301184437255296,-0.06902873978811203,0.58,0.0,0.3678962935302133
0.5,2026101900,285,0.431485929309055,-0.2724032534458296,0.57,0.03,0.3745953094426237
0.5,2026101900,286,0.4736443723265451,-0.6644427311691626,0.57,0.01,0.38389547888230063
0.5,2026101900,287,0.6589697175457698,-0.7008981405853966,0.65,0.05,0.3446998310166898
0.5,2026101900,288,0.14640811701061351,-0.1754357844412261,0.5,0.0,0.3552375703548811
0.5,2026101900,289,0.28358956641942945,-0.4338298612023868,0.55,0.02,0.34831649759039107
0.5,2026101900,290,-0.10607056271205825,0.07810474821585038,0.46,0.0,0.3697792162294819
0.5,2026101900,291,-0.4933411491908585,0.05860600696574981,0.51,0.02,0.37226805668787294
0.5,2026101900,292,0.1188982154447194,-0.05852672443773844,0.53,0.01,0.3791047936194073
0.5,2026101900,293,0.060593187167822145,0.19285961114542804,0.46,0.01,0.36469074255676603
0.5,2026101900,294,0.36693745765187785,-0.36918664568051385,0.49,0.0,0.3502595189432708
0.5,2026101900,295,-0.758139136510857,-0.05261157304098638,0.52,0.01,0.3700120679839919
0.5,2026101900,296,0.1620001779312237,0.06092800184330182,0.51,0.0,0.3811858642997529
0.5,2026101900,297,0.15336100000823472,-0.20462443501738117,0.57,0.03,0.376822815904036
0.5,2026101900,298,-0.04877793135704622,-0.16004755439208956,0.5,0.02,0.3754322178087056
0.5,2026101900,299,-0.5373818744546021,0.2399963193620738,0.41,0.01,0.3503241435119825
0.5,2026101900,300,0.9442640560148458,-0.8709905667942478,0.59,0.03,0.36625207004297466
0.5,2026101900,301,-0.12626512991522215,0.03486006476771776,0.47,0.02,0.3355101101842009
0.5,2026101900,302,0.1301231016891903,-0.5846363671736972,0.61,0.02,0.3616034598381274
0.5,2026101900,303,-0.20463481047179363,-0.06354449584916083,0.51,0.03,0.3705232375643611
0.5,2026101900,304,-0.008910729608617274,-0.13173550237688234,0.55,0.01,0.369747739322841
0.5,2026101900,305,-0.18852594595836705,-0.15216189889803844,0.54,0.0,0.3314374576781983
0.5,2026101900,306,-0.7935198986831068,-0.14381530664556508,0.53,0.01,0.3590129009561755
0.5,2026101900,307,-0.19771155555069186,0.20053465832372155,0.51,0.03,0.3547844696551332
0.5,2026101900,308,0.29582168745467413,-0.3536526346601708,0.48,0.0,0.3747891316258201
0.5,2026101900,309,-0.29310470147749784,0.17861994168500453,0.46,0.0,0.3927434394336198
0.5,2026101900,310,0.21227446964968458,-0.8953937971109482,0.59,0.02,0.3804921498954476
0.5,2026101900,311,-0.45042496365699214,-0.05955356480331586,0.51,0.03,0.3680563076160243
0.5,2026101900,312,0.12967520323324583,-0.17195806752692952,0.51,0.0,0.36232804499654336
0.5,2026101900,313,0.08199070247936265,-0.11636037048558673,0.55,0.02,0.3511712616107428
0.5,2026101900,314,-0.4101880628652292,0.4263450748643131,0.46,0.02,0.34809088557058265
0.5,2026101900,315,-0.04050977939930551,0.18758556278043972,0.43,0.01,0.3498516934025689
0.5,2026101900,316,0.10998729400743733,-0.21895783281738615,0.48,0.01,0.3557400558412456
0.5,2026101900,317,-0.15399095809575436,0.10520348008268474,0.51,0.01,0.38062725623624977
0.5,2026101900,318,0.2520341585539981,-0.30811202041859365,0.55,0.01,0.3733633682016675
0.5,2026101900,319,-0.16846468873040255,-0.02892004344291492,0.5,0.01,0.3483609079129098
0.5,2026101900,320,0.6692907734705248,-0.8905701214360521,0.61,0.01,0.3727997044523173
0.5,2026101900,321,-0.5128618170241256,-0.010108350620343081,0.54,0.01,0.3816989760947836
0.5,2026101900,322,0.01159939763222221,-0.24612733312540352,0.54,0.01,0.3904364091091713
0.5,2026101900,323,0.05309805292711805,-0.5012570685610627,0.66,0.0,0.3871288969095255
0.5,2026101900,324,-0.17708260752019214,0.022071474859555504,0.5,0.02,0.3306026290569221
0.5,2026101900,325,0.05766923609699935,-0.29439925679150053,0.52,0.01,0.3736415101856286
0.5,2026101900,326,0.2117210452021316,-0.6118071719056739,0.56,0.02,0.36174065337045663
0.5,2026101900,327,-0.14545856266097842,0.1717841982184001,0.5,0.02,0.35730652814357583
0.5,2026101900,328,-0.27849619297522726,-0.1567135586595203,0.51,0.01,0.370787332732413
0.5,2026101900,329,0.11751526682148988,0.09690638648658785,0.47,0.03,0.37705775499007343
0.5,2026101900,330,0.4216930610983682,0.009969272184375322,0.47,0.01,0.36522901637635535
0.5,2026101900,331,-0.08378528437803105,0.0043472534705008585,0.53,0.03,0.3659539880002025
0.5,2026101900,332,0.01864229983775605,-0.6100952366999014,0.58,0.01,0.36423214559394684
0.5,2026101900,333,0.01621967469983441,-0.3652933424445069,0.62,0.0,0.35638853455581165
0.5,2026101900,334,-0.283090778315628,0.281333072098198,0.46,0.01,0.3889432837868987
0.5,2026101900,335,0.5571519228059469,-0.24343495984611885,0.55,0.03,0.3419729174103
0.5,2026101900,336,0.034439405709895426,-0.25293461281856916,0.54,0.0,0.37989701285781613
0.5,2026101900,337,-0.3903815694235493,-0.001134368310998216,0.54,0.0,0.38011631939587
0.5,2026101900,338,-0.13100364247061871,-0.5724123509084255,0.59,0.02,0.36573299349751964
0.5,2026101900,339,0.28052822555955886,-0.21847952584776667,0.48,0.02,0.35333792993492275
0.5,2026101900,340,-0.32939084113293576,0.17548435387552339,0.46,0.01,0.39306491822703954
0.5,2026101900,341,-0.05540225779005901,0.374478918556398,0.44,0.02,0.3509897011807631
0.5,2026101900,342,0.0402289840115221,0.1396734813753069,0.46,0.01,0.3383911486203346
0.5,2026101900,343,0.14256024123721514,0.07399238225023883,0.53,0.01,0.35235988650492717
0.5,2026101900,344,-0.17895195867573968,-0.46526624977112824,0.58,0.01,0.3865397532990247
0.5,2026101900,345,0.4007984604442683,-0.29818544474052766,0.57,0.01,0.3723661685543101
0.5,2026101900,346,0.3090712304295635,-0.06672295186968608,0.52,0.02,0.3680059412212917
0.5,2026101900,347,0.8469362880691071,-0.5804088918245917,0.54,0.03,0.36690699342910454
0.5,2026101900,348,-0.16811843389505932,-0.24445112308631123,0.48,0.01,0.35848915657559277
0.5,2026101900,349,-0.03370664285754396,-0.4638508634847723,0.62,0.03,0.35520498541790924
0.5,2026101900,350,0.7780353430874488,-0.5782994941390894,0.53,0.01,0.340707657641118
0.5,2026101900,351,-0.14107908163076804,-0.3590258564455603,0.57,0.02,0.35548776424813205
0.5,2026101900,352,-0.016804165210453782,0.12760881863182683,0.48,0.01,0.39480271954207724
0.5,2026101900,353,-0.1409104699268481,-0.41913672456591167,0.57,0.0,0.3599904136639727
0.5,2026101900,354,0.050840039812367496,0.015169646686321966,0.46,0.05,0.36557407750500803
0.5,2026101900,355,-0.142436030026778,-0.42980605215234574,0.51,0.03,0.3934403258130623
0.5,2026101900,356,-0.2991440645033286,0.46668345474927014,0.48,0.03,0.37407095615437064
0.5,2026101900,357,0.7211807876856048,-0.6945213791680807,0.57,0.0,0.35871759509025125
0.5,2026101900,358,-0.1692840552719704,0.24496502419418406,0.42,0.02,0.3626676976673972
0.5,2026101900,359,-0.3099144415146168,-0.028235619729973963,0.55,0.01,0.3428525609209483
0.5,2026101900,360,-0.12401927264309798,0.1602916214080038,0.46,0.02,0.36477999275879935
0.5,2026101900,361,-0.20563011070017934,-0.14469877953857269,0.53,0.01,0.34780350332493465
0.5,2026101900,362,0.4596135014405489,-0.8686411256267391,0.61,0.02,0.36811113527250244
0.5,2026101900,363,0.3178359465742102,-0.13975291192613767,0.53,0.0,0.35202673577599775
0.5,2026101900,364,-0.19095958956394202,-0.1097881845246007,0.53,0.04,0.3545424780851093
0.5,2026101900,365,-0.8840942154555408,0.09998958596724287,0.53,0.05,0.35446405702793393
0.5,2026101900,366,0.03371798493788119,0.1288085253505728,0.51,0.01,0.3939051196718743
0.5,2026101900,367,-0.052735714036857076,-0.13021463647325318,0.48,0.01,0.38005920194261106
0.5,2026101900,368,0.25618033600498147,-0.03449026259383127,0.53,0.03,0.37210299460284774
0.5,2026101900,369,0.08078511762372419,0.07887229479713777,0.45,0.01,0.36190620313008204
0.5,2026101900,370,-0.37950428689709015,0.010566864111968357,0.44,0.02,0.3819939819834445
0.5,2026101900,371,-0.10786679780887833,-0.11003904376413555,0.49,0.01,0.38038610742317636
0.5,2026101900,372,0.6312918273845375,-0.12229444666156947,0.52,0.0,0.3840971034211998
0.5,2026101900,373,-0.04896375482395472,0.05225484426878329,0.45,0.0,0.36814629606054106
0.5,2026101900,374,0.18034412110856327,0.29100416329006396,0.46,0.04,0.36915947552531336
0.5,2026101900,375,0.6095969384784408,-0.7488181048327409,0.59,0.02,0.3916527924914023
0.5,2026101900,376,-0.26195958124558294,0.13975837645188502,0.47,0.02,0.36826530396275864
0.5,2026101900,377,0.6391900988232235,-0.3691586883120759,0.51,0.01,0.37679058175611607
0.5,2026101900,378,0.3038502147218859,-0.5383330621961159,0.54,0.0,0.3710524049529186
0.5,2026101900,379,-0.03246062154069647,-0.3242556758102529,0.47,0.01,0.36261534074665813
0.5,2026101900,380,-0.33970682384025624,-0.12037549081304602,0.55,0.03,0.3832910384492984
0.5,2026101900,381,0.12769336086860084,0.06077268933368466,0.49,0.0,0.3786316257849556
0.5,2026101900,382,0.3898365036472531,-1.1458265196103299,0.64,0.0,0.36248623614956094
0.5,2026101900,383,0.09837019216610156,-0.2956678279744376,0.49,0.01,0.38466249354887666
0.5,2026101900,384,0.20054239935601548,0.0890740310882876,0.5,0.04,0.38947896008674265
0.5,2026101900,385,0.439969589446389,0.03568896330798567,0.52,0.02,0.3672914608020112
0.5,2026101900,386,0.04850369989334851,0.6504860599803528,0.48,0.02,0.3774534738490854
0.5,2026101900,387,0.13214030592351528,-0.09716266630811038,0.51,0.01,0.3811831135248071
0.5,2026101900,388,0.6704575633472113,-1.0837526266670756,0.58,0.01,0.3549597860041591
0.5,2026101900,389,0.3618257337101515,0.2086305482681561,0.52,0.04,0.360902575948762
0.5,2026101900,390,0.04537939679175608,-0.2835238014002174,0.52,0.0,0.385069704094121
0.5,2026101900,391,0.3068440771938627,-0.5148063330524976,0.56,0.03,0.3870903248769693
0.5,2026101900,392,0.3341024966719203,-0.2052409143262134,0.5,0.02,0.3722120857459791
0.5,2026101900,393,0.9671520376325149,-0.7412820482503385,0.56,0.02,0.35721344279269884
0.5,2026101900,394,0.033705154314494265,-0.16465846970927772,0.52,0.02,0.368480378375798
0.5,2026101900,395,0.19813423171947264,-0.29737934914754655,0.55,0.02,0.37246042925927925
0.5,2026101900,396,-0.28776965710268415,0.4183124477976041,0.39,0.02,0.36680869370731883
0.5,2026101900,397,0.23323194359534646,-0.24562239040867606,0.43,0.0,0.32246025327453365
0.5,2026101900,398,0.7033251238304082,-0.6740606196405414,0.59,0.02,0.3793592893762983
0.5,2026101900,399,0.05118580843835158,-0.12672520748814528,0.48,0.02,0.3604145250677655
0.5,2026101900,400,-0.29538718620813964,-0.1715571707183328,0.51,0.02,0.3601592302195733
0.5,2026101900,401,-0.1974467890867172,-0.20060134349913053,0.53,0.01,0.357821391218303
0.5,2026101900,402,-0.20988957185297186,-0.9118198392762342,0.66,0.01,0.3392595844762349
0.5,2026101900,403,-0.27529949018051963,0.2990598091734357,0.44,0.02,0.35992569528986296
0.5,2026101900,404,-0.08835897531747104,-0.09399316209154797,0.53,0.01,0.3426773816082672
0.5,2026101900,405,0.691308855938936,-0.6284013863807495,0.54,0.02,0.3696507763609171
0.5,2026101900,406,-0.23505846353435508,0.16635078655641655,0.45,0.01,0.36687196151002105
0.5,2026101900,407,-0.12226247575119605,-0.18179518527271354,0.55,0.02,0.3665146615718447
0.5,2026101900,408,0.6515298803118179,-0.39340189255919533,0.54,0.03,0.35501056184589613
0.5,2026101900,409,0.418094143975258,-0.28620771008379864,0.47,0.0,0.3852755911336088
0.5,2026101900,410,0.7689708563668893,-0.5259356375650166,0.55,0.02,0.37763055434253834
0.5,2026101900,411,0.09205217555216061,-0.008623268462072271,0.48,0.01,0.36411512620879827
0.5,2026101900,412,0.3063735943435457,-0.1438295524442866,0.52,0.01,0.3759261313853002
0.5,2026101900,413,0.178190167206082,-0.5579637058456498,0.56,0.01,0.3751819530629718
0.5,2026101900,414,0.5242269253213974,-0.26094517865877564,0.55,0.02,0.37429272730939384
0.5,2026101900,415,-0.25689830949564907,0.09373504022943216,0.51,0.01,0.37023393371474045
0.5,2026101900,416,-0.2159493974320842,0.16588884881618718,0.52,0.01,0.3585031923543513
0.5,2026101900,417,-0.3788445297695844,0.4701473112834121,0.45,0.01,0.35721997186289545
0.5,2026101900,418,0.7282817476704417,-0.6701695673823322,0.61,0.02,0.3560605865417624
0.5,2026101900,419,-0.25080256031806497,-0.135880843122182,0.5,0.01,0.355020252705151
0.5,2026101900,420,0.03844869942338202,-0.4128206799676153,0.54,0.0,0.3555993491488696
0.5,2026101900,421,0.04943755898125711,-0.25591793725974266,0.54,0.01,0.369500498369592
0.5,2026101900,422,-0.3774314988943525,0.26872917231160415,0.47,0.0,0.3626433621466672
0.5,2026101900,423,-0.1569793444281258,0.05546195154858268,0.49,0.01,0.3679459965898668
0.5,2026101900,424,-0.15072473188966906,0.03246589934610028,0.5,0.0,0.38556674853406003
0.5,2026101900,425,0.2846165702482575,-0.24398727082560484,0.56,0.02,0.35563765492731525
0.5,2026101900,426,0.31555254196622223,-0.17799818029701914,0.51,0.03,0.3504783143640707
0.5,2026101900,427,-0.1757697264537738,0.010227499731707024,0.52,0.0,0.3572332470486787
0.5,2026101900,428,0.2327368236087933,-0.15445236430381748,0.54,0.02,0.35322586467637096
0.5,2026101900,429,-0.3132946952300972,0.17149565484339313,0.5,0.03,0.39238497735063854
0.5,2026101900,430,-0.3092427852264487,-0.29696431869647727,0.49,0.04,0.38682512987100975
0.5,2026101900,431,0.3328711926013214,-0.5619562916796746,0.55,0.0,0.3825566164473703
0.5,2026101900,432,-0.5326623208878364,-0.1911807126863919,0.47,0.0,0.3809426219960376
0.5,2026101900,433,0.28429094129649,-0.4982972730116547,0.5,0.0,0.34918388127655076
0.5,2026101900,434,-0.11414013479045879,-0.11907014536596511,0.47,0.0,0.38420681657949113
0.5,2026101900,435,0.10268180313997075,-0.25046007113328983,0.54,0.01,0.3770394043453674
0.5,2026101900,436,0.2465730853591164,-0.15375528365133384,0.55,0.01,0.3776733868268418
0.5,2026101900,437,0.26801200372105627,-0.27357680518866956,0.56,0.04,0.3628905079353424
0.5,2026101900,438,0.38356516077416586,0.0640952046297224,0.52,0.04,0.36420938890437027
0.5,2026101900,439,0.42268065009587247,-0.09252638961082933,0.52,0.02,0.38384445398817724
0.5,2026101900,440,0.2589138583235858,-0.00733747840668807,0.52,0.01,0.3633588658866603
0.5,2026101900,441,0.5021979045221374,-0.7788561823821953,0.63,0.03,0.3922810933624543
0.5,2026101900,442,0.2372715856394275,-1.2040604307631795,0.64,0.02,0.383113486308433
0.5,2026101900,443,-0.4393026421899109,0.11577334887973248,0.48,0.01,0.36899981633905504
0.5,2026101900,444,-0.07949851843545276,-0.16012392811498888,0.54,0.02,0.34572836908815563
0.5,2026101900,445,0.48102624706859237,-0.22710965714453607,0.48,0.02,0.35792466811659146
0.5,2026101900,446,0.42574257181602493,-0.6871567514294006,0.58,0.04,0.36521658724504236
0.5,2026101900,447,0.46055204554224416,-0.34686734723403334,0.58,0.04,0.36016996290179215
0.5,2026101900,448,0.09128219774522897,-0.21104557824896505,0.48,0.02,0.39941084899099516
0.5,2026101900,449,0.4080874166240753,-0.0077892861083434135,0.49,0.01,0.3885561227273119
0.5,2026101900,450,-0.04594928159477492,0.14211674330601604,0.51,0.02,0.3557857582944966
0.5,2026101900,451,-0.34976235213748924,0.09986664904770666,0.5,0.03,0.36490991806622264
0.5,2026101900,452,-0.7602714679159652,0.811689701390278,0.39,0.01,0.37511065300876806
0.5,2026101900,453,-0.026195337580289562,-0.28721013390503247,0.49,0.06,0.34787819306540163
0.5,2026101900,454,-0.14659532277159784,-0.15023404890971503,0.54,0.02,0.37322369435357333
0.5,2026101900,455,-0.3718271571104129,0.15891714666493495,0.49,0.03,0.3851388585425369
0.5,2026101900,456,0.18032657446249906,-0.5699138067985,0.59,0.01,0.37570901740316465
0.5,2026101900,457,-0.08134992438158116,0.23618137192097957,0.39,0.0,0.3784378113256175
0.5,2026101900,458,0.33660560565325504,-0.11346473165432781,0.51,0.02,0.3849428976456737
0.5,2026101900,459,0.07732422894381467,-0.11780251398020201,0.5,0.02,0.35089479068596907
0.5,2026101900,460,0.10021051456516754,-0.378918263502101,0.56,0.04,0.3618627206165497
0.5,2026101900,461,0.10880928402586854,0.02966257146542059,0.48,0.0,0.38172555427590654
0.5,2026101900,462,-0.04327151691335901,0.05792698382884105,0.49,0.01,0.39302468921915645
0.5,2026101900,463,0.3365501304274149,-0.5169324319902184,0.57,0.02,0.3613865023666188
0.5,2026101900,464,-0.15281366210864228,-0.08202213749399323,0.46,0.01,0.3839629983495797
0.5,2026101900,465,-0.20456438338574823,-0.5312739318768593,0.56,0.03,0.34861939259312436
0.5,2026101900,466,0.4931796622729441,-0.1619365946573575,0.49,0.01,0.35632987329148214
0.5,2026101900,467,-0.33602435323049096,-0.0272076390045137,0.49,0.03,0.36691739004860496
0.5,2026101900,468,-0.220366130003569,0.2806374232928743,0.46,0.01,0.3802427315580112
0.5,2026101900,469,0.12880398861116718,-0.646021550101313,0.51,0.01,0.34954371313779187
0.5,2026101900,470,-0.11004484557166826,-0.0615059539126563,0.52,0.01,0.38885084162759276
0.5,2026101900,471,0.18166870997745516,-0.0856910981175114,0.57,0.02,0.3460486652642043
0.5,2026101900,472,0.3985932260184508,-0.05403169666243929,0.51,0.01,0.3476721803532824
0.5,2026101900,473,0.39088731116154024,-0.0514445404516194,0.52,0.02,0.3446527199075696
0.5,2026101900,474,-0.04290968539038445,-0.1434128871727636,0.52,0.01,0.3728112224415586
0.5,2026101900,475,-0.14244897566507744,-0.5121301450779985,0.54,0.01,0.35905588472064304
0.5,2026101900,476,0.41979327789057846,-0.15924808957963765,0.54,0.0,0.3553053272026024
0.5,2026101900,477,-0.34922884406474014,0.24843279211643207,0.5,0.02,0.3592458814623655
0.5,2026101900,478,-0.16310437969495553,-0.20908685395873142,0.49,0.03,0.3698745945129528
0.5,2026101900,479,0.4627009069817958,-0.14078793155540215,0.54,0.01,0.35411115989509456
0.5,2026101900,480,0.39755501573355645,0.19121390716648254,0.45,0.0,0.33979338796356595
0.5,2026101900,481,0.3548575094803862,0.14258121735770046,0.43,0.02,0.3820808938276857
0.5,2026101900,482,0.6412712674168991,-0.6821811785402666,0.59,0.01,0.34777826019103913
0.5,2026101900,483,0.693535012193866,-0.8614441171655024,0.58,0.01,0.3656962750072211
0.5,2026101900,484,-0.08941466395069347,0.07826889583297852,0.43,0.01,0.356885365155943
0.5,2026101900,485,-0.27082459541897813,0.017614879551003382,0.52,0.01,0.38388729501026325
0.5,2026101900,486,-0.01571310737075575,-0.16018251252749113,0.51,0.0,0.36010610601256177
0.5,2026101900,487,-0.16756387354492885,-0.2934792180715282,0.57,0.03,0.3476190421895274
0.5,2026101900,488,0.40188503745714693,-0.5344725971425258,0.6,0.01,0.37533801589517984
0.5,2026101900,489,-0.007860410188983157,0.14223428296908636,0.44,0.01,0.36212127635172364
0.5,2026101900,490,0.36490218397648166,-0.6726210925043098,0.59,0.01,0.3612159082624803
0.5,2026101900,491,0.033916960112731286,0.10864189299874705,0.5,0.02,0.37241772908266213
0.5,2026101900,492,0.12780082813012583,-0.23798317249261328,0.53,0.0,0.39377333198920217
0.5,2026101900,493,-0.3355208452973031,-0.27690474985524466,0.56,0.0,0.35953298158488195
0.5,2026101900,494,0.26556250087687666,0.3823012996719256,0.43,0.02,0.38452918071861897
0.5,2026101900,495,-0.03250824333542693,-0.2596636693926919,0.55,0.01,0.3625387723514404
0.5,2026101900,496,0.365654461410151,-0.13582264871181798,0.53,0.03,0.3676464712164173
0.5,2026101900,497,-0.14934401046852286,-0.6843188728580283,0.62,0.03,0.35749555516894405
0.5,2026101900,498,-0.15707071927916516,-0.2485099252293302,0.55,0.0,0.3774610602915763
0.5,2026101900,499,-0.3774874301717049,0.14662206505836703,0.41,0.01,0.3504211159042809
0.55,2026091900,0,0.19070791768599246,0.3114374614382971,0.5,0.0,0.35770638085107287
0.55,2026091900,1,-0.38213160297712956,0.639107289416867,0.39,0.02,0.348658150401495
0.55,2026091900,2,0.1777758080496774,-0.5911455636699101,0.62,0.04,0.341284428444926
0.55,2026091900,3,0.6227579280600459,-0.3737379238588678,0.59,0.03,0.37611918948199197
0.55,2026091900,4,0.039174842284337555,-0.04532401288480034,0.5,0.0,0.3628475294764476
0.55,2026091900,5,0.014494849688004106,-0.17873278279190988,0.52,0.01,0.38709208255589883
0.55,2026091900,6,-0.07531708292707363,0.05083965209219019,0.52,0.01,0.38749436393515496
0.55,2026091900,7,-0.2761448780489877,-0.4096413256828451,0.54,0.01,0.37472408332161516
0.55,2026091900,8,0.3571347327623903,0.35508858292454676,0.43,0.0,0.36998407146008994
0.55,2026091900,9,0.17903117790736697,-0.6350538604825242,0.61,0.02,0.3655023836587877
0.55,2026091900,10,0.19450865090687522,0.10086900669754238,0.48,0.0,0.37067535435536697
0.55,2026091900,11,0.21060705859414852,-0.37959606874763635,0.54,0.01,0.37158897477441294
0.55,2026091900,12,0.005429479669407194,0.19413034911870763,0.48,0.01,0.35445850241365734
0.55,2026091900,13,0.12452472489218218,0.03292440408212566,0.57,0.01,0.36309942024418435
0.55,2026091900,14,-0.19077312157294568,0.013245728324008908,0.51,0.02,0.3808028716929661
0.55,2026091900,15,-0.21764441492283568,-0.7382599687575733,0.6,0.01,0.342529939201629
0.55,2026091900,16,0.12144334198085983,0.28467743780132354,0.46,0.0,0.35114249240418544
0.55,2026091900,17,0.7242749100860872,-0.23245629592314287,0.49,0.01,0.3838336854429685
0.55,2026091900,18,0.17553206436248892,-0.11844295069376345,0.5,0.01,0.36615718210373954
0.55,2026091900,19,-0.07980731838924894,-0.5591374156183607,0.62,0.03,0.37660784785450874
0.55,2026091900,20,-0.028678548638662926,0.16734588416840562,0.49,0.01,0.37788401571373753
0.55,2026091900,21,0.059879236976617435,-0.2749714951921957,0.52,0.01,0.35243947489259314
0.55,2026091900,22,-0.5905971503958266,0.015826429171233496,0.5,0.01,0.375008820207589
0.55,2026091900,23,0.12414773823332403,-0.2392416188867635,0.52,0.01,0.3724184273380447
0.55,2026091900,24,0.09511210260151257,-0.21473480145137588,0.58,0.0,0.3738058787376795
0.55,2026091900,25,0.07568811819752096,0.00201971086177938,0.45,0.0,0.36748200266936837
0.55,2026091900,26,0.03523660090616029,-0.6010292120675125,0.58,0.04,0.36827508931289765
0.55,2026091900,27,0.023462635155819332,-0.11110243721833549,0.55,0.01,0.3584750847582408
0.55,2026091900,28,0.4224877752668239,-0.27681346287160546,0.55,0.0,0.3679657781180277
0.55,2026091900,29,0.24673110907125573,-0.08446471198869504,0.48,0.02,0.34736661122350176
0.55,2026091900,30,-0.17714709551620614,0.14399072265773388,0.46,0.02,0.35471462770213796
0.55,2026091900,31,0.01666437507987409,-0.5316125225797574,0.59,0.0,0.3583770122457032
0.55,2026091900,32,-0.17943633991897337,0.13104746737484177,0.46,0.01,0.35549323849446096
0.55,2026091900,33,-0.1892173955523966,-0.13213237336589745,0.5,0.01,0.3747411310285914
0.55,2026091900,34,-0.4083437276205397,-0.08810487845613249,0.5,0.04,0.3554577375185538
0.55,2026091900,35,-0.2057111262223172,0.37528377324408074,0.45,0.01,0.34833292300257135
0.55,2026091900,36,-0.11636516875522761,0.12797782676456,0.48,0.01,0.3782575764827207
0.55,2026091900,37,-0.09094007812613804,-0.7483822767000043,0.55,0.01,0.36954926837950103
0.55,2026091900,38,0.41728721316195466,-0.46794957812301186,0.56,0.0,0.36118941780748687
0.55,2026091900,39,-0.7974391770956281,0.34360384358524343,0.39,0.0,0.36919298876865836
0.55,2026091900,40,0.2741021907452135,-0.4586504756216201,0.59,0.03,0.3698271154063675
0.55,2026091900,41,-0.35398938708788497,0.3439945832804861,0.46,0.0,0.3789929062575943
0.55,2026091900,42,0.5954773088383256,-0.7997134745810649,0.57,0.0,0.3727334085069205
0.55,2026091900,43,0.5617033527247249,-0.42933987328906675,0.56,0.01,0.36216061825166607
0.55,2026091900,44,-0.049608005041863024,-0.3384685809770462,0.56,0.01,0.38170789941572886
0.55,2026091900,45,-0.02818530431216667,-0.03202826681902591,0.52,0.03,0.3858677297006475
0.55,2026091900,46,0.07054144923337058,-0.09889899641809312,0.48,0.0,0.3933586578265125
0.55,2026091900,47,0.41497639474184617,-0.09271613426885393,0.47,0.03,0.3684907741277953
0.55,2026091900,48,-0.015244686066867817,-0.552534552025007,0.54,0.0,0.357089432529727
0.55,2026091900,49,-0.36857866479986223,0.01993551302514396,0.52,0.01,0.37948636864147767
0.55,2026091900,50,0.14960722094757886,-0.5469122830165012,0.59,0.01,0.34711105451397267
0.55,2026091900,51,0.22610875504804231,0.4684669274558781,0.45,0.0,0.3901247908251248
0.55,2026091900,52,0.30767409837024273,-0.1130168059002477,0.48,0.0,0.3641123031684591
0.55,2026091900,53,0.08804629358366924,0.40159939448667425,0.42,0.02,0.3909310245168871
0.55,2026091900,54,0.12576924153571092,-0.1169005262170969,0.52,0.0,0.36396136957827546
0.55,2026091900,55,0.7067280529986527,-0.7928112304540207,0.61,0.0,0.36832279245957056
0.55,2026091900,56,0.2713562282345748,-0.5248725969566165,0.6,0.01,0.367628233307862
0.55,2026091900,57,0.5207138004164868,-0.4974927749291283,0.57,0.03,0.36008796698164697
0.55,2026091900,58,-0.08069942174026172,0.25997709795034396,0.44,0.0,0.36240820592917133
0.55,2026091900,59,-0.11856019374811673,-0.239987646641387,0.51,0.01,0.34968471157939673
0.55,2026091900,60,0.1970386525463328,-0.04081411191797728,0.47,0.01,0.38353398489486856
0.55,2026091900,61,0.38499620633922516,-0.14861833119752443,0.5,0.02,0.379048828477533
0.55,2026091900,62,0.0028357903739651036,-0.37220190128635006,0.52,0.02,0.3636492809832431
0.55,2026091900,63,-0.05087601233385929,-0.2688255937456946,0.54,0.03,0.36435608042755946
0.55,2026091900,64,0.051522153996969314,0.18624982242210636,0.48,0.02,0.37121281679680057
0.55,2026091900,65,0.4322490649717255,-0.25021581875963933,0.53,0.02,0.34169874195948524
0.55,2026091900,66,0.09678607691547737,-0.3952670493350393,0.52,0.0,0.3404271803090852
0.55,2026091900,67,0.694146845768735,-0.30872401855204634,0.53,0.01,0.3643864309198727
0.55,2026091900,68,0.11716291921714964,0.0637176805513598,0.53,0.01,0.3695578160816033
0.55,2026091900,69,-0.25750362702238033,0.2551567606004475,0.47,0.03,0.35876116194739255
0.55,2026091900,70,0.7074347928102768,-0.9419113941567434,0.57,0.01,0.3560614108964537
0.55,2026091900,71,-0.13445316197559726,-0.25105745475945623,0.52,0.03,0.36864429086681716
0.55,2026091900,72,0.0740968481922132,-0.04506910784608358,0.5,0.02,0.3420331846774274
0.55,2026091900,73,-0.3574904871889818,0.400078423069158,0.49,0.01,0.367730870113136
0.55,2026091900,74,-0.3268588768840943,-0.11174921720861201,0.5,0.02,0.37483681816279074
0.55,2026091900,75,-0.7202962385972973,0.6892773185897347,0.43,0.01,0.3807578909261294
0.55,2026091900,76,-0.2604304719278076,-0.1575153140940328,0.49,0.01,0.3948025919559924
0.55,2026091900,77,0.3518002616382532,-0.4266937197433707,0.54,0.01,0.35414434765450387
0.55,2026091900,78,-0.02528677335975706,-0.13722970385848657,0.51,0.03,0.3714004116287549
0.55,2026091900,79,0.11040489199771786,-0.06883115914975925,0.5,0.03,0.3888562067715655
0.55,2026091900,80,0.04113571131824998,-0.2390970283482011,0.6,0.05,0.37294291385310935
0.55,2026091900,81,-0.04949479513854596,0.023245459546593607,0.54,0.01,0.37785394525308935
0.55,2026091900,82,0.12381235833239466,0.20705235943402173,0.5,0.04,0.362112723297402
0.55,2026091900,83,-0.03763292486659192,0.06054995083517158,0.55,0.0,0.374489467618571
0.55,2026091900,84,0.6263283260974499,-0.1542022518263382,0.53,0.02,0.365449109075513
0.55,2026091900,85,-0.018844308217247595,-0.1175856555622614,0.51,0.01,0.3648275187502024
0.55,2026091900,86,-0.45014225810103503,0.386860989671938,0.43,0.01,0.3751595895170783
0.55,2026091900,87,-0.22150807952482554,-0.4495893244793239,0.57,0.01,0.3445935120101561
0.55,2026091900,88,0.012081215668283738,-0.014535335257877877,0.57,0.01,0.37071362370164834
0.55,2026091900,89,0.10550117622591537,0.6549506565948852,0.39,0.0,0.3784141444544064
0.55,2026091900,90,-0.20910313490056878,-0.0795150713377338,0.48,0.0,0.3742766658929292
0.55,2026091900,91,0.41272374977915766,-0.16480827344575108,0.51,0.02,0.3811656984268176
0.55,2026091900,92,0.07702971950548554,0.037209002206038955,0.49,0.01,0.35458500179251123
0.55,2026091900,93,-0.3324225679605089,-0.38788049474154895,0.6,0.01,0.39526000759132196
0.55,2026091900,94,0.468173854900347,-0.4459397615598097,0.55,0.02,0.3990050596749397
0.55,2026091900,95,0.6404975273176662,0.39543360460643684,0.49,0.0,0.38649548207759177
0.55,2026091900,96,0.2775012803654716,-0.4101683212676261,0.51,0.02,0.34535821407694917
0.55,2026091900,97,-0.29832892549920886,-0.07139515160862918,0.48,0.01,0.3612922598810939
0.55,2026091900,98,-0.19792716640261848,-0.3394245819923092,0.55,0.0,0.374517165358512
0.55,2026091900,99,-0.3446633898287649,0.21190495365213072,0.54,0.01,0.40162470709086334
0.55,2026091900,100,0.002857138562293344,0.03352468866564308,0.54,0.02,0.3881152111949317
0.55,2026091900,101,-0.04867610397614374,-0.8282744357057454,0.61,0.01,0.3812472349947298
0.55,2026091900,102,-0.3891937312458868,-0.6218858940946931,0.58,0.02,0.38098664987109854
0.55,2026091900,103,0.20857485068902548,0.07746221913262138,0.53,0.04,0.35268462006809265
0.55,2026091900,104,0.14248616918567758,0.1648391072631624,0.48,0.02,0.3585369785774499
0.55,2026091900,105,-0.023662050617020897,-0.3025007689248513,0.56,0.02,0.3826232010111301
0.55,2026091900,106,-0.1746517834408025,-0.06701509089122654,0.47,0.01,0.3697714048014224
0.55,2026091900,107,0.11947227294558915,-0.41939174475086943,0.56,0.04,0.3649819467025781
0.55,2026091900,108,-0.22794003613925937,-0.18265876221788255,0.49,0.0,0.36432454678638393
0.55,2026091900,109,0.4401371320882588,-0.5638695838703399,0.6,0.03,0.3717756801820517
0.55,2026091900,110,-0.3420343003422755,-0.2258124076731395,0.59,0.0,0.37826509884823556
0.55,2026091900,111,-0.4105684499579743,-0.2471617369096907,0.55,0.0,0.3471509941587232
0.55,2026091900,112,0.35629496961782975,-0.2833600830265639,0.52,0.0,0.3712964523424766
0.55,2026091900,113,-0.014174132809858868,0.44150668541143534,0.49,0.03,0.3870184924884009
0.55,2026091900,114,-0.22893987529443954,-0.05074095228965683,0.53,0.03,0.36427064039650164
0.55,2026091900,115,0.5340911386475012,-0.20103778664992525,0.54,0.03,0.3759129547204739
0.55,2026091900,116,0.15397690514168694,0.10901159000423241,0.49,0.0,0.3737395402349491
0.55,2026091900,117,0.3688055733767498,-0.2453890008882939,0.53,0.03,0.37279711603024396
0.55,2026091900,118,-0.07920023389604046,-0.09227664168325785,0.48,0.01,0.37164070395195814
0.55,2026091900,119,-0.05983868425476525,0.3009786106501049,0.48,0.03,0.348318829166676
0.55,2026091900,120,0.4691719720514625,-0.44254854961278317,0.56,0.01,0.3801091892274435
0.55,2026091900,121,-0.043825515517793796,-0.2364450715200791,0.48,0.0,0.3912602577314992
0.55,2026091900,122,-0.3401418127205688,-0.05452960022784052,0.52,0.0,0.37284530252881176
0.55,2026091900,123,-0.48786236109831693,0.38240313344122273,0.48,0.04,0.3870221725849132
0.55,2026091900,124,-0.0897080604814933,0.1094510883752616,0.51,0.06,0.37428411916673904
0.55,2026091900,125,0.16882704313264946,0.3970602172202212,0.41,0.02,0.35504595496103003
0.55,2026091900,126,-0.1103082767390844,-0.6023842377718353,0.54,0.01,0.35958224500187425
0.55,2026091900,127,-0.10667572192981886,-0.1280310083138786,0.54,0.01,0.381657069426185
0.55,2026091900,128,-0.4930637760503611,0.6015663834352124,0.46,0.03,0.36240665468999483
0.55,2026091900,129,-0.19420344869287223,0.15974865577080044,0.5,0.01,0.384263143569153
0.55,2026091900,130,-0.18396028209966506,-0.43267773195161396,0.49,0.01,0.35480470157423283
0.55,2026091900,131,-0.5382912571156385,0.29237506489428333,0.43,0.02,0.38176360459158254
0.55,2026091900,132,0.2225162531112916,-0.12283997463312868,0.51,0.02,0.39294248496849
0.55,2026091900,133,-0.6257425322187934,0.10910981466060717,0.52,0.0,0.34653447082417654
0.55,2026091900,134,-0.627213830181235,-0.013514445076590489,0.48,0.02,0.37728591878369455
0.55,2026091900,135,0.2492511448054953,-0.8063239782433529,0.62,0.01,0.3435266117155983
0.55,2026091900,136,-0.2584583267132134,0.38986943369157956,0.53,0.01,0.36869504093363986
0.55,2026091900,137,0.011604755247518911,0.5275310632262297,0.42,0.0,0.37142828168312775
0.55,2026091900,138,-0.05038246117144572,0.3090427062478757,0.47,0.03,0.39825458436866285
0.55,2026091900,139,0.17136138292232886,-0.537592640341371,0.51,0.0,0.3616400558280908
0.55,2026091900,140,0.08633353044869364,-0.29065982797831785,0.5,0.0,0.3540512252492602
0.55,2026091900,141,-0.22219575585868281,0.12844520369793777,0.44,0.01,0.3997593254965498
0.55,2026091900,142,0.16570949602080684,-0.6137779576390646,0.59,0.01,0.37938169709190106
0.55,2026091900,143,0.6138018279675962,-0.3779766376722066,0.47,0.01,0.36394080752922825
0.55,2026091900,144,1.3027759619115986,-0.9586982383410106,0.64,0.01,0.3950120317542131
0.55,2026091900,145,0.060097494540700215,-0.020359305616577332,0.45,0.02,0.387478513086696
0.55,2026091900,146,-0.34540232116989544,0.40247591222259105,0.46,0.0,0.3577946682527699
0.55,2026091900,147,0.17036322326600162,-0.42758510388277876,0.55,0.02,0.3936951359096474
0.55,2026091900,148,0.14097258026825665,-0.29135109572921825,0.52,0.01,0.37875228768021946
0.55,2026091900,149,-0.5450554646080822,0.4709730433610486,0.47,0.05,0.36977326204467353
0.55,2026091900,150,0.3000162789520465,-0.60805600659701,0.5,0.02,0.36957652726597606
0.55,2026091900,151,0.23746779816183758,0.03684878721605756,0.47,0.0,0.37697322673776207
0.55,2026091900,152,0.2396864734977394,-0.3513432489873856,0.49,0.0,0.35721566501297675
0.55,2026091900,153,0.4964232404162626,-0.3198880192074083,0.55,0.02,0.366598547298999
0.55,2026091900,154,0.37167756296849425,0.1203224663786409,0.5,0.03,0.36974025474364164
0.55,2026091900,155,0.21226381226823363,0.29848229274332017,0.45,0.04,0.3818124426070306
0.55,2026091900,156,-0.26729586112845555,0.47234808512087123,0.46,0.0,0.39022734868928366
0.55,2026091900,157,-0.25051796305372054,0.05614088006526786,0.5,0.02,0.3414880572650537
0.55,2026091900,158,0.43673519471392086,-0.8536373437349067,0.57,0.01,0.3519978140985253
0.55,2026091900,159,0.6181472549849721,0.0088401103849783,0.52,0.01,0.3841101520341689
0.55,2026091900,160,0.03226459833534637,-0.34965974297674024,0.48,0.0,0.3726707779425276
0.55,2026091900,161,0.45940051947478394,-0.019814180949863206,0.52,0.03,0.36550877563421513
0.55,2026091900,162,0.2554357080626304,-0.11259323569326651,0.52,0.01,0.37742142288428615
0.55,2026091900,163,0.37767612320459043,-0.040824498408558334,0.53,0.0,0.3818734396282
0.55,2026091900,164,0.10931726165607988,-0.07690556866891443,0.5,0.03,0.36914250169442925
0.55,2026091900,165,0.2362272534116537,-0.18155670288353976,0.51,0.01,0.3667921146347982
0.55,2026091900,166,0.24019263630041096,0.059136185600124354,0.48,0.0,0.3537052467809517
0.55,2026091900,167,-0.10419388846587216,-0.20072133338532575,0.56,0.01,0.3860886020518653
0.55,2026091900,168,0.22661121535648715,-0.05429728616219487,0.49,0.02,0.3718875132218741
0.55,2026091900,169,0.32636556783211496,-0.1636423545269947,0.48,0.02,0.36070006518701136
0.55,2026091900,170,0.18863035499106978,-0.16952957949055353,0.5,0.02,0.37427593108615403
0.55,2026091900,171,-0.45301994446414084,-0.17436980180353673,0.54,0.02,0.37301063431319753
0.55,2026091900,172,0.4112176745229162,-0.17825126032186311,0.51,0.0,0.36676176494786
0.55,2026091900,173,-0.003413321439760022,-0.6522365746759072,0.56,0.0,0.3546569145733754
0.55,2026091900,174,0.22867999667305994,-0.2272711184775183,0.5,0.01,0.3663918574908535
0.55,2026091900,175,-0.03575743343966592,-0.05258534374602414,0.48,0.01,0.3686015235134139
0.55,2026091900,176,-0.1449786262942405,-0.1341994781823267,0.51,0.03,0.35971186166011876
0.55,2026091900,177,-0.025403027341630934,0.14955775444993086,0.44,0.02,0.3727741434103107
0.55,2026091900,178,0.04417383446383297,-0.43026552041159283,0.57,0.01,0.3681693268390472
0.55,2026091900,179,0.066302719879063,0.12030126290918115,0.49,0.01,0.37957797129686716
0.55,2026091900,180,-0.31932014799011954,0.20451409970024084,0.49,0.03,0.37387955663492867
0.55,2026091900,181,-0.5613260905992125,-0.02941511916491911,0.47,0.03,0.352617971613517
0.55,2026091900,182,0.3390463902953536,-0.3409499657563578,0.57,0.02,0.3817929715409909
0.55,2026091900,183,0.3671378537807692,-0.7061975799739821,0.53,0.01,0.3781382738537089
0.55,2026091900,184,0.12170845249911669,-0.16755147274375262,0.47,0.02,0.4003911145172568
0.55,2026091900,185,-0.15446158099424442,0.4629962507840996,0.43,0.0,0.3667017226838336
0.55,2026091900,186,-0.10609456236391739,0.2770511098242504,0.46,0.03,0.36931910780982724
0.55,2026091900,187,0.8384515775744477,-0.8196156807880426,0.66,0.0,0.3746369690916857
0.55,2026091900,188,-0.3917572023021597,0.06957815021592421,0.46,0.01,0.35079396132190355
0.55,2026091900,189,-0.20163521384921487,0.36772768180644944,0.46,0.01,0.38634831214332366
0.55,2026091900,190,-0.05931626347917307,-0.09478058265894136,0.56,0.03,0.3760039353410406
0.55,2026091900,191,0.052719042112721395,-0.37187976967601344,0.56,0.0,0.3816925918011896
0.55,2026091900,192,0.36380829588313196,-0.1468679632952684,0.53,0.05,0.3849287939609426
0.55,2026091900,193,0.3063341953011815,-0.051161033515203715,0.51,0.02,0.367362872861596
0.55,2026091900,194,0.2660415771915252,-0.09385510582240432,0.48,0.01,0.40427479337519373
0.55,2026091900,195,0.3047893525139621,-0.5725750814870096,0.57,0.02,0.37252885765805516
0.55,2026091900,196,0.2985920973904363,-0.11572061768140987,0.51,0.01,0.3667688205944142
0.55,2026091900,197,0.1819070799984064,-0.0691794342378718,0.54,0.03,0.38592089509411814
0.55,2026091900,198,-0.29084865911918917,0.3395862026598559,0.46,0.02,0.38216365215439396
0.55,2026091900,199,0.48787856381885547,0.06601994239867551,0.46,0.01,0.35398277670914985
0.55,2026091900,200,0.14826534021540205,-0.18161774414010715,0.48,0.02,0.3622149921326209
0.55,2026091900,201,-0.14851257171474078,0.3142918678683478,0.49,0.02,0.36260936779941283
0.55,2026091900,202,-0.6354409959066395,0.16417209687699003,0.48,0.01,0.39307582245865325
0.55,2026091900,203,0.062371414291418195,-0.3924187161534008,0.47,0.0,0.33981558865806105
0.55,2026091900,204,-0.1890674572769592,0.45093492953734254,0.43,0.0,0.35705995576038496
0.55,2026091900,205,0.6656636096250054,-0.941969285660212,0.63,0.01,0.3762088955957666
0.55,2026091900,206,-0.1996624695322776,-0.3336865267257153,0.63,0.02,0.3962191778420835
0.55,2026091900,207,-0.13982915525432074,0.25796712251624443,0.5,0.02,0.36542027625202755
0.55,2026091900,208,0.2703818655304951,-0.25814927752329736,0.54,0.03,0.36986962923135364
0.55,2026091900,209,0.12702804712443572,-0.540270673927165,0.57,0.01,0.3756701861777181
0.55,2026091900,210,-0.7343570269080449,0.3383214211813337,0.44,0.0,0.3907869457449826
0.55,2026091900,211,0.33194424622844954,-0.06178732138297169,0.53,0.01,0.34651610524982623
0.55,2026091900,212,-0.17035429543407768,0.1718262943410645,0.48,0.01,0.36877629257426875
0.55,2026091900,213,-0.3164507044314759,0.3455343519796172,0.39,0.01,0.3948923677271335
0.55,2026091900,214,-0.46674588052458577,0.366636248831807,0.43,0.01,0.3779272191726525
0.55,2026091900,215,-0.05810731197082077,-0.3239747387169041,0.53,0.01,0.38257571079005587
0.55,2026091900,216,0.038780097185146654,0.02098965066591909,0.46,0.01,0.3847314445200952
0.55,2026091900,217,-0.13090552902064234,-0.32992726526589145,0.51,0.01,0.3402517413010066
0.55,2026091900,218,-0.04179493770438745,-0.32839533361214485,0.53,0.02,0.3660558987408314
0.55,2026091900,219,0.5362228959431193,0.35849903403247746,0.45,0.0,0.36255241375612984
0.55,2026091900,220,0.4235697128354694,0.05744580147382585,0.48,0.01,0.3426800511665997
0.55,2026091900,221,-0.141498661043098,-0.28994726786653907,0.56,0.04,0.3578059504651334
0.55,2026091900,222,-0.22170928515924238,-0.05809718410964397,0.51,0.0,0.4254190416906733
0.55,2026091900,223,0.052673887061502035,0.2653161205100112,0.45,0.01,0.3605746701232706
0.55,2026091900,224,-0.009261289640260881,0.39449262514413985,0.41,0.0,0.3735157622951978
0.55,2026091900,225,0.850961693701331,-0.41428208195499616,0.62,0.0,0.39697534616703867
0.55,2026091900,226,-0.5619764305513335,0.3173071368285793,0.51,0.0,0.36744715835920827
0.55,2026091900,227,0.003731526536487486,-0.10043299336069991,0.47,0.02,0.3584320760282607
0.55,2026091900,228,-0.13660277064100912,0.6016925287399085,0.44,0.01,0.35431012922763544
0.55,2026091900,229,0.05328072939860899,0.1378908744285552,0.51,0.02,0.3946284113205582
0.55,2026091900,230,0.07401708952734007,-0.29905952114057494,0.53,0.03,0.3456076533494148
0.55,2026091900,231,0.31174284227672244,-0.18033343510279326,0.61,0.04,0.35571129968332144
0.55,2026091900,232,-0.04231248491086803,-0.2785402178352104,0.58,0.02,0.34844379752458926
0.55,2026091900,233,0.349538899842764,-0.01914729480422989,0.49,0.01,0.4000605758689283
0.55,2026091900,234,0.34994570325758945,0.1552150544584968,0.48,0.0,0.3726207047447517
0.55,2026091900,235,0.12145965316324751,0.19612798111184293,0.51,0.02,0.3522157272636992
0.55,2026091900,236,0.09744799543425266,0.12043651731341494,0.51,0.01,0.3482641303946385
0.55,2026091900,237,0.530867897569073,-0.10703805552685303,0.51,0.05,0.3879142769374723
0.55,2026091900,238,0.4911609243955978,-0.8807376588040655,0.65,0.01,0.3697126258842996
0.55,2026091900,239,-0.19881004327055343,-0.3647611368440634,0.57,0.02,0.39275745812708124
0.55,2026091900,240,0.38183313237103683,-0.5689346086908489,0.61,0.03,0.3743379278501135
0.55,2026091900,241,-0.09334061184263658,-0.03422014692094632,0.47,0.01,0.3753620244422409
0.55,2026091900,242,-0.0652681085738773,0.11561670507076878,0.48,0.01,0.37344626598043773
0.55,2026091900,243,0.37577598139668644,-0.3892696711121468,0.52,0.0,0.38037323160556225
0.55,2026091900,244,0.38171926988841265,-0.21290890918887498,0.51,0.01,0.35922331436145755
0.55,2026091900,245,0.350062038247987,-0.5825055886786278,0.53,0.02,0.38190957231558814
0.55,2026091900,246,0.2505777242312909,-0.6991037335308321,0.5,0.0,0.35343989658444463
0.55,2026091900,247,-0.17968821076135844,-0.3167807686385535,0.51,0.0,0.34852272648513355
0.55,2026091900,248,0.555604953620295,-0.008656003550552228,0.52,0.02,0.3694533732384036
0.55,2026091900,249,-0.13682416088209007,-0.02594857305955542,0.53,0.02,0.35240449167682447
0.55,2026091900,250,-0.05870054923618376,-0.08402892155742152,0.49,0.02,0.3604716379549639
0.55,2026091900,251,0.021830961303917783,0.029163380272213234,0.43,0.0,0.36342293851007523
0.55,2026091900,252,0.04536987924254724,0.1953066243358105,0.5,0.01,0.3867067838738481
0.55,2026091900,253,0.035776634393914736,0.08131446434728153,0.46,0.01,0.3623342583336161
0.55,2026091900,254,0.2776071452528261,-0.6489127368394485,0.58,0.01,0.3609886350677653
0.55,2026091900,255,0.41210942510312215,-0.129903621943758,0.46,0.0,0.36611183465933345
0.55,2026091900,256,0.4864404613052518,-0.7290132892019924,0.58,0.01,0.3547498083927769
0.55,2026091900,257,0.14395046814841073,-0.43675106257606283,0.61,0.03,0.35706925884719776
0.55,2026091900,258,0.04622423315929163,-0.07015280934043894,0.46,0.02,0.36986000535587366
0.55,2026091900,259,0.18320881893968488,0.002862251073223475,0.52,0.02,0.3342108772034836
0.55,2026091900,260,-0.4524868869480582,-0.07575608570262017,0.53,0.02,0.35869287324671967
0.55,2026091900,261,0.29455892021217095,-0.015817738900434964,0.53,0.04,0.3871353889025515
0.55,2026091900,262,-0.17837286971958022,0.2251083103209638,0.48,0.01,0.3737084103836315
0.55,2026091900,263,0.11812301530133543,-0.266613606885818,0.53,0.01,0.3868904179803805
0.55,2026091900,264,0.27903878902218104,-0.6593444266591668,0.61,0.0,0.37145020382030586
0.55,2026091900,265,-0.29660142196988665,-0.2554300847351199,0.53,0.04,0.3756732559382506
0.55,2026091900,266,-0.702694669156215,0.05121181373556003,0.49,0.02,0.3822877724812716
0.55,2026091900,267,0.6299109558527494,-0.12944669084394073,0.48,0.03,0.4093991890094378
0.55,2026091900,268,0.24055157190887147,-0.5343698658114314,0.5,0.0,0.36686564474003025
0.55,2026091900,269,0.07891095619984734,0.25716250443731703,0.45,0.0,0.3768983672471531
0.55,2026091900,270,0.06993840160128623,0.3596539375150495,0.47,0.02,0.37845305178482475
0.55,2026091900,271,-0.03969467265579192,-0.6317464483518352,0.6,0.0,0.35692128917803684
0.55,2026091900,272,-0.024286099271755138,0.07616710928840731,0.49,0.01,0.3747703539244435
0.55,2026091900,273,0.34061076934697015,-0.023538541659404614,0.49,0.01,0.35810048438058956
0.55,2026091900,274,0.21844883989881875,-0.21217343365936622,0.51,0.03,0.3939556311250506
0.55,2026091900,275,0.019952393929520716,0.11959877839865402,0.51,0.02,0.3832540424239179
0.55,2026091900,276,0.26840909087468334,0.09861442511055542,0.5,0.01,0.3635549495006181
0.55,2026091900,277,-0.44602124385982295,-0.08713189072731164,0.53,0.02,0.3593809353802158
0.55,2026091900,278,0.10431678763224732,-0.14420418649989086,0.5,0.0,0.40071388699472843
0.55,2026091900,279,0.30863530596051475,0.04111707017815799,0.46,0.01,0.3566205921528087
0.55,2026091900,280,-0.3479455482504497,-0.2389887991857442,0.55,0.02,0.33383091817547045
0.55,2026091900,281,0.019285172302922007,0.041063913085595004,0.47,0.01,0.37021545652865234
0.55,2026091900,282,0.7833099592183356,-0.8287540780165003,0.59,0.02,0.36882064702393164
0.55,2026091900,283,0.7171414757677111,-0.6240657095355683,0.59,0.01,0.36508258631340207
0.55,2026091900,284,0.010644468616539858,0.030146527030789502,0.51,0.01,0.3455002581595825
0.55,2026091900,285,0.36323084786640353,-0.13057685617428982,0.49,0.02,0.3756437490994922
0.55,2026091900,286,0.041148828251134244,-0.4417734914998494,0.55,0.0,0.38251499957156143
0.55,2026091900,287,0.40049726159142734,-0.5488943014408635,0.53,0.0,0.3744105042803902
0.55,2026091900,288,-0.4907662974143653,0.29322896525684583,0.42,0.0,0.36235994397507165
0.55,2026091900,289,-0.07163232667385619,-0.06026334670890712,0.51,0.01,0.3844964995457501
0.55,2026091900,290,0.2880838897378347,-0.09023895909994906,0.44,0.0,0.3755303284318314
0.55,2026091900,291,0.4877119470391694,-0.6611480167957644,0.55,0.01,0.36411869357291615
0.55,2026091900,292,-0.05765241216354505,-0.18661908202030794,0.51,0.02,0.35522144889115437
0.55,2026091900,293,0.22528606891193584,-0.0949005180551568,0.53,0.03,0.359993354104741
0.55,2026091900,294,-0.48426435155374575,0.3134282350700494,0.48,0.01,0.35556233422846406
0.55,2026091900,295,-0.6674622823532168,0.7568514187418939,0.46,0.04,0.4010794069810619
0.55,2026091900,296,-0.08026495674095986,0.12196358428729293,0.46,0.0,0.39613332357995895
0.55,2026091900,297,-0.2320144717929643,-0.32047054183580753,0.48,0.02,0.36241255933134214
0.55,2026091900,298,0.7568025299443003,-0.751868156592994,0.54,0.0,0.37301168800922496
0.55,2026091900,299,-0.23234393576667065,-0.02210143650864134,0.49,0.02,0.36287431613669824
0.55,2026091900,300,0.14068884231746345,-0.17078815999539604,0.52,0.03,0.3720998842501049
0.55,2026091900,301,0.42252123000134845,-0.22964250374041903,0.53,0.0,0.37247471186558845
0.55,2026091900,302,-0.05574374508102362,0.20191964603931342,0.47,0.03,0.3403537896651898
0.55,2026091900,303,-0.06053519877772556,-0.27647467087085403,0.54,0.03,0.3523582236137123
0.55,2026091900,304,0.009566516294694143,-0.21189521140316908,0.53,0.01,0.373255870292943
0.55,2026091900,305,-0.050823125001894204,-0.28444792256191326,0.5,0.01,0.3682139038445495
0.55,2026091900,306,-0.11331255773976114,-0.11745156667377249,0.51,0.01,0.40180899986564744
0.55,2026091900,307,0.055755778295897736,-0.0801890844696426,0.49,0.02,0.34234634691090415
0.55,2026091900,308,-0.458676736399173,0.3021231844035489,0.51,0.02,0.37879536547797726
0.55,2026091900,309,-0.6508626536649048,-0.08938459204044259,0.53,0.04,0.3764637686752404
0.55,2026091900,310,0.30604340005137937,0.4486682056641922,0.44,0.01,0.37598789256288667
0.55,2026091900,311,0.5113388993218907,0.1981922291666116,0.45,0.01,0.3485114405272446
0.55,2026091900,312,-0.27433202294884657,0.28894600048613567,0.49,0.01,0.37529352760746737
0.55,2026091900,313,-0.8542832834455809,0.15807261076419088,0.48,0.02,0.38730655357593236
0.55,2026091900,314,0.33289717581454525,-0.05451902552629159,0.49,0.0,0.349274182397789
0.55,2026091900,315,0.026460007257979166,-0.3381804636907477,0.53,0.01,0.3809881583344697
0.55,2026091900,316,0.147027398388114,0.10958629535228478,0.54,0.02,0.38689204716367137
0.55,2026091900,317,-0.5122115500951945,0.27109590957869717,0.51,0.02,0.35310193521903327
0.55,2026091900,318,-0.21272409937962558,-0.08748701122525356,0.53,0.02,0.347254854437219
0.55,2026091900,319,-0.10821412182713681,0.3142937027570245,0.44,0.0,0.35318462477032647
0.55,2026091900,320,-0.2663291848638455,0.4480594388025029,0.44,0.0,0.3723306113006384
0.55,2026091900,321,-0.7084214703020888,0.1559415815126267,0.51,0.02,0.370063393301594
0.55,2026091900,322,-0.41263873414451835,0.3119858756425178,0.43,0.01,0.394471433368807
0.55,2026091900,323,-0.41861816773808586,0.2366158719408145,0.48,0.02,0.3865152568726194
0.55,2026091900,324,-0.17002728414854448,-0.09162951388691892,0.53,0.01,0.3885250817927474
0.55,2026091900,325,-0.0637077188550375,-0.4085917221946937,0.53,0.01,0.34184157873868976
0.55,2026091900,326,-0.2874106137791147,0.16341505356923872,0.51,0.03,0.3789446511345581
0.55,2026091900,327,0.12398982265615449,-0.29505569062009396,0.56,0.03,0.3941457323210616
0.55,2026091900,328,0.587188701611397,-0.2110498844127822,0.51,0.0,0.34595403778874734
0.55,2026091900,329,-0.339759866794294,-0.16895752895236613,0.55,0.02,0.3712413447374494
0.55,2026091900,330,-0.6762101322343068,0.2132660425034922,0.49,0.0,0.38596267431440134
0.55,2026091900,331,0.05021014036443146,-0.31623266596764305,0.59,0.01,0.3874982957960167
0.55,2026091900,332,0.6256903106285351,-0.28980796857817354,0.52,0.02,0.3680465380855146
0.55,2026091900,333,0.11994821386689866,-0.4116746040982656,0.63,0.02,0.34918483669860345
0.55,2026091900,334,0.5518537344952168,-0.7592501257901481,0.59,0.03,0.40079236765913684
0.55,2026091900,335,-0.7208725258400739,0.8677632327301439,0.47,0.0,0.3708997415894943
0.55,2026091900,336,0.6731397426004853,-0.35536822084010244,0.49,0.01,0.3746259303716698
0.55,2026091900,337,0.3552826047394689,-0.32714186133750195,0.54,0.01,0.3621264958160243
0.55,2026091900,338,0.22390368931851617,-0.08798287506843415,0.51,0.01,0.3729417235929899
0.55,2026091900,339,-0.3874910071722488,-0.11283853245199017,0.5,0.0,0.3860698175981077
0.55,2026091900,340,0.057836883042400034,0.3345982686025576,0.46,0.0,0.38424413667871576
0.55,2026091900,341,0.34726068413204225,-0.30033807043171223,0.55,0.01,0.36641143449233965
0.55,2026091900,342,0.3574763343410452,-0.6159104783858391,0.57,0.0,0.3720153618334411
0.55,2026091900,343,0.39379685662961267,0.08989835680903083,0.47,0.01,0.37229931165299623
0.55,2026091900,344,-0.11646843433145884,-0.16976980980571688,0.53,0.03,0.3526800389457065
0.55,2026091900,345,0.5231486859156511,-0.332398547849148,0.57,0.0,0.38271591887966055
0.55,2026091900,346,-0.37687313530010547,0.31742010859072534,0.51,0.04,0.38057601336438446
0.55,2026091900,347,0.4332992411582385,-0.5400957271681374,0.58,0.01,0.3755853420719994
0.55,2026091900,348,-0.07068152629204733,-0.4402337640686669,0.52,0.0,0.34667017991301047
0.55,2026091900,349,-0.14329421983779939,-0.1358681111605464,0.51,0.03,0.37539015035342016
0.55,2026091900,350,-0.3506787538337485,-0.4226579514015505,0.53,0.01,0.3719726781029227
0.55,2026091900,351,0.38757398612870086,-0.6650212707327148,0.57,0.01,0.37593658796272345
0.55,2026091900,352,0.1778118329365569,-0.22195990273345667,0.55,0.01,0.36237085218190757
0.55,2026091900,353,0.73566429532309,0.09854120206629276,0.48,0.01,0.36316295740055965
0.55,2026091900,354,0.4697334165145471,-1.2895493816988874,0.64,0.0,0.35440553612416836
0.55,2026091900,355,0.1525628885611399,-0.031880458610055305,0.49,0.01,0.37949591324180176
0.55,2026091900,356,0.47170152272469634,-0.6200114730651388,0.59,0.02,0.35368546861436295
0.55,2026091900,357,-0.8288626232810246,0.14861866385702074,0.44,0.0,0.3795567772013342
0.55,2026091900,358,-0.056188990733237416,-0.5338273103447165,0.52,0.0,0.36842768475033566
0.55,2026091900,359,-0.5699527503994143,0.009433734779945505,0.49,0.0,0.39663611957156997
0.55,2026091900,360,0.5249948138098585,-0.6788778186644134,0.57,0.01,0.3797597515068032
0.55,2026091900,361,-0.226820056636749,-0.2586627576038295,0.53,0.01,0.3764325749244722
0.55,2026091900,362,0.29197783007894157,-0.6482131120505049,0.56,0.03,0.36349939116416585
0.55,2026091900,363,-0.30238507490503236,-0.3482476922772337,0.58,0.02,0.37921428382572775
0.55,2026091900,364,0.7233678206120885,-0.6896093504981257,0.61,0.0,0.38352999750808736
0.55,2026091900,365,0.7308938473992711,-0.860815801014217,0.61,0.0,0.3579876077636825
0.55,2026091900,366,0.23775045281031917,0.2185416693367305,0.55,0.02,0.3716892090969348
0.55,2026091900,367,0.12929299975732056,-0.3220394543225803,0.52,0.01,0.3740569769053335
0.55,2026091900,368,0.49081257262915473,-0.37669019887537636,0.55,0.0,0.38329237267128674
0.55,2026091900,369,0.035941145447776955,0.34273579777322394,0.41,0.02,0.37232364457590933
0.55,2026091900,370,-0.08873034115434875,0.12424175692265457,0.48,0.01,0.371731066034598
0.55,2026091900,371,-0.21847297083185205,-0.12646511077378905,0.52,0.01,0.35806612440100083
0.55,2026091900,372,0.21645488044405628,-0.21937865994625905,0.49,0.01,0.3624457727587685
0.55,2026091900,373,0.3515233644342564,-0.45071390702913305,0.54,0.01,0.38856281175840457
0.55,2026091900,374,-0.5475469278788735,0.2559173293120101,0.51,0.01,0.351783525916441
0.55,2026091900,375,0.2877397006224651,-0.6977758211902302,0.51,0.01,0.3507668842584652
0.55,2026091900,376,0.10743712741718532,-0.14578031627629298,0.48,0.01,0.37661595740505066
0.55,2026091900,377,0.17060933446207507,0.11912992620081864,0.47,0.01,0.3748952388808899
0.55,2026091900,378,-0.12197359205052237,-0.17648001213624248,0.52,0.02,0.3647730345647931
0.55,2026091900,379,0.297337880434095,-0.630157455902366,0.61,0.01,0.35883554341930685
0.55,2026091900,380,0.0559574367454973,0.14336837723307455,0.53,0.01,0.379888585302504
0.55,2026091900,381,0.15716146275464282,-0.27893909317597937,0.53,0.0,0.3354937433220521
0.55,2026091900,382,-0.12283102460560719,0.1249347900206638,0.5,0.0,0.3531739640571068
0.55,2026091900,383,0.16254587515943705,0.09630604134796769,0.5,0.02,0.3741943496686874
0.55,2026091900,384,-0.15636177472727883,0.11151911180022613,0.53,0.01,0.37678055950219574
0.55,2026091900,385,0.2788132342409406,-0.6733257697542685,0.55,0.01,0.37225159079971964
0.55,2026091900,386,-0.27073510924948047,0.6913272897309879,0.39,0.02,0.3650744233665608
0.55,2026091900,387,-0.20366826223386245,0.06737832336275637,0.51,0.03,0.3776916529936589
0.55,2026091900,388,0.39688788760978716,-0.3126782381422214,0.55,0.02,0.3641829581199677
0.55,2026091900,389,-0.5003263559256871,0.5136786994357251,0.43,0.01,0.37542234056313506
0.55,2026091900,390,0.8445230709272724,-0.5207109054240866,0.59,0.02,0.3701151442901005
0.55,2026091900,391,0.272334060743873,-0.8049576051565688,0.62,0.0,0.3701066257009369
0.55,2026091900,392,-0.41363028149036024,-0.05060411810745295,0.51,0.0,0.38962910969537584
0.55,2026091900,393,0.32374081667707694,0.13519388289235526,0.52,0.03,0.36665984910877464
0.55,2026091900,394,-0.03823629901846167,-0.11923839408815037,0.54,0.04,0.38804063059656235
0.55,2026091900,395,-0.47173749537810844,0.15028678781796997,0.49,0.02,0.3473208914231639
0.55,2026091900,396,0.2995363148195871,-0.4345487719230408,0.49,0.0,0.396585288175191
0.55,2026091900,397,-0.1396103644046935,-0.2190644138087002,0.47,0.0,0.3769191875623401
0.55,2026091900,398,-0.2068794620110824,-0.04589964534371926,0.49,0.0,0.33743259712181745
0.55,2026091900,399,0.0877356549059429,-0.4186153686867634,0.54,0.01,0.3563943107337764
0.55,2026091900,400,0.9784502678814512,-0.6608945864723078,0.58,0.0,0.40628123029900176
0.55,2026091900,401,-0.27661822020300597,0.07770229137105081,0.49,0.0,0.34572759397591696
0.55,2026091900,402,0.4285344235160272,-0.17993400958717923,0.58,0.03,0.3763433717373957
0.55,2026091900,403,-0.547688071333808,0.0054594721541890425,0.45,0.01,0.3880424435293834
0.55,2026091900,404,0.12333314640540846,0.28211761720104317,0.46,0.01,0.3907266172269348
0.55,2026091900,405,0.157036210615939,-0.17040106569284663,0.54,0.02,0.34383368234765305
0.55,2026091900,406,0.022646391797660644,-0.3834008155036724,0.53,0.0,0.3682823500414268
0.55,2026091900,407,0.2698360802315263,-0.7964765283391135,0.58,0.0,0.37729149258400774
0.55,2026091900,408,-0.60494068528564,0.2716662005767983,0.43,0.0,0.3876083142481276
0.55,2026091900,409,0.08369601988875358,0.14996600086784265,0.53,0.01,0.3635678932084442
0.55,2026091900,410,-0.30869752170897774,-0.1873628159634346,0.56,0.01,0.3954343942247642
0.55,2026091900,411,0.19614742400972893,-0.08516629116308304,0.55,0.0,0.3880271023016518
0.55,2026091900,412,0.5890385677341506,-0.439027828715604,0.48,0.03,0.36458388426228383
0.55,2026091900,413,-0.36539312798367496,-0.11532710584135003,0.52,0.02,0.346192317412591
0.55,2026091900,414,0.17621745744600506,-0.42645908218132816,0.55,0.01,0.383496856866133
0.55,2026091900,415,-0.01616356649102746,0.2804680018017576,0.4,0.01,0.3758810989234918
0.55,2026091900,416,0.26254180595853543,0.24888714586616584,0.46,0.01,0.3649014236406345
0.55,2026091900,417,-0.055815289549723215,-0.29342196656669867,0.53,0.01,0.3547353505521135
0.55,2026091900,418,-0.18547430914535362,0.03871376182962283,0.55,0.02,0.3802328423660997
0.55,2026091900,419,0.4668471957064465,-0.3882780342954829,0.51,0.02,0.3885437373732931
0.55,2026091900,420,-0.22189404762759746,0.46778034168026816,0.46,0.03,0.34403366386700257
0.55,2026091900,421,-0.05066992151184533,0.6731914852564959,0.41,0.02,0.3689831365616347
0.55,2026091900,422,0.07441338421311636,-0.6488498127089427,0.53,0.01,0.36025471558977934
0.55,2026091900,423,0.03877017868850741,0.07013691792168024,0.5,0.0,0.38568750009818376
0.55,2026091900,424,-0.12946934918603084,0.26317016941591465,0.44,0.02,0.3755874435148906
0.55,2026091900,425,-0.6646631774162489,0.12596500547147071,0.42,0.01,0.3506371444614995
0.55,2026091900,426,-0.19158181658619258,-0.8528092696173547,0.57,0.02,0.36798496774456707
0.55,2026091900,427,0.48945430933492007,-0.11729680740682998,0.49,0.02,0.387823526886022
0.55,2026091900,428,0.20674690993829956,-0.2314642965585696,0.52,0.02,0.3602878131826339
0.55,2026091900,429,0.2512399857811657,-0.43014629411640115,0.53,0.01,0.37543570882144417
0.55,2026091900,430,0.35351236486395143,0.41884066586187463,0.47,0.0,0.3600443108880695
0.55,2026091900,431,-0.010859187129789994,0.3844441149884116,0.42,0.0,0.34730189526083394
0.55,2026091900,432,0.27942569068774414,0.12665424870315067,0.48,0.0,0.37878893343224923
0.55,2026091900,433,-0.46179259786309307,0.1698415625265423,0.49,0.03,0.3823290495817908
0.55,2026091900,434,0.39009386483672254,-0.3235042078874232,0.58,0.03,0.3586968451991435
0.55,2026091900,435,-0.1409623747346062,-0.49837311485970853,0.57,0.0,0.4096516054349012
0.55,2026091900,436,-0.06854398434811536,-0.23796312705969191,0.53,0.02,0.37311322218861226
0.55,2026091900,437,0.30863193465857947,0.12081862464624876,0.48,0.04,0.34731100739976617
0.55,2026091900,438,0.3778603753275511,0.16998242402417396,0.46,0.01,0.3395881151763934
0.55,2026091900,439,-0.15706298876508262,0.10836889417197576,0.5,0.01,0.35794197371599024
0.55,2026091900,440,0.40289469563468294,-0.5186985291954764,0.59,0.02,0.3752698319947963
0.55,2026091900,441,-0.2127514884216637,-0.3314116153951297,0.57,0.0,0.3985137152905891
0.55,2026091900,442,0.21293435481916684,-0.23883157138771388,0.58,0.02,0.3757114397420297
0.55,2026091900,443,0.48679039455479306,-0.48337619739630183,0.6,0.03,0.40383459117885523
0.55,2026091900,444,-0.20117199831015686,-0.0627320080940504,0.47,0.01,0.3476109019063082
0.55,2026091900,445,0.09470626158101333,-0.42548759255757573,0.55,0.05,0.37455274488564155
0.55,2026091900,446,-0.03754610619742335,0.09074158823225914,0.47,0.03,0.3706958911777833
0.55,2026091900,447,0.43295205839967194,-0.5701891256891478,0.54,0.01,0.3825988620234984
0.55,2026091900,448,-0.38012258766359075,0.1629065333145337,0.53,0.01,0.3516931284589615
0.55,2026091900,449,0.0590544440965024,-0.3575106791646516,0.52,0.0,0.3588275859416184
0.55,2026091900,450,0.2897210387048009,0.19419177019634962,0.52,0.03,0.38263179176334255
0.55,2026091900,451,0.0014795046582662108,0.17253778042629125,0.46,0.0,0.34485391889715755
0.55,2026091900,452,-0.14162284897614186,0.13714999497338143,0.46,0.02,0.3516283116742775
0.55,2026091900,453,0.14132573636828138,-0.2696639660699544,0.52,0.0,0.3609255593407071
0.55,2026091900,454,0.22549317615207187,-0.8594312349390143,0.61,0.01,0.37512076489766927
0.55,2026091900,455,-0.024402948770376933,0.01258253031065788,0.47,0.01,0.36494727154620127
0.55,2026091900,456,0.517262302045399,-0.3713057202766955,0.58,0.02,0.37013815893520546
0.55,2026091900,457,-0.0019916700053152513,-0.07768082688127037,0.59,0.03,0.380330504479029
0.55,2026091900,458,-0.023258638480378013,0.5400829200823853,0.43,0.01,0.3598332339299056
0.55,2026091900,459,0.5580588407851598,-0.8917783480593928,0.6,0.01,0.3972241911426518
0.55,2026091900,460,0.16325371637627448,-0.03014240303207919,0.55,0.01,0.35030670463977226
0.55,2026091900,461,0.6928119832368361,-0.5388405553498771,0.56,0.01,0.34518877915908286
0.55,2026091900,462,-0.3155741402865137,0.025189318286461253,0.52,0.01,0.3669049803854947
0.55,2026091900,463,-0.13564644916569088,-0.2118891282422114,0.49,0.03,0.379546840251869
0.55,2026091900,464,-0.4966866589357344,0.14746816743634766,0.51,0.03,0.3716362320056277
0.55,2026091900,465,0.3461599886353769,0.44733451036288857,0.49,0.01,0.37802392029727305
0.55,2026091900,466,0.00877097346363577,-0.06702302649281601,0.5,0.0,0.3944791668720572
0.55,2026091900,467,0.28876515288947835,-0.5578495110705339,0.57,0.02,0.37233730339068566
0.55,2026091900,468,-0.3284639212793807,0.03244393074597134,0.49,0.02,0.3703752670734368
0.55,2026091900,469,-0.2515031981735455,0.16197787118113807,0.46,0.0,0.37610236104955463
0.55,2026091900,470,0.17855694791325796,-0.20076377175591226,0.5,0.02,0.37498620363354734
0.55,2026091900,471,-0.4104802938239993,-0.05456623240052643,0.47,0.01,0.3515649625247162
0.55,2026091900,472,0.02376511123044887,0.3748536623707666,0.42,0.01,0.38900196857113356
0.55,2026091900,473,0.4044050143154395,-0.2711273912144097,0.58,0.02,0.3667363432085389
0.55,2026091900,474,0.39100131633030666,-0.5307172592936792,0.56,0.0,0.37517708806220545
0.55,2026091900,475,-0.002291893238368521,-0.07458685186124538,0.5,0.05,0.39898392699497714
0.55,2026091900,476,0.21876359796815212,-0.20908246987333373,0.53,0.02,0.37816488840039875
0.55,2026091900,477,0.09387764678524853,-0.0875127533525607,0.51,0.01,0.3529962640738008
0.55,2026091900,478,-0.018389326785592373,0.39852970814853117,0.46,0.0,0.3671042865275788
0.55,2026091900,479,0.1374265892511733,-0.16469083734242715,0.55,0.02,0.35939910818015264
0.55,2026091900,480,0.3557634526654078,-0.2737170895727549,0.51,0.02,0.3534499422371375
0.55,2026091900,481,0.0785978524318936,0.22646882639363355,0.49,0.02,0.36516734003046303
0.55,2026091900,482,-0.17104107166272114,-0.676935709454158,0.61,0.03,0.369761479909344
0.55,2026091900,483,0.30379180578932913,0.15155242584927414,0.5,0.05,0.37153787879028877
0.55,2026091900,484,0.3156726499294479,-0.6059379838771356,0.55,0.01,0.3752313675200882
0.55,2026091900,485,0.07997160937498324,-0.1351967587487656,0.52,0.0,0.38480860670354156
0.55,2026091900,486,-0.3802091683699115,0.1471704048222302,0.47,0.0,0.3800881605691282
0.55,2026091900,487,0.24875819145306483,-0.39436500341191505,0.54,0.03,0.37447823027476806
0.55,2026091900,488,-0.4425210269022422,0.41962429944561214,0.4,0.01,0.38355082069822777
0.55,2026091900,489,-0.1630754311827182,0.031595366726800536,0.5,0.0,0.3863271685857268
0.55,2026091900,490,-0.337593640561151,-0.05699490051427307,0.46,0.0,0.407860753010054
0.55,2026091900,491,0.4034185762554487,-0.15158006871795032,0.52,0.01,0.3675705954421691
0.55,2026091900,492,0.04749424766482193,-0.15593363940693938,0.5,0.01,0.3874890830792491
0.55,2026091900,493,0.3038117569425259,-0.742312023298586,0.57,0.01,0.3779278458988853
0.55,2026091900,494,0.20164309349406093,-0.20803195538635116,0.54,0.0,0.3575537356149681
0.55,2026091900,495,-0.2974336328668381,0.18338621624599638,0.47,0.03,0.3789208897762435
0.55,2026091900,496,0.5152334587456957,-0.4203171771474608,0.54,0.03,0.3903528042992152
0.55,2026091900,497,-0.14652418363244257,0.17178992119412534,0.49,0.0,0.384599943001225
0.55,2026091900,498,0.39692930407391214,-0.4586437438427879,0.5,0.02,0.3724921216383298
0.55,2026091900,499,-0.5112846659864918,0.6687816472772571,0.46,0.01,0.36213898288871477
0.55,2026101900,0,0.1467963608390154,-0.3769673904204003,0.49,0.01,0.3794580926977231
0.55,2026101900,1,-0.021787636731753084,0.23395855514534053,0.41,0.0,0.3823355863572552
0.55,2026101900,2,0.019494465202635994,-0.1756062021583645,0.48,0.0,0.39423331009363627
0.55,2026101900,3,-0.05842149521438448,-0.12447002943343578,0.51,0.0,0.3490617569264961
0.55,2026101900,4,0.05031143373037919,-0.15610316498764984,0.58,0.01,0.3824252539007515
0.55,2026101900,5,0.10061686046007974,0.02247568446429158,0.5,0.03,0.3782487743346983
0.55,2026101900,6,0.24560203785109905,-0.4408264842224442,0.51,0.02,0.3740035234346413
0.55,2026101900,7,-0.32469911560495857,0.059341030391026346,0.49,0.01,0.38467970111527683
0.55,2026101900,8,0.15080034225054917,-0.027402760118355466,0.53,0.01,0.3602209924644329
0.55,2026101900,9,1.0499445467234247,-1.001595966293692,0.6,0.0,0.3678227091677572
0.55,2026101900,10,0.05157227872243666,-0.6744241465842155,0.6,0.0,0.3880361699200109
0.55,2026101900,11,0.3486301966532934,-0.4235566342800624,0.52,0.02,0.37144162914778794
0.55,2026101900,12,-0.10147617557687283,-0.026107073094225663,0.53,0.01,0.39456472242035756
0.55,2026101900,13,0.14769307717874336,-0.7844499885546042,0.58,0.0,0.36213930890334484
0.55,2026101900,14,-0.1921346296980678,-0.06633288397082589,0.53,0.04,0.37762204373147534
0.55,2026101900,15,-0.1523205436779042,0.23765400204199552,0.46,0.0,0.3698346749555316
0.55,2026101900,16,0.6638982670231632,-0.2059734606440405,0.53,0.02,0.35655240634680097
0.55,2026101900,17,0.11755033794760507,-0.15858321504878684,0.47,0.01,0.3796893486062337
0.55,2026101900,18,0.210078088710066,-0.3958965128838468,0.51,0.0,0.37166489346124776
0.55,2026101900,19,-0.4750721531547814,0.20325828930923276,0.56,0.03,0.37427675499087765
0.55,2026101900,20,0.12099100962396037,-0.3127005053277269,0.52,0.02,0.38591512754876833
0.55,2026101900,21,0.25364542105105936,-0.13088258609887343,0.43,0.03,0.3585951194126176
0.55,2026101900,22,0.3142617403991161,-0.4772314382100516,0.56,0.04,0.3420273561793142
0.55,2026101900,23,0.5596874316120423,-0.8579146432530911,0.57,0.03,0.38579861211230204
0.55,2026101900,24,-0.04498821885646162,-0.32648493724011973,0.58,0.01,0.35653071815427195
0.55,2026101900,25,0.3581606603973027,0.10197599942252872,0.47,0.02,0.38734824928454564
0.55,2026101900,26,0.26866558448085853,0.3242142884304595,0.44,0.03,0.3740130000079689
0.55,2026101900,27,0.2594687880942869,-0.7213272998864704,0.57,0.01,0.36660509208076975
0.55,2026101900,28,-0.35511108014546344,0.041684545062430696,0.51,0.02,0.377446688261421
0.55,2026101900,29,-0.29139719614808907,0.24668397613516904,0.41,0.0,0.37794936539071267
0.55,2026101900,30,0.3454436370285304,-0.2639511251127777,0.5,0.01,0.388023547863129
0.55,2026101900,31,-0.5203390626203496,0.4741762010435782,0.41,0.0,0.37813000906599714
0.55,2026101900,32,0.12610777528671738,-0.15789690713395094,0.51,0.02,0.3493085132867158
0.55,2026101900,33,0.08068323116434747,-0.2895431447096076,0.56,0.02,0.3472421717620317
0.55,2026101900,34,0.3547186320576893,-0.028839590357610786,0.53,0.02,0.41037513946259
0.55,2026101900,35,-0.1634375670546092,0.2383639474274361,0.44,0.0,0.3643152778207426
0.55,2026101900,36,0.09085184369275494,0.1965783230035001,0.47,0.01,0.3641160998695576
0.55,2026101900,37,0.14673241471986254,-0.623246238388433,0.57,0.02,0.34396754918809647
0.55,2026101900,38,0.32483879272288685,-0.09157652826956415,0.54,0.0,0.386847465691843
0.55,2026101900,39,0.5066055897000907,-0.6489070946704684,0.58,0.0,0.3538582443754839
0.55,2026101900,40,0.155868093799365,-0.056021698739503425,0.48,0.01,0.36085572985934034
0.55,2026101900,41,0.1445873936764729,0.28287725279088344,0.49,0.02,0.36197851487215216
0.55,2026101900,42,-0.7808458623388285,0.21984237357328237,0.44,0.01,0.39126737470972084
0.55,2026101900,43,0.2859214513526304,-0.28944211502076816,0.52,0.05,0.3795473276109261
0.55,2026101900,44,0.12055694513172746,0.05135855192315545,0.51,0.0,0.33646619283612517
0.55,2026101900,45,-0.1516561199022578,0.03141732222109515,0.5,0.03,0.3530786725063742
0.55,2026101900,46,0.08833561262422117,-0.19809051417904938,0.54,0.03,0.36137153586035153
0.55,2026101900,47,0.2583870238004016,-0.18785450631573938,0.57,0.01,0.3792163544994795
0.55,2026101900,48,0.5764969836010816,-0.5346053418739511,0.58,0.01,0.3501057011951477
0.55,2026101900,49,-0.020840386794123478,-0.10045692669724289,0.53,0.02,0.37076757182205755
0.55,2026101900,50,-0.15658801781787623,0.03499438133808967,0.52,0.0,0.36713625255377047
0.55,2026101900,51,0.36703806836707137,-0.2834417052480863,0.53,0.0,0.3538031329544485
0.55,2026101900,52,-0.009826817154539395,-0.09933302539269973,0.53,0.01,0.37705742666291486
0.55,2026101900,53,0.18049286369778142,-0.06967322917438673,0.46,0.01,0.36350508900507966
0.55,2026101900,54,0.1528231358614103,0.07279123867532712,0.46,0.03,0.3829832946756753
0.55,2026101900,55,0.23919160802699374,0.3972484141598636,0.45,0.0,0.3654678434897381
0.55,2026101900,56,0.6810602094539253,-0.3200039178815247,0.5,0.02,0.3556281379280534
0.55,2026101900,57,0.13052439743302768,-0.4896088615060401,0.56,0.03,0.3985776608807548
0.55,2026101900,58,0.21755619415028035,-0.10093970512551861,0.52,0.0,0.36627179302848845
0.55,2026101900,59,-0.05928762259278658,-0.05751808662892884,0.47,0.0,0.37006759734715333
0.55,2026101900,60,-0.13232045531453715,0.3865404003033636,0.44,0.01,0.3520527000342452
0.55,2026101900,61,-0.15590655773918718,0.04926413701935275,0.51,0.0,0.3812544321499238
0.55,2026101900,62,-0.04593367160925887,-0.042499537285789674,0.51,0.01,0.388745497046717
0.55,2026101900,63,-0.6655857339291208,0.06278824896348931,0.49,0.03,0.3997316144420672
0.55,2026101900,64,0.4962519774093879,0.16697876512592832,0.47,0.0,0.38644785208713095
0.55,2026101900,65,0.13562878849012697,-0.3133505525240994,0.49,0.01,0.35659010270624497
0.55,2026101900,66,1.5961680913521014e-05,0.26614635525279573,0.47,0.0,0.37385234690746777
0.55,2026101900,67,0.24559461882556274,-0.7057871357124951,0.6,0.0,0.3848085934934386
0.55,2026101900,68,-0.1807260495702274,0.3844162515755299,0.44,0.01,0.35460252382212964
0.55,2026101900,69,-0.4934069242896691,0.049346351676424226,0.52,0.02,0.3472197804243433
0.55,2026101900,70,-0.09739124976787916,-0.1577233648935765,0.5,0.01,0.35042915735025765
0.55,2026101900,71,0.3623586116816484,0.21898514732841776,0.5,0.0,0.3877548973701079
0.55,2026101900,72,0.4532915230799117,0.3135471421520736,0.53,0.0,0.3867789872127459
0.55,2026101900,73,-0.2981896454016409,0.13882717950433043,0.46,0.0,0.35494951129038194
0.55,2026101900,74,0.2076223241242566,-0.4573134651458686,0.54,0.0,0.37390520855741727
0.55,2026101900,75,-0.19860515277792257,-0.07789663323388214,0.53,0.01,0.36821048005702744
0.55,2026101900,76,-0.20349508964808877,0.030640768687816906,0.48,0.02,0.36340129811897043
0.55,2026101900,77,-0.18391913404051416,0.18191396547109343,0.47,0.0,0.3768330695239061
0.55,2026101900,78,0.15746420093700972,-0.05139114237643721,0.53,0.01,0.37208342518555554
0.55,2026101900,79,0.07078729092161179,0.21922964071777806,0.51,0.03,0.385627213817737
0.55,2026101900,80,-0.012891792872272578,-0.3392003331473077,0.57,0.03,0.38626800075933
0.55,2026101900,81,0.02186853088780821,-0.46984706300760337,0.51,0.01,0.3576731196394548
0.55,2026101900,82,0.6049922501871372,-0.3708943536792964,0.49,0.01,0.3535513966472792
0.55,2026101900,83,-0.06654953214956728,0.20697540214891127,0.51,0.0,0.3709947931278993
0.55,2026101900,84,-0.140686955115516,0.08833180367522012,0.47,0.02,0.3590888447819872
0.55,2026101900,85,-0.35642435834177616,-0.12346310605620497,0.55,0.0,0.3747024876975315
0.55,2026101900,86,0.09176955883882577,-0.15716227427150317,0.53,0.02,0.3649799901036815
0.55,2026101900,87,-0.4458437452536789,0.022110991026067818,0.54,0.0,0.38197978435405794
0.55,2026101900,88,0.5379217202698979,-0.6918230636382648,0.56,0.02,0.39299201762478325
0.55,2026101900,89,0.10146126638041704,-0.21723188077734584,0.56,0.02,0.3596476271350248
0.55,2026101900,90,-0.15951851371632092,-0.10134378497895495,0.53,0.04,0.3706293758774399
0.55,2026101900,91,0.39473746540251986,-0.01261298587678418,0.53,0.03,0.3516080643461571
0.55,2026101900,92,0.24644090933316373,-0.3580483791419382,0.53,0.02,0.37197138987188955
0.55,2026101900,93,0.5260534528077607,-0.3284213518007582,0.55,0.0,0.364517253213669
0.55,2026101900,94,0.5944592808824575,-0.14081925613253932,0.51,0.0,0.35906945584502314
0.55,2026101900,95,-0.08034794669736471,-0.31021818572188925,0.54,0.02,0.376198872154017
0.55,2026101900,96,-0.34685971288401773,-0.3347080850608202,0.56,0.02,0.38712683671775766
0.55,2026101900,97,0.7697775919644296,-0.23588950710876488,0.61,0.04,0.3707508469972624
0.55,2026101900,98,0.11601502990502738,-0.1462114688937164,0.58,0.04,0.35811653729338144
0.55,2026101900,99,-0.21558325427328037,0.3480716028460787,0.46,0.0,0.37408891114193304
0.55,2026101900,100,-0.6164015259842488,0.4358401487145944,0.48,0.02,0.371420246811833
0.55,2026101900,101,0.1622692690977363,0.3088121953756858,0.48,0.01,0.3584141182883748
0.55,2026101900,102,0.2594019072448732,0.15761610306547916,0.43,0.02,0.3741833357177956
0.55,2026101900,103,0.21168155058377167,-0.4896452657848778,0.6,0.0,0.3417908411931918
0.55,2026101900,104,-0.2759701586002575,0.19848898000286322,0.49,0.0,0.3535558411813686
0.55,2026101900,105,0.738681760694943,0.36312269457994445,0.48,0.01,0.3514136364662268
0.55,2026101900,106,-0.33535327615121063,-0.19924263674620024,0.52,0.03,0.3593130550415543
0.55,2026101900,107,0.0348218582854146,-0.27055751424667074,0.53,0.01,0.3355418371707215
0.55,2026101900,108,0.7428299916041645,-0.5610527927013012,0.54,0.0,0.34668573262819147
0.55,2026101900,109,0.3348315821751776,0.027264123109904937,0.5,0.01,0.398757163254078
0.55,2026101900,110,0.4201467957784665,-0.5933192174801808,0.57,0.01,0.362224552652761
0.55,2026101900,111,-0.17034900583967477,-0.08941121643978661,0.46,0.01,0.3665926105804842
0.55,2026101900,112,0.44741169564624994,0.08003353093678003,0.45,0.02,0.3496165408422543
0.55,2026101900,113,0.5525998657897214,-0.37716141716759904,0.51,0.01,0.36020381650746985
0.55,2026101900,114,-0.07550967521551973,0.11231674304165602,0.47,0.01,0.37516531456018826
0.55,2026101900,115,-0.3204293322312596,0.3478620361982294,0.42,0.01,0.38910391076908174
0.55,2026101900,116,-0.18003048107208477,0.021060225239907283,0.46,0.01,0.3873687762992794
0.55,2026101900,117,1.222342021380746,-0.9608885293716893,0.67,0.02,0.3527865409281425
0.55,2026101900,118,0.006741002506732412,-0.06802292254000797,0.51,0.01,0.3540587811373914
0.55,2026101900,119,0.44807565230285057,0.0017999530938418839,0.45,0.01,0.37526674966716556
0.55,2026101900,120,0.24194093469367794,0.25950714866614716,0.48,0.02,0.37404954431638415
0.55,2026101900,121,0.14426695527838282,-0.2382684482034319,0.49,0.01,0.369038113302594
0.55,2026101900,122,-0.0775011019841231,-0.508553062469296,0.55,0.01,0.38579355962787026
0.55,2026101900,123,0.32101675944034314,0.09160327933848976,0.51,0.02,0.3975659201228829
0.55,2026101900,124,0.0024443036399410976,-0.24243801516022445,0.58,0.03,0.36871675533308157
0.55,2026101900,125,0.07233950445936431,0.07201626864720503,0.53,0.0,0.3831017949053895
0.55,2026101900,126,0.4628407469484271,-0.02894105295729023,0.51,0.0,0.3793907476519967
0.55,2026101900,127,-0.15720300622690053,-0.21226455279370232,0.51,0.0,0.37553965383420257
0.55,2026101900,128,0.12594344042303057,0.0030638616835798804,0.57,0.03,0.3803892790356464
0.55,2026101900,129,0.4975409823783908,-0.6398181157683378,0.59,0.02,0.3637219648791165
0.55,2026101900,130,0.10523251656928431,0.09356124554366968,0.49,0.01,0.3748174359866723
0.55,2026101900,131,0.017751571826389947,-0.00867036995270614,0.49,0.01,0.36872122543476815
0.55,2026101900,132,0.40845818463083966,-0.07980472367090245,0.54,0.02,0.36985542371479774
0.55,2026101900,133,-0.07917065861721363,0.188103508907061,0.46,0.01,0.3911849336809112
0.55,2026101900,134,0.20066260773439817,0.21362203781256184,0.53,0.0,0.3973561120562574
0.55,2026101900,135,0.22406854378112992,-0.37623072416643444,0.54,0.01,0.3639344178408186
0.55,2026101900,136,0.18304782668180142,0.08230682120024206,0.5,0.01,0.35893378709926177
0.55,2026101900,137,0.3716571094656163,-0.41017317996676295,0.56,0.0,0.3681835095401087
0.55,2026101900,138,0.22334081968697717,0.22274911882593695,0.47,0.0,0.35537198625922306
0.55,2026101900,139,0.41549179051692825,-0.18950157251853675,0.49,0.0,0.39873212376418526
0.55,2026101900,140,0.11977124903245169,-0.8382519544359317,0.64,0.02,0.3737015219642077
0.55,2026101900,141,0.4210784457657498,-0.2450472814638404,0.54,0.01,0.36727966830193404
0.55,2026101900,142,0.33454020206910245,-0.11753647654420457,0.56,0.02,0.35599265676415526
0.55,2026101900,143,-0.022589886029229077,-0.13011128489290036,0.54,0.0,0.3528850016724646
0.55,2026101900,144,-0.14868872426979168,0.43298542181841015,0.43,0.0,0.38917574080935147
0.55,2026101900,145,-0.44143911729935703,0.271798246856233,0.46,0.01,0.39196402768792943
0.55,2026101900,146,0.6342337560136369,0.13236241457290834,0.52,0.01,0.3703018105423365
0.55,2026101900,147,0.26926601500768216,-0.061688141411958546,0.54,0.01,0.37528689388705344
0.55,2026101900,148,-0.09133264709635303,-0.4179503288941263,0.56,0.03,0.41880935103142636
0.55,2026101900,149,0.208357407396819,-0.09144945928792794,0.51,0.01,0.3613428769563996
0.55,2026101900,150,-0.35389261574596714,0.9230647106271992,0.38,0.01,0.3833826376947631
0.55,2026101900,151,-0.39064358213571504,-0.014514246471488572,0.5,0.01,0.3720708625178293
0.55,2026101900,152,0.6855280472807779,-0.3936255018841079,0.59,0.02,0.3950598011075085
0.55,2026101900,153,0.04655199892728876,-0.27802317635397794,0.58,0.02,0.37729368620115994
0.55,2026101900,154,0.12109307582809051,-0.018545455839554453,0.52,0.01,0.379323610040166
0.55,2026101900,155,-0.0901843650672985,0.07912138819923227,0.5,0.0,0.38080112853442927
0.55,2026101900,156,0.29453107378297166,0.10292206553760253,0.5,0.06,0.3372215477481906
0.55,2026101900,157,0.6157315073861791,-0.5680810545051093,0.57,0.02,0.36910702787753685
0.55,2026101900,158,-0.642255511644601,0.29159184500217156,0.53,0.02,0.37658581459626816
0.55,2026101900,159,0.2301039034609157,-0.3114494983284471,0.53,0.02,0.3622067787710251
0.55,2026101900,160,0.2540155104845519,-0.35213853915997584,0.55,0.01,0.3814377649590346
0.55,2026101900,161,0.10709619387271319,-0.8427941886316035,0.59,0.01,0.36318116802015354
0.55,2026101900,162,-0.24491259144872074,0.2567725938014809,0.5,0.03,0.3786994984314122
0.55,2026101900,163,0.268718035523612,-0.6680339929714245,0.6,0.01,0.32986077014342946
0.55,2026101900,164,-0.2007514432259692,0.39084392496118325,0.46,0.01,0.3658615444439738
0.55,2026101900,165,0.17956325558647343,-0.35816484900709766,0.5,0.01,0.3977875434399777
0.55,2026101900,166,-0.12079680624083382,-0.3125721946698025,0.55,0.02,0.38806354654595815
0.55,2026101900,167,0.05442079427692482,0.10398607775926622,0.51,0.01,0.3841634877035125
0.55,2026101900,168,0.5191045790694919,-0.2528350220624248,0.56,0.02,0.3868150925051237
0.55,2026101900,169,0.39228226906542174,-0.021008071739736733,0.47,0.01,0.357563542421862
0.55,2026101900,170,-0.02069030124576543,-0.004214155428153239,0.51,0.02,0.3329267272115763
0.55,2026101900,171,-0.02179920276610714,-0.22020735514209477,0.53,0.02,0.3749822564557757
0.55,2026101900,172,0.27161529316600075,0.37366214436854095,0.48,0.01,0.3607181744600776
0.55,2026101900,173,0.541268337376601,-0.6877257101974982,0.56,0.03,0.34994503806420274
0.55,2026101900,174,0.005351626721799585,-0.20324155689971307,0.53,0.02,0.37067958356909386
0.55,2026101900,175,0.22312969191301588,-0.19950432286495187,0.51,0.03,0.37515786113594524
0.55,2026101900,176,0.17484068498392857,-0.6293314466833763,0.57,0.01,0.3789512633040058
0.55,2026101900,177,-0.18594683259118885,-0.27834504331869536,0.55,0.02,0.36886098542471
0.55,2026101900,178,-0.04655571853330573,-0.14123576473642563,0.56,0.0,0.3652111601072724
0.55,2026101900,179,0.1555698530287034,-0.12969213880637961,0.51,0.03,0.3749846305015413
0.55,2026101900,180,-0.41594986159767083,0.696831086076196,0.44,0.0,0.3629624021208185
0.55,2026101900,181,-0.214062932064572,0.43224471265374975,0.49,0.02,0.3516181847598548
0.55,2026101900,182,-0.0494957695744991,-0.4932350211291463,0.57,0.01,0.34930736165126397
0.55,2026101900,183,-0.18116592568330653,-0.06993169984937189,0.53,0.03,0.33656235308517857
0.55,2026101900,184,0.44901021203682245,-0.49071244224534377,0.57,0.01,0.3698099669036478
0.55,2026101900,185,0.3212971318058653,-0.14011383349203896,0.56,0.0,0.37739740955491585
0.55,2026101900,186,0.07617665621195575,0.18584729147108145,0.48,0.01,0.35582826644496346
0.55,2026101900,187,0.18433975824445972,-0.16805892639698136,0.52,0.04,0.3562640759270579
0.55,2026101900,188,-0.3026621759021238,0.06912595404748503,0.54,0.0,0.36976652535934973
0.55,2026101900,189,0.11862899016997788,-0.040382387268214026,0.51,0.02,0.372215915087331
0.55,2026101900,190,0.4428583215569077,-0.18803389950163518,0.51,0.01,0.35292970065137524
0.55,2026101900,191,0.4127232145893821,-0.5001361885335647,0.53,0.02,0.3513236211788949
0.55,2026101900,192,-0.5350414044021949,0.2733715474676336,0.52,0.01,0.3489775724876621
0.55,2026101900,193,0.03839919122850411,-1.1311524425186281,0.64,0.01,0.3800270563138443
0.55,2026101900,194,-0.06992139312812691,-0.19658631346263697,0.53,0.02,0.3476420078168181
0.55,2026101900,195,0.17711782341773918,-0.5892099169697417,0.58,0.02,0.3651406795069724
0.55,2026101900,196,0.19446037603859742,-0.05646289004279877,0.52,0.02,0.3390774872662785
0.55,2026101900,197,0.3409497930053038,-0.7590726141910491,0.54,0.01,0.342181561056914
0.55,2026101900,198,0.25327642081181434,-0.5885593381443662,0.59,0.01,0.3512284939939326
0.55,2026101900,199,0.2321749715611499,-0.11075186775727203,0.52,0.01,0.3752212582889813
0.55,2026101900,200,-0.349645923552483,0.38842440151145186,0.43,0.0,0.38051642023424426
0.55,2026101900,201,-0.2405869189976287,-0.045532820081063914,0.52,0.03,0.38246555614062266
0.55,2026101900,202,-0.5101035284349902,0.468712379594578,0.46,0.0,0.38641902760084973
0.55,2026101900,203,0.21224603627594832,0.15479493314578568,0.53,0.0,0.39098997576565964
0.55,2026101900,204,-0.19730376108142111,0.09265362669660927,0.51,0.03,0.37679341644347353
0.55,2026101900,205,0.49654406937615947,0.25557933666487287,0.48,0.03,0.3724651093261226
0.55,2026101900,206,-0.1175345430401387,0.09719573322553349,0.53,0.04,0.35950406304689303
0.55,2026101900,207,-0.3002249642633984,0.15536875814170295,0.5,0.01,0.38477245830300466
0.55,2026101900,208,-0.30834672011220104,-0.1491886493520784,0.52,0.01,0.3419041072840618
0.55,2026101900,209,-0.14496937490775194,-0.26410558930894334,0.5,0.02,0.3543149396437319
0.55,2026101900,210,0.33320932498217126,0.22691876029357466,0.45,0.02,0.338052679556557
0.55,2026101900,211,0.15546916875212063,-0.20338886448316693,0.48,0.0,0.38073367137758696
0.55,2026101900,212,-0.014083514678932292,-0.2208062308401223,0.5,0.01,0.37565101627804265
0.55,2026101900,213,0.1730270299161578,-0.6378556639531706,0.62,0.01,0.34882535643339874
0.55,2026101900,214,0.3463310622321815,0.25292014624974507,0.5,0.01,0.35738267327578976
0.55,2026101900,215,-0.015851576042713332,-0.5027250780698812,0.5,0.02,0.3549918865792642
0.55,2026101900,216,-0.0711974279110586,-0.2239751451644491,0.48,0.01,0.390565096276828
0.55,2026101900,217,-0.017936938900190668,-0.060988843146303234,0.48,0.04,0.3644424299935489
0.55,2026101900,218,0.5296309034211265,-0.29755227463202266,0.5,0.01,0.34301232744986854
0.55,2026101900,219,0.30094247190848,-0.4548916475302514,0.57,0.01,0.38687632034286645
0.55,2026101900,220,0.31507776246601293,-0.017118656732217987,0.51,0.01,0.35475354687752786
0.55,2026101900,221,0.0768964140388821,-0.5156121520520749,0.56,0.01,0.3809796385413919
0.55,2026101900,222,-0.09362405896204466,0.28506042825655364,0.43,0.0,0.38085604167662923
0.55,2026101900,223,1.2722072378725722,-0.8627965446452086,0.61,0.01,0.3810340361840365
0.55,2026101900,224,-0.12132780557575079,-0.10618153196130344,0.52,0.01,0.3824774256919522
0.55,2026101900,225,0.1383044345724611,-0.8841509639691525,0.56,0.0,0.35480632196503165
0.55,2026101900,226,-0.2713329043687807,0.3825277356009113,0.46,0.01,0.3781965651341486
0.55,2026101900,227,0.007016420244854466,-0.07942391925631095,0.51,0.02,0.35582556357458456
0.55,2026101900,228,-0.022539889316491993,-0.5375312802137867,0.56,0.01,0.3725768951784199
0.55,2026101900,229,0.7180061674990712,-0.33242616311707196,0.55,0.0,0.3465263336345545
0.55,2026101900,230,-0.3238449291697414,0.2812175260291706,0.49,0.01,0.3734569608049773
0.55,2026101900,231,0.033635677676714854,-0.21257542351204706,0.52,0.03,0.37375602289423937
0.55,2026101900,232,-0.6442217130899277,0.27097134921856375,0.47,0.0,0.38278323524747504
0.55,2026101900,233,0.042807684533824455,-0.36740879410137944,0.54,0.01,0.36453088277618084
0.55,2026101900,234,0.2983723619100328,-0.1611857333748003,0.53,0.01,0.38054543977625543
0.55,2026101900,235,0.009553659333715216,0.011835728297476353,0.45,0.02,0.3708059065395078
0.55,2026101900,236,-0.11355842818423886,0.03493881825514289,0.48,0.03,0.36577451921235915
0.55,2026101900,237,0.2306352015622382,-0.30271832423131306,0.55,0.0,0.37221495535831395
0.55,2026101900,238,0.28364750072675426,-0.3448229491229023,0.52,0.03,0.3658253970952824
0.55,2026101900,239,0.26704322158961424,0.09732110785861009,0.49,0.03,0.366975580987436
0.55,2026101900,240,0.22072399571332432,0.3118441908355728,0.49,0.02,0.3920939087059513
0.55,2026101900,241,0.14350241659748,-0.5908337690134273,0.54,0.0,0.3770163083237525
0.55,2026101900,242,-0.09895956469035491,-0.35032944088270673,0.54,0.01,0.39245005977551256
0.55,2026101900,243,-0.3132742200291324,0.13867188221385743,0.5,0.03,0.3927398973690736
0.55,2026101900,244,-0.25571424660892283,0.17058660995425184,0.49,0.02,0.362454737169187
0.55,2026101900,245,0.3114448360451881,0.09314580073189624,0.49,0.01,0.40014545634406945
0.55,2026101900,246,0.6322408162955228,-0.3898034581859921,0.59,0.0,0.37782020748712475
0.55,2026101900,247,-0.8938657798362971,0.6733360309530351,0.45,0.02,0.3744212326892384
0.55,2026101900,248,0.17275150995535365,-0.4356904021262485,0.55,0.02,0.3570152911949056
0.55,2026101900,249,0.21656889293085235,-0.8959397481934657,0.58,0.0,0.3568864962201085
0.55,2026101900,250,-0.27224782380746815,0.5419920062846955,0.49,0.04,0.3728828771815579
0.55,2026101900,251,-0.23568523943315597,0.1991305481273405,0.48,0.0,0.387805329130413
0.55,2026101900,252,0.04670832318805927,-0.5910607973921497,0.53,0.0,0.399793656617341
0.55,2026101900,253,0.06604857865423534,-0.02167456399944797,0.51,0.01,0.36615284823463723
0.55,2026101900,254,0.23385523388711568,-0.45617526170847633,0.54,0.0,0.3638835428554195
0.55,2026101900,255,-0.09625639225559021,-0.1109835037449115,0.53,0.01,0.37682568637600655
0.55,2026101900,256,-0.3398790846279088,-0.05349114924680285,0.5,0.04,0.34818971672206395
0.55,2026101900,257,0.11013651557358922,-0.12037152470567922,0.51,0.01,0.3620848757165303
0.55,2026101900,258,-0.4612509280111608,0.441109804006921,0.46,0.03,0.36296563725451725
0.55,2026101900,259,0.00029964851149001605,0.299021475249098,0.46,0.01,0.38304278082826343
0.55,2026101900,260,-0.10846989076140456,-0.09270035056884166,0.51,0.01,0.35532480976562975
0.55,2026101900,261,0.5142314085177309,-0.31467605129113047,0.51,0.02,0.3726812942690696
0.55,2026101900,262,-0.003991705506111299,0.06834989132055941,0.56,0.01,0.38098486688274974
0.55,2026101900,263,-0.023387777516367194,0.15865899231709701,0.42,0.03,0.3897867524864389
0.55,2026101900,264,0.2748948803278946,-0.539842576504611,0.59,0.01,0.35493596762719476
0.55,2026101900,265,0.42861557574782827,0.12714583995008552,0.5,0.05,0.3909672823512076
0.55,2026101900,266,0.2704226190724275,0.19924633139635964,0.47,0.01,0.3671860776428161
0.55,2026101900,267,0.7777572781861751,-0.703815545596705,0.56,0.0,0.3599994462368132
0.55,2026101900,268,0.5147985926857309,-0.8990686519083917,0.59,0.03,0.36789413608142263
0.55,2026101900,269,0.4597922618078115,-0.5791385980177034,0.57,0.02,0.3637191435578866
0.55,2026101900,270,0.10154279107818688,-0.1960719514174818,0.56,0.03,0.3760581792573893
0.55,2026101900,271,0.15316635438725448,0.23966471943197185,0.42,0.01,0.3662574034253963
0.55,2026101900,272,-0.1797947529204503,0.12896861162996798,0.53,0.01,0.36620570219850407
0.55,2026101900,273,-0.01594635888986877,-0.3687646973470822,0.54,0.03,0.36525250194499775
0.55,2026101900,274,0.07935060708222125,-0.04867138319818114,0.53,0.03,0.35199097233253007
0.55,2026101900,275,0.211099359809409,-0.1035038368842976,0.49,0.02,0.3527474190473087
0.55,2026101900,276,-0.006065583540176016,0.5710145703914653,0.48,0.02,0.3689166782194097
0.55,2026101900,277,0.6450924304092988,-0.313791245835321,0.51,0.01,0.37344853540215944
0.55,2026101900,278,-0.32372945049148283,-0.20024590179898333,0.46,0.01,0.3807386418605588
0.55,2026101900,279,-0.42299107052078805,-0.11460333883614945,0.55,0.01,0.37965655453680097
0.55,2026101900,280,0.46319322475778635,-0.20531005859764925,0.51,0.02,0.37316540844046153
0.55,2026101900,281,-0.3575380394204762,-0.40799761379069516,0.55,0.02,0.36185710761615075
0.55,2026101900,282,-0.02100515140524928,0.14390695927212457,0.47,0.03,0.36936294841318523
0.55,2026101900,283,-0.1581508409133245,-0.2298056878878002,0.53,0.02,0.36507162289442385
0.55,2026101900,284,-0.24296389405115185,0.10634749493343851,0.5,0.04,0.39641951177404067
0.55,2026101900,285,0.37227440528841776,-0.36326690279166823,0.51,0.01,0.3704883069923946
0.55,2026101900,286,0.5061557085388856,-0.6632318595321398,0.56,0.0,0.3776912310317668
0.55,2026101900,287,0.7253191738215145,-0.6818373607766682,0.62,0.02,0.3500300915377462
0.55,2026101900,288,0.10590275995890655,-0.3238259553939649,0.52,0.03,0.3680289503151038
0.55,2026101900,289,0.3025944841687716,-0.37545536472686014,0.54,0.0,0.3887863723987631
0.55,2026101900,290,-0.3632914838211561,0.3093862151253575,0.45,0.02,0.3725351089177987
0.55,2026101900,291,-0.3528756149990256,-0.0008809175808266706,0.5,0.01,0.3676424787510606
0.55,2026101900,292,0.21927947503664882,-0.18090649329203504,0.59,0.01,0.3975472234328716
0.55,2026101900,293,-0.36192876053014106,0.4731999188150145,0.42,0.03,0.3543088952540498
0.55,2026101900,294,0.3865228991608403,-0.1806455928108905,0.49,0.01,0.3608937687925955
0.55,2026101900,295,-0.8232451104820409,-0.1756525208891062,0.48,0.0,0.3543316163038294
0.55,2026101900,296,0.16288692095025964,0.06415769043955016,0.46,0.0,0.37316180599611537
0.55,2026101900,297,0.47307937119106597,-0.24375652457816957,0.55,0.02,0.39098178923759713
0.55,2026101900,298,0.16245738384539257,0.010650025773915096,0.45,0.0,0.35898731674994555
0.55,2026101900,299,-0.7668848799605433,0.3801219428186576,0.48,0.02,0.3535242075040618
0.55,2026101900,300,0.984279511153727,-0.6809674587956651,0.58,0.01,0.3648833743904711
0.55,2026101900,301,-0.07633133263308615,-0.13432855733899754,0.47,0.05,0.35978875428641893
0.55,2026101900,302,0.1253872519698171,-0.6198496494555036,0.6,0.01,0.37873201430831904
0.55,2026101900,303,-0.333340314123109,0.1047560687920008,0.48,0.01,0.357281261870274
0.55,2026101900,304,-0.33459531198068393,0.016984841848468216,0.44,0.02,0.35399142320229904
0.55,2026101900,305,-0.3926537672977263,-0.005579112072050756,0.5,0.02,0.3556857228737199
0.55,2026101900,306,-0.5537869055662817,-0.3165463224526929,0.62,0.0,0.347297916304481
0.55,2026101900,307,-0.34708807930028235,0.49041316133472895,0.48,0.01,0.35264476197932093
0.55,2026101900,308,-0.06693250311530961,-0.25056234726763815,0.54,0.02,0.342001877512607
0.55,2026101900,309,-0.4627206237237285,0.26804773911875,0.5,0.02,0.3723844088784494
0.55,2026101900,310,0.17032423079674294,-0.792608427188011,0.57,0.02,0.36068586283615994
0.55,2026101900,311,-0.4403517843789372,-0.04954658262572069,0.48,0.04,0.36855963861020835
0.55,2026101900,312,0.2011755054797918,-0.26104754792892043,0.58,0.0,0.3643608923524452
0.55,2026101900,313,0.12332214309488371,-0.14366900062678817,0.57,0.03,0.3663092802318456
0.55,2026101900,314,-0.46798031244601435,0.16068639476024238,0.47,0.01,0.3537357403972037
0.55,2026101900,315,0.2609330600928643,0.15715137391018777,0.43,0.0,0.36490514041163563
0.55,2026101900,316,-0.12049974674386771,-0.02898538778652304,0.47,0.0,0.3700515938374179
0.55,2026101900,317,-0.08368199975341473,0.14684499724845895,0.51,0.02,0.37989410229268067
0.55,2026101900,318,0.29871707580275064,-0.276607294447899,0.52,0.0,0.3895397252105975
0.55,2026101900,319,0.04249040943483371,0.012246876775530683,0.53,0.0,0.362256464955902
0.55,2026101900,320,0.4491801142093494,-0.6228934015825004,0.59,0.01,0.36553895338812337
0.55,2026101900,321,-0.6900899896308147,0.28998622485437126,0.46,0.0,0.40103393117623826
0.55,2026101900,322,-0.04807606614787641,-0.15656302411445705,0.53,0.01,0.39401375522074644
0.55,2026101900,323,-0.09786380274945884,-0.4592844483826168,0.57,0.0,0.3961869437570275
0.55,2026101900,324,-0.15700943733414016,-0.13838912026506847,0.52,0.01,0.33094962696013924
0.55,2026101900,325,-0.053730300253686296,-0.11514708180721465,0.51,0.04,0.3857800194324249
0.55,2026101900,326,0.15234555981796472,-0.5515500620368126,0.59,0.0,0.38908230928497445
0.55,2026101900,327,-0.087240157527797,0.23895401157799875,0.5,0.0,0.36745143889775933
0.55,2026101900,328,-0.47622391472949943,0.06877255378362339,0.49,0.03,0.3914659802925379
0.55,2026101900,329,0.11724927080710792,0.029313809026418874,0.43,0.0,0.3640236721741807
0.55,2026101900,330,0.2208847166398108,0.12066248264787025,0.46,0.01,0.3809773258024625
0.55,2026101900,331,-0.44648085316234826,0.02669062987112327,0.5,0.01,0.35932889271825635
0.55,2026101900,332,0.05836814558198077,-0.6199891449597031,0.54,0.01,0.3574032719671625
0.55,2026101900,333,0.11540651546410956,-0.40597498094082296,0.61,0.03,0.3822148358803911
0.55,2026101900,334,-0.2031032759283534,0.3424652696334256,0.42,0.01,0.3786740366036978
0.55,2026101900,335,0.3994023004924853,-0.07355415459079272,0.53,0.02,0.37145310313872687
0.55,2026101900,336,0.10469165488773724,-0.2528869252031985,0.48,0.03,0.38654350654296055
0.55,2026101900,337,-0.37589082949961095,0.033635436541550004,0.52,0.04,0.37328718789991755
0.55,2026101900,338,0.3586267820637456,-0.5922220301589136,0.54,0.02,0.3592569511916737
0.55,2026101900,339,0.12279016958814293,-0.22139440937676277,0.54,0.02,0.3534296101795124
0.55,2026101900,340,-0.36946602428285985,0.15573469468606752,0.53,0.01,0.3724927759775308
0.55,2026101900,341,0.03506024178569321,0.41548436884103473,0.4,0.0,0.35475114663548374
0.55,2026101900,342,-0.11953406462688924,-0.0504200471548335,0.51,0.01,0.36682997231631453
0.55,2026101900,343,0.1931810856711641,0.2935105204409116,0.45,0.01,0.348797271899004
0.55,2026101900,344,-0.26638585132831916,-0.40050256016082175,0.56,0.01,0.364075984757431
0.55,2026101900,345,0.28790676546046023,-0.5029434020006671,0.56,0.0,0.37921984912071827
0.55,2026101900,346,0.3078574287239701,-0.015087154608573643,0.5,0.01,0.37045930121427956
0.55,2026101900,347,0.9330154442542943,-0.505637089004098,0.52,0.02,0.390805346385134
0.55,2026101900,348,-0.17321423298438673,-0.1604394834000572,0.47,0.0,0.3792131554673152
0.55,2026101900,349,-0.17383328216314836,-0.33649098593349686,0.62,0.02,0.3631727602116522
0.55,2026101900,350,1.0179360785314295,-0.6396554672832298,0.61,0.0,0.3574117013943889
0.55,2026101900,351,-0.11455109399797615,-0.5576297593378985,0.59,0.02,0.3448451108221888
0.55,2026101900,352,0.042752318492466135,0.06814849634103258,0.51,0.03,0.396549032183359
0.55,2026101900,353,-0.14037632325394805,-0.35954263404667103,0.57,0.02,0.37563241481483267
0.55,2026101900,354,0.08169396011099325,0.3261722135941072,0.46,0.0,0.3596036585932156
0.55,2026101900,355,-0.18264010744459447,-0.2386863058896423,0.53,0.0,0.37138946539491086
0.55,2026101900,356,-0.5082641785602209,0.6140723234520751,0.43,0.01,0.3792155898968989
0.55,2026101900,357,0.5472613221011844,-0.5851754129317311,0.6,0.03,0.3515438724196786
0.55,2026101900,358,-0.2566649901964459,0.2564563387488415,0.45,0.02,0.36929822194647755
0.55,2026101900,359,-0.4490681184493602,-0.008632846422992124,0.51,0.02,0.368826071537515
0.55,2026101900,360,-0.1996960714968297,0.150579871011381,0.49,0.02,0.35739822530162635
0.55,2026101900,361,-0.47285860276035746,-0.07943900039928588,0.51,0.02,0.34902446121305125
0.55,2026101900,362,0.5956721241278821,-0.7607861027095152,0.59,0.02,0.380491726171294
0.55,2026101900,363,0.27635999039718695,-0.4364104384820897,0.54,0.01,0.3648812571968507
0.55,2026101900,364,-0.25122514554648046,-0.25953140030666355,0.53,0.01,0.3551268502760329
0.55,2026101900,365,-0.9338008097070309,0.11164824828056709,0.46,0.01,0.38002968346274124
0.55,2026101900,366,-0.05643035025896251,0.19910834352481024,0.52,0.01,0.3870987453434737
0.55,2026101900,367,-0.13337197416100613,-0.010681479170554193,0.49,0.01,0.36219135154941845
0.55,2026101900,368,0.1773260824973793,0.1415773879675434,0.48,0.02,0.3858970351133413
0.55,2026101900,369,0.3060389607284902,0.2440031128406146,0.51,0.02,0.3705922464720682
0.55,2026101900,370,-0.4639948947809912,0.08530732300274466,0.53,0.03,0.37595579149798175
0.55,2026101900,371,-0.15005195166367916,-0.0021183252069735614,0.51,0.02,0.363859081128488
0.55,2026101900,372,0.511314493016634,-0.22145000499231637,0.58,0.02,0.3510609959264
0.55,2026101900,373,0.09784940503187739,-0.2236801527802806,0.55,0.01,0.37109469631468334
0.55,2026101900,374,0.08028974838799698,0.2610737335357138,0.49,0.02,0.35673174955928
0.55,2026101900,375,0.3592213887989289,-0.639885527869936,0.56,0.0,0.3662353474409432
0.55,2026101900,376,-0.3113423852383693,0.16088511015781853,0.46,0.01,0.3461667817039724
0.55,2026101900,377,0.34777252340506026,-0.298816538542019,0.52,0.02,0.39559076394543047
0.55,2026101900,378,0.42457833414063784,-0.31839157467447304,0.51,0.02,0.37544643922476467
0.55,2026101900,379,-0.03469273910984289,-0.5000020096234896,0.56,0.05,0.3447263414807841
0.55,2026101900,380,-0.4625280012324927,0.20358197103745185,0.42,0.01,0.3797889167186457
0.55,2026101900,381,0.24786673570707582,0.14028489233135671,0.5,0.02,0.38489570528720773
0.55,2026101900,382,0.3929482466900324,-1.1400198913183257,0.63,0.01,0.38091080188806137
0.55,2026101900,383,0.2582875739837051,-0.4550447489641571,0.5,0.01,0.4007345785072105
0.55,2026101900,384,0.13133740811122463,0.19871238447029124,0.44,0.02,0.36654885389263975
0.55,2026101900,385,0.6523518192858575,0.2333378924496255,0.48,0.02,0.3687273725518044
0.55,2026101900,386,-0.12542973768822638,0.682522947148446,0.43,0.02,0.40420226246870994
0.55,2026101900,387,0.04282506616152605,-0.21800296100377117,0.51,0.02,0.38208112864061655
0.55,2026101900,388,0.8206192882307384,-1.3149401272779384,0.59,0.02,0.36450381631417683
0.55,2026101900,389,0.46086923766135546,0.2584794971989086,0.49,0.01,0.36437333641997527
0.55,2026101900,390,0.15950436098708393,-0.08734176888902477,0.52,0.01,0.38333101954860543
0.55,2026101900,391,0.31016632229815533,-0.2634790145727258,0.55,0.02,0.37289389776113063
0.55,2026101900,392,0.12268062199536496,0.033475779239450394,0.51,0.02,0.3716894974077382
0.55,2026101900,393,0.989569946598779,-0.8375476466867682,0.58,0.01,0.37235175534303555
0.55,2026101900,394,-0.00311961067288939,0.13319670125176988,0.48,0.02,0.39365721451887237
0.55,2026101900,395,0.32013498115986605,-0.30848687550021636,0.49,0.0,0.3774183224955498
0.55,2026101900,396,-0.2370440721249102,0.2893211852219679,0.43,0.01,0.3586988046454597
0.55,2026101900,397,0.2117935764163034,-0.22369204233639173,0.54,0.01,0.3295035929214412
0.55,2026101900,398,0.8238762899062451,-0.7144258112306678,0.6,0.02,0.4195532306012432
0.55,2026101900,399,-0.24020435976025734,0.1639744576509385,0.46,0.0,0.3884139919878961
0.55,2026101900,400,-0.11695926444320234,-0.06121481143283192,0.52,0.02,0.3538850710910629
0.55,2026101900,401,-0.3245547036454819,0.027156631111890574,0.51,0.02,0.3596000346547318
0.55,2026101900,402,-0.12055717531059727,-0.8809500520618516,0.6,0.02,0.3740489307440146
0.55,2026101900,403,-0.6065106521529064,0.427811905943921,0.43,0.02,0.35812916123171834
0.55,2026101900,404,-0.06786694067225767,0.08553332901701317,0.47,0.03,0.37806715711576244
0.55,2026101900,405,0.5722792420866774,-0.6800927455013214,0.54,0.0,0.38009297366504524
0.55,2026101900,406,-0.2279972392561226,0.23656641897419978,0.42,0.02,0.3539233439939473
0.55,2026101900,407,-0.4236786493378874,-0.2905742725973031,0.57,0.02,0.3789908520501306
0.55,2026101900,408,0.691768263912843,-0.393769923123031,0.54,0.0,0.3449421166139676
0.55,2026101900,409,0.1489560066380785,-0.037631153399511924,0.47,0.01,0.3953998798135416
0.55,2026101900,410,0.7771197683360904,-0.4344805749094958,0.59,0.01,0.39935243912102214
0.55,2026101900,411,-0.12100466844051452,-0.006926326617928176,0.48,0.03,0.37796246775977366
0.55,2026101900,412,0.28801994092580707,-0.17744558472465385,0.47,0.0,0.34572587908859215
0.55,2026101900,413,0.5392592384574989,-0.883593731103496,0.58,0.02,0.37741084936907987
0.55,2026101900,414,0.5650890725990511,-0.36212598752060715,0.59,0.03,0.36452042608012236
0.55,2026101900,415,-0.19966254307520942,0.25718689421390306,0.48,0.01,0.38705720239509817
0.55,2026101900,416,0.05763612502881944,0.13390854173774172,0.49,0.0,0.37605006836202975
0.55,2026101900,417,-0.6092189915511939,0.49899433581903424,0.44,0.01,0.3695099995828932
0.55,2026101900,418,0.7278434311943691,-0.5206594363365102,0.58,0.03,0.35939324022388147
0.55,2026101900,419,-0.46193570767699454,-0.1730053258918462,0.58,0.02,0.3846820424515288
0.55,2026101900,420,0.1088355913053374,-0.44388816180153634,0.54,0.0,0.3557729323778965
0.55,2026101900,421,-0.16881238667144832,-0.10643624824196203,0.45,0.0,0.38174077759705477
0.55,2026101900,422,-0.38396946781039715,0.3251400710395423,0.44,0.0,0.3814315670305769
0.55,2026101900,423,-0.15944719114799594,0.2538325110524374,0.46,0.0,0.37025745905769236
0.55,2026101900,424,-0.3477518375027644,0.10876234861840268,0.5,0.02,0.37825636829920173
0.55,2026101900,425,0.30441255480754287,-0.12328520426012063,0.57,0.04,0.3721941355387441
0.55,2026101900,426,0.3764941290580961,-0.42638398919859677,0.54,0.01,0.36985029151200066
0.55,2026101900,427,-0.36633050882740387,0.11674529072024722,0.51,0.02,0.3497286463280978
0.55,2026101900,428,0.2829153574614702,-0.10507318683016084,0.55,0.03,0.34855144149401435
0.55,2026101900,429,-0.28288918215390224,0.10237407804724274,0.53,0.02,0.37727916817240403
0.55,2026101900,430,-0.569305280338305,-0.4354032131501736,0.51,0.01,0.36489186161502524
0.55,2026101900,431,0.5731976491009609,-0.502230514462213,0.54,0.01,0.37174173953991685
0.55,2026101900,432,-0.38271535917366944,-0.4508007592324851,0.53,0.02,0.351412011658867
0.55,2026101900,433,0.06925149870576121,-0.363501539802966,0.51,0.02,0.3770498414117855
0.55,2026101900,434,-0.05882125855297446,-0.2813754144888845,0.52,0.0,0.37722157391861005
0.55,2026101900,435,0.024131449017984502,-0.027343773391952944,0.5,0.03,0.3822978624965297
0.55,2026101900,436,0.45120375303588206,-0.2796013725785616,0.52,0.03,0.3951340232238504
0.55,2026101900,437,0.13130592172815372,-0.2844315850252785,0.55,0.0,0.36210378057053577
0.55,2026101900,438,0.20053348912579236,0.2353544627270875,0.49,0.03,0.3835756662115065
0.55,2026101900,439,0.5702956336725309,-0.22193325545140583,0.56,0.02,0.40026891393709035
0.55,2026101900,440,0.20965572804469232,0.003998413523284689,0.55,0.01,0.3839546514957878
0.55,2026101900,441,0.5812657360188032,-0.6477672798213888,0.62,0.01,0.37468403882369045
0.55,2026101900,442,0.16738014511740615,-1.143604714307971,0.64,0.01,0.3756073717543962
0.55,2026101900,443,-0.0905275467480682,-0.1132194983046071,0.49,0.0,0.38188799432671067
0.55,2026101900,444,-0.15082153426267783,0.029683480243981902,0.55,0.01,0.3407389471505114
0.55,2026101900,445,0.5910822737290343,-0.287924859379796,0.5,0.01,0.3828709205581768
0.55,2026101900,446,0.43546418124354924,-0.48690280190550067,0.56,0.01,0.37513146492921273
0.55,2026101900,447,0.1603412907132401,-0.24134746055190293,0.55,0.01,0.3447000861282137
0.55,2026101900,448,-0.058256083285364205,-0.11142184130285418,0.56,0.02,0.4019376114244631
0.55,2026101900,449,0.4782588975747196,-0.21829153541041044,0.53,0.02,0.3741132221465341
0.55,2026101900,450,0.14685039627294177,-0.025279406893761472,0.51,0.01,0.3652382224134698
0.55,2026101900,451,-0.28916031782779,-0.139758327286864,0.49,0.03,0.3725949606130877
0.55,2026101900,452,-0.7514444318791874,0.9912130837680574,0.4,0.02,0.35986453867543927
0.55,2026101900,453,-0.14099291577975995,-0.24987881638851714,0.51,0.0,0.38069492701574037
0.55,2026101900,454,-0.2874675405405661,-0.010016482630147561,0.52,0.01,0.37504364214601005
0.55,2026101900,455,-0.41242472599714547,-0.1807454151108155,0.5,0.02,0.37825472001640414
0.55,2026101900,456,0.1976384507164643,-0.42726565275793243,0.56,0.01,0.34456241904883755
0.55,2026101900,457,-0.1607732080292554,0.22260792828830614,0.45,0.01,0.3747676844658932
0.55,2026101900,458,0.6066342785090232,-0.38474705724291947,0.54,0.02,0.372115087436212
0.55,2026101900,459,-0.3232556533823338,0.030562913431141706,0.5,0.01,0.3495280909854636
0.55,2026101900,460,0.25660797759827364,-0.6839732661576261,0.62,0.01,0.3760550595430209
0.55,2026101900,461,-0.05075307109097002,0.12933537988486146,0.49,0.01,0.3768010057492942
0.55,2026101900,462,0.007624780425988882,-0.012572782371875148,0.51,0.01,0.38468159594872403
0.55,2026101900,463,0.29928523861597145,-0.6492455124268117,0.6,0.01,0.36529287270062794
0.55,2026101900,464,-0.09321854303796048,-0.0021974650401013008,0.5,0.02,0.3874140967100596
0.55,2026101900,465,-0.39359814914709207,-0.28836094325021666,0.52,0.04,0.3479977266993513
0.55,2026101900,466,0.7243396969653925,-0.13928515953919793,0.47,0.0,0.3713618570339097
0.55,2026101900,467,-0.660810239846814,0.13578019974336683,0.53,0.02,0.38432512555716125
0.55,2026101900,468,-0.2908875008192051,0.11169479750328498,0.47,0.02,0.37773230449885903
0.55,2026101900,469,0.29175922485506894,-0.8077433612435537,0.55,0.01,0.36582899019531495
0.55,2026101900,470,-0.2694379698685972,-0.07117075514330393,0.56,0.02,0.3745466135383322
0.55,2026101900,471,0.3325916000811774,-0.04263817161848816,0.48,0.03,0.3588905221434514
0.55,2026101900,472,0.40094590188166246,-0.1305388030434902,0.51,0.02,0.38262422860498196
0.55,2026101900,473,0.42003085325100437,0.008619263967530068,0.5,0.0,0.34433515892196276
0.55,2026101900,474,-0.22163117886676545,0.140017472824575,0.46,0.02,0.35459063958173087
0.55,2026101900,475,-0.1612872267831037,-0.46067636496184666,0.51,0.0,0.3668187355242769
0.55,2026101900,476,0.20211463906745458,-0.09264867089263117,0.49,0.01,0.358665880669095
0.55,2026101900,477,-0.4303341993817606,0.43169832264246627,0.47,0.01,0.36960932793138795
0.55,2026101900,478,-0.32317000778536853,-0.09902774629525365,0.44,0.01,0.3583791233068016
0.55,2026101900,479,0.5503938582487977,-0.040921078199526464,0.5,0.01,0.3811067449131676
0.55,2026101900,480,0.48743400244395496,0.18015599819940484,0.43,0.0,0.365054789373254
0.55,2026101900,481,0.3466055984543233,0.2077157567494529,0.45,0.02,0.3699074503702485
0.55,2026101900,482,0.46132691854489805,-0.5886621912085288,0.6,0.0,0.346915154474827
0.55,2026101900,483,0.9034405125915774,-0.9373819678415356,0.59,0.0,0.3765766529053026
0.55,2026101900,484,-0.1800045270683533,0.04071575357961401,0.47,0.02,0.37852746240578505
0.55,2026101900,485,-0.5315036590944239,0.029420663935607536,0.52,0.03,0.38788250747416875
0.55,2026101900,486,0.0878498574816438,-0.26608002268772885,0.53,0.01,0.35224232674352135
0.55,2026101900,487,-0.5265111204776671,-0.06516299101675146,0.49,0.0,0.3555574594578445
0.55,2026101900,488,0.22088846829745948,-0.5152311964936284,0.58,0.03,0.38582898213376793
0.55,2026101900,489,0.08776531580744056,0.11647990719611753,0.46,0.01,0.3537317689504025
0.55,2026101900,490,0.10633015639933394,-0.8538581116857281,0.64,0.0,0.3620732506254295
0.55,2026101900,491,-0.006751161763701905,-0.03084255286594669,0.49,0.02,0.36749269267959567
0.55,2026101900,492,0.1659430096913686,-0.037542534043445076,0.51,0.01,0.3875199282679738
0.55,2026101900,493,-0.4215283168166319,-0.23943638728514294,0.54,0.01,0.354032132387762
0.55,2026101900,494,0.02886103407510748,0.6652616884951864,0.38,0.02,0.3883896994596403
0.55,2026101900,495,-0.20271403889909168,-0.2495459250970801,0.57,0.01,0.36356937707339165
0.55,2026101900,496,0.5362842273922586,-0.10776228151620462,0.52,0.02,0.3824562741079079
0.55,2026101900,497,-0.3890450621228398,-0.5155772362742058,0.6,0.04,0.3421001880808084
0.55,2026101900,498,-0.09549798685376473,-0.32691202493228816,0.59,0.03,0.38840324875467064
0.55,2026101900,499,-0.42770942896983427,0.20643535817007932,0.46,0.01,0.3729190231906517
0.6,2026091900,0,0.4218553279471038,0.0511409299473894,0.58,0.01,0.35643806994381855
0.6,2026091900,1,-0.5173659595583824,0.5966484795223812,0.45,0.01,0.34009610043280253
0.6,2026091900,2,0.03705913172473188,-0.3803444723012634,0.59,0.01,0.3618113337947687
0.6,2026091900,3,0.40173596913393533,-0.07167505820135207,0.51,0.01,0.3857349068893041
0.6,2026091900,4,0.04945714570622453,0.05481742982148763,0.44,0.04,0.37150034112049807
0.6,2026091900,5,0.164466028654512,-0.32904893934441537,0.55,0.03,0.42364153123473075
0.6,2026091900,6,-0.405102375720255,0.2066578852221395,0.49,0.03,0.3738466121601933
0.6,2026091900,7,-0.14896782089617716,-0.3522610540874843,0.53,0.02,0.37751759265643253
0.6,2026091900,8,0.39143442585399535,0.2194933050004505,0.46,0.01,0.3835450560124196
0.6,2026091900,9,0.09176198478673417,-0.3280910162828943,0.54,0.0,0.36790611374451
0.6,2026091900,10,-0.00546279158622287,-0.034801770874928355,0.49,0.02,0.37428697555882756
0.6,2026091900,11,0.09957057820288703,-0.48023969591784277,0.56,0.0,0.35977518958205806
0.6,2026091900,12,-0.1448322290456777,0.18465506117125322,0.48,0.0,0.37155815324571
0.6,2026091900,13,0.20502569265836548,-0.05566897082301765,0.52,0.02,0.3900396923487727
0.6,2026091900,14,-0.36967482196165774,0.2976248667861078,0.46,0.01,0.3897091163099631
0.6,2026091900,15,-0.18686345346533742,-0.8692843470897076,0.67,0.02,0.38954303044086125
0.6,2026091900,16,-0.0020889233809665386,0.20675766733993842,0.48,0.01,0.3320963365892568
0.6,2026091900,17,0.5608941697846523,-0.08380207694396312,0.48,0.01,0.3767365865720174
0.6,2026091900,18,0.09258295557643016,-0.18301039668780597,0.54,0.02,0.37952269631843405
0.6,2026091900,19,-0.1487049224919179,-0.7790962616533385,0.58,0.0,0.3952639262210902
0.6,2026091900,20,-0.059073717598406406,0.30978293041887794,0.49,0.02,0.36796260806077064
0.6,2026091900,21,-0.13684827512553796,-0.26662151364667547,0.52,0.03,0.382983051821174
0.6,2026091900,22,-0.3633471838049044,-0.14246091788276163,0.56,0.01,0.3796855921496967
0.6,2026091900,23,-0.02749080013593736,-0.07855867058327179,0.52,0.01,0.37260037207321284
0.6,2026091900,24,0.03549775658449234,-0.3519402334047383,0.57,0.04,0.39313399196063226
0.6,2026091900,25,0.1829032262392988,-0.10801549467580368,0.48,0.0,0.358822364402921
0.6,2026091900,26,-0.05380316303633179,-0.3524083955436563,0.55,0.02,0.36719470963688394
0.6,2026091900,27,0.004760452383432537,-0.17004286836515622,0.5,0.02,0.3648932833407708
0.6,2026091900,28,0.5223745680471134,-0.445781786725733,0.59,0.02,0.3733793727604673
0.6,2026091900,29,0.29951821504606024,-0.35868205333448744,0.52,0.01,0.3836495883746296
0.6,2026091900,30,0.08532920284713696,0.0918246627534158,0.5,0.02,0.35370448168695146
0.6,2026091900,31,0.17964422920907056,-0.3379421220195903,0.57,0.02,0.36897230590593055
0.6,2026091900,32,-0.13978805784098394,0.041245783127309615,0.45,0.01,0.3850501857041937
0.6,2026091900,33,-0.2513568926558116,0.03832625151924446,0.48,0.01,0.35469302909240646
0.6,2026091900,34,-0.40841009623460534,-0.07778826234428343,0.52,0.01,0.3781061653507639
0.6,2026091900,35,-0.03265039241664428,0.1109387922878803,0.54,0.02,0.36595840255955264
0.6,2026091900,36,-0.24767965129404707,0.38443960355683815,0.49,0.03,0.3689620019181366
0.6,2026091900,37,0.16876864131942856,-0.7583236915339289,0.52,0.02,0.3469187179070872
0.6,2026091900,38,0.48611211480602257,-0.42550370416606226,0.57,0.02,0.3768756659115193
0.6,2026091900,39,-0.4740506182476426,0.17784058452502108,0.51,0.01,0.377476634713924
0.6,2026091900,40,0.25569935199804883,-0.25292072913223546,0.53,0.02,0.37108154812165844
0.6,2026091900,41,-0.27809785459147596,0.2842629922436312,0.45,0.01,0.3848151289195006
0.6,2026091900,42,0.3287723726526333,-0.528105145466489,0.52,0.02,0.38587320983895185
0.6,2026091900,43,0.6804573840559556,-0.7148832440150181,0.57,0.0,0.3836266116868148
0.6,2026091900,44,0.08173386779738889,-0.4594869568241162,0.56,0.02,0.3653117050808581
0.6,2026091900,45,-0.15750485414667373,0.16724860171668485,0.49,0.01,0.3926351774001284
0.6,2026091900,46,0.03913530633167185,-0.13272701422734637,0.58,0.03,0.3659163693867759
0.6,2026091900,47,0.2634650044543604,0.08961052615232358,0.5,0.01,0.38156610197446544
0.6,2026091900,48,-0.24975968772404733,-0.40013907558884854,0.54,0.0,0.35208011298022746
0.6,2026091900,49,-0.5594171014992998,-0.006272086391713643,0.47,0.01,0.34638433045869244
0.6,2026091900,50,-0.0435016809079107,-0.19067845145071063,0.57,0.0,0.3670883788796327
0.6,2026091900,51,0.2154858657410631,0.4990755225159533,0.39,0.0,0.3774536290658098
0.6,2026091900,52,0.5349094172507772,-0.4766295845359166,0.54,0.02,0.35932867215689746
0.6,2026091900,53,-0.24392998314280945,0.6419438063046567,0.44,0.0,0.3845843438270224
0.6,2026091900,54,-0.04734625068383245,-0.07598443143034317,0.52,0.0,0.3896868891378992
0.6,2026091900,55,0.960273448463776,-0.8648894657721565,0.59,0.02,0.36436820380722357
0.6,2026091900,56,0.1718666347807342,-0.2364055412302888,0.53,0.01,0.3968131790329769
0.6,2026091900,57,0.33446057314441807,-0.6790479028305879,0.54,0.0,0.3388434278907821
0.6,2026091900,58,-0.32612489349197804,0.15589723392552993,0.5,0.0,0.3602444435101891
0.6,2026091900,59,-0.15813453856557935,-0.09027521018304327,0.48,0.0,0.37227218430777875
0.6,2026091900,60,0.18688437061989094,0.16836808778111678,0.49,0.03,0.357538768256608
0.6,2026091900,61,0.5757747074853533,-0.12893713939785234,0.49,0.02,0.3745031012126152
0.6,2026091900,62,0.036747625697436934,-0.42392857661397726,0.56,0.02,0.37990848889084516
0.6,2026091900,63,0.041091884601657525,-0.19340265599824147,0.53,0.0,0.36230323275772924
0.6,2026091900,64,0.02008844563165762,0.08440285123141279,0.52,0.02,0.34933400696004496
0.6,2026091900,65,0.6016655630753731,-0.25940150761982556,0.54,0.02,0.36153893377491353
0.6,2026091900,66,0.13780048106821025,-0.44513262337799747,0.53,0.01,0.37456182541054195
0.6,2026091900,67,0.7265286160038579,-0.2202934883940142,0.51,0.01,0.40794408011945194
0.6,2026091900,68,0.14740232944454232,0.10384310284069008,0.51,0.0,0.3578127731500399
0.6,2026091900,69,-0.13914403842987455,0.07303803270402029,0.46,0.02,0.38321165935566964
0.6,2026091900,70,0.6444574031313615,-0.8419599464767287,0.6,0.01,0.36609104943315735
0.6,2026091900,71,-0.3798814233713182,-0.09794521861844087,0.5,0.02,0.36862291348677034
0.6,2026091900,72,0.07395053777680588,-0.23275826569947072,0.53,0.01,0.35551569899545415
0.6,2026091900,73,-0.32044184764394046,0.6012236118037474,0.47,0.02,0.3622091684526015
0.6,2026091900,74,-0.23884254566456944,-0.27056543256619003,0.52,0.02,0.3719241014844912
0.6,2026091900,75,-0.600639570667185,0.5393392429248389,0.44,0.01,0.38871151767627743
0.6,2026091900,76,-0.01128106064857256,-0.25668429806725446,0.55,0.02,0.371098177736439
0.6,2026091900,77,0.7420886555395897,-0.7020690776233629,0.56,0.01,0.37509861888833784
0.6,2026091900,78,0.04373975141054256,-0.13722420434602814,0.51,0.03,0.3726717648580042
0.6,2026091900,79,0.16098118750362414,-0.05897104539734599,0.48,0.0,0.38675787709441783
0.6,2026091900,80,-0.027764372659876507,-0.18832197505277393,0.57,0.02,0.364925751991872
0.6,2026091900,81,-0.07040016555499427,0.06477888634918064,0.45,0.01,0.367112119240541
0.6,2026091900,82,0.19389119751095174,0.14784617772843142,0.5,0.04,0.3712076322962437
0.6,2026091900,83,0.1226172362869253,-0.10780583914592476,0.55,0.01,0.37367276266468835
0.6,2026091900,84,0.6661160797229513,-0.15231787171834457,0.52,0.0,0.36041225035828683
0.6,2026091900,85,-0.09912432960871068,-0.037001897410824866,0.53,0.0,0.36366186520754
0.6,2026091900,86,-0.33437892199662483,0.3621297622956984,0.45,0.02,0.38353099008307395
0.6,2026091900,87,-0.15013656541269663,-0.42862336076695745,0.5,0.02,0.35860780701427264
0.6,2026091900,88,-0.018961046680289848,0.27575760890930445,0.54,0.0,0.38637883768477155
0.6,2026091900,89,-0.16409169621462497,0.7846181173616755,0.4,0.0,0.35502751636909435
0.6,2026091900,90,-0.23120728222898482,-0.06851052234374563,0.54,0.02,0.35516838047225946
0.6,2026091900,91,0.3407793375938601,-0.26121010366529984,0.53,0.03,0.36980383288722085
0.6,2026091900,92,0.13587485520213569,0.1688691645376156,0.47,0.01,0.3643668459610358
0.6,2026091900,93,-0.2520406004856995,-0.3683402592805124,0.57,0.03,0.37856227050405733
0.6,2026091900,94,0.13200004755889932,-0.29888761093911526,0.52,0.0,0.37551210388194767
0.6,2026091900,95,0.7441725171946212,-0.018431480012421692,0.47,0.02,0.3767248312263903
0.6,2026091900,96,0.2736659511220059,-0.5471521127432133,0.58,0.01,0.3642608171115574
0.6,2026091900,97,-0.3288052800776319,-0.17035304460808243,0.49,0.04,0.3678594105533758
0.6,2026091900,98,-0.5481594583592565,-0.21986948437043072,0.54,0.02,0.39831145397690926
0.6,2026091900,99,-0.6805724592739275,0.1401095914936218,0.5,0.01,0.3622031178346722
0.6,2026091900,100,-0.2888767023998503,0.14770448646632262,0.5,0.01,0.37554336066822186
0.6,2026091900,101,0.00698605022727062,-0.8336664826318438,0.57,0.03,0.39520577279198454
0.6,2026091900,102,-0.3289310696925811,-0.5818392310230385,0.6,0.04,0.36477080439096565
0.6,2026091900,103,0.3609946623743317,-0.07535357778352159,0.51,0.03,0.36074039096556937
0.6,2026091900,104,0.20272683950862036,-0.11641662925795822,0.54,0.0,0.3727933153631903
0.6,2026091900,105,0.012548370501905062,-0.18550540611000815,0.57,0.0,0.3922820853575936
0.6,2026091900,106,-0.11823940907661458,0.009752364730136463,0.48,0.01,0.37997771826461624
0.6,2026091900,107,0.02869359855423874,-0.26769001991465724,0.51,0.04,0.37645398877545055
0.6,2026091900,108,-0.04562711109355853,-0.24916457880237097,0.5,0.01,0.35989305501600105
0.6,2026091900,109,0.3235697850472025,-0.34478865318369983,0.53,0.02,0.36059356851129465
0.6,2026091900,110,-0.5365718940497222,-0.25975080971343023,0.52,0.0,0.38646769394307057
0.6,2026091900,111,-0.22944018242502295,-0.2861661372245836,0.56,0.01,0.35959819842555246
0.6,2026091900,112,0.3320315729181275,-0.16250017461424618,0.52,0.0,0.38038078464943653
0.6,2026091900,113,-0.11240895124834138,0.6039830088449928,0.46,0.01,0.3693791418232545
0.6,2026091900,114,-0.592387089967335,0.2377103035742027,0.46,0.02,0.38803148410563687
0.6,2026091900,115,0.7580250575117249,-0.27674499117176776,0.56,0.04,0.35152051283934876
0.6,2026091900,116,0.19446261014695473,0.09727415655697319,0.5,0.0,0.35353016672381543
0.6,2026091900,117,0.19854741004097476,-0.12241183056638082,0.52,0.0,0.36193268031966164
0.6,2026091900,118,-0.09546945113781734,0.07762779160728493,0.5,0.01,0.3710304691538367
0.6,2026091900,119,-0.06099702939221765,0.3808594092154731,0.45,0.02,0.3665290299789843
0.6,2026091900,120,0.3408911108524697,-0.545228719018194,0.55,0.0,0.3878224291329211
0.6,2026091900,121,0.05920684786281921,-0.29867725825842695,0.54,0.02,0.3406922559830402
0.6,2026091900,122,-0.4510791008301729,-0.0021852793244485345,0.49,0.0,0.39772583969399855
0.6,2026091900,123,-0.5174389197096154,0.5112790394233713,0.42,0.01,0.3712618567169581
0.6,2026091900,124,0.16981807027837476,0.01828844294490581,0.46,0.04,0.33748068671284964
0.6,2026091900,125,0.13996575670085656,0.5377437509205307,0.43,0.02,0.3781887777491276
0.6,2026091900,126,0.1882150512913368,-0.6628133459569754,0.56,0.02,0.3710928552604686
0.6,2026091900,127,0.014465866045780772,-0.3391331856409009,0.58,0.01,0.383648770912521
0.6,2026091900,128,-0.3034465515493383,0.5815927941695662,0.46,0.02,0.3870369513643077
0.6,2026091900,129,-0.39069959322362385,0.2635527782467052,0.48,0.01,0.374891451495513
0.6,2026091900,130,0.0074463473269548745,-0.49372009736105865,0.53,0.02,0.3658101232883454
0.6,2026091900,131,-0.8616778038764795,0.25801159311045024,0.48,0.02,0.38795888767358966
0.6,2026091900,132,0.3023121963103062,0.037810546420951364,0.48,0.01,0.37679860228692413
0.6,2026091900,133,-0.4165608264895443,0.25898459123483086,0.49,0.02,0.35884600606058803
0.6,2026091900,134,-0.40913714462493855,0.08190773905337108,0.45,0.01,0.3641972904482853
0.6,2026091900,135,0.019539087077464528,-0.5266809942618239,0.58,0.02,0.38791841783047354
0.6,2026091900,136,-0.25415938812440453,0.6663850368024549,0.44,0.01,0.41179674059953014
0.6,2026091900,137,0.041969293488415056,0.6478928363090007,0.47,0.01,0.3655724319803657
0.6,2026091900,138,-0.07859549171594449,0.1966490457839054,0.44,0.0,0.41286179811399376
0.6,2026091900,139,-0.06817284530062834,-0.3982077976470012,0.57,0.02,0.3795947710308617
0.6,2026091900,140,0.07559684874895904,-0.31948038693918623,0.52,0.01,0.37125219712583496
0.6,2026091900,141,-0.31164847304220483,0.0992800935665012,0.51,0.01,0.36762990668785767
0.6,2026091900,142,-0.11510589165605264,-0.5621921226611712,0.52,0.02,0.362439627537877
0.6,2026091900,143,0.5940894752474261,-0.2423588222197935,0.49,0.0,0.3715456209896846
0.6,2026091900,144,1.0864490539843796,-0.8529985486989211,0.65,0.02,0.3586987799221138
0.6,2026091900,145,-0.3803696343546152,0.1608815252213324,0.43,0.0,0.3751743500476922
0.6,2026091900,146,-0.3647624967589272,0.522990692549498,0.44,0.0,0.3560068301308221
0.6,2026091900,147,0.2508065486895288,-0.4398796950146657,0.57,0.01,0.37643164548738683
0.6,2026091900,148,0.020843971984006338,-0.20170961148613464,0.5,0.01,0.38161586302486017
0.6,2026091900,149,-0.594432459461398,0.4609547234049234,0.5,0.02,0.37770533326223044
0.6,2026091900,150,0.3079338037252068,-0.5778258387856342,0.52,0.0,0.3759167419375875
0.6,2026091900,151,0.13973210797736457,0.022145736851016305,0.5,0.01,0.3530538347189181
0.6,2026091900,152,0.5596999227659151,-0.5242964100900643,0.55,0.01,0.351613306879605
0.6,2026091900,153,0.39560226562869194,-0.18319376770581447,0.51,0.02,0.3745565240236868
0.6,2026091900,154,0.4632358461630636,0.25905907414736307,0.45,0.03,0.3664164541914339
0.6,2026091900,155,-0.03600417044984374,0.32988473199938617,0.46,0.01,0.36522970619501344
0.6,2026091900,156,-0.13594650642461542,0.35102970723537874,0.46,0.02,0.37154077412999764
0.6,2026091900,157,-0.4747379605807832,0.3649653095042138,0.44,0.02,0.38686989579637293
0.6,2026091900,158,0.3991887351939929,-0.5409121206814026,0.56,0.03,0.363990527811964
0.6,2026091900,159,0.5290936461507054,0.189265377801472,0.55,0.03,0.3872480162320909
0.6,2026091900,160,0.21918787808084997,-0.3681616939696684,0.49,0.0,0.361194176664509
0.6,2026091900,161,0.7192992335716987,-0.02118447276961382,0.48,0.01,0.3658334732176249
0.6,2026091900,162,0.39203067095275,-0.32234377405032033,0.54,0.01,0.3872983396977322
0.6,2026091900,163,0.13206293219048032,0.06655365020360614,0.54,0.0,0.3974487184982526
0.6,2026091900,164,-0.04363139649807865,-0.12325797920757442,0.47,0.0,0.3824166491257737
0.6,2026091900,165,0.21899674764678245,-0.3596641225271857,0.56,0.01,0.38037574181771566
0.6,2026091900,166,0.06229014441567664,0.31515004294319193,0.45,0.02,0.35734848309981027
0.6,2026091900,167,-0.17349481099028682,-0.17133972236819475,0.55,0.01,0.3870083485903443
0.6,2026091900,168,0.27377827979627123,0.041798226764601265,0.46,0.01,0.4038229498717648
0.6,2026091900,169,0.5743118021113292,-0.1703674757584263,0.53,0.02,0.39443478678536403
0.6,2026091900,170,0.3208933773369504,-0.1573482108815557,0.52,0.02,0.3518858863054005
0.6,2026091900,171,-0.5309451575425331,0.00556573006641679,0.5,0.02,0.36389030377214754
0.6,2026091900,172,0.562656047600946,-0.2248619969776694,0.53,0.02,0.3669091846764376
0.6,2026091900,173,-0.0037336136108373718,-0.4322404343497192,0.53,0.0,0.3513887234906183
0.6,2026091900,174,0.31810064219679085,-0.36638025266130664,0.49,0.02,0.40753334761735
0.6,2026091900,175,0.08888677115965912,0.09065982466079242,0.5,0.02,0.3645418503786317
0.6,2026091900,176,-0.28355593822116876,0.02655620775425669,0.48,0.01,0.36561324121999866
0.6,2026091900,177,-0.1678203273790262,0.3233187774592977,0.46,0.02,0.3552980928912167
0.6,2026091900,178,0.05416520564707415,-0.3725597163514508,0.56,0.05,0.3843424715868798
0.6,2026091900,179,0.16453890359093656,0.21086864473013006,0.46,0.02,0.3766014478055677
0.6,2026091900,180,-0.45759219740767676,0.35768297635500224,0.49,0.01,0.3872570321851252
0.6,2026091900,181,-0.4504198011635442,-0.26927426938758137,0.51,0.03,0.34668156368261643
0.6,2026091900,182,0.2678588345971342,-0.2945841098262221,0.55,0.01,0.3888050738807553
0.6,2026091900,183,0.590580167195996,-0.8887378070819729,0.55,0.0,0.4040882103579074
0.6,2026091900,184,0.16190437834832394,-0.2689775589703981,0.48,0.0,0.3682595533556149
0.6,2026091900,185,0.1165788686328241,0.29409566599641523,0.48,0.02,0.3861680681850947
0.6,2026091900,186,-0.32894488461492727,0.3218113720114022,0.43,0.0,0.37892038449517673
0.6,2026091900,187,0.7284415895573787,-0.7101850248483718,0.61,0.01,0.3838322865706106
0.6,2026091900,188,-0.5432557500863274,0.2335833669085607,0.42,0.0,0.38054719053326275
0.6,2026091900,189,-0.13289813267646558,0.14744435364163844,0.5,0.01,0.3444502489315892
0.6,2026091900,190,-0.26276745351340003,0.37780606097735325,0.47,0.0,0.36343911407969
0.6,2026091900,191,-0.11685046174212864,-0.3219002811355661,0.53,0.01,0.3785821130762331
0.6,2026091900,192,0.44307192650819194,-0.10654505499748262,0.49,0.01,0.3791810054533109
0.6,2026091900,193,0.11552033054668702,0.03918916280807982,0.5,0.0,0.34983624897520244
0.6,2026091900,194,0.5258025761655547,-0.0037484968174372304,0.49,0.0,0.37137997200307704
0.6,2026091900,195,0.09619993868621016,-0.46567458290520436,0.58,0.01,0.3889064593818742
0.6,2026091900,196,-0.19167655127150177,0.00315696222668165,0.54,0.01,0.3868199332928799
0.6,2026091900,197,0.0859837233785937,-0.06188034355009234,0.53,0.02,0.37517012176605086
0.6,2026091900,198,-0.2113696925052347,0.3603869919663111,0.49,0.0,0.38372144742787206
0.6,2026091900,199,0.4661822637616796,0.03554096981211987,0.47,0.0,0.36695436689171673
0.6,2026091900,200,0.13626462351715446,-0.13360612647999287,0.46,0.0,0.3569149662729629
0.6,2026091900,201,-0.09771526260045559,0.25996814479907676,0.51,0.01,0.3675778338881105
0.6,2026091900,202,-0.676631521500026,0.10668403580556855,0.52,0.01,0.4070650304172393
0.6,2026091900,203,-0.19568083931320315,-0.13370004663327723,0.46,0.01,0.3768314204485923
0.6,2026091900,204,-0.36040774001583137,0.31116560823233685,0.44,0.0,0.3701244670405001
0.6,2026091900,205,0.7709096844939376,-1.1259037243178514,0.6,0.01,0.3691107209972677
0.6,2026091900,206,-0.27999811240377576,-0.10346392524692444,0.53,0.02,0.3841841311387636
0.6,2026091900,207,-0.040642818262695696,-0.011700368498900264,0.5,0.01,0.35924697505831754
0.6,2026091900,208,0.1403678714767165,-0.2773048338151931,0.55,0.01,0.3664739988263349
0.6,2026091900,209,-0.1500485548391698,-0.5241732157616511,0.54,0.01,0.3677995066904596
0.6,2026091900,210,-0.6843914556753943,0.30850574714402834,0.44,0.01,0.36246322161040206
0.6,2026091900,211,0.3313476252900346,-0.1414816656665534,0.49,0.0,0.3564378743758111
0.6,2026091900,212,0.030365567488292063,0.3403924147947182,0.46,0.02,0.37615417130655243
0.6,2026091900,213,-0.17875200668988225,0.24014081531284018,0.47,0.02,0.38013176658853204
0.6,2026091900,214,-0.43799661713298405,0.1726032197509868,0.46,0.02,0.35688412700071465
0.6,2026091900,215,-0.15049487639915704,-0.2278209113087639,0.5,0.02,0.38499265627778667
0.6,2026091900,216,0.01710413730689333,-0.0043689093682013095,0.5,0.03,0.38114325211710953
0.6,2026091900,217,-0.18120204803891693,-0.23978858501461559,0.55,0.03,0.3526663234999908
0.6,2026091900,218,0.2091035090776458,-0.30751110365895695,0.53,0.0,0.3599808918180163
0.6,2026091900,219,0.2754396454895833,0.3554392387600576,0.51,0.02,0.3505934314756864
0.6,2026091900,220,0.3728619870878871,-0.1423724812359785,0.46,0.0,0.36028566764721914
0.6,2026091900,221,-0.06842248895160155,-0.3631383702366313,0.52,0.0,0.3803325206318445
0.6,2026091900,222,-0.17132977084758125,-0.1853032715925039,0.49,0.01,0.3939187695901443
0.6,2026091900,223,-0.12600817316431226,0.05470651268565605,0.48,0.02,0.3699067283120986
0.6,2026091900,224,-0.018377676060934215,0.2255416571836294,0.45,0.02,0.3570062877132598
0.6,2026091900,225,0.773556507732192,-0.2753217282757328,0.53,0.01,0.3942506724560632
0.6,2026091900,226,-0.5713827313943192,0.15743061979159184,0.5,0.01,0.386182339515095
0.6,2026091900,227,0.034700841120458695,-0.010664516408015601,0.44,0.01,0.3364635249726963
0.6,2026091900,228,0.14961519440612606,0.7110032502406186,0.43,0.01,0.3631915922600045
0.6,2026091900,229,-0.10267979701812667,0.3410693381259717,0.47,0.01,0.367735045803093
0.6,2026091900,230,0.29494469904206555,-0.47945966311336674,0.55,0.02,0.34912260805289874
0.6,2026091900,231,0.2824162655815469,0.07950943810399094,0.5,0.01,0.36856664524306465
0.6,2026091900,232,-0.058040254250461325,-0.26816201838578446,0.55,0.02,0.38256854061036494
0.6,2026091900,233,0.1888102105570088,0.3014305472269433,0.49,0.01,0.39468051184364195
0.6,2026091900,234,0.4391144770487272,0.2857712611784576,0.43,0.0,0.36678470535731506
0.6,2026091900,235,0.15427368184005144,0.1631796338908079,0.52,0.0,0.37810694884385443
0.6,2026091900,236,0.2456869828339645,0.039802542690191005,0.5,0.02,0.3903387439961008
0.6,2026091900,237,0.7403414120337289,-0.35680126292791464,0.55,0.03,0.35618196988358725
0.6,2026091900,238,0.37256209026324244,-0.7744608371573818,0.65,0.02,0.35698273585363
0.6,2026091900,239,-0.5088641750341961,-0.5346500812609157,0.56,0.01,0.3791613447597513
0.6,2026091900,240,0.3800852789332056,-0.47518359784882397,0.58,0.01,0.39930193973304556
0.6,2026091900,241,0.006346024493840616,0.005390018406386385,0.46,0.0,0.3983888113348386
0.6,2026091900,242,0.09153965812221086,-0.06984121839427031,0.48,0.03,0.384579827655001
0.6,2026091900,243,0.41657434372724195,-0.07113936413632542,0.49,0.02,0.37353155746813743
0.6,2026091900,244,0.2791309748179406,-0.23975159198519652,0.52,0.0,0.37352007847314644
0.6,2026091900,245,0.30317416590835655,-0.4327384926885337,0.54,0.01,0.3795451765826141
0.6,2026091900,246,0.33546020192764137,-0.6516349514062548,0.57,0.02,0.344240493121158
0.6,2026091900,247,-0.2889000594133886,-0.2951781957767794,0.55,0.01,0.3697299573349714
0.6,2026091900,248,0.5656279572617017,0.026990270564076112,0.51,0.0,0.36830259973554325
0.6,2026091900,249,0.1717742937850775,-0.34402101139399993,0.59,0.02,0.38012718332541084
0.6,2026091900,250,-0.32880315759838225,0.15580686001692695,0.47,0.0,0.3588611058717038
0.6,2026091900,251,-0.08581650696474828,0.2941021985284079,0.44,0.0,0.38997743994093864
0.6,2026091900,252,-0.0133067339890723,0.13520316756737427,0.46,0.02,0.3773269956513954
0.6,2026091900,253,-0.06556243127022426,0.08195566376695564,0.49,0.01,0.3588046338281722
0.6,2026091900,254,0.5021497400569808,-0.6533842554818645,0.61,0.02,0.3603922607566855
0.6,2026091900,255,0.1802300568809048,-0.03915215161524531,0.5,0.01,0.3427197677185147
0.6,2026091900,256,0.6152902836735913,-0.7568391260330284,0.59,0.02,0.3911859480899238
0.6,2026091900,257,0.1743314160332848,-0.4864042265492655,0.58,0.02,0.34979756377724963
0.6,2026091900,258,0.054434985781069936,-0.09700010373068522,0.56,0.01,0.36253666784561495
0.6,2026091900,259,0.26862335951618,0.0007914941226418115,0.55,0.01,0.36740193594165327
0.6,2026091900,260,-0.5306597918398563,0.09419744245831789,0.52,0.01,0.37532504352754664
0.6,2026091900,261,0.15041195360189225,0.022125848777664988,0.49,0.01,0.40781116941780476
0.6,2026091900,262,-0.033921667451464944,0.07725783162019594,0.54,0.01,0.3344882952275804
0.6,2026091900,263,0.04001703856558828,-0.16679817456611762,0.51,0.01,0.3872047102287035
0.6,2026091900,264,-0.01017221729121763,-0.5288583685722391,0.57,0.01,0.3694460849951255
0.6,2026091900,265,0.0384241831328359,-0.4386496228467015,0.56,0.01,0.3556453736790115
0.6,2026091900,266,-0.6093278718900329,0.048533692028727156,0.5,0.01,0.39137493400319956
0.6,2026091900,267,0.4703512124360975,-0.14860544577699064,0.51,0.01,0.3947368852346525
0.6,2026091900,268,0.16836397334999492,-0.6951391299063858,0.58,0.01,0.3601741428764681
0.6,2026091900,269,-0.0007198022626522294,0.4972862088664025,0.46,0.0,0.3558142441891029
0.6,2026091900,270,-0.09713083151292468,0.4026802901583047,0.47,0.03,0.3527684997435322
0.6,2026091900,271,-0.09003198229807126,-0.531920453096637,0.58,0.01,0.3374115050068491
0.6,2026091900,272,-0.024072588348496352,0.21847856651124492,0.51,0.0,0.37656399454825384
0.6,2026091900,273,0.35890934605520336,-0.06959610092137539,0.49,0.0,0.3634344653700527
0.6,2026091900,274,0.2567324694330416,-0.30488826896347077,0.53,0.02,0.3850232896031798
0.6,2026091900,275,-0.00983991014521786,-0.07756597500972681,0.52,0.01,0.39303457282434323
0.6,2026091900,276,0.3185856058662062,0.05888379015787841,0.47,0.0,0.35004793399894146
0.6,2026091900,277,-0.49173600632775716,-0.388341818794184,0.6,0.0,0.3557627805983611
0.6,2026091900,278,-0.02623783193555175,-0.2638685379397627,0.48,0.0,0.3846656089809117
0.6,2026091900,279,0.39610062319451805,0.35111662733571586,0.43,0.0,0.3605452246953417
0.6,2026091900,280,-0.6125633749800246,-0.20652839030522382,0.5,0.0,0.3208382220203724
0.6,2026091900,281,-0.25969934445137777,0.09121196676066269,0.48,0.02,0.3724339655133167
0.6,2026091900,282,0.6620289477409566,-0.8282262667100905,0.65,0.02,0.36078610712172915
0.6,2026091900,283,0.7573170881353909,-0.4942334888312994,0.59,0.01,0.3752661355176096
0.6,2026091900,284,0.28951400001476624,-0.07158738144536579,0.52,0.01,0.35597603662110716
0.6,2026091900,285,0.12231914953864273,-0.0009979066928046188,0.49,0.0,0.36672231676292955
0.6,2026091900,286,0.05261866828600395,-0.5723224748525583,0.56,0.02,0.3981648796259774
0.6,2026091900,287,0.4495227865662572,-0.7778857948875835,0.59,0.02,0.3978802994854267
0.6,2026091900,288,-0.30644886794917,0.0956348649391068,0.51,0.0,0.39836249977550175
0.6,2026091900,289,-0.5311863931228306,0.2111210162074383,0.49,0.0,0.37845535047434053
0.6,2026091900,290,0.4781225713600294,-0.15095651809522484,0.46,0.0,0.3666831320527171
0.6,2026091900,291,0.4881149749187974,-0.5991978457852225,0.53,0.01,0.3660916437787789
0.6,2026091900,292,0.08079611972145245,-0.1756341783801041,0.51,0.04,0.33901488061935536
0.6,2026091900,293,0.26648269170750033,-0.1258707074533899,0.55,0.02,0.3963662597371691
0.6,2026091900,294,-0.6125432485243684,0.3840691681257702,0.49,0.0,0.37045325779282684
0.6,2026091900,295,-0.6587732917945999,0.6372913916815953,0.45,0.01,0.4003391617764229
0.6,2026091900,296,0.034615491803412925,0.02209648855140157,0.53,0.02,0.38123902163190865
0.6,2026091900,297,-0.39900921719358123,-0.13047280440470982,0.49,0.01,0.3718972897613596
0.6,2026091900,298,0.9926236947868357,-0.8256806139481904,0.53,0.0,0.3577579343314834
0.6,2026091900,299,-0.23450639049150898,0.08012288166885571,0.49,0.01,0.3492716063351737
0.6,2026091900,300,0.06043331400478939,-0.2517642266450884,0.54,0.02,0.3805642137302669
0.6,2026091900,301,0.3320913388798384,-0.129031846316797,0.49,0.0,0.3725653042068846
0.6,2026091900,302,-0.20663799861345938,0.4025979872205806,0.45,0.03,0.3651887036833101
0.6,2026091900,303,-0.12224148397377213,-0.1718667510262785,0.54,0.01,0.3769914525547723
0.6,2026091900,304,-0.13802354864028687,-0.03305024373713041,0.48,0.01,0.36226590640890877
0.6,2026091900,305,0.0707668457407462,-0.39938885554191783,0.5,0.01,0.3562079911945192
0.6,2026091900,306,-0.001956380212377482,-0.2990447448325135,0.54,0.0,0.363013849233848
0.6,2026091900,307,0.2542456105034703,-0.23357238432330493,0.51,0.01,0.35962901587411744
0.6,2026091900,308,-0.4292994959976804,0.44823789038148104,0.47,0.02,0.3672835284067408
0.6,2026091900,309,-0.4008662730787831,0.020383947937586876,0.52,0.01,0.37070865609426973
0.6,2026091900,310,0.1634203501279006,0.4682226620109782,0.42,0.01,0.36789222247116166
0.6,2026091900,311,0.4620968505240702,0.2394260612757901,0.44,0.01,0.37304533917975374
0.6,2026091900,312,-0.13297595901174922,0.24860837736379565,0.49,0.0,0.3668731840546641
0.6,2026091900,313,-0.9960296497933935,0.22900237211491695,0.5,0.01,0.3872355136283212
0.6,2026091900,314,0.16292109728990553,0.12656109143212446,0.51,0.02,0.36406077422075717
0.6,2026091900,315,0.09790096090803202,-0.23793830023320692,0.54,0.01,0.381054703882781
0.6,2026091900,316,0.23596300774974516,0.1802979259161841,0.48,0.04,0.3874332392119667
0.6,2026091900,317,-0.36770957361979034,0.14694934602964216,0.55,0.0,0.36358453929119555
0.6,2026091900,318,-0.15093968417623427,0.0668587880025515,0.45,0.02,0.38307918738973645
0.6,2026091900,319,0.010365569531680005,0.31475344322027854,0.44,0.0,0.37804983910178136
0.6,2026091900,320,-0.19617796496479872,0.3350351999845207,0.49,0.02,0.36482696889278765
0.6,2026091900,321,-0.5245838227099866,-0.026198277240072065,0.54,0.01,0.3723074038616294
0.6,2026091900,322,-0.3198190685940031,0.12042825719065296,0.46,0.02,0.3826348425450854
0.6,2026091900,323,-0.16091256919727445,0.14699321189727863,0.45,0.01,0.37143075788655466
0.6,2026091900,324,-0.24702670714209593,-0.3639945024134811,0.56,0.02,0.3693714081246284
0.6,2026091900,325,0.03830550672445259,-0.4595210976670399,0.56,0.0,0.3692211166225979
0.6,2026091900,326,-0.378502975759556,0.12352582845889877,0.55,0.03,0.3831286434275584
0.6,2026091900,327,0.24833987889245784,-0.24762639612219195,0.54,0.0,0.35420967294315914
0.6,2026091900,328,0.7703819118355747,-0.2935634327853112,0.46,0.0,0.37325308127663887
0.6,2026091900,329,-0.2693122644703949,-0.11934084786597408,0.5,0.0,0.36232568128220094
0.6,2026091900,330,-0.4761549642930934,0.27519827488212445,0.47,0.01,0.38706416805377747
0.6,2026091900,331,0.32060067501613376,-0.31701531482463197,0.54,0.02,0.3754473409373618
0.6,2026091900,332,0.7935587273463056,-0.19172486101336148,0.51,0.03,0.36243173292696007
0.6,2026091900,333,0.055564589494248855,-0.4227655793590939,0.58,0.04,0.35880064892429303
0.6,2026091900,334,0.44202288592928096,-0.4890834769694742,0.53,0.0,0.3745429735413927
0.6,2026091900,335,-0.7702526866188917,0.8893139627891147,0.45,0.02,0.3651435653635081
0.6,2026091900,336,0.5330332402448181,-0.27565794696276924,0.53,0.0,0.38578584209363215
0.6,2026091900,337,0.36426989208638544,-0.24462043824697013,0.52,0.02,0.36217513967966175
0.6,2026091900,338,0.0729394101308031,-0.13219150648425423,0.53,0.01,0.36369997752688726
0.6,2026091900,339,-0.43571991082137485,-0.093714283185349,0.51,0.0,0.3820677732500418
0.6,2026091900,340,-0.004025425032521282,0.3142541654993356,0.51,0.04,0.3814244823775318
0.6,2026091900,341,0.6022129796492016,-0.32449655642447695,0.57,0.0,0.3474101504331898
0.6,2026091900,342,0.21996172863472957,-0.2669756940112398,0.54,0.0,0.35873170743108895
0.6,2026091900,343,0.24516225237666162,-0.16900197100324466,0.49,0.0,0.37761933420120924
0.6,2026091900,344,-0.42585175279208526,0.08952057870131686,0.46,0.01,0.3681414436134031
0.6,2026091900,345,0.45146480585669524,-0.5850286646809402,0.52,0.03,0.3627427518312055
0.6,2026091900,346,-0.3644831013063521,0.3655487858613291,0.51,0.0,0.38090360630182374
0.6,2026091900,347,0.313820749763187,-0.32089840886625687,0.54,0.01,0.3641935639781084
0.6,2026091900,348,0.17827187526739138,-0.4471230091277975,0.51,0.0,0.36514859252691123
0.6,2026091900,349,-0.31236871461271004,0.05062763587544595,0.53,0.01,0.3867966003489486
0.6,2026091900,350,-0.3689716280405594,-0.32852877142830905,0.51,0.0,0.35544704250818887
0.6,2026091900,351,0.32764524755077773,-0.5558416715017107,0.59,0.03,0.3747849467710492
0.6,2026091900,352,0.15650430125995324,-0.3341183093037028,0.58,0.01,0.3698186971179209
0.6,2026091900,353,0.7267896910764199,0.07343620188672535,0.49,0.0,0.377021562275686
0.6,2026091900,354,0.26170868422525406,-1.0651887675207328,0.61,0.03,0.38841383838349147
0.6,2026091900,355,-0.06633261894361663,0.05739466987890644,0.5,0.0,0.3728397968269782
0.6,2026091900,356,0.3709890535018456,-0.3207006972282603,0.55,0.01,0.37297376726836384
0.6,2026091900,357,-1.0689006043718081,0.4689312184461795,0.43,0.02,0.41127325710201523
0.6,2026091900,358,-0.08619130311777451,-0.7341078072451537,0.53,0.0,0.32463691755347723
0.6,2026091900,359,-0.4080225724084048,-0.08087333150243982,0.48,0.01,0.38400727328452994
0.6,2026091900,360,0.6933045993801487,-0.7087901119941423,0.6,0.03,0.38650609878081127
0.6,2026091900,361,-0.28297842207156415,-0.4005330012151028,0.51,0.01,0.3798020632023962
0.6,2026091900,362,0.16245457454177795,-0.5491544485865746,0.54,0.02,0.3902425772974697
0.6,2026091900,363,-0.652007395861114,-0.018488007532720535,0.5,0.01,0.3623913494630968
0.6,2026091900,364,0.8146629361858224,-0.6989127754025923,0.59,0.0,0.38407099763642677
0.6,2026091900,365,0.5490327987821402,-0.756569592958609,0.64,0.03,0.3656198429534381
0.6,2026091900,366,0.08473951396404575,0.3761720514476047,0.52,0.03,0.370461275796014
0.6,2026091900,367,0.3298851086412289,-0.2724999423220229,0.48,0.02,0.35576967287918093
0.6,2026091900,368,0.6393471714312904,-0.4454131634548727,0.53,0.01,0.35955223594156666
0.6,2026091900,369,0.17444097673734796,0.3016312582927044,0.45,0.01,0.3776149410570175
0.6,2026091900,370,0.007813291176260246,-0.010674124576128357,0.56,0.02,0.33141807664068684
0.6,2026091900,371,-0.2759277362800866,-0.244644642497703,0.49,0.01,0.3626333905288628
0.6,2026091900,372,-0.01663510221703282,0.14719708066973577,0.5,0.03,0.3542780615750687
0.6,2026091900,373,0.4934884975613747,-0.18223733441328296,0.5,0.0,0.41304009758871524
0.6,2026091900,374,-0.4272734377537523,0.3858091242478492,0.5,0.02,0.3422799114093803
0.6,2026091900,375,0.1774096599943652,-0.46747105807076494,0.51,0.02,0.356767290667875
0.6,2026091900,376,0.22764414663662902,-0.006326114460731622,0.5,0.01,0.3859618875811293
0.6,2026091900,377,0.1412343960704682,-0.10486363224124431,0.46,0.02,0.38142777055867916
0.6,2026091900,378,0.19939717215026964,-0.3358211294966749,0.58,0.02,0.3763661813731538
0.6,2026091900,379,0.17831219176453206,-0.25996478618098123,0.52,0.01,0.3602640149903566
0.6,2026091900,380,-0.005160950236473942,0.11406872618011218,0.51,0.01,0.3674235822992296
0.6,2026091900,381,0.008085660628882474,-0.24072774379973544,0.53,0.01,0.36375616720348064
0.6,2026091900,382,0.11769436727504828,0.07466639780638266,0.48,0.0,0.3712598343845424
0.6,2026091900,383,0.0030499943989435695,0.05535262790998516,0.54,0.01,0.3781367619172056
0.6,2026091900,384,-0.16076532420183118,0.04000946079514629,0.49,0.04,0.38169613239633576
0.6,2026091900,385,0.5136330066599666,-0.7052527612948525,0.55,0.01,0.37027494496686375
0.6,2026091900,386,-0.5110675666938335,0.9218402804990394,0.36,0.0,0.3798375899743509
0.6,2026091900,387,-0.2727458081451895,0.07698011866177967,0.53,0.02,0.37268990043455885
0.6,2026091900,388,0.6764557906274166,-0.7682358618277267,0.58,0.01,0.3634616593244226
0.6,2026091900,389,-0.6203305605807593,0.7022218569101025,0.44,0.01,0.3705448492942427
0.6,2026091900,390,0.8249780758294435,-0.3882112909403289,0.56,0.05,0.3679524716314318
0.6,2026091900,391,0.42186268055733384,-0.8648852566576948,0.6,0.02,0.37425335648889935
0.6,2026091900,392,-0.27467660726272847,0.012800829025195153,0.53,0.02,0.37519133618786277
0.6,2026091900,393,0.5436050445016767,-0.05378722783207226,0.52,0.02,0.3667428097478305
0.6,2026091900,394,-0.10102091904634021,-0.011649201077586388,0.47,0.0,0.37805818528773555
0.6,2026091900,395,-0.3902426324697298,0.21712640342971531,0.45,0.01,0.3563744079290005
0.6,2026091900,396,0.29750101056079215,-0.5234396080258905,0.51,0.0,0.38931217543041524
0.6,2026091900,397,0.04056996324746777,-0.40889508868552044,0.54,0.01,0.38964390873111093
0.6,2026091900,398,-0.24730970784691284,-0.11456974760606829,0.48,0.01,0.34355082230354866
0.6,2026091900,399,-0.22084662591492477,-0.2745344528001334,0.52,0.01,0.3659755064176736
0.6,2026091900,400,1.0213756829762097,-0.5987446466699988,0.58,0.03,0.38999073641261556
0.6,2026091900,401,-0.25113714674298365,0.03213704033630475,0.54,0.01,0.36887821617668576
0.6,2026091900,402,0.41529113589306066,-0.09451395707929663,0.51,0.01,0.3446928965380529
0.6,2026091900,403,-0.4690092690660992,0.0262415809198933,0.49,0.04,0.37130142122416454
0.6,2026091900,404,0.10820316831421806,0.21899587189571793,0.49,0.02,0.38097215527496586
0.6,2026091900,405,0.2081944400931189,-0.30812600993919775,0.5,0.0,0.35367766666086714
0.6,2026091900,406,-0.017306446466779285,-0.15369537955036283,0.5,0.01,0.3562338182197516
0.6,2026091900,407,0.36793056116970335,-0.46419838026808724,0.53,0.01,0.3779838955081044
0.6,2026091900,408,-0.7508086092819012,0.30885311465974413,0.47,0.0,0.37418920218991386
0.6,2026091900,409,-0.022176220273398856,0.5214351623634105,0.48,0.02,0.3525011550854687
0.6,2026091900,410,-0.46875537787351534,-0.02874370724805038,0.54,0.02,0.40029252209088517
0.6,2026091900,411,0.3962387781553643,-0.3646110051266224,0.6,0.02,0.3623359211672909
0.6,2026091900,412,0.3979007916152921,-0.19796598290864167,0.5,0.0,0.383963006269508
0.6,2026091900,413,-0.3128583632154408,-0.31943846286894795,0.52,0.01,0.3190030974595375
0.6,2026091900,414,0.3378716928702684,-0.4996674505561697,0.55,0.0,0.38588823718038157
0.6,2026091900,415,-0.33331211021615653,0.3125628434094988,0.42,0.02,0.396199568988072
0.6,2026091900,416,0.3522597246453363,-0.15051591858404706,0.5,0.01,0.4002797833266714
0.6,2026091900,417,0.011546608875105849,-0.5231550467810788,0.63,0.02,0.3866138567704429
0.6,2026091900,418,-0.22643619038587,0.2296357827460783,0.48,0.02,0.3767216094650425
0.6,2026091900,419,0.24182063494767309,-0.2948708087522522,0.6,0.01,0.3921134565962756
0.6,2026091900,420,-0.14807172113228842,0.4948823542976291,0.52,0.03,0.37107453619837805
0.6,2026091900,421,-0.2297390632457695,0.7127438232824026,0.41,0.0,0.353048890445534
0.6,2026091900,422,0.2142829462748289,-0.5588077950984475,0.49,0.0,0.3689590446169108
0.6,2026091900,423,0.08454886543658457,-0.1316684185975877,0.5,0.0,0.3967368360613973
0.6,2026091900,424,-0.38740256649130694,0.5796120305302985,0.45,0.02,0.3765877768000673
0.6,2026091900,425,-0.22657960510764175,-0.1426486473474709,0.49,0.01,0.3522977364299744
0.6,2026091900,426,-0.4715406915601575,-0.6627484169328244,0.61,0.04,0.3949725533554003
0.6,2026091900,427,0.5090624917567882,0.09131413445228109,0.5,0.01,0.3731745067696866
0.6,2026091900,428,0.07872767244826258,-0.33990561430234384,0.51,0.02,0.4029965417317618
0.6,2026091900,429,0.2508813700822658,-0.5788996442647799,0.52,0.01,0.3702956133457848
0.6,2026091900,430,0.15430891558337018,0.4576337795621123,0.5,0.01,0.37510607482931085
0.6,2026091900,431,-0.4106930648521487,0.754089573570915,0.41,0.01,0.3530902003706451
0.6,2026091900,432,0.4194706998291997,0.11635375048368082,0.49,0.0,0.38010302019955106
0.6,2026091900,433,-0.31207326064244295,0.07926746230942287,0.47,0.01,0.3813174086247714
0.6,2026091900,434,0.4915918428198165,-0.41263106679385564,0.55,0.02,0.36428020417534523
0.6,2026091900,435,-0.29247019560292586,-0.3550420709443406,0.53,0.0,0.402659039866036
0.6,2026091900,436,0.15507693713602838,-0.23104209805154785,0.48,0.02,0.35854735057075343
0.6,2026091900,437,0.006075575373755831,-0.03793215042726262,0.52,0.01,0.34966407318903975
0.6,2026091900,438,0.2775803777958879,0.3634008081882363,0.46,0.02,0.3839785252077744
0.6,2026091900,439,-0.07668410953325053,-0.04104890938755652,0.52,0.01,0.3688626796406366
0.6,2026091900,440,0.28410075414504615,-0.43975378192055536,0.58,0.02,0.35937421470225867
0.6,2026091900,441,-0.4383247859632704,-0.17339767970207348,0.59,0.02,0.3858043415081765
0.6,2026091900,442,0.08334238546039359,-0.12947743259322098,0.54,0.02,0.37153895712562623
0.6,2026091900,443,0.32386088495686827,-0.45275262712799674,0.58,0.05,0.37041323982931046
0.6,2026091900,444,-0.10789439518633538,-0.3364750501457475,0.52,0.01,0.35066273713651597
0.6,2026091900,445,-0.10238633801580602,-0.2824070862328336,0.55,0.0,0.36377323659963723
0.6,2026091900,446,-0.17682081258395396,0.08155950469778896,0.5,0.03,0.3694320324089012
0.6,2026091900,447,0.2817369410929621,-0.3375653262782985,0.51,0.01,0.38045758697110216
0.6,2026091900,448,-0.15028573572103343,-0.14455920332145275,0.54,0.02,0.3793818151019731
0.6,2026091900,449,0.03915574788743379,-0.42615974341239626,0.53,0.0,0.38105265936008337
0.6,2026091900,450,0.20770402792380543,0.22725841595972568,0.45,0.02,0.3704692160365611
0.6,2026091900,451,0.028565782692714325,0.1967202976230083,0.45,0.0,0.39326549999116295
0.6,2026091900,452,-0.1734450454231118,0.14920052790893365,0.48,0.03,0.3865558493945514
0.6,2026091900,453,0.1074307352279818,-0.1356852266980758,0.51,0.02,0.39152554869665573
0.6,2026091900,454,0.4257134960917166,-0.8204307467376144,0.6,0.01,0.35637564225994994
0.6,2026091900,455,0.09564350484794401,-0.14693669612931992,0.5,0.02,0.3867452374022208
0.6,2026091900,456,0.5877520342277688,-0.70325039228735,0.6,0.01,0.37454205012087194
0.6,2026091900,457,-0.10241797939211018,0.2124395449607357,0.51,0.02,0.38181127143759114
0.6,2026091900,458,-0.0025399728860177008,0.5893301664100132,0.45,0.01,0.3523619279027589
0.6,2026091900,459,0.42539880001051555,-0.7061385606533268,0.55,0.02,0.3820083009456436
0.6,2026091900,460,0.45874403955016196,-0.3537936305322173,0.54,0.01,0.3857402860112572
0.6,2026091900,461,0.6700142991166905,-0.5934121316726683,0.61,0.01,0.35634360023554335
0.6,2026091900,462,-0.3205663744347534,-0.11647387380566462,0.54,0.01,0.3513205749895866
0.6,2026091900,463,-0.22272309413821614,-0.2536201310157855,0.56,0.02,0.38320556194887007
0.6,2026091900,464,-0.5990857294229044,0.09652944573215877,0.52,0.0,0.3982242253172864
0.6,2026091900,465,0.28736029945316166,0.5066410083782578,0.45,0.02,0.3630875293954159
0.6,2026091900,466,-0.08767107375108373,-0.12421678531170731,0.54,0.02,0.3793530091279479
0.6,2026091900,467,0.038563177951955095,-0.6277338173918386,0.58,0.0,0.3901789343036179
0.6,2026091900,468,-0.12959588260430055,0.05295142000023072,0.49,0.03,0.36880743469505717
0.6,2026091900,469,-0.012000103139223905,0.10142364387711933,0.45,0.01,0.3723728325620163
0.6,2026091900,470,0.01650082193140451,-0.15815987856855301,0.51,0.02,0.35649880056019256
0.6,2026091900,471,-0.6502963417667535,0.18660910940309772,0.43,0.01,0.36120758242708173
0.6,2026091900,472,0.26441146809839133,0.24483592350929814,0.48,0.0,0.390954358875149
0.6,2026091900,473,0.29376272929682135,-0.45182176586724176,0.53,0.02,0.37880075001887675
0.6,2026091900,474,0.4334356620455565,-0.6185495367718794,0.55,0.03,0.38425058052223354
0.6,2026091900,475,0.09739801314260743,-0.053573909948174736,0.47,0.02,0.3873576138362857
0.6,2026091900,476,0.14824336180064923,-0.15840042181530198,0.55,0.0,0.3822500688020498
0.6,2026091900,477,-0.03349131589241797,0.005122319406318296,0.47,0.0,0.3598109427258573
0.6,2026091900,478,-0.025695670773643167,0.4968885292012988,0.45,0.01,0.35561246206636127
0.6,2026091900,479,0.2131187039051618,-0.25357132947961575,0.51,0.02,0.3747174147707578
0.6,2026091900,480,0.30090265197167093,-0.19407878398489725,0.55,0.0,0.33946560722883695
0.6,2026091900,481,0.1890210838196461,0.04624319820045212,0.52,0.0,0.3763271192958293
0.6,2026091900,482,-0.11822054456494299,-1.0177094313564277,0.59,0.04,0.3614218573180386
0.6,2026091900,483,0.3832631018252943,0.1336719379176203,0.51,0.0,0.37030533002283833
0.6,2026091900,484,0.3149609439828468,-0.7445516901459037,0.53,0.03,0.3688062733457897
0.6,2026091900,485,0.07824800574695796,-0.007112505295998606,0.54,0.03,0.36686585035400604
0.6,2026091900,486,-0.28019790771222475,-0.03569585699804634,0.51,0.03,0.3647504584565424
0.6,2026091900,487,0.11758116598801516,-0.39112324016822725,0.58,0.02,0.38850187939029845
0.6,2026091900,488,-0.15696556850594695,0.10223120513311841,0.46,0.01,0.3722188134026676
0.6,2026091900,489,-0.2934468854008335,0.12165944929910587,0.46,0.02,0.3815053150412649
0.6,2026091900,490,-0.48749645790238,0.1932064885687134,0.47,0.03,0.38391754534643013
0.6,2026091900,491,0.45362504399931813,-0.39251286660964335,0.55,0.01,0.38043941186659047
0.6,2026091900,492,0.06500942631716689,0.06672410999531714,0.49,0.01,0.37948888564609023
0.6,2026091900,493,0.2627099319594965,-0.7541866770183339,0.6,0.02,0.41149920662805345
0.6,2026091900,494,0.40438888143059104,-0.4700248579150883,0.53,0.0,0.38074472365330925
0.6,2026091900,495,-0.3489034940680291,0.2040466786655769,0.47,0.0,0.39071842977187776
0.6,2026091900,496,0.5796285434421181,-0.5276263971624758,0.56,0.02,0.37073432955449237
0.6,2026091900,497,-0.26101967836362633,0.263433704983822,0.46,0.03,0.36380036640058655
0.6,2026091900,498,0.16346879697149638,-0.41379256225803596,0.52,0.0,0.38833853266946733
0.6,2026091900,499,-0.5357158725088706,0.4785939407214267,0.46,0.03,0.35489971066857895
0.6,2026101900,0,0.19851418101743293,-0.3184013534441259,0.52,0.01,0.36110159585087315
0.6,2026101900,1,0.07525016763851855,0.4479922864535387,0.43,0.02,0.3732577465547651
0.6,2026101900,2,0.019149840019725042,-0.09516552240185681,0.43,0.0,0.3910332407412836
0.6,2026101900,3,-0.19428775635955126,0.15875396583102538,0.52,0.0,0.39309178901626823
0.6,2026101900,4,-0.07039587439384773,-0.22488492882371378,0.53,0.0,0.38274245044525573
0.6,2026101900,5,-0.008960298320994053,0.051776073071283124,0.56,0.01,0.4049599976196621
0.6,2026101900,6,0.3174372593313113,-0.5416865903359805,0.55,0.02,0.37441062776178763
0.6,2026101900,7,-0.49956716945375945,0.15551218615495993,0.47,0.01,0.3672259061836663
0.6,2026101900,8,0.3450159087461862,-0.016939869288469772,0.51,0.01,0.3953741208921652
0.6,2026101900,9,1.0113975430974218,-1.0961662631095015,0.61,0.01,0.3965579249612409
0.6,2026101900,10,0.3098025007977227,-0.9651057701603233,0.67,0.01,0.3683917863066114
0.6,2026101900,11,0.26923427516687176,-0.28216428335903226,0.51,0.0,0.3844961356418819
0.6,2026101900,12,-0.20070512718854183,-0.1282800018781558,0.5,0.01,0.36592863697142625
0.6,2026101900,13,0.11515530722933899,-0.9519434188731627,0.57,0.01,0.3931893721931993
0.6,2026101900,14,-0.04687220413851371,-0.18644868275212134,0.56,0.01,0.37004524029929814
0.6,2026101900,15,-0.11161114421694246,0.5291235272054395,0.43,0.0,0.35200665771211
0.6,2026101900,16,0.5139885557249916,-0.06333160302224017,0.49,0.0,0.4054623624102414
0.6,2026101900,17,0.38303504836018104,-0.1594041039975768,0.52,0.02,0.3571556048863092
0.6,2026101900,18,0.28914737611892566,-0.18519142945707753,0.52,0.0,0.39376136200247397
0.6,2026101900,19,-0.6177150487456778,0.409026744783825,0.52,0.01,0.40467780570584205
0.6,2026101900,20,0.1558283731974429,-0.18939579036647813,0.5,0.0,0.4032526443493065
0.6,2026101900,21,0.18324579789816262,-0.08077002473422486,0.46,0.0,0.35471250925939524
0.6,2026101900,22,0.1153492144638719,-0.30834989396462914,0.54,0.03,0.35286958280354885
0.6,2026101900,23,0.49949516074105543,-0.8681594362232231,0.57,0.04,0.38222268286528843
0.6,2026101900,24,-0.19288609242974772,-0.04063209054720472,0.5,0.02,0.37650254207298756
0.6,2026101900,25,0.18827712248105474,0.2317437712737268,0.46,0.0,0.37950221661049155
0.6,2026101900,26,0.14778868729612257,0.5448178371140425,0.42,0.01,0.35960317204008746
0.6,2026101900,27,0.31919809554838535,-0.8407637275954446,0.61,0.03,0.3637008832072614
0.6,2026101900,28,-0.6044749888532891,0.3311982747458013,0.45,0.02,0.3723711255170252
0.6,2026101900,29,-0.5617855614442373,0.16457275098676682,0.44,0.02,0.36234189998334293
0.6,2026101900,30,0.3139430372834399,-0.23478474475649988,0.52,0.0,0.3885611370547379
0.6,2026101900,31,-0.7017006974611003,0.6924531174558107,0.38,0.0,0.39585470241535126
0.6,2026101900,32,0.2655810384120967,-0.07801800946137394,0.47,0.01,0.36204171966025056
0.6,2026101900,33,0.3576374459098832,-0.5363204352834362,0.56,0.01,0.35225728000344647
0.6,2026101900,34,0.45464984847765905,0.08143116749004159,0.52,0.0,0.3689089174383955
0.6,2026101900,35,-0.2077645748895074,0.23170394187849108,0.42,0.01,0.3624191420959312
0.6,2026101900,36,-0.0176163410643856,0.3172182536461561,0.42,0.03,0.37624497679139374
0.6,2026101900,37,0.006022365108472183,-0.5617903252274019,0.55,0.0,0.3835421780209587
0.6,2026101900,38,0.34356695081829686,-0.10427813650418763,0.52,0.01,0.3865498638481171
0.6,2026101900,39,0.5667456286567822,-0.7390685211195408,0.63,0.02,0.3751255613222797
0.6,2026101900,40,0.3066902260096299,-0.289080960704441,0.52,0.01,0.3725837625826383
0.6,2026101900,41,0.05042722095078117,0.06771598597566732,0.5,0.0,0.3729062671291981
0.6,2026101900,42,-0.790937855603348,0.16994160151701518,0.44,0.0,0.4040729638849376
0.6,2026101900,43,0.30775294326260927,-0.19408460718832285,0.51,0.0,0.37701096354118724
0.6,2026101900,44,0.20303741786675863,0.08935119807785828,0.47,0.02,0.37532976989572503
0.6,2026101900,45,-0.006949458958355592,-0.02714145872256364,0.48,0.05,0.3528682518721137
0.6,2026101900,46,0.08826432680392303,-0.1780947823036888,0.55,0.0,0.3628416283812919
0.6,2026101900,47,0.3042973017416464,-0.2593765425337296,0.5,0.0,0.36963031927406403
0.6,2026101900,48,0.9641777859879745,-0.61263285470596,0.59,0.03,0.34801217268281953
0.6,2026101900,49,-0.13766855073564088,-0.07892048934072575,0.54,0.02,0.35692527924427553
0.6,2026101900,50,-0.16501351228203448,0.22635403081575686,0.49,0.0,0.389463681526928
0.6,2026101900,51,0.12734511234197154,-0.15413743040794553,0.51,0.02,0.3849267571391987
0.6,2026101900,52,-0.2902626931636458,0.2088869845721221,0.47,0.01,0.37623285046912885
0.6,2026101900,53,0.18746151322132193,-0.10289120448862389,0.48,0.03,0.37216456699317774
0.6,2026101900,54,0.4257177733093864,-0.14451034111222757,0.5,0.01,0.3643689112443609
0.6,2026101900,55,0.259922084291651,0.5852555963320469,0.44,0.02,0.3750938730710326
0.6,2026101900,56,0.8338974471570312,-0.3988501182061882,0.5,0.0,0.3497072754358348
0.6,2026101900,57,0.03930812435138126,-0.4668943225903293,0.56,0.02,0.3374780375766095
0.6,2026101900,58,-0.11438921014976933,0.0061361375603747655,0.49,0.01,0.386954554071387
0.6,2026101900,59,-0.1801483279548833,-0.03819026184379738,0.51,0.01,0.3690855313950824
0.6,2026101900,60,-0.21234841843053356,0.34645046740850793,0.5,0.02,0.3840826800176216
0.6,2026101900,61,-0.0700982635639745,-0.19574220709640724,0.56,0.0,0.3578569857148624
0.6,2026101900,62,0.22015279699529322,0.046143121581662984,0.51,0.0,0.3760854094138715
0.6,2026101900,63,-0.5394631119035899,-0.011080572562608018,0.48,0.02,0.37746284434759964
0.6,2026101900,64,0.5561310454574111,0.1265393031931121,0.48,0.01,0.38725434340532333
0.6,2026101900,65,0.048200196149516435,-0.28151544828332553,0.52,0.02,0.39135599509243896
0.6,2026101900,66,-0.1655237987861801,0.2337490187902236,0.51,0.0,0.3887600095730727
0.6,2026101900,67,0.06878980045436249,-0.5638825194369644,0.52,0.0,0.3949934756238428
0.6,2026101900,68,-0.07786713347820885,0.44768529143001345,0.44,0.01,0.3641220798593977
0.6,2026101900,69,-0.40540723333013495,0.1597823531303649,0.46,0.02,0.380934780157132
0.6,2026101900,70,-0.10744246048324001,-0.23768321294255407,0.51,0.0,0.37668009907601324
0.6,2026101900,71,0.13189699288190648,0.41910886233894545,0.47,0.0,0.3838450491133599
0.6,2026101900,72,0.4037310936912267,0.22313589289979086,0.56,0.0,0.3893668887857134
0.6,2026101900,73,-0.2696510979182955,0.3371751793596954,0.46,0.02,0.3836984598165421
0.6,2026101900,74,0.10378678191211729,-0.5533190514654289,0.54,0.0,0.355012225204889
0.6,2026101900,75,-0.007710430001558397,-0.09897546853617435,0.49,0.0,0.3697691221692747
0.6,2026101900,76,-0.38216422900677777,0.1761943314350666,0.44,0.0,0.3958121296370736
0.6,2026101900,77,-0.14379257130903994,0.27221195467744,0.42,0.02,0.3706494643740736
0.6,2026101900,78,0.298911536534354,-0.13387487733240153,0.49,0.02,0.3569113879228277
0.6,2026101900,79,0.18123664348192306,0.1989589739329616,0.48,0.01,0.3657529798229659
0.6,2026101900,80,-0.10973319008016157,-0.3116171754715208,0.53,0.02,0.36633590699080026
0.6,2026101900,81,-0.058155667483466934,-0.2661455552420027,0.51,0.01,0.37419251508020246
0.6,2026101900,82,0.5145567837603768,-0.09116891196002566,0.51,0.0,0.36695018416112196
0.6,2026101900,83,-0.058499926762228635,-0.011514217467604284,0.55,0.0,0.37420047781592886
0.6,2026101900,84,0.09947301965642781,0.10714517061936192,0.47,0.03,0.34906020745302085
0.6,2026101900,85,-0.28271013049839744,-0.19982623415357112,0.57,0.01,0.3665438941531385
0.6,2026101900,86,0.07024793031176446,-0.15058814958281083,0.5,0.03,0.3977798319322821
0.6,2026101900,87,-0.43575741803774376,-0.2382532389136416,0.52,0.01,0.3464770341063659
0.6,2026101900,88,0.5788301635513635,-0.7231687220323404,0.56,0.01,0.39702030900862767
0.6,2026101900,89,-0.02922220557728077,-0.1345884012291268,0.54,0.0,0.34995096998331554
0.6,2026101900,90,-0.2988998901715437,-0.21240105830530617,0.51,0.01,0.37983992121388355
0.6,2026101900,91,-0.12019817909993025,0.27818213743135833,0.48,0.0,0.3629615798032642
0.6,2026101900,92,-0.027829939567737827,-0.13978152897752122,0.52,0.01,0.3808895581999018
0.6,2026101900,93,0.460121945860982,-0.09159459427467727,0.5,0.0,0.38956449607709986
0.6,2026101900,94,0.5947248993240217,-0.26016687722935744,0.5,0.0,0.3859501271327093
0.6,2026101900,95,-0.10143052421308534,-0.3352650697129029,0.54,0.01,0.37800601358291813
0.6,2026101900,96,-0.1580769770575515,-0.35230435427202506,0.53,0.01,0.3679907108929747
0.6,2026101900,97,0.6746918521966137,-0.19134994223478377,0.57,0.03,0.3726217167847604
0.6,2026101900,98,0.16173115026952,-0.12865465082443533,0.6,0.02,0.38594591574336057
0.6,2026101900,99,0.022172672749566358,0.05037476688198881,0.49,0.01,0.36793558625257405
0.6,2026101900,100,-0.752674121664374,0.5978361805177476,0.43,0.03,0.3463768066203823
0.6,2026101900,101,0.23706902567597116,0.27108429860044475,0.49,0.0,0.36770177655667236
0.6,2026101900,102,0.2475078744008205,-0.05628781181249426,0.45,0.01,0.38331666879641135
0.6,2026101900,103,0.34982176448061425,-0.5290356925295068,0.56,0.0,0.36669350442373694
0.6,2026101900,104,-0.39551768232123263,0.23669237476699959,0.49,0.0,0.35097702805086456
0.6,2026101900,105,0.7794159725598484,0.2816406722524192,0.45,0.0,0.37286158970635325
0.6,2026101900,106,-0.4445205161562909,0.08821521622428055,0.49,0.0,0.3616564037048085
0.6,2026101900,107,-0.04211115717814061,-0.32513085643198586,0.55,0.0,0.3880393605163451
0.6,2026101900,108,0.9496290391161695,-0.6144693195511725,0.52,0.01,0.3512719903282172
0.6,2026101900,109,0.34480421431720737,0.017766397488850255,0.48,0.0,0.36641511515233477
0.6,2026101900,110,0.480024668639161,-0.33322692118353425,0.52,0.0,0.3592625852647175
0.6,2026101900,111,-0.2707285253945912,0.030640592358080466,0.5,0.01,0.38129958009196363
0.6,2026101900,112,0.4271881745815328,0.04025627999443494,0.5,0.0,0.3499186448038645
0.6,2026101900,113,0.44309072494054164,-0.389546176017952,0.49,0.0,0.3668789259035616
0.6,2026101900,114,-0.2460094557372965,0.26308206019248787,0.47,0.02,0.3598643740887755
0.6,2026101900,115,-0.7701322002942654,0.46760957477995563,0.49,0.02,0.3703217946030754
0.6,2026101900,116,-0.3220327494372676,0.1906264795657654,0.5,0.04,0.37309511399235407
0.6,2026101900,117,1.2226832368003702,-0.8910488874539275,0.63,0.02,0.35311385951666835
0.6,2026101900,118,0.11622590252424607,-0.11723488700833794,0.5,0.0,0.37683100692085375
0.6,2026101900,119,0.3247806262721036,0.07964140628467342,0.4,0.0,0.36968695881800634
0.6,2026101900,120,0.03462825501269495,0.10092852810547352,0.52,0.02,0.33695294382731555
0.6,2026101900,121,0.5130002378387821,-0.33699153060465936,0.54,0.0,0.3445475322127478
0.6,2026101900,122,0.1201565713034143,-0.7719699024438795,0.55,0.01,0.39466038541389503
0.6,2026101900,123,0.27812411225230144,0.12934346436985492,0.53,0.04,0.36951134270146196
0.6,2026101900,124,-0.05175532673812548,-0.1521323298978324,0.58,0.02,0.35592114675134434
0.6,2026101900,125,0.125228673342814,-0.0011380800666621837,0.54,0.0,0.3857713151388215
0.6,2026101900,126,0.10272527816091274,-0.06716292058218971,0.47,0.01,0.38367921748347844
0.6,2026101900,127,-0.13890266825152137,-0.16097946884256797,0.49,0.01,0.4010212657359496
0.6,2026101900,128,0.11051449991896403,0.11314093998096181,0.54,0.01,0.3757810756688526
0.6,2026101900,129,0.34836714960784143,-0.4272469023043765,0.55,0.0,0.3463311159844638
0.6,2026101900,130,0.30006831311245674,0.07993335025704097,0.54,0.02,0.3808213690615667
0.6,2026101900,131,-0.1705165362603347,-0.021071181442168664,0.46,0.0,0.34241153761412263
0.6,2026101900,132,0.4274931060755307,-0.11939542952177902,0.53,0.0,0.34951330630034533
0.6,2026101900,133,-0.0533020077146642,0.11583487572584884,0.49,0.01,0.3883367307603962
0.6,2026101900,134,0.31843787130162016,0.03548267903045068,0.51,0.02,0.3650784187836135
0.6,2026101900,135,0.08373769035577386,-0.43613861081629146,0.53,0.03,0.36345957199393264
0.6,2026101900,136,0.07245467402547946,0.09263321236902748,0.5,0.02,0.3626937537260251
0.6,2026101900,137,0.20183099650551267,-0.2505597184378771,0.53,0.01,0.36991504938289554
0.6,2026101900,138,-0.01811340665544397,0.4202609010164447,0.42,0.03,0.37241641751036875
0.6,2026101900,139,0.4723552730391439,-0.2818703305287433,0.53,0.02,0.3558414756468441
0.6,2026101900,140,0.10797208520769164,-0.7114299674024686,0.61,0.01,0.35730459698719835
0.6,2026101900,141,0.5699088132176713,-0.3068266499109923,0.53,0.0,0.3660117216934948
0.6,2026101900,142,0.24108814998246028,-0.28181847801508086,0.54,0.02,0.38294948337824136
0.6,2026101900,143,-0.2618377012892518,-0.07092551682656198,0.51,0.01,0.38239155042009265
0.6,2026101900,144,-0.006670401137277695,0.3618226630297709,0.44,0.01,0.37926170383644936
0.6,2026101900,145,-0.6786137746349695,0.4572511935518623,0.45,0.0,0.3916873347864129
0.6,2026101900,146,0.7212418865116554,-0.12020371433168851,0.5,0.0,0.3659355301622062
0.6,2026101900,147,0.3090827969120881,-0.0693219388589606,0.55,0.03,0.3700101070892906
0.6,2026101900,148,-0.19184674513695982,-0.1579899981316546,0.54,0.02,0.36390457569426077
0.6,2026101900,149,0.16480942117469113,0.08044875027406574,0.5,0.0,0.3802341532738117
0.6,2026101900,150,-0.4750453069926586,0.795452379171831,0.38,0.02,0.38213882225212353
0.6,2026101900,151,-0.3107645136943036,0.013826899125465152,0.51,0.01,0.38387507598621545
0.6,2026101900,152,0.6762954609080503,-0.36514234187752287,0.55,0.0,0.3651195281912542
0.6,2026101900,153,0.11597289080689244,-0.3686878437120205,0.54,0.02,0.385785928765266
0.6,2026101900,154,0.15449453846288097,0.0006515607066982198,0.51,0.0,0.3931130863849816
0.6,2026101900,155,0.09122644782543037,0.02191380639642014,0.5,0.01,0.3757541439807453
0.6,2026101900,156,0.304400008338021,-0.2368601969858381,0.53,0.03,0.3779604301961502
0.6,2026101900,157,0.5047632663571725,-0.5779043475657786,0.53,0.02,0.39041088375304006
0.6,2026101900,158,-0.44653293419231976,0.24885436732379557,0.53,0.01,0.36218771124813115
0.6,2026101900,159,0.008322575304581012,-0.20063272708460136,0.47,0.0,0.3808500062905476
0.6,2026101900,160,0.3150664048058819,-0.24231506508510087,0.51,0.0,0.3860745042933306
0.6,2026101900,161,-0.003083388569776152,-0.702741976127883,0.59,0.04,0.35652103722238515
0.6,2026101900,162,-0.12259877564051892,0.3746417664202437,0.52,0.0,0.37058641684313975
0.6,2026101900,163,0.18859770165094247,-0.6084749138927559,0.57,0.02,0.35465908150529907
0.6,2026101900,164,-0.11163861907527854,0.362012618897396,0.45,0.0,0.3616328968651311
0.6,2026101900,165,0.04168246265279728,-0.3062055622722861,0.53,0.03,0.38504746429425757
0.6,2026101900,166,0.01967972060352875,-0.0832399754898552,0.43,0.0,0.3790932072325613
0.6,2026101900,167,0.03294471496748758,0.07207612793981806,0.51,0.02,0.3717291818549786
0.6,2026101900,168,0.3275691456440516,0.006226755463065762,0.57,0.02,0.3821073671481024
0.6,2026101900,169,0.26107323545921135,0.17319388077295308,0.46,0.01,0.3438922874474864
0.6,2026101900,170,-0.38184680780436253,0.3932329251805477,0.48,0.0,0.38341763909187476
0.6,2026101900,171,-0.1374968718536813,-0.11789191575223743,0.56,0.01,0.3631229536847529
0.6,2026101900,172,-0.046283605196730006,0.4184467742869627,0.45,0.0,0.37275172466378576
0.6,2026101900,173,0.47997903784570495,-0.8858599545045971,0.59,0.0,0.36295421141408896
0.6,2026101900,174,-0.11695113608269328,-0.05713694880953626,0.51,0.01,0.37855171026855694
0.6,2026101900,175,0.20919055991321717,-0.14814624084720018,0.54,0.03,0.37783457638575013
0.6,2026101900,176,0.27388737413217434,-0.8957338265213421,0.61,0.0,0.3764544941139767
0.6,2026101900,177,-0.35631931814183737,-0.1679348465794005,0.5,0.01,0.3575769220077472
0.6,2026101900,178,-0.15730905511296914,-0.09960782179924116,0.5,0.01,0.34482692325814795
0.6,2026101900,179,0.4163314739294954,-0.1703790207330534,0.52,0.01,0.3525584713900373
0.6,2026101900,180,-0.47990555563823556,0.7358234303977902,0.43,0.02,0.3394862718618984
0.6,2026101900,181,-0.2299147242899294,0.40958442979896503,0.51,0.01,0.3691045661712622
0.6,2026101900,182,-0.0319087543405735,-0.49344261323840727,0.55,0.01,0.32943969837689097
0.6,2026101900,183,0.05798222721749194,0.05949648382616722,0.51,0.01,0.3378804441301875
0.6,2026101900,184,0.688583406024771,-0.5999217589459394,0.57,0.03,0.3762467977545302
0.6,2026101900,185,0.2513904730212557,-0.3001910201260803,0.55,0.04,0.3884568618358999
0.6,2026101900,186,-0.13378544492664143,0.39504352901597983,0.49,0.01,0.3659960203184581
0.6,2026101900,187,0.3343841884838126,-0.08771354814822076,0.5,0.03,0.36925095829235777
0.6,2026101900,188,-0.1814453457625314,0.1589789561748175,0.49,0.02,0.37599160368357454
0.6,2026101900,189,0.05420260096760739,0.08793652023908725,0.5,0.0,0.37675286503370453
0.6,2026101900,190,0.5034233965075958,-0.16621460911605898,0.52,0.01,0.36268241637242626
0.6,2026101900,191,0.37263823467663215,-0.7215358174092141,0.62,0.01,0.38155133110141043
0.6,2026101900,192,-0.4834766104339538,0.2625601942111433,0.43,0.03,0.36706882807465696
0.6,2026101900,193,0.09801260201182,-1.0514598922056761,0.64,0.01,0.37843507396385917
0.6,2026101900,194,0.13965955188120371,-0.22738894559421508,0.51,0.0,0.4060558605067963
0.6,2026101900,195,0.4107316300941036,-0.36714387768580925,0.59,0.01,0.3720831828734889
0.6,2026101900,196,0.046738654547196924,0.2394229748211647,0.52,0.0,0.3482149058003472
0.6,2026101900,197,0.18982711738733624,-0.5474293453429413,0.47,0.01,0.35367613481897187
0.6,2026101900,198,0.4706060970478958,-0.6398113033583867,0.6,0.01,0.3630190871695628
0.6,2026101900,199,0.3279692120547968,-0.08843692575638128,0.5,0.01,0.3617274611533079
0.6,2026101900,200,-0.6191444482377176,0.5298747772232515,0.46,0.0,0.3670917353471475
0.6,2026101900,201,-0.2304615684392279,-0.015556909165496825,0.49,0.01,0.3698811459472561
0.6,2026101900,202,-0.3546359332859512,0.32717035099803654,0.45,0.02,0.3566439240729592
0.6,2026101900,203,0.05307763300217843,0.4645728318368257,0.44,0.01,0.37296142397187365
0.6,2026101900,204,0.020368042222279233,-0.06584257180260454,0.52,0.01,0.36692710222737995
0.6,2026101900,205,0.5631377477594889,0.2070851550346535,0.48,0.0,0.37261803914254465
0.6,2026101900,206,0.09227762483711284,0.04798746655334437,0.51,0.02,0.3624155095847992
0.6,2026101900,207,-0.329920621358044,0.22528161645411188,0.45,0.0,0.35872017491492597
0.6,2026101900,208,-0.2881328988009686,-0.05907312033034093,0.47,0.0,0.3549367387227303
0.6,2026101900,209,-0.4248608457538596,-0.14400686927386971,0.52,0.01,0.32050363337100385
0.6,2026101900,210,0.3516944341144367,0.14620200026763372,0.49,0.02,0.34523797453539584
0.6,2026101900,211,0.3961270330365646,-0.3331790214662086,0.48,0.01,0.36101504778970467
0.6,2026101900,212,-0.14075731951482184,-0.0724287275908874,0.5,0.01,0.35365456839947734
0.6,2026101900,213,0.08587318260944293,-0.4187441171282984,0.57,0.02,0.3551345387292173
0.6,2026101900,214,0.3863968447632217,0.17058749358950964,0.47,0.03,0.3444830973806334
0.6,2026101900,215,0.07457610294199252,-0.613338953521893,0.56,0.05,0.3496914197095662
0.6,2026101900,216,-0.17688177899709334,-0.4093420201526666,0.54,0.0,0.3793122154510874
0.6,2026101900,217,0.08131058021011892,0.028559291065818115,0.48,0.07,0.3551069176698924
0.6,2026101900,218,0.2691963804965782,-0.238581552925342,0.5,0.01,0.36995385265218816
0.6,2026101900,219,0.20981339028689272,-0.35381675256547573,0.52,0.0,0.3744257609635391
0.6,2026101900,220,-0.023198168073422166,0.22301784628936538,0.5,0.03,0.36772492655002187
0.6,2026101900,221,-0.007176246768687675,-0.3834442033010903,0.53,0.02,0.3849015070159615
0.6,2026101900,222,-0.11568143121199304,0.20588200191109648,0.41,0.01,0.37837930809811055
0.6,2026101900,223,1.3049867329000318,-0.7931506660649091,0.59,0.02,0.37552997993392545
0.6,2026101900,224,-0.30130521379153075,-0.03558934961391388,0.52,0.03,0.3829968993820589
0.6,2026101900,225,0.05821208716630757,-0.9649928586125136,0.54,0.02,0.36830083483087056
0.6,2026101900,226,0.01926817463978034,0.21642222174999864,0.49,0.01,0.3673581427481814
0.6,2026101900,227,0.1500850157284449,-0.2545673445601263,0.56,0.01,0.37036883281105354
0.6,2026101900,228,-0.042748537465921686,-0.6471976308185282,0.56,0.0,0.3879421532109478
0.6,2026101900,229,0.6570653168212419,-0.3104208124258697,0.5,0.01,0.3562290890381277
0.6,2026101900,230,-0.39561614377504584,0.37951399838156663,0.47,0.01,0.3494726067929655
0.6,2026101900,231,0.06692880999951266,-0.18787079068685938,0.56,0.01,0.36572742908816047
0.6,2026101900,232,-0.7891550409913431,0.3816525253269771,0.45,0.0,0.3789667368300845
0.6,2026101900,233,0.17035039578828545,-0.31143599030118796,0.51,0.01,0.36553260176692987
0.6,2026101900,234,0.34634352963070847,-0.24522790199771777,0.5,0.03,0.37890518813021473
0.6,2026101900,235,-0.10955320121988713,0.24443623286095076,0.45,0.01,0.3781735574220829
0.6,2026101900,236,-0.26325875298659646,-0.14536068880589315,0.53,0.0,0.3575335741580532
0.6,2026101900,237,-0.049027313608903306,-0.16246883132881912,0.54,0.0,0.3661383163894605
0.6,2026101900,238,0.3411246299868772,-0.1027852104469548,0.52,0.0,0.34936805717114594
0.6,2026101900,239,0.16666139516751366,0.09733420637963863,0.5,0.0,0.37107413832911723
0.6,2026101900,240,0.2805555659123438,0.18213833988747893,0.46,0.0,0.391322403555452
0.6,2026101900,241,0.14276608145802658,-0.35022052829860106,0.51,0.0,0.3750588672185063
0.6,2026101900,242,-0.057422958564803075,-0.1504542561391712,0.5,0.01,0.3884992469728576
0.6,2026101900,243,-0.49292330743034185,0.09820514886991445,0.53,0.03,0.3868311975492818
0.6,2026101900,244,-0.32697531781380135,0.5025887091069768,0.46,0.01,0.37316655504370044
0.6,2026101900,245,0.2512712832722374,0.10552015095307953,0.47,0.0,0.4234522278434547
0.6,2026101900,246,0.8098488041494213,-0.47519963033431806,0.56,0.03,0.37489815331781884
0.6,2026101900,247,-0.9240388613182433,0.5736651311960373,0.46,0.01,0.35946544686387405
0.6,2026101900,248,0.13229017794995546,-0.40540517463711107,0.53,0.01,0.3744741445011134
0.6,2026101900,249,-0.1504257941833254,-0.6385030679740834,0.58,0.01,0.3341836156991528
0.6,2026101900,250,-0.3439931969480967,0.643037772155249,0.42,0.0,0.3843946753373227
0.6,2026101900,251,-0.273765611541057,0.5383289405464737,0.42,0.0,0.3836089075509226
0.6,2026101900,252,0.3375777560212523,-0.7615312997120953,0.56,0.0,0.3997745834154179
0.6,2026101900,253,0.32576019825448527,0.02421908948135747,0.48,0.02,0.37446129062930106
0.6,2026101900,254,0.4496592537035201,-0.6206208273583068,0.58,0.01,0.35983705088893997
0.6,2026101900,255,-0.14639420939933906,0.14938080616736504,0.52,0.05,0.38473592003716806
0.6,2026101900,256,-0.13005119328680464,-0.4234482983171879,0.58,0.01,0.36109354582665465
0.6,2026101900,257,-0.19468874033666947,0.008284689605464877,0.48,0.01,0.36535661903533007
0.6,2026101900,258,-0.14508576429840644,0.13649341303079876,0.44,0.0,0.376030969670228
0.6,2026101900,259,-0.1479543515160155,0.2252229977439449,0.48,0.02,0.3679435729825494
0.6,2026101900,260,0.12202153028320986,-0.20319811896621234,0.57,0.02,0.35455195076118295
0.6,2026101900,261,0.7152727662940473,-0.3659390881384617,0.5,0.01,0.3713739349995982
0.6,2026101900,262,0.26728456977822457,0.009362101727190026,0.55,0.02,0.3947835089568419
0.6,2026101900,263,-0.10443760660880934,0.1978063290257417,0.42,0.01,0.3740172057625742
0.6,2026101900,264,0.2314040605229903,-0.4399778344777986,0.56,0.03,0.3553382754262022
0.6,2026101900,265,0.27871783357612884,0.12674779214087534,0.56,0.03,0.3902623734914941
0.6,2026101900,266,0.2683229678240196,0.20966273895753226,0.48,0.0,0.37140758613688385
0.6,2026101900,267,0.9898634446605118,-0.825029587838641,0.58,0.0,0.3613870569916514
0.6,2026101900,268,0.2844640885858399,-0.8595489186826596,0.59,0.03,0.349274968684427
0.6,2026101900,269,0.38782118131199916,-0.6208277410017895,0.56,0.01,0.37268288993695087
0.6,2026101900,270,0.11554792324559635,-0.16683933860870923,0.55,0.01,0.3576693805898297
0.6,2026101900,271,-0.024982423971879966,0.37560341717387197,0.41,0.0,0.36434946702499127
0.6,2026101900,272,-0.22830431773122833,0.23578853629276925,0.51,0.01,0.3755360250257563
0.6,2026101900,273,-0.09490252122091788,-0.32034277737080225,0.51,0.01,0.36140073601436
0.6,2026101900,274,-0.08000731717546523,-0.2508733608260793,0.57,0.01,0.3563723002242057
0.6,2026101900,275,0.1943457816944031,-0.05745551827967826,0.53,0.0,0.37580567987893027
0.6,2026101900,276,-0.35207771194545445,0.7161350098953959,0.45,0.02,0.3567762895228653
0.6,2026101900,277,0.8338944571263331,-0.2735647805433572,0.51,0.01,0.37751862539412623
0.6,2026101900,278,-0.12754801509507893,-0.11943558046958301,0.44,0.01,0.38479547406161674
0.6,2026101900,279,-0.16416997072219122,-0.26996698332292995,0.57,0.01,0.37040797418464805
0.6,2026101900,280,0.1772973806390522,0.04673146376545586,0.49,0.01,0.3673981222767882
0.6,2026101900,281,-0.36777407368874976,-0.2584511334447415,0.51,0.02,0.3601348129214014
0.6,2026101900,282,0.44231672844369074,-0.14523039411420016,0.52,0.02,0.352079699521038
0.6,2026101900,283,-0.2588828504284596,0.04862820753833745,0.53,0.0,0.36617173042395457
0.6,2026101900,284,-0.17636174485882186,0.04736660283433425,0.52,0.02,0.3866574478802359
0.6,2026101900,285,0.5288275080185224,-0.4157129259759031,0.51,0.01,0.3726153414549715
0.6,2026101900,286,0.708467969958655,-0.7414249954016243,0.58,0.01,0.3604561433108138
0.6,2026101900,287,0.6185516783373981,-0.8122984956342713,0.65,0.02,0.35671509393066786
0.6,2026101900,288,-0.08424627411991727,-0.3633207404361066,0.51,0.01,0.353002000308399
0.6,2026101900,289,0.2545486154151625,-0.27179983068517294,0.51,0.04,0.37192142844504567
0.6,2026101900,290,-0.23383707862669076,0.23939636563114688,0.48,0.01,0.35800146822413853
0.6,2026101900,291,-0.5245792294732383,0.08405491236146213,0.48,0.01,0.37801810836525
0.6,2026101900,292,0.14956206923694787,-0.10183570461278148,0.5,0.01,0.3564926131162499
0.6,2026101900,293,-0.3229304014149604,0.43299995022511334,0.47,0.03,0.38341325077349914
0.6,2026101900,294,0.2979053378957273,-0.3926210388008689,0.54,0.0,0.36584615286080385
0.6,2026101900,295,-0.8042684455013455,-0.1953646550048296,0.46,0.01,0.3435717043124148
0.6,2026101900,296,-0.21556522705798997,0.26670617882959435,0.48,0.01,0.3864493368122388
0.6,2026101900,297,0.17462536652227265,0.010512824133886229,0.53,0.03,0.4010451742264037
0.6,2026101900,298,0.012446594403455405,-0.3087273233804863,0.51,0.02,0.37400955044335965
0.6,2026101900,299,-0.9264431674955261,0.3802786346596156,0.49,0.01,0.3461497086500634
0.6,2026101900,300,0.6347490142171344,-0.47104948840996713,0.51,0.0,0.366531755793956
0.6,2026101900,301,0.0826888524194151,-0.17366718067593825,0.49,0.03,0.3688548130795979
0.6,2026101900,302,0.4338440808124502,-0.7098004406577832,0.6,0.01,0.3663906764000683
0.6,2026101900,303,-0.1669370855426866,0.10099092538267676,0.48,0.02,0.38577371201074473
0.6,2026101900,304,-0.16116756117545578,0.002508901908256105,0.44,0.01,0.36910589591632265
0.6,2026101900,305,-0.3936571036722303,-0.005558833516045101,0.49,0.0,0.36771225162507526
0.6,2026101900,306,-0.5440800028155323,-0.2990402777471962,0.55,0.01,0.3345677117316746
0.6,2026101900,307,-0.42642245234792964,0.4703418725486955,0.46,0.02,0.36548042828615385
0.6,2026101900,308,-0.4228501407243746,-0.005686347575946264,0.51,0.02,0.36902759195919344
0.6,2026101900,309,-0.2526684619087729,0.16924621591713254,0.48,0.04,0.37242651151763584
0.6,2026101900,310,0.10855156545104634,-0.7985971628271865,0.57,0.0,0.3731004182636532
0.6,2026101900,311,-0.3804510666088202,0.11047580255840864,0.47,0.02,0.3524497019588009
0.6,2026101900,312,0.08184688069417181,-0.010924412968651945,0.53,0.02,0.38270926439910447
0.6,2026101900,313,0.18638222448151978,-0.3857316358182372,0.54,0.03,0.38945265980573923
0.6,2026101900,314,-0.3996163445388045,0.21613316969721613,0.49,0.03,0.3807063073175881
0.6,2026101900,315,0.0024774621406061814,0.3103680013780378,0.45,0.01,0.3890683392232877
0.6,2026101900,316,0.22919887927991708,-0.08856079932032783,0.48,0.0,0.35197534969529237
0.6,2026101900,317,0.00655796112629412,0.2661422223611802,0.45,0.01,0.3745990930736061
0.6,2026101900,318,0.3559605820797122,-0.21779608773812065,0.53,0.01,0.3782903903248496
0.6,2026101900,319,-0.24579082116495862,-0.03437142731918339,0.5,0.0,0.3726890197923336
0.6,2026101900,320,0.3777012958603174,-0.6142333901995976,0.62,0.02,0.3710339001123229
0.6,2026101900,321,-0.6307302204635985,-0.010531350927249342,0.53,0.03,0.38657369797758556
0.6,2026101900,322,-0.15846000245992528,-0.08662213347336117,0.52,0.01,0.40129666876720727
0.6,2026101900,323,-0.20660331477472416,-0.24061304475476086,0.6,0.01,0.3781819248028034
0.6,2026101900,324,-0.46640204204064,0.14199873089028936,0.52,0.01,0.3619540373174054
0.6,2026101900,325,-0.04479866478399156,-0.1157914565072281,0.5,0.0,0.3682748408819576
0.6,2026101900,326,0.25962514924793006,-0.643399600931825,0.55,0.03,0.3643215947995032
0.6,2026101900,327,0.015007650029754727,-0.10903113522529852,0.5,0.02,0.3946750486936835
0.6,2026101900,328,-0.6149749894652329,0.039835674643455776,0.52,0.02,0.36794774201018865
0.6,2026101900,329,0.06037621809367069,0.18375979852579863,0.49,0.0,0.36056206533295304
0.6,2026101900,330,0.29908303971956207,0.039781863414089375,0.46,0.02,0.3780579307317655
0.6,2026101900,331,-0.4322277283582912,0.09511215136029452,0.49,0.01,0.3388211436973441
0.6,2026101900,332,0.007314574397097005,-0.5186485825630688,0.56,0.01,0.39112919050529493
0.6,2026101900,333,0.2475308544175938,-0.42349074923651564,0.59,0.01,0.3783909660249758
0.6,2026101900,334,-0.3627571728937368,0.16314348789203648,0.47,0.01,0.3909942281793293
0.6,2026101900,335,0.4195766031721429,-0.08330076976120243,0.54,0.03,0.3671866767291321
0.6,2026101900,336,0.1048560938498696,-0.24274366661875443,0.52,0.01,0.3847256440442059
0.6,2026101900,337,-0.4896331985602812,0.16314481344641976,0.53,0.0,0.37835919881877544
0.6,2026101900,338,0.05699680199140946,-0.6208771149427221,0.53,0.0,0.39653090550834585
0.6,2026101900,339,0.3142798220369151,-0.13314116664390735,0.53,0.02,0.35361645822105303
0.6,2026101900,340,-0.29762748554293905,0.028502442904679567,0.55,0.02,0.37154023445527934
0.6,2026101900,341,-0.1604988480481394,0.5674253989195841,0.49,0.02,0.3573489261086101
0.6,2026101900,342,-0.020897235441155022,-0.2396883764364649,0.52,0.0,0.36559767079344097
0.6,2026101900,343,0.2928215296258112,0.1837561329091416,0.44,0.04,0.353906414698868
0.6,2026101900,344,0.17250402997634384,-0.6681555108074311,0.58,0.0,0.365890060872008
0.6,2026101900,345,0.5119091141944009,-0.7108708659477171,0.67,0.02,0.3611266282958241
0.6,2026101900,346,0.1499942917296805,-0.07511549442278273,0.51,0.02,0.3507581403453598
0.6,2026101900,347,0.8382258331623941,-0.48429296413214956,0.51,0.01,0.3751313624185218
0.6,2026101900,348,0.05809886898058854,-0.160114220133922,0.48,0.03,0.3735548056279563
0.6,2026101900,349,-0.284242516210468,-0.17895215992280045,0.51,0.03,0.3561747853814636
0.6,2026101900,350,0.807924577099127,-0.5268595037464309,0.58,0.02,0.3840969626096375
0.6,2026101900,351,-0.10314234260059849,-0.49839815276551347,0.55,0.01,0.3625498426921566
0.6,2026101900,352,-0.2574213226488433,0.37848756435119496,0.41,0.0,0.38727054738954125
0.6,2026101900,353,-0.1989283310324405,-0.13038775297250813,0.54,0.0,0.35527665952240867
0.6,2026101900,354,0.16222055715027764,0.09603941424132778,0.51,0.02,0.3945994183974802
0.6,2026101900,355,-0.3998062539846726,-0.19738730950674324,0.5,0.02,0.3866473649615947
0.6,2026101900,356,-0.5417938295099923,0.6021592262940458,0.44,0.02,0.3491023634469539
0.6,2026101900,357,0.7246138096791327,-0.6371665925613114,0.51,0.01,0.37015272459651455
0.6,2026101900,358,-0.24589940963958284,0.2260853733139928,0.43,0.0,0.3742757763671392
0.6,2026101900,359,-0.41300200207366133,0.0993948186866964,0.51,0.01,0.3653324110228274
0.6,2026101900,360,0.15328436526175002,-0.030010743323206822,0.53,0.0,0.37912329334407047
0.6,2026101900,361,-0.4219343449795707,0.09942445033073113,0.51,0.02,0.36856588818347397
0.6,2026101900,362,0.44618864973471195,-0.6404395179945739,0.6,0.0,0.3941444451308089
0.6,2026101900,363,0.5373908986201855,-0.5590922263699013,0.54,0.01,0.35231322622382094
0.6,2026101900,364,-0.23147729083293125,-0.21935020463971733,0.52,0.01,0.35075041604116686
0.6,2026101900,365,-0.7512210722103688,0.0957163656162365,0.51,0.01,0.37141253200161223
0.6,2026101900,366,-0.33892099075175247,0.5731251518070658,0.47,0.03,0.36389236194490626
0.6,2026101900,367,-0.09058675198800724,-0.13800130271266212,0.54,0.02,0.3574410941694338
0.6,2026101900,368,0.16644772906061056,0.2123069191277961,0.48,0.02,0.3783494976614584
0.6,2026101900,369,0.3778405665580047,0.04270077850182982,0.55,0.0,0.38371490832959176
0.6,2026101900,370,-0.7681232641022193,0.06678463615858,0.45,0.01,0.3833677561460294
0.6,2026101900,371,-0.2477703000028891,-0.025603950404249166,0.52,0.0,0.3718904399591465
0.6,2026101900,372,0.5266262225479247,-0.11561240872039578,0.55,0.01,0.37736099634091097
0.6,2026101900,373,0.12462164302496255,-0.14623828458267288,0.5,0.0,0.352721749045551
0.6,2026101900,374,0.08921883605836037,0.4720519201455656,0.44,0.03,0.35330644430263036
0.6,2026101900,375,0.25136577773940383,-0.522508959006369,0.55,0.02,0.3928777312485622
0.6,2026101900,376,-0.3102364178957998,0.26927921050678966,0.45,0.01,0.35330171559373674
0.6,2026101900,377,0.43394475327770365,-0.33097028581625515,0.53,0.0,0.39704104050208705
0.6,2026101900,378,0.14352429353024104,-0.2580347979042662,0.51,0.0,0.3482104409248925
0.6,2026101900,379,0.04414471954033201,-0.43841731939165735,0.56,0.01,0.3916283784491049
0.6,2026101900,380,-0.5103461158416667,0.2201327958605653,0.44,0.01,0.37773770794380196
0.6,2026101900,381,0.08649612921412327,0.10282125987308349,0.5,0.01,0.37615790351688305
0.6,2026101900,382,0.27955499478050994,-1.0635574266599597,0.6,0.0,0.3780631521611248
0.6,2026101900,383,0.14904538557787522,-0.12530357984974724,0.47,0.0,0.3904591611968338
0.6,2026101900,384,-0.08863115694958906,0.3479833804907368,0.4,0.01,0.37525460373105096
0.6,2026101900,385,0.3669913283536635,0.4590244364228595,0.46,0.01,0.3686726549601414
0.6,2026101900,386,0.0624836109326538,0.677281484749892,0.4,0.01,0.37681678900662235
0.6,2026101900,387,0.29340855056962484,-0.22875892658006294,0.53,0.03,0.3687554736047494
0.6,2026101900,388,0.8816871220541179,-1.5566987490017385,0.61,0.01,0.3676896192174528
0.6,2026101900,389,0.5149970638010538,0.4555966493300434,0.47,0.0,0.37604413909142403
0.6,2026101900,390,0.3988474080067671,-0.3878001539487662,0.52,0.03,0.3928530664550833
0.6,2026101900,391,-0.013735374226514895,-0.3342546899788363,0.53,0.02,0.3554672122288835
0.6,2026101900,392,0.0843104581664187,-0.11597083508995837,0.53,0.01,0.3619718677426627
0.6,2026101900,393,0.7097189725900799,-0.39575451137021306,0.51,0.01,0.3821257678480557
0.6,2026101900,394,0.057830177040208784,0.0419691956104219,0.55,0.04,0.3842735726466393
0.6,2026101900,395,0.35641824132345384,-0.3466999768841659,0.52,0.03,0.37599518778659236
0.6,2026101900,396,-0.3563260391931359,0.24917196909069703,0.5,0.04,0.36480187943072473
0.6,2026101900,397,0.2308065984189249,-0.2720752901470703,0.51,0.01,0.33089813029459686
0.6,2026101900,398,1.0388559024236093,-0.8694418075586523,0.58,0.03,0.3956675025339449
0.6,2026101900,399,-0.20226362626729555,0.34040064035542,0.48,0.0,0.3919474628051854
0.6,2026101900,400,0.14205972681272191,-0.21095882922485387,0.53,0.02,0.4122584671093468
0.6,2026101900,401,-0.21100117850564548,-0.06609142192934164,0.45,0.0,0.3750803305376192
0.6,2026101900,402,-0.08685273238802708,-0.7946399091108168,0.6,0.01,0.3671410285589573
0.6,2026101900,403,-0.358623033489182,0.3666721985649206,0.47,0.01,0.3517510979974868
0.6,2026101900,404,0.02248618633257518,-0.06542534432376983,0.45,0.02,0.37382063168792196
0.6,2026101900,405,0.5928378759859942,-0.7500214785626256,0.63,0.03,0.3764201446666645
0.6,2026101900,406,-0.09125321672521917,0.08794632651786298,0.47,0.02,0.3688008679432662
0.6,2026101900,407,-0.31490878212760187,-0.2590464484151726,0.55,0.0,0.4054292822418249
0.6,2026101900,408,0.602120347305819,-0.2539357284401782,0.52,0.01,0.34118482523063465
0.6,2026101900,409,-0.1707932363022082,0.14136925228329886,0.46,0.0,0.3730049710932131
0.6,2026101900,410,0.5501018952570204,-0.43654193483310855,0.53,0.02,0.3734619931535284
0.6,2026101900,411,-0.05345995803031824,-0.0706959577482485,0.51,0.03,0.3760878058928532
0.6,2026101900,412,0.2993890621007839,0.15113779077141312,0.42,0.01,0.37066394144763465
0.6,2026101900,413,0.35552800807437906,-0.7048369011927018,0.55,0.02,0.3630973069058874
0.6,2026101900,414,0.5086842824407808,-0.24424187835068284,0.55,0.01,0.3532046352061265
0.6,2026101900,415,-0.289073880655364,0.3557592994826421,0.44,0.01,0.3806091962087473
0.6,2026101900,416,-0.059972424527169964,0.11286402322793226,0.5,0.0,0.37493926221265894
0.6,2026101900,417,-0.4170203995896189,0.49147876985724004,0.42,0.02,0.3625987863857678
0.6,2026101900,418,0.6573331901776867,-0.5907465335130297,0.61,0.02,0.3604353590591595
0.6,2026101900,419,-0.4828132657238281,0.17743655089375288,0.51,0.01,0.3779715996620006
0.6,2026101900,420,0.1803178788349416,-0.4703719944871476,0.58,0.03,0.38018715708783396
0.6,2026101900,421,0.02433075977279607,-0.2959281578414643,0.5,0.01,0.37082619819949786
0.6,2026101900,422,-0.5517852513750081,0.42247077908261693,0.48,0.0,0.3880751891211358
0.6,2026101900,423,0.048883704493265345,-0.13681321854838144,0.51,0.01,0.3853628277059149
0.6,2026101900,424,-0.027018233032468024,-0.14302368985263234,0.52,0.01,0.3897079187493566
0.6,2026101900,425,0.39413423888661336,-0.11294200012471664,0.5,0.03,0.348369281119102
0.6,2026101900,426,0.5062004709992229,-0.37531881567046865,0.54,0.02,0.3547898803230236
0.6,2026101900,427,-0.5562793272529545,0.04545448408790854,0.51,0.01,0.33958579515207654
0.6,2026101900,428,0.31315987219521174,-0.19538509597771506,0.52,0.0,0.37773432639537086
0.6,2026101900,429,-0.26284395334469723,0.01174818582269848,0.49,0.03,0.36783991608998917
0.6,2026101900,430,-0.27163640188436333,-0.579354425061394,0.53,0.01,0.3562406988008701
0.6,2026101900,431,0.6336042796317316,-0.6229279990714275,0.58,0.01,0.3481278983058536
0.6,2026101900,432,-0.631842256052613,-0.27745471193710985,0.53,0.0,0.36423498304584717
0.6,2026101900,433,0.0838434815414328,-0.23730514585403795,0.52,0.02,0.3571738641347993
0.6,2026101900,434,0.12750538100198647,-0.28844418351195394,0.55,0.02,0.37271807505592497
0.6,2026101900,435,0.07287881317073383,-0.26119530336070973,0.53,0.01,0.3651856193528022
0.6,2026101900,436,0.2400637579286898,-0.21997304857482766,0.49,0.03,0.381728897578245
0.6,2026101900,437,0.15337163894705008,-0.3238292085387049,0.48,0.01,0.35782567165167606
0.6,2026101900,438,0.3413972333656758,0.19647441047357705,0.45,0.02,0.4106374379500138
0.6,2026101900,439,0.32897138901455447,-0.09147469958557075,0.54,0.01,0.39562301819556334
0.6,2026101900,440,0.040269889018750574,0.06532376896761133,0.53,0.01,0.35030085877292527
0.6,2026101900,441,0.7720683622163649,-0.8569516102174096,0.65,0.03,0.409210227602518
0.6,2026101900,442,0.1366924553664769,-1.3026421770701055,0.61,0.0,0.3953644672333803
0.6,2026101900,443,0.17829326542923368,-0.02202484095234828,0.5,0.0,0.3497424070569911
0.6,2026101900,444,-0.30169368991557693,0.05935529059013888,0.46,0.02,0.35569055940208416
0.6,2026101900,445,0.7016073391799249,-0.49810298954137117,0.53,0.0,0.35807561689048684
0.6,2026101900,446,0.36992172375503396,-0.4117450785116027,0.53,0.03,0.3959496751444722
0.6,2026101900,447,0.07541366327802083,-0.2254734104175161,0.56,0.03,0.3413230729226909
0.6,2026101900,448,0.2017941027136173,-0.27098716272971785,0.5,0.0,0.3864634572402876
0.6,2026101900,449,0.6200432182101115,-0.18942411276880033,0.49,0.02,0.3496732031969412
0.6,2026101900,450,0.015756905994244813,0.18450928256543098,0.54,0.0,0.3729728206538176
0.6,2026101900,451,-0.42465187310835956,0.030095885792128473,0.48,0.01,0.3829375163255771
0.6,2026101900,452,-0.9644051547203587,1.3620817840317816,0.34,0.01,0.37822276834389307
0.6,2026101900,453,-0.14124523725964402,0.04050444220389069,0.45,0.01,0.3463219975885318
0.6,2026101900,454,-0.24802174707304755,-0.20003635556269814,0.51,0.01,0.38159676250415453
0.6,2026101900,455,-0.30989762970584145,-0.06268428325109227,0.47,0.0,0.3788798590466039
0.6,2026101900,456,0.35854165013725525,-0.44852194533676526,0.55,0.02,0.37856564468539244
0.6,2026101900,457,-0.42961818255138745,0.4740364191248078,0.4,0.02,0.36798136196671793
0.6,2026101900,458,0.47532927746615805,-0.3058421319648305,0.52,0.01,0.3741113542323339
0.6,2026101900,459,-0.14203227180193168,0.0002764524018583714,0.47,0.03,0.3296647784250688
0.6,2026101900,460,0.15768546386012314,-0.5310481891877076,0.59,0.03,0.3646573016070839
0.6,2026101900,461,0.0693117908695129,0.08923256027083609,0.48,0.02,0.36974816349317163
0.6,2026101900,462,-0.18067072391788375,0.017065574749099643,0.49,0.02,0.36046791960340774
0.6,2026101900,463,0.21651934402077871,-0.6121737172641416,0.53,0.01,0.34815925125866437
0.6,2026101900,464,0.025229294766293323,-0.0009189857631752885,0.53,0.0,0.3709846154742049
0.6,2026101900,465,-0.36453552879403567,-0.3398688005965252,0.51,0.05,0.3389686328658044
0.6,2026101900,466,0.776267914957241,-0.18687410144789937,0.55,0.02,0.37065558979043106
0.6,2026101900,467,-0.7160514373850362,0.38831002328098363,0.51,0.0,0.3624198086054563
0.6,2026101900,468,-0.30287077961725845,0.2292114068514526,0.46,0.0,0.3614232017863182
0.6,2026101900,469,0.14021087042386118,-0.6051765754833403,0.52,0.02,0.36169200104233745
0.6,2026101900,470,-0.24931865451408988,0.03922585838055065,0.52,0.01,0.39168850167292996
0.6,2026101900,471,0.4513511708091755,-0.06619100179899362,0.51,0.01,0.3710367583663651
0.6,2026101900,472,0.532144465701538,-0.20102771677667744,0.5,0.02,0.37901786326238446
0.6,2026101900,473,0.49050323039794,-0.011974789402154738,0.49,0.0,0.3631425088705517
0.6,2026101900,474,-0.3321061045270713,0.1501387278456555,0.48,0.0,0.3561919959257662
0.6,2026101900,475,-0.03118637965941854,-0.5882206156236327,0.53,0.01,0.3787505940323728
0.6,2026101900,476,0.3123155101674794,0.13597159793907404,0.45,0.01,0.382269916920947
0.6,2026101900,477,-0.43929939548839186,0.5464924118537647,0.44,0.02,0.3980899501911231
0.6,2026101900,478,-0.18348701479928603,0.0011670993761352054,0.47,0.03,0.3891955789336904
0.6,2026101900,479,0.4470672889621804,-0.12000634467820401,0.5,0.03,0.38049085981252495
0.6,2026101900,480,0.6861842596770653,0.25531785519418804,0.41,0.01,0.35411045188243684
0.6,2026101900,481,0.3721895817491872,0.09698061840124873,0.47,0.0,0.3672929583215506
0.6,2026101900,482,0.5868178593942216,-0.8736940560629136,0.55,0.01,0.355897020780713
0.6,2026101900,483,0.8956650206982468,-0.9658734425584599,0.59,0.02,0.3529748992698763
0.6,2026101900,484,-0.2143253910203243,0.1560452754263963,0.45,0.0,0.38939435220133456
0.6,2026101900,485,-0.42223394773658185,-0.01893310022056717,0.49,0.01,0.38986008587332394
0.6,2026101900,486,0.1163586385838645,-0.25306449019514904,0.53,0.01,0.361203917473289
0.6,2026101900,487,-0.5472590704343964,-0.15383950023011128,0.53,0.0,0.3596821992579149
0.6,2026101900,488,0.30128528670633653,-0.4751762601690407,0.59,0.0,0.4084427388021244
0.6,2026101900,489,0.033403990034609005,0.1709920098733922,0.5,0.02,0.3419512810675427
0.6,2026101900,490,0.29202586002014197,-1.070777762137636,0.63,0.02,0.3734015322404581
0.6,2026101900,491,-0.12256845434147014,-0.1877215600362834,0.53,0.03,0.3806605951473695
0.6,2026101900,492,-0.0217022827739539,0.003265177419785599,0.52,0.04,0.3639194188179692
0.6,2026101900,493,-0.5264198475171412,-0.3419554610327933,0.57,0.0,0.38432399393730243
0.6,2026101900,494,0.38513591798080904,0.33257328926023283,0.44,0.01,0.3974464445954072
0.6,2026101900,495,-0.37294626155713784,-0.2796993903823766,0.53,0.01,0.3849618504843775
0.6,2026101900,496,0.3835546006657499,-0.18292847541281748,0.54,0.01,0.3879847028730212
0.6,2026101900,497,-0.18619842292620498,-0.6652888988587687,0.62,0.01,0.3691066563593926
0.6,2026101900,498,-0.26426709507986046,-0.305221994479133,0.6,0.03,0.3933612584691968
0.6,2026101900,499,-0.515302077148458,0.22148171228980895,0.44,0.02,0.38089987649162427
0.65,2026091900,0,0.5805386721681062,0.14817293485979377,0.55,0.03,0.3524799801659981
0.65,2026091900,1,-0.7618706465222798,0.7888477398253899,0.38,0.01,0.3683145607771315
0.65,2026091900,2,-0.06267668895931171,-0.39064880576167205,0.55,0.01,0.3787428519894771
0.65,2026091900,3,0.5305058171127043,-0.14221996543670196,0.51,0.01,0.3564306211193108
0.65,2026091900,4,-0.0005260456463648211,0.02494670690417826,0.46,0.02,0.37622551185161757
0.65,2026091900,5,0.11373460012918754,-0.35838349477811904,0.6,0.02,0.38660690913143453
0.65,2026091900,6,-0.10572903793368114,0.074916747529423,0.52,0.03,0.3808070979553044
0.65,2026091900,7,-0.3398407279957092,-0.30223123493977144,0.56,0.01,0.3834024351961678
0.65,2026091900,8,0.36600241935829053,0.19791380520931556,0.49,0.0,0.33292688014087757
0.65,2026091900,9,0.04766153521986568,-0.4972422031095516,0.56,0.03,0.3684027222237481
0.65,2026091900,10,0.1943971288642582,-0.22445199938529267,0.53,0.0,0.37452870181490655
0.65,2026091900,11,0.16943950774026334,-0.3766881042826313,0.53,0.04,0.3466033791611056
0.65,2026091900,12,0.1732494737735708,0.325344882808645,0.45,0.01,0.3720137395244958
0.65,2026091900,13,0.0328378213040697,0.09184956182701928,0.55,0.01,0.3661909124898311
0.65,2026091900,14,-0.27218790800037485,0.155405782579043,0.41,0.01,0.37645957707049077
0.65,2026091900,15,-0.20711680428294912,-0.6395535538281535,0.63,0.01,0.3873456573817931
0.65,2026091900,16,0.1882969710078196,0.38553760040416324,0.46,0.0,0.34473978375641323
0.65,2026091900,17,0.5676375298302527,-0.1113810643147849,0.5,0.01,0.382707832551645
0.65,2026091900,18,0.11059742511004003,-0.2449578425509515,0.52,0.02,0.3726176393888597
0.65,2026091900,19,-0.3266954552216476,-0.685467565759509,0.6,0.01,0.3828463502947654
0.65,2026091900,20,-0.057882033409466335,0.5792538743382171,0.43,0.02,0.36841784925187276
0.65,2026091900,21,-0.13450043170755988,-0.34005534591133796,0.51,0.0,0.3729207458218251
0.65,2026091900,22,-0.43405005159689475,-0.18138676719815766,0.57,0.0,0.36997619056407877
0.65,2026091900,23,-0.20711200569382307,0.041311975450335686,0.44,0.0,0.38715385963554527
0.65,2026091900,24,-0.15829899763275343,-0.36965001499147954,0.62,0.01,0.3538854688244719
0.65,2026091900,25,-0.10066467834910908,0.18286644858825352,0.49,0.0,0.36207035005808913
0.65,2026091900,26,-0.11429797258070358,-0.47191809845969346,0.57,0.02,0.38079140234903264
0.65,2026091900,27,0.1542144338510029,-0.10623844348565963,0.52,0.01,0.37615245561029964
0.65,2026091900,28,0.6320324144895663,-0.4437101244781714,0.6,0.01,0.3798895819259524
0.65,2026091900,29,0.2662229381364347,0.16500201149981192,0.45,0.01,0.3777976198679925
0.65,2026091900,30,0.09516719892912445,-0.22837523202442866,0.48,0.0,0.3579001437381079
0.65,2026091900,31,0.007854204279285973,-0.19861679688314537,0.51,0.0,0.35511162112396905
0.65,2026091900,32,-0.22088648183593093,0.3431572671954653,0.41,0.02,0.3872745967955439
0.65,2026091900,33,0.0575990071599674,-0.23171749451956763,0.51,0.0,0.35099405867894484
0.65,2026091900,34,-0.6996327790618294,0.07276842630638684,0.51,0.03,0.36412464962551216
0.65,2026091900,35,0.02691201917340572,0.12185022155471296,0.51,0.04,0.36416763127300816
0.65,2026091900,36,-0.14896088494674511,0.0942654462355155,0.48,0.01,0.3639059411734818
0.65,2026091900,37,0.1221853947744601,-0.7688268889231392,0.53,0.01,0.37544405554850074
0.65,2026091900,38,0.45506255802538287,-0.43286660116977616,0.59,0.01,0.3727909461353747
0.65,2026091900,39,-0.7567297403507018,0.3530859362176638,0.46,0.03,0.37739859391029734
0.65,2026091900,40,0.18069556011958707,-0.18673144190247448,0.59,0.02,0.40067158248420837
0.65,2026091900,41,-0.06379640707706608,0.3815828058089984,0.48,0.0,0.37507016558630324
0.65,2026091900,42,0.45873645632898286,-0.5894808929977409,0.52,0.01,0.3657756407745881
0.65,2026091900,43,0.6094600448096716,-0.4136443681424455,0.57,0.03,0.3786202209521223
0.65,2026091900,44,0.038977210859131015,-0.5756625168596458,0.56,0.03,0.3588664330651819
0.65,2026091900,45,-0.36917573259552955,0.12389258807529577,0.52,0.0,0.36648032960130983
0.65,2026091900,46,0.23078814606477105,-0.18111692482365307,0.52,0.01,0.3736148390194503
0.65,2026091900,47,0.276860445133946,0.015684771885109833,0.45,0.0,0.36604548246946117
0.65,2026091900,48,-0.4962742894038638,-0.41169734847771294,0.54,0.0,0.36252051959810727
0.65,2026091900,49,-0.37522227989318835,0.15824202387083652,0.47,0.01,0.37499159231759416
0.65,2026091900,50,0.006227943113702992,-0.268928303743936,0.51,0.0,0.36447611787405343
0.65,2026091900,51,0.12441284167394898,0.6101319527878181,0.42,0.01,0.38294606545608983
0.65,2026091900,52,0.6044662392981439,-0.3674651073262578,0.51,0.0,0.3599085102476305
0.65,2026091900,53,0.10515349745739311,0.4844254906296878,0.43,0.02,0.38694512707842127
0.65,2026091900,54,-0.03265527430980344,0.10173459312871985,0.48,0.01,0.38215139533865405
0.65,2026091900,55,0.9736581507984832,-0.9237861992726476,0.61,0.01,0.3635401904780274
0.65,2026091900,56,0.22166517699912325,-0.14409372216943633,0.54,0.0,0.372318544945776
0.65,2026091900,57,0.438360287802637,-0.5774233234960116,0.57,0.02,0.3715583745630387
0.65,2026091900,58,-0.3430181653148429,0.23832557670371415,0.5,0.02,0.38361701797227027
0.65,2026091900,59,-0.16794232061566464,-0.15025356556155248,0.48,0.04,0.391427576631239
0.65,2026091900,60,0.2768401815231126,0.05105939480270052,0.5,0.03,0.3536205135964686
0.65,2026091900,61,0.6644644118866567,-0.2680208272561082,0.53,0.02,0.361131580531936
0.65,2026091900,62,0.19948354102259347,-0.4700662460978011,0.49,0.02,0.36273375681696085
0.65,2026091900,63,-0.13524672193393594,-0.17738747900691312,0.55,0.01,0.37962637187982645
0.65,2026091900,64,0.09970518720846018,0.1610504329958997,0.53,0.0,0.3692830868576151
0.65,2026091900,65,0.538270927499905,-0.5469713926087119,0.56,0.01,0.3572676245340236
0.65,2026091900,66,0.1968296125686353,-0.2554935178531844,0.5,0.01,0.3685175453567715
0.65,2026091900,67,0.8198410512243534,-0.299355901874267,0.49,0.01,0.37086495813961484
0.65,2026091900,68,-0.22101599541832184,0.11328831496495653,0.49,0.0,0.37580326750972814
0.65,2026091900,69,-0.22789654249217098,0.06673947664725294,0.52,0.02,0.35515620597098985
0.65,2026091900,70,0.5640303376570308,-0.6609207043968681,0.56,0.02,0.3667369417906482
0.65,2026091900,71,-0.25118115991256573,-0.21554848893844358,0.57,0.02,0.364172910720963
0.65,2026091900,72,-0.10538892496883896,0.05949037223308533,0.48,0.03,0.3379186324378688
0.65,2026091900,73,-0.4537126933407423,0.24474835850153248,0.49,0.01,0.3766583432692102
0.65,2026091900,74,-0.20611877813398213,-0.18227202543044144,0.51,0.0,0.3784300960813362
0.65,2026091900,75,-0.5808492623731473,0.3893171621853332,0.42,0.02,0.3710556992082066
0.65,2026091900,76,-0.14967660794815046,-0.06876168537087214,0.5,0.0,0.36008674044504163
0.65,2026091900,77,0.6911889799638326,-0.6888600112711903,0.54,0.02,0.3556475074018914
0.65,2026091900,78,0.1233710127602824,-0.18708830107464036,0.48,0.0,0.38009860206905194
0.65,2026091900,79,0.2914478958251504,0.028580418081903675,0.52,0.0,0.3973410821192105
0.65,2026091900,80,-0.08865144030688459,-0.18871302558983163,0.5,0.03,0.3809491042600333
0.65,2026091900,81,0.009829704195141484,0.09488598427071807,0.5,0.01,0.3569515803048678
0.65,2026091900,82,0.16494131402181186,-0.011257218642441984,0.5,0.01,0.37271536449340786
0.65,2026091900,83,-0.06265573782157775,0.0733314082754967,0.56,0.0,0.3800101360724079
0.65,2026091900,84,0.4460854097587648,0.2083940521750754,0.49,0.0,0.38704756037967386
0.65,2026091900,85,-0.49873254318043037,0.1750040644673528,0.5,0.01,0.3903439369116146
0.65,2026091900,86,-0.142216889055065,0.37950146789314976,0.45,0.0,0.3792094675449228
0.65,2026091900,87,-0.16976700806755177,-0.42748595007421597,0.52,0.01,0.3626514723803097
0.65,2026091900,88,0.001274978596530243,-0.02399861626252731,0.54,0.02,0.3656049059573224
0.65,2026091900,89,0.06497546789103588,0.6548677394866457,0.45,0.0,0.344098092621895
0.65,2026091900,90,-0.3898855693186716,-0.13892744615879576,0.51,0.0,0.33364911424431776
0.65,2026091900,91,0.3697418582422155,-0.22142795690896228,0.54,0.01,0.369376318463642
0.65,2026091900,92,-0.10360347320903038,0.25789890475744204,0.46,0.0,0.35984678760196703
0.65,2026091900,93,-0.41202125569558345,-0.3585134188512788,0.53,0.0,0.38683983706273556
0.65,2026091900,94,0.17244301965848818,-0.1884067888291125,0.44,0.01,0.37654205195797424
0.65,2026091900,95,0.59491477847575,0.16466329218290013,0.45,0.02,0.3728178867489797
0.65,2026091900,96,0.05764322896664639,-0.15671943467719443,0.48,0.02,0.35590772930620235
0.65,2026091900,97,-0.27983421123177665,0.04817614803746519,0.48,0.0,0.36856407588600376
0.65,2026091900,98,-0.4725173921537244,-0.3205894290641975,0.56,0.02,0.3818721025215572
0.65,2026091900,99,-0.7912577792305635,0.13850071665180005,0.52,0.01,0.3710764967923778
0.65,2026091900,100,-0.496423700537585,0.25572412735091643,0.47,0.0,0.3932410190232794
0.65,2026091900,101,0.29708580126324075,-1.0542487325047838,0.63,0.01,0.38887072050365085
0.65,2026091900,102,-0.37877105492897,-0.4017621496244174,0.54,0.0,0.3649902288136614
0.65,2026091900,103,0.2807412914430343,0.0004023601155745293,0.52,0.02,0.337421262391865
0.65,2026091900,104,0.09227252179940795,-0.10676205275325279,0.54,0.01,0.3996512043886365
0.65,2026091900,105,-0.15986661020607845,-0.30387704731508053,0.53,0.0,0.4009731406175394
0.65,2026091900,106,-0.3455634105169758,-0.06501034304507945,0.5,0.01,0.3904943187628663
0.65,2026091900,107,0.01822150255137361,-0.33660250975860145,0.51,0.02,0.3862300902500976
0.65,2026091900,108,-0.36941961661041467,-0.0764579348337542,0.5,0.02,0.38440017006195587
0.65,2026091900,109,0.3712674549281645,-0.5023179136714245,0.56,0.0,0.34950063892240857
0.65,2026091900,110,-0.6643805526239679,-0.004170854742923014,0.51,0.01,0.38252630065930915
0.65,2026091900,111,-0.4596598579710472,0.043622613182118304,0.52,0.0,0.38192826535819596
0.65,2026091900,112,0.27023619919732084,-0.2139817684389536,0.49,0.0,0.3844265626399535
0.65,2026091900,113,0.0881312089931712,0.49363970289096215,0.47,0.01,0.37856133052599966
0.65,2026091900,114,-0.2621964247544026,-0.022161501375283978,0.54,0.01,0.3847373745651767
0.65,2026091900,115,0.5667231806084686,-0.3112405879239225,0.52,0.01,0.3698789370336565
0.65,2026091900,116,0.3652495836578317,0.03546559050992158,0.53,0.0,0.3594935319632901
0.65,2026091900,117,0.3892754428295374,0.05530451762042842,0.5,0.01,0.3524502858171394
0.65,2026091900,118,0.10508596253984555,0.14747301230874515,0.47,0.01,0.35435676323840914
0.65,2026091900,119,-0.02161033433434524,0.5394345013932091,0.43,0.01,0.3769115982032313
0.65,2026091900,120,0.3323384678718366,-0.5868122482928616,0.59,0.02,0.3633980427714235
0.65,2026091900,121,-0.10030282129107546,-0.3586286994244554,0.54,0.04,0.36464307773922866
0.65,2026091900,122,-0.40158972836858564,0.3277360013140598,0.49,0.02,0.367722579750868
0.65,2026091900,123,-0.3370168422348085,0.4202951319959851,0.48,0.03,0.38686600892262535
0.65,2026091900,124,-0.11940837642536556,0.04791732245941835,0.53,0.01,0.32942775456008333
0.65,2026091900,125,0.3461543440920347,0.4082824289536696,0.49,0.01,0.3641091252321383
0.65,2026091900,126,0.24164673769649872,-0.6097952738557317,0.53,0.01,0.37955960747475204
0.65,2026091900,127,-0.005281315786405321,-0.41098398348957216,0.6,0.01,0.3905465979485552
0.65,2026091900,128,-0.5408065897493077,0.7573086917607426,0.42,0.01,0.3517229855442992
0.65,2026091900,129,-0.4454833328836014,0.3040826547160216,0.48,0.0,0.37751152412223
0.65,2026091900,130,-0.2815481882261398,-0.5042073303258577,0.53,0.02,0.36772581813688476
0.65,2026091900,131,-0.7608951516318071,0.1802578380732448,0.46,0.01,0.3873261906745507
0.65,2026091900,132,0.0900729850845876,0.048534783385846526,0.46,0.0,0.35777176265116045
0.65,2026091900,133,-0.6592693278216093,0.4086437948400458,0.48,0.01,0.38100121734107667
0.65,2026091900,134,-0.5968805182781108,0.16635290231729563,0.48,0.0,0.3889237548494032
0.65,2026091900,135,0.09272224489707774,-0.6716959059340749,0.56,0.0,0.3712040420190125
0.65,2026091900,136,-0.4262945162851711,0.656994093382404,0.43,0.02,0.3625020271134472
0.65,2026091900,137,0.20428955007507302,0.47166461199772874,0.5,0.02,0.36238821523380077
0.65,2026091900,138,0.12918330408228093,-0.11085763828888714,0.55,0.02,0.38926260963670634
0.65,2026091900,139,-0.339972219628636,-0.3337617797256089,0.55,0.0,0.3843507859719011
0.65,2026091900,140,-0.14152799320780635,-0.23167218513202145,0.51,0.01,0.36051244088562884
0.65,2026091900,141,-0.06137426356399363,0.050614753266039356,0.5,0.01,0.3768545638429737
0.65,2026091900,142,-0.09911112728594623,-0.4210914299154551,0.54,0.02,0.36646246821163886
0.65,2026091900,143,0.6196992816269185,-0.1002905016388918,0.42,0.01,0.3640912092458052
0.65,2026091900,144,1.1607725619231248,-0.7868273745677804,0.64,0.02,0.3762043002265852
0.65,2026091900,145,-0.30454466907213396,0.3974786727175219,0.43,0.02,0.3847499771991975
0.65,2026091900,146,-0.48011165904033754,0.44517413953789053,0.45,0.01,0.3619607485448654
0.65,2026091900,147,0.07757935660753991,-0.2828638012410781,0.55,0.01,0.36564451311551033
0.65,2026091900,148,0.2703646271086127,-0.3713578600002611,0.53,0.01,0.38956661562514233
0.65,2026091900,149,-0.653676739121003,0.6184840862771522,0.45,0.03,0.3896741820663712
0.65,2026091900,150,0.3179442355943657,-0.5586932404068586,0.53,0.0,0.39016404400827776
0.65,2026091900,151,0.1998830261963445,0.1926092832079029,0.46,0.0,0.3933229717457699
0.65,2026091900,152,0.416868903410817,-0.29418541272112697,0.52,0.03,0.35775635785597254
0.65,2026091900,153,0.5308349439430511,-0.14168335123815423,0.5,0.01,0.37305101571405386
0.65,2026091900,154,0.5392586211819806,0.1245760185075598,0.5,0.02,0.3743442411004871
0.65,2026091900,155,-0.23617468407612147,0.5203360106209264,0.47,0.04,0.3619753021247796
0.65,2026091900,156,-0.09153569250223867,0.33955022688472214,0.48,0.01,0.378579901463968
0.65,2026091900,157,-0.4426339574836922,0.2372550167140285,0.5,0.0,0.3461117251449412
0.65,2026091900,158,0.5091596886896711,-0.5910067006383507,0.59,0.02,0.3586582765234511
0.65,2026091900,159,0.623901210533444,0.1486969056161744,0.53,0.01,0.38348760518001995
0.65,2026091900,160,0.2630199326283232,-0.45211088859047716,0.54,0.01,0.3669779930721846
0.65,2026091900,161,0.5792445968922352,-0.06099156152540185,0.43,0.0,0.3538224583748237
0.65,2026091900,162,0.8323441905216633,-0.48011130051515044,0.49,0.0,0.3747287891050928
0.65,2026091900,163,0.2751764289657397,-0.08573768489659579,0.54,0.02,0.4045249813682673
0.65,2026091900,164,0.10688839299438432,-0.0063910983273719425,0.47,0.0,0.3754377580235668
0.65,2026091900,165,0.283197064755464,-0.175330442545328,0.57,0.0,0.37180754521867976
0.65,2026091900,166,0.17662250207582297,0.07356237471918672,0.5,0.02,0.3759969026056495
0.65,2026091900,167,-0.2838118616152888,-0.20127981872658934,0.56,0.03,0.36851384195449116
0.65,2026091900,168,0.12876479639180213,0.015760226427923234,0.49,0.0,0.3584607354035032
0.65,2026091900,169,0.4463981081316099,-0.07261635110791416,0.49,0.01,0.3646254347896712
0.65,2026091900,170,0.23330485575442025,-0.31051248523159014,0.53,0.01,0.37269754561422935
0.65,2026091900,171,-0.42317936798588285,-0.12249402633014282,0.58,0.0,0.39059153029160887
0.65,2026091900,172,0.3824660998760702,-0.22386064645412485,0.51,0.02,0.3682193582500385
0.65,2026091900,173,-0.003766233248236883,-0.3524791525449291,0.53,0.0,0.4113845145867635
0.65,2026091900,174,0.389952462156522,-0.3718319706368299,0.52,0.03,0.3822113438488739
0.65,2026091900,175,-0.03099593198218926,0.1805242855466997,0.52,0.01,0.3642179695130613
0.65,2026091900,176,-0.25032156559039315,0.0810666772613002,0.47,0.01,0.3582498180778003
0.65,2026091900,177,-0.28418648256108164,0.4252503855824878,0.41,0.02,0.3590748762656115
0.65,2026091900,178,0.23394293415709838,-0.5021399686179248,0.58,0.01,0.3754088873113548
0.65,2026091900,179,0.2714430323746059,0.2601345053036806,0.5,0.05,0.4028882191692345
0.65,2026091900,180,-0.5375394727285604,0.29629137515546183,0.48,0.0,0.3791113138936874
0.65,2026091900,181,-0.23901487071264385,-0.33847411373362063,0.45,0.0,0.3837720851418264
0.65,2026091900,182,0.19487632147824224,-0.24376163439888093,0.53,0.02,0.3781255344241831
0.65,2026091900,183,0.47592020976216887,-0.7560205681694755,0.56,0.01,0.37963197931254605
0.65,2026091900,184,0.20102909215666118,-0.2390360654225727,0.53,0.0,0.372790274142103
0.65,2026091900,185,-0.04155255918205621,0.5687011613535777,0.39,0.01,0.3561519738461279
0.65,2026091900,186,-0.22714265522959917,0.19708253658389707,0.46,0.03,0.3940685538117474
0.65,2026091900,187,1.047210111699797,-0.9394095413866096,0.6,0.01,0.3809510626857572
0.65,2026091900,188,-0.4313453003435788,0.2899905901327962,0.47,0.03,0.3876482446398189
0.65,2026091900,189,-0.3925140134803193,0.2578763459724197,0.46,0.01,0.38399913979468697
0.65,2026091900,190,0.07178233820136479,0.2157961811108925,0.55,0.0,0.37144131707562045
0.65,2026091900,191,-0.01582547508500833,-0.38697397844071413,0.53,0.02,0.3509993693707855
0.65,2026091900,192,0.16897321352604786,-0.10890715776732857,0.46,0.0,0.37849267051510027
0.65,2026091900,193,0.19479758555877122,0.16813309936877585,0.44,0.0,0.36073141943858017
0.65,2026091900,194,0.2358783784412123,0.04605280946132366,0.49,0.01,0.3669225052896303
0.65,2026091900,195,0.18005963690758756,-0.41383983460271856,0.55,0.0,0.38016712344320935
0.65,2026091900,196,-0.012047476175532906,0.09270802604072617,0.51,0.0,0.3658502206848058
0.65,2026091900,197,-0.061241306939978396,-0.088920228977381,0.52,0.01,0.3621870228745607
0.65,2026091900,198,-0.20995602014791703,0.5708736801127805,0.44,0.01,0.33524405815402836
0.65,2026091900,199,0.5265366058741366,0.024967775899025105,0.5,0.01,0.3953443476116116
0.65,2026091900,200,0.17997997505363236,-0.2613666782321309,0.56,0.01,0.37071151188117846
0.65,2026091900,201,-0.1719280323421695,0.32607944715923237,0.51,0.02,0.3643971726354509
0.65,2026091900,202,-0.9130420987536112,0.08145925466963909,0.5,0.0,0.38778838117806574
0.65,2026091900,203,-0.19534927475173447,-0.3315143766417011,0.55,0.0,0.36315833543591525
0.65,2026091900,204,-0.1102891840975369,0.3517792243510168,0.42,0.01,0.3799654783173124
0.65,2026091900,205,0.5537232473563347,-0.8212733336599292,0.59,0.0,0.364623008597197
0.65,2026091900,206,-0.4791838999566967,0.19559501542857047,0.6,0.02,0.3810814333197316
0.65,2026091900,207,-0.2887167376907943,0.06855132353293239,0.47,0.0,0.36635838605594256
0.65,2026091900,208,0.009185800290214487,0.1628796979628915,0.45,0.0,0.36950949847791087
0.65,2026091900,209,-0.23339467622026241,-0.520007944208139,0.57,0.0,0.38537131130146746
0.65,2026091900,210,-0.7567364434772149,0.4627747461398664,0.44,0.01,0.3853886129721788
0.65,2026091900,211,0.40327909778280285,0.07718994274397258,0.5,0.01,0.36488341201956603
0.65,2026091900,212,-0.15888722321074858,0.46825519526288967,0.45,0.01,0.3679147933376173
0.65,2026091900,213,0.05598823710630234,-0.017847509484668435,0.46,0.02,0.3823143870754401
0.65,2026091900,214,-0.49156576496239873,0.35391311503212786,0.45,0.01,0.37885310511759607
0.65,2026091900,215,0.14936568683494478,-0.27757923652728034,0.48,0.0,0.37141796754044576
0.65,2026091900,216,-0.19556093755992873,0.27840453499217355,0.44,0.0,0.3797557175152045
0.65,2026091900,217,-0.15188365771811493,-0.1992008714553034,0.52,0.0,0.3667085867804243
0.65,2026091900,218,0.15652044119715638,-0.22358293969169346,0.51,0.01,0.36254415665521783
0.65,2026091900,219,0.2555861051492696,0.4716806342096669,0.5,0.02,0.3569010632192198
0.65,2026091900,220,0.49226981074531656,-0.061810797624470996,0.54,0.01,0.34299637802893
0.65,2026091900,221,-0.3303036200968573,-0.3409914729256861,0.55,0.02,0.3758642613186472
0.65,2026091900,222,-0.23800125601894093,0.003524587570134621,0.49,0.01,0.40203495537887685
0.65,2026091900,223,-0.09733288442488706,0.007591441423860621,0.47,0.01,0.35728943124201146
0.65,2026091900,224,-0.028503338015170653,0.2959573997703011,0.49,0.01,0.3640897793030118
0.65,2026091900,225,0.9572052122202966,-0.4706609417161499,0.55,0.01,0.38367738876366586
0.65,2026091900,226,-0.5606800089293813,0.017768547158895837,0.5,0.03,0.368385002438685
0.65,2026091900,227,-0.1917687534364949,0.2476999708641679,0.38,0.0,0.367224203021073
0.65,2026091900,228,-0.13989590784702563,0.7500756741455912,0.45,0.02,0.38256335353478105
0.65,2026091900,229,-0.1730411364660803,0.211925875177647,0.47,0.0,0.3677924961772133
0.65,2026091900,230,0.12164511683491838,-0.4654338290355907,0.45,0.0,0.351723274654899
0.65,2026091900,231,0.24353209936421705,0.029956938988827956,0.54,0.01,0.35532903666965354
0.65,2026091900,232,0.21180361510623302,-0.19801144515547958,0.51,0.01,0.36471957440661495
0.65,2026091900,233,0.11642470881152077,0.3011325103870949,0.43,0.0,0.4017346609518222
0.65,2026091900,234,0.3073308141584944,0.3030587628859989,0.45,0.02,0.37225242267311726
0.65,2026091900,235,-0.24061234566651,0.38740463136717784,0.48,0.0,0.3721517972258084
0.65,2026091900,236,0.2640670994083787,-0.01326122902227532,0.53,0.0,0.37595316396754663
0.65,2026091900,237,0.7204264471549001,-0.26619197272620476,0.51,0.03,0.3752882812548185
0.65,2026091900,238,0.4522409601621032,-0.7039222287663632,0.6,0.0,0.36331278337337963
0.65,2026091900,239,-0.5135605326608099,-0.46210778721877843,0.53,0.01,0.3763422519528724
0.65,2026091900,240,0.26124884255138503,-0.30826911558657466,0.53,0.01,0.3605253104092761
0.65,2026091900,241,-0.0736267143495988,-0.09430480850689218,0.48,0.02,0.3967510994202846
0.65,2026091900,242,0.11307620281021415,-0.040877562572443786,0.48,0.01,0.3674677905632345
0.65,2026091900,243,0.31733141005137727,-0.1722423438049296,0.49,0.0,0.37872701949808807
0.65,2026091900,244,0.1876194459458386,-0.2012164224556496,0.51,0.01,0.36444895604724015
0.65,2026091900,245,0.3228724853152341,-0.24603255265949278,0.54,0.02,0.3773858594242219
0.65,2026091900,246,0.10298299857711965,-0.5842116132221534,0.52,0.0,0.3477992786792232
0.65,2026091900,247,-0.11061992798984735,-0.19704727382676002,0.52,0.01,0.39627905641181493
0.65,2026091900,248,0.5966885940325863,0.09325726958565643,0.49,0.02,0.3594815277781695
0.65,2026091900,249,0.3113530736942153,-0.22355100361131222,0.54,0.02,0.38165035350403015
0.65,2026091900,250,-0.27830317435686774,0.2369890659164467,0.42,0.0,0.37610230232930625
0.65,2026091900,251,-0.11155522324881882,0.3565050249768016,0.45,0.0,0.3595775012558927
0.65,2026091900,252,0.1516111757530239,0.10691762934108942,0.44,0.01,0.365218682293323
0.65,2026091900,253,-0.22751742957961635,0.09299960897104316,0.52,0.04,0.36178515742865364
0.65,2026091900,254,0.29650223043017965,-0.3730127776052353,0.55,0.03,0.3533678648706829
0.65,2026091900,255,0.43025908223894704,-0.1884327317357081,0.48,0.01,0.3699351822509348
0.65,2026091900,256,0.7162679762072791,-0.9073842224130917,0.58,0.0,0.3708811283800275
0.65,2026091900,257,0.07750738879460915,-0.4169701558163526,0.61,0.01,0.34902945045476824
0.65,2026091900,258,0.21216059656387906,-0.15690666042105508,0.54,0.05,0.3756355352697738
0.65,2026091900,259,0.2797679901072591,0.1797587198039563,0.52,0.01,0.3794265514666494
0.65,2026091900,260,-0.5758315895883714,-0.105697513325725,0.53,0.02,0.3727564151196669
0.65,2026091900,261,0.2682346844446171,-0.10763544601230089,0.49,0.02,0.3830788806647823
0.65,2026091900,262,-0.019100129014631727,-0.17729849661659602,0.56,0.01,0.37170110514140825
0.65,2026091900,263,-0.06120390597615749,-0.14595292366372473,0.54,0.01,0.3676515276297352
0.65,2026091900,264,0.02807567770313903,-0.19169337353648155,0.56,0.03,0.3776740224723245
0.65,2026091900,265,-0.14060909949628098,-0.2374207284453046,0.52,0.02,0.34509952297782864
0.65,2026091900,266,-0.7000487492791528,0.18873114907403757,0.46,0.01,0.3634489556683779
0.65,2026091900,267,0.3229185853942489,-0.10881072004868803,0.53,0.03,0.39815750981670917
0.65,2026091900,268,0.15194705654652738,-0.5738204823120493,0.53,0.0,0.38503726554843143
0.65,2026091900,269,-0.001016354037969438,0.4473045186519253,0.39,0.01,0.3743140604086795
0.65,2026091900,270,0.036229362138522785,0.41397284056525924,0.44,0.01,0.37630579092442495
0.65,2026091900,271,-0.050304016263163165,-0.3519861329041439,0.54,0.02,0.35552946206348884
0.65,2026091900,272,0.1761829117786106,0.14844456033079198,0.47,0.01,0.387883063472731
0.65,2026091900,273,0.37913379065124486,-0.20459998696467452,0.51,0.0,0.3649315808736084
0.65,2026091900,274,0.17720233584548709,-0.35232516045055673,0.55,0.01,0.3827225813165981
0.65,2026091900,275,0.13178925025803012,-0.21437217785846768,0.55,0.03,0.4001842772008738
0.65,2026091900,276,0.5384931988538565,-0.1405463011352277,0.52,0.0,0.3445961188270513
0.65,2026091900,277,-0.6937515801155163,-0.19286315534364593,0.57,0.01,0.3510061750434339
0.65,2026091900,278,-0.26744766776350487,-0.24319328027886145,0.49,0.01,0.374754132572641
0.65,2026091900,279,0.42669107558884073,0.22010215228372546,0.51,0.04,0.3493182637020807
0.65,2026091900,280,-0.424830291602741,-0.2873913035702262,0.5,0.01,0.37539253033642495
0.65,2026091900,281,-0.28050890624200886,-0.029063328061702035,0.47,0.02,0.37659920504368044
0.65,2026091900,282,0.6031614558308012,-0.8084428354642321,0.58,0.0,0.3654501842295843
0.65,2026091900,283,0.7665765029969654,-0.2639632667331319,0.55,0.01,0.36923534907570593
0.65,2026091900,284,0.3322448763925408,-0.2235727615622898,0.52,0.01,0.3774200032431432
0.65,2026091900,285,0.15291290378589306,-0.05185772117519296,0.54,0.03,0.3753768826116999
0.65,2026091900,286,-0.10759458492540361,-0.34207859945403657,0.54,0.01,0.4018336830240505
0.65,2026091900,287,0.47429090492100556,-0.5684357705721638,0.56,0.01,0.412193560578015
0.65,2026091900,288,-0.2572508742763275,0.22576902577704583,0.48,0.03,0.36357146894707915
0.65,2026091900,289,-0.36307019173894745,0.13737761137377283,0.48,0.0,0.3865743948771858
0.65,2026091900,290,0.09361474838566794,0.3556248070700389,0.4,0.0,0.390654343093939
0.65,2026091900,291,0.2577909922530832,-0.408452036320713,0.5,0.02,0.3828829132856193
0.65,2026091900,292,0.02082371982025864,-0.14724596648234864,0.49,0.0,0.34034012570288363
0.65,2026091900,293,0.3959391035912036,-0.0908639233647471,0.56,0.01,0.35141146819010577
0.65,2026091900,294,-0.5310860977963795,0.3737667044071401,0.5,0.02,0.36392461312352126
0.65,2026091900,295,-0.6619930462984805,0.758037901885277,0.47,0.0,0.3938879368528185
0.65,2026091900,296,-0.10019431284133043,0.17707431351648595,0.48,0.0,0.38365170541679866
0.65,2026091900,297,-0.3424041135928483,-0.3004402478562912,0.53,0.01,0.3610421736748273
0.65,2026091900,298,0.7227674504748813,-0.5880993043210507,0.49,0.0,0.37553646992907685
0.65,2026091900,299,-0.47982131679105394,0.19797175342736686,0.48,0.02,0.359404508925704
0.65,2026091900,300,0.2409055778989891,-0.5123345360940597,0.58,0.0,0.3724025507412449
0.65,2026091900,301,0.24242261718916555,0.020678205153596786,0.53,0.02,0.3902313842402681
0.65,2026091900,302,-0.27468134722664755,0.6319419745136285,0.45,0.04,0.36617516682628826
0.65,2026091900,303,-0.10634020518699547,-0.27056248741621075,0.55,0.0,0.3676647846022027
0.65,2026091900,304,-0.31655411972095276,0.10663581489797748,0.46,0.02,0.36786599429995603
0.65,2026091900,305,0.061406345948171445,-0.3396529951375964,0.53,0.0,0.36544664184812903
0.65,2026091900,306,-0.21425060870471144,-0.16603100594942902,0.52,0.01,0.3844644420795346
0.65,2026091900,307,-0.016717303627391055,-0.09221869521674794,0.47,0.0,0.3742279499131711
0.65,2026091900,308,-0.3378359871045739,0.22359248359872466,0.49,0.01,0.36692414731290696
0.65,2026091900,309,-0.2643385416633734,-0.2009171768234356,0.5,0.01,0.35531971119858446
0.65,2026091900,310,0.3347810886527129,0.4482176282189449,0.43,0.01,0.36238693108747083
0.65,2026091900,311,0.5012124648499146,0.3021472649189378,0.5,0.04,0.3754073757570764
0.65,2026091900,312,-0.06378335335429436,0.0592891073700667,0.53,0.0,0.35571939700973315
0.65,2026091900,313,-1.0839527203880046,0.1790662856129667,0.46,0.01,0.36864712811245776
0.65,2026091900,314,0.11546312075031101,0.07366746192130055,0.52,0.01,0.3765839555132451
0.65,2026091900,315,-0.17131998182878924,-0.13783940493013358,0.5,0.02,0.39161501164976015
0.65,2026091900,316,0.19857899365362763,0.2018330490681956,0.5,0.0,0.3626330136033229
0.65,2026091900,317,-0.33053203620590843,0.1158217857914776,0.56,0.01,0.3650240076327183
0.65,2026091900,318,-0.23034155083147112,0.06215613373717019,0.49,0.03,0.3577802435777525
0.65,2026091900,319,-0.0017886872828287625,0.11470578409853106,0.46,0.02,0.3902667850547683
0.65,2026091900,320,-0.2236581735848632,0.3992861031763946,0.43,0.0,0.3883907311220925
0.65,2026091900,321,-0.6282011137475593,0.11480178911753498,0.54,0.0,0.38001930691088437
0.65,2026091900,322,-0.22136540475871075,0.1386570482917022,0.47,0.01,0.37911296876984346
0.65,2026091900,323,-0.4742190638313321,0.18746852394622468,0.47,0.0,0.373693137934788
0.65,2026091900,324,-0.23146016932971286,-0.1649567854203144,0.52,0.02,0.38922832134011826
0.65,2026091900,325,-0.12006319472383488,-0.1696401633687383,0.56,0.0,0.37532107273038906
0.65,2026091900,326,-0.3997045877275027,0.4726483378916119,0.46,0.01,0.394234674355885
0.65,2026091900,327,0.27664148213198403,-0.194021926810776,0.48,0.01,0.37052537051040857
0.65,2026091900,328,0.7260944343911717,-0.32986704978663506,0.46,0.01,0.3736361454664961
0.65,2026091900,329,-0.5102547472393923,0.12430214182665691,0.49,0.01,0.37745776459790226
0.65,2026091900,330,-0.6140845349330161,0.4990941375573468,0.49,0.01,0.37473008710850414
0.65,2026091900,331,0.042120638870818815,-0.15225009410173407,0.52,0.01,0.3596064024181094
0.65,2026091900,332,0.6836744939414008,-0.14540824272029476,0.51,0.01,0.3632065156489789
0.65,2026091900,333,0.04737808673978128,-0.1802131523752048,0.57,0.02,0.36522732497446014
0.65,2026091900,334,0.2929400997718306,-0.3198734649237419,0.54,0.0,0.39646453098421874
0.65,2026091900,335,-0.7194612457669,0.7905260582940592,0.45,0.0,0.37668222945432966
0.65,2026091900,336,0.3230260376036837,-0.10472540809555703,0.54,0.02,0.3857570342573574
0.65,2026091900,337,0.4620515037096408,-0.360623429110263,0.58,0.0,0.37408392565234844
0.65,2026091900,338,0.1283807680732352,-0.018073697920085795,0.51,0.02,0.36017069755151915
0.65,2026091900,339,-0.3124924628043593,-0.10334728464745525,0.53,0.01,0.37409614593162904
0.65,2026091900,340,-0.10759704738162686,0.5228445673744556,0.5,0.04,0.3828157248019798
0.65,2026091900,341,0.5872112049248236,-0.3507458397242804,0.57,0.01,0.3615913045906726
0.65,2026091900,342,0.39748698976133456,-0.3462873847660815,0.52,0.03,0.37815130427145993
0.65,2026091900,343,0.40563304325165134,-0.11905065120518193,0.49,0.01,0.37357329934766
0.65,2026091900,344,-0.28617780007446736,-0.0403249152171453,0.55,0.02,0.36109544553473866
0.65,2026091900,345,0.503127528792206,-0.5532485923004087,0.56,0.01,0.38178729953520363
0.65,2026091900,346,-0.6286066864561133,0.5122193121581281,0.48,0.01,0.3749328178726092
0.65,2026091900,347,0.1147124751401516,-0.3921994692140234,0.56,0.01,0.3713902960699095
0.65,2026091900,348,0.16535286455516598,-0.555126172283412,0.54,0.01,0.3586398989657138
0.65,2026091900,349,-0.17269096412465804,-0.08932238736640397,0.54,0.01,0.3621453954976034
0.65,2026091900,350,-0.44719163965549663,-0.37319757682784754,0.55,0.01,0.3832442156669025
0.65,2026091900,351,0.39731939148139034,-0.6757553968622615,0.6,0.01,0.3475892234687784
0.65,2026091900,352,0.10766688314505433,-0.28109565962427313,0.5,0.01,0.3679479869471116
0.65,2026091900,353,0.32202334110878567,0.4041402404945231,0.47,0.01,0.3847861021964609
0.65,2026091900,354,0.3971895099055635,-1.0976253632010016,0.63,0.0,0.3883724281433773
0.65,2026091900,355,0.023254762298141777,0.13828695124681278,0.49,0.01,0.3576983881497984
0.65,2026091900,356,0.3312728287560319,-0.41326994546694296,0.59,0.0,0.3930043902627582
0.65,2026091900,357,-0.8593969663938438,0.079371454218473,0.45,0.0,0.40514333866745916
0.65,2026091900,358,-0.15835290627421336,-0.5708148642262089,0.52,0.0,0.36169670101900125
0.65,2026091900,359,-0.5853637036749163,0.09396147796733584,0.5,0.02,0.38496409093786055
0.65,2026091900,360,0.5345550689645091,-0.7820835141584773,0.59,0.0,0.3899114100375604
0.65,2026091900,361,-0.21109863657242778,-0.3010441625946227,0.53,0.0,0.36045699395683284
0.65,2026091900,362,0.2626675581514348,-0.6394539702058766,0.57,0.01,0.3756965732007348
0.65,2026091900,363,-0.3698876022075857,-0.18096256230379906,0.53,0.02,0.35717312882068114
0.65,2026091900,364,0.7366239289016986,-0.6993703082279699,0.59,0.01,0.37028146980080484
0.65,2026091900,365,0.678807727716735,-0.7654708764623821,0.64,0.01,0.38713804054382017
0.65,2026091900,366,0.15840794417569165,0.48639181404111725,0.46,0.0,0.3484994297747257
0.65,2026091900,367,0.22614430345535905,-0.25676420711881937,0.51,0.0,0.38688703650612655
0.65,2026091900,368,0.7164047810549551,-0.5612505562924108,0.56,0.0,0.3680668179904256
0.65,2026091900,369,-0.0052691826186912795,0.4232214138054372,0.46,0.0,0.38159989464359084
0.65,2026091900,370,-0.13174747634520478,0.01845495663544032,0.51,0.01,0.3850639462619425
0.65,2026091900,371,-0.24290083864424383,-0.18383895730309405,0.51,0.01,0.363008490967791
0.65,2026091900,372,0.15703221795390696,-0.04358472805485155,0.54,0.01,0.3788524901817616
0.65,2026091900,373,0.3531658031430267,-0.342305840209061,0.53,0.0,0.3798186643697851
0.65,2026091900,374,-0.4376354250031265,0.30601496013658125,0.5,0.02,0.3632594454231968
0.65,2026091900,375,0.18081502427752716,-0.5592079015896997,0.48,0.01,0.39278706550847464
0.65,2026091900,376,0.37755794692377714,-0.2062029940724802,0.54,0.03,0.36433306900485
0.65,2026091900,377,0.1424263639221434,0.04543674496548507,0.44,0.02,0.37043113118947546
0.65,2026091900,378,-0.030616786867055427,-0.14499556492710905,0.51,0.01,0.36155678884659104
0.65,2026091900,379,0.05992973849676641,-0.18883586113890583,0.51,0.0,0.3894745600896781
0.65,2026091900,380,-0.18553496386419535,0.11416366819121766,0.47,0.01,0.37122068818711496
0.65,2026091900,381,0.13848289977849496,-0.27199015993026815,0.47,0.01,0.35568191609587585
0.65,2026091900,382,-0.0713274649767834,0.14403743887152898,0.47,0.01,0.3757988039231478
0.65,2026091900,383,-0.028695342061531733,0.06551048406986439,0.54,0.0,0.3773499657470358
0.65,2026091900,384,-0.3389802763209389,0.15892581364464584,0.53,0.01,0.36272405823965703
0.65,2026091900,385,0.402610606711791,-0.5940996192793634,0.56,0.0,0.3817128811098419
0.65,2026091900,386,-0.3818356194936634,0.8126816517747915,0.36,0.01,0.3868207248391969
0.65,2026091900,387,-0.2664654228567355,0.058269805799357054,0.51,0.0,0.37195275142311734
0.65,2026091900,388,0.436881004288951,-0.5518857801480143,0.52,0.0,0.36680935231191164
0.65,2026091900,389,-0.7290027090446274,0.6016856949843293,0.46,0.03,0.3706156864577344
0.65,2026091900,390,0.7911154562923498,-0.2928938803909746,0.52,0.0,0.3704637175094092
0.65,2026091900,391,0.640103651123417,-0.9258744135719205,0.6,0.01,0.37077938406639227
0.65,2026091900,392,-0.40414120787447827,0.13888762039661942,0.5,0.01,0.35802912553559374
0.65,2026091900,393,0.49332223241697515,0.12677936681623156,0.49,0.0,0.37849386340618474
0.65,2026091900,394,-0.01284929874037431,-0.05307844181409946,0.46,0.0,0.3874825066628618
0.65,2026091900,395,-0.49744386809582786,0.2058746094999529,0.45,0.0,0.37310868847017503
0.65,2026091900,396,0.44054660729453277,-0.4770106767063087,0.48,0.0,0.38406850633980044
0.65,2026091900,397,0.011641702324285838,-0.34937642335089103,0.54,0.01,0.39355782950742335
0.65,2026091900,398,-0.530470297564326,0.14117468711430006,0.46,0.02,0.35470128862159656
0.65,2026091900,399,-0.289472510845236,-0.47625600833108245,0.5,0.0,0.35421842032341794
0.65,2026091900,400,1.0001952969140029,-0.5195022879112839,0.55,0.01,0.3731413544175073
0.65,2026091900,401,-0.4219593268039622,0.20628616181520784,0.5,0.02,0.3750842466816477
0.65,2026091900,402,0.28671396775559027,-0.00621966150472669,0.51,0.01,0.3644528159072818
0.65,2026091900,403,-0.4901417463704695,0.187057899057073,0.46,0.01,0.36455531965633303
0.65,2026091900,404,0.23959783419024952,0.24827962205525073,0.45,0.0,0.3616615883179064
0.65,2026091900,405,0.20887095246335508,-0.2570331457728958,0.52,0.0,0.37087425687374653
0.65,2026091900,406,0.07330315971590134,-0.13507483330673717,0.54,0.0,0.3973681260200659
0.65,2026091900,407,0.5581750347725413,-0.6121727424871217,0.56,0.01,0.3829474097489189
0.65,2026091900,408,-0.7020445128737854,0.4219944057787125,0.49,0.0,0.3907722937833797
0.65,2026091900,409,0.09465911128468274,0.33294697327061906,0.47,0.0,0.38189696929985284
0.65,2026091900,410,-0.4560320249571345,-0.05717930343295037,0.56,0.02,0.3707113755993099
0.65,2026091900,411,0.3246807980366342,-0.3213084781389403,0.56,0.02,0.39337197291212994
0.65,2026091900,412,0.46374450771561193,-0.12447663610962924,0.51,0.0,0.3898882558332006
0.65,2026091900,413,-0.284533317210322,-0.16747726415918074,0.53,0.0,0.37306235348498196
0.65,2026091900,414,0.39590664537163944,-0.5054716812629669,0.55,0.0,0.3665550458715257
0.65,2026091900,415,-0.337847397440752,0.439036114351323,0.39,0.01,0.4028386738457658
0.65,2026091900,416,0.12156490104045181,0.170026828965807,0.43,0.0,0.3627441411682218
0.65,2026091900,417,0.11435179391640977,-0.5739160872555903,0.58,0.01,0.3763492197660841
0.65,2026091900,418,0.02425848459372317,0.0895920072553451,0.51,0.01,0.35967920836480066
0.65,2026091900,419,0.09272249120789625,-0.3186303348121988,0.59,0.02,0.38682646632706963
0.65,2026091900,420,-0.38153248905525605,0.48676081181274045,0.44,0.01,0.38314149697046723
0.65,2026091900,421,-0.39926233467198075,1.0526871911950284,0.39,0.0,0.3676132580674109
0.65,2026091900,422,0.22458846273063085,-0.749241896320348,0.53,0.02,0.3745575511348985
0.65,2026091900,423,0.22318982011894625,-0.04096207817141364,0.48,0.02,0.3563362515617829
0.65,2026091900,424,-0.410420663739876,0.344249486351857,0.42,0.01,0.3570722241413256
0.65,2026091900,425,-0.3373990262042422,-0.23143303668112714,0.54,0.04,0.3469154455449261
0.65,2026091900,426,-0.2933876467166197,-0.6117418185287921,0.58,0.01,0.36634531243977825
0.65,2026091900,427,0.6309954276221025,0.06009295425721933,0.5,0.01,0.3772333504819232
0.65,2026091900,428,0.06133291449476172,-0.10338791090220298,0.48,0.01,0.37985740840931287
0.65,2026091900,429,0.3029481062946183,-0.3555974441226138,0.55,0.02,0.37718712334023574
0.65,2026091900,430,0.061753395027226675,0.561584197272675,0.5,0.01,0.38751444219460923
0.65,2026091900,431,-0.24563079182098452,0.632917233283526,0.43,0.0,0.38000367173473754
0.65,2026091900,432,0.2694336449133191,-0.053918050442051654,0.49,0.01,0.36886856704801474
0.65,2026091900,433,-0.45916480293274714,0.2616153132917059,0.49,0.01,0.37496325632185706
0.65,2026091900,434,0.3501934888049818,-0.4998500645964627,0.55,0.04,0.3841400545937963
0.65,2026091900,435,-0.08229716405985255,-0.26536847396353513,0.56,0.02,0.39150340006790363
0.65,2026091900,436,0.04253948610648139,-0.04360091003264955,0.49,0.0,0.3707848794646265
0.65,2026091900,437,0.13691527067786352,-0.10747962132870524,0.52,0.01,0.3711140357511764
0.65,2026091900,438,0.09722061196755606,0.3942216073468985,0.47,0.02,0.3852212374462537
0.65,2026091900,439,-0.3391910929984806,0.2400000048211859,0.5,0.01,0.38518688174616367
0.65,2026091900,440,0.28569403998834636,-0.39042001145288746,0.53,0.01,0.3631671909594135
0.65,2026091900,441,-0.3969348800589003,-0.32735935952517253,0.59,0.02,0.3733670769737123
0.65,2026091900,442,0.23373766336493623,-0.3798446599930937,0.54,0.0,0.36347785861839577
0.65,2026091900,443,0.40658012640465585,-0.5631396352729748,0.6,0.02,0.34710270703326884
0.65,2026091900,444,-0.10374924096206771,-0.21519797045966674,0.48,0.01,0.33835794636119665
0.65,2026091900,445,0.05766075613978255,-0.2199227047854744,0.55,0.0,0.3614862706107308
0.65,2026091900,446,-0.42917704891517006,0.5118611771698224,0.43,0.02,0.38293983943088455
0.65,2026091900,447,0.4842355563294072,-0.4005275903114891,0.52,0.03,0.34343208503400197
0.65,2026091900,448,-0.21030964162793006,0.05883052332773287,0.53,0.0,0.3623621942419399
0.65,2026091900,449,-0.0954391210303257,-0.14988145731854088,0.5,0.0,0.3802845900234019
0.65,2026091900,450,0.31921034115644636,-0.015711099584341498,0.51,0.05,0.3844211648291144
0.65,2026091900,451,-0.04240792647149736,0.25761913447463164,0.49,0.01,0.3653364104208605
0.65,2026091900,452,-0.23255951695598234,0.20718726204348642,0.44,0.01,0.38961869879302924
0.65,2026091900,453,0.042063823163907735,-0.07000037340069971,0.53,0.01,0.3903507624166366
0.65,2026091900,454,0.1163614536122298,-0.7214898767079759,0.58,0.0,0.3766961868175826
0.65,2026091900,455,-0.09450871506261165,-0.05452936694457626,0.47,0.01,0.40140677209206127
0.65,2026091900,456,0.5898580713786366,-0.47715444215671465,0.54,0.0,0.36540395587712504
0.65,2026091900,457,-0.31190038172511214,0.2917745497634593,0.53,0.04,0.36831504422696426
0.65,2026091900,458,0.11917559693127931,0.47708908738206884,0.39,0.02,0.36149273890301825
0.65,2026091900,459,0.3817632417642305,-0.90705787611999,0.57,0.0,0.400825302265598
0.65,2026091900,460,0.08454255360023825,-0.1699797127653458,0.54,0.0,0.3846351660378023
0.65,2026091900,461,0.6526817886334706,-0.7598656124513116,0.65,0.01,0.3697443121455686
0.65,2026091900,462,-0.13115057817655093,-0.10276097178004152,0.54,0.02,0.38245961960738756
0.65,2026091900,463,-0.1301081869103345,-0.2774192610750524,0.52,0.03,0.3716174196452808
0.65,2026091900,464,-0.5068448961280818,0.13959735043974722,0.5,0.0,0.36788781289063166
0.65,2026091900,465,0.40942775923631736,0.10638577507124303,0.51,0.01,0.35903845434773585
0.65,2026091900,466,0.1826844203911939,0.034674809734676286,0.49,0.02,0.3946597000207678
0.65,2026091900,467,0.3984245305427724,-0.8276952718566218,0.58,0.01,0.3746843251953765
0.65,2026091900,468,-0.09073413671558427,0.053432737833151674,0.53,0.02,0.37163860412311955
0.65,2026091900,469,0.07755964594694076,0.11112997328240674,0.49,0.0,0.36444986058487755
0.65,2026091900,470,0.17930715768236768,-0.39140603555182635,0.54,0.02,0.3382669852089982
0.65,2026091900,471,-0.8394478794942545,0.38858609778449904,0.47,0.02,0.3723098389290774
0.65,2026091900,472,-0.004544773425181167,0.40407309753773935,0.49,0.02,0.3718306080183268
0.65,2026091900,473,0.3725498726234983,-0.4375660894696224,0.54,0.0,0.3725687460151932
0.65,2026091900,474,0.33213258532190837,-0.3623047770340569,0.55,0.0,0.3531511734239457
0.65,2026091900,475,0.146455241586235,0.04929634604986077,0.46,0.02,0.36631018028116996
0.65,2026091900,476,0.3017214159895717,0.14150509395037728,0.45,0.01,0.34417416636034276
0.65,2026091900,477,0.03342398571048078,0.043121539370000246,0.46,0.0,0.36653952813999524
0.65,2026091900,478,0.016083769179090712,0.3756995729065078,0.47,0.0,0.36200122011319136
0.65,2026091900,479,0.15594850437096316,-0.12570317189287786,0.52,0.04,0.3802500468029018
0.65,2026091900,480,0.2923860883325087,-0.2938801235605645,0.55,0.03,0.34344474804309955
0.65,2026091900,481,0.1876390971305122,0.1573543868590522,0.48,0.02,0.3646543862156987
0.65,2026091900,482,-0.1766832031263446,-0.7876598845778199,0.61,0.03,0.3622917220181045
0.65,2026091900,483,0.25396325473002923,0.1621094511150682,0.5,0.01,0.3593288081439182
0.65,2026091900,484,0.4280986852043683,-0.8728289310310237,0.56,0.0,0.362367077000547
0.65,2026091900,485,0.06640031096621009,-0.33619597754748953,0.56,0.03,0.38317582108294324
0.65,2026091900,486,-0.5152664168911248,-0.19008460638766342,0.55,0.0,0.36272617467657275
0.65,2026091900,487,0.19606766100989387,-0.24827251744773107,0.58,0.01,0.4062214274760762
0.65,2026091900,488,-0.3579448902928206,0.5350616732384138,0.44,0.01,0.383696246372397
0.65,2026091900,489,-0.03172775374494081,-0.006010483677584476,0.49,0.02,0.37116296750294336
0.65,2026091900,490,-0.5296006667393744,0.20206158586081466,0.46,0.03,0.36929143188404984
0.65,2026091900,491,0.13493476111466196,0.10633055145415085,0.5,0.0,0.3739192657567679
0.65,2026091900,492,0.14487938180824772,-0.07333119032152907,0.46,0.01,0.36832982200140113
0.65,2026091900,493,0.3941934172024794,-0.6055418877862626,0.55,0.0,0.3701744834923769
0.65,2026091900,494,0.364327153769704,-0.4701707397911619,0.56,0.0,0.3531539939462816
0.65,2026091900,495,-0.2714716295120962,0.21691281336728807,0.46,0.03,0.38689327505789595
0.65,2026091900,496,0.7696715881856552,-0.5572264868661894,0.58,0.02,0.3525759049582078
0.65,2026091900,497,-0.10605327110201852,0.07594066134041393,0.46,0.0,0.3977860670484327
0.65,2026091900,498,0.38404482278993485,-0.5136282679636899,0.55,0.04,0.3741453641332887
0.65,2026091900,499,-0.5286026408145429,0.6915893293610178,0.48,0.02,0.3509875413506412
0.65,2026101900,0,0.10760550274025014,-0.09787432157235029,0.54,0.03,0.35793071174597196
0.65,2026101900,1,-0.1211626549995719,0.4016253573201575,0.41,0.01,0.3789539980252077
0.65,2026101900,2,-0.027240588898685837,-0.0830627643193339,0.49,0.0,0.3838521072765936
0.65,2026101900,3,-0.042632042313125555,-0.10317711057945271,0.52,0.0,0.36472692077731317
0.65,2026101900,4,0.02896605932937324,-0.17550901871513208,0.54,0.01,0.35890926919114774
0.65,2026101900,5,-0.029056288713961157,0.12338223048009976,0.57,0.02,0.3861983258108826
0.65,2026101900,6,0.2929140015786885,-0.7389450570985271,0.59,0.02,0.3691968787653473
0.65,2026101900,7,-0.49816647490356575,0.13446970909533426,0.43,0.03,0.3604625235347335
0.65,2026101900,8,-0.14800546637929976,-0.2090455604632344,0.54,0.01,0.3704103558707707
0.65,2026101900,9,0.9707784836320122,-1.079642491613599,0.61,0.01,0.3633348520124981
0.65,2026101900,10,0.14322199181472975,-0.8676052746854296,0.65,0.02,0.36188373937428286
0.65,2026101900,11,0.39985771115726154,-0.382135507678225,0.52,0.0,0.3796987322432562
0.65,2026101900,12,-0.06524449837807302,-0.23607067977213123,0.49,0.0,0.38197754372078796
0.65,2026101900,13,0.1250701510998334,-0.9327712506372896,0.52,0.01,0.4073988683368463
0.65,2026101900,14,-0.058169597160694676,-0.19787412044328662,0.52,0.0,0.386120176795629
0.65,2026101900,15,0.2285022592183999,0.5092543232909551,0.47,0.0,0.34465557958176485
0.65,2026101900,16,0.34308633322036713,0.009460912558486603,0.49,0.0,0.3491427108311049
0.65,2026101900,17,0.2793655300890132,-0.08948932735466791,0.51,0.0,0.36424693991416307
0.65,2026101900,18,0.4399127588625648,-0.36584628274193576,0.56,0.01,0.3843931890028095
0.65,2026101900,19,-0.6941561696790877,0.5839036016780135,0.49,0.03,0.3927752623615387
0.65,2026101900,20,0.17521663123209524,-0.3801198105670339,0.54,0.01,0.39721739253201255
0.65,2026101900,21,-0.018173039261455068,0.12978457857608836,0.41,0.01,0.38392965244289107
0.65,2026101900,22,0.24597877542957453,-0.4493258499404566,0.52,0.02,0.36374246076034367
0.65,2026101900,23,0.7658911113719971,-0.9401412669193471,0.56,0.01,0.37515534077275575
0.65,2026101900,24,-0.012645042099947174,-0.36076225952886004,0.56,0.01,0.36467549469449695
0.65,2026101900,25,0.18902370224786594,0.5109310529230783,0.45,0.04,0.36151033100227115
0.65,2026101900,26,0.2993865809117433,0.5152381388258734,0.41,0.01,0.36055545814972073
0.65,2026101900,27,0.1889249300807027,-0.5902337682085375,0.53,0.02,0.3775970664042013
0.65,2026101900,28,-0.3498073487734987,0.15433745215256695,0.49,0.0,0.36882391790861213
0.65,2026101900,29,-0.6309466979881998,0.20308493608703926,0.49,0.01,0.36353590740441616
0.65,2026101900,30,0.47441114357250513,-0.33350172952199036,0.58,0.0,0.3672550542242746
0.65,2026101900,31,-0.4713930479974846,0.3413815544313853,0.46,0.01,0.367435893842903
0.65,2026101900,32,0.37637929095234457,-0.16716309931199316,0.45,0.01,0.3959308337585074
0.65,2026101900,33,0.291863538599773,-0.2802201399384504,0.51,0.01,0.3616915576404239
0.65,2026101900,34,0.11450408580919957,0.20148690123399107,0.53,0.0,0.39290055171060834
0.65,2026101900,35,-0.3399650252904711,0.342823115849412,0.46,0.0,0.34265553887874406
0.65,2026101900,36,-0.15290457306240726,0.49738617276771635,0.44,0.03,0.35952869573440194
0.65,2026101900,37,0.03578684236605212,-0.6232971700476385,0.58,0.01,0.361741855399034
0.65,2026101900,38,0.3579806500365107,-0.22434806846792377,0.5,0.0,0.3742407312845413
0.65,2026101900,39,0.4467643445786576,-0.6591005872665444,0.57,0.0,0.3785489881405183
0.65,2026101900,40,0.2469462283496374,-0.13892673503915196,0.51,0.02,0.3763259330256625
0.65,2026101900,41,0.010188404510126143,0.401221595309964,0.4,0.02,0.36085016873339987
0.65,2026101900,42,-0.8109331055100841,0.30001464266521344,0.41,0.02,0.38811181459827643
0.65,2026101900,43,0.24692860037407344,-0.18364491174707012,0.51,0.03,0.36726360356551196
0.65,2026101900,44,0.20357086469670513,0.19848548516401227,0.46,0.01,0.3506225199687308
0.65,2026101900,45,-0.19289771544683582,0.16644962255718132,0.48,0.0,0.35933718215980237
0.65,2026101900,46,0.018252186490870962,-0.06806310379487951,0.47,0.03,0.3596599080366413
0.65,2026101900,47,0.14419636771493752,-0.4080786140355572,0.59,0.05,0.36560518773043027
0.65,2026101900,48,0.9380084815878129,-0.7255776326726443,0.62,0.01,0.3585380162887127
0.65,2026101900,49,-0.15683007363858514,-0.1540817787264518,0.56,0.0,0.35973940169765023
0.65,2026101900,50,-0.013229836175069076,0.08493394865612651,0.51,0.03,0.3916210752656765
0.65,2026101900,51,-0.04280918460244314,-0.07351518571861786,0.49,0.03,0.3976880214482369
0.65,2026101900,52,-0.30066806423727754,0.03293651456249514,0.51,0.01,0.3903084987191589
0.65,2026101900,53,0.11641056375375745,0.01841079663546301,0.48,0.01,0.33329015133259027
0.65,2026101900,54,0.5648715096232029,-0.03643506932326174,0.46,0.02,0.372837013501047
0.65,2026101900,55,-0.010690686964044866,0.6248915751485423,0.42,0.01,0.3813029639417481
0.65,2026101900,56,1.0344052322473403,-0.5487858411184694,0.51,0.02,0.3507128707862625
0.65,2026101900,57,0.14935032942629387,-0.7670678814423146,0.62,0.0,0.3560226716726715
0.65,2026101900,58,-0.12437420614400527,0.04641755082767811,0.48,0.01,0.38449920020947587
0.65,2026101900,59,-0.07929039651991164,-0.11786218848212511,0.49,0.01,0.40017765608091244
0.65,2026101900,60,-0.09295937716155202,0.2726636532746023,0.53,0.0,0.3739248025418403
0.65,2026101900,61,-0.06360717787435136,-0.26304151738107073,0.56,0.01,0.35722604926053414
0.65,2026101900,62,0.21190516279638166,-0.09060952479221833,0.5,0.01,0.3869155420808316
0.65,2026101900,63,-0.5985371467574487,-0.051418416449726785,0.52,0.0,0.3586504624687957
0.65,2026101900,64,0.34446536703031355,0.1579281738827974,0.49,0.0,0.39304081671775565
0.65,2026101900,65,0.22863276583794515,-0.5805317374073767,0.52,0.01,0.39861027774239377
0.65,2026101900,66,-0.3449970841032053,0.3044989636864875,0.49,0.0,0.3853934003157643
0.65,2026101900,67,0.4483667840914134,-0.812008715162533,0.61,0.01,0.37745465254577426
0.65,2026101900,68,-0.08746932299047198,0.508278102191458,0.41,0.0,0.3664193173172155
0.65,2026101900,69,-0.5749424055776651,0.2710489347689238,0.49,0.02,0.37140800374931865
0.65,2026101900,70,0.03254960540617301,-0.2779467049981886,0.48,0.01,0.3790748077824842
0.65,2026101900,71,0.024454686441660448,0.5202392460890212,0.4,0.0,0.372008668152104
0.65,2026101900,72,0.3650878226242493,0.401946158228389,0.49,0.03,0.36987037606950063
0.65,2026101900,73,-0.16837243075532535,0.038345898548249206,0.47,0.0,0.3643559580482719
0.65,2026101900,74,0.046666864199135134,-0.39421831275707997,0.59,0.02,0.38778317012288605
0.65,2026101900,75,-0.017920484697344367,-0.20808206229135887,0.52,0.02,0.38876226863566765
0.65,2026101900,76,-0.34986735001912506,0.06621773377826722,0.45,0.01,0.37157302873091974
0.65,2026101900,77,-0.05094784174566402,-0.06816773765408175,0.47,0.01,0.37259552163789467
0.65,2026101900,78,-0.17472556832945554,0.22256226536892532,0.53,0.02,0.35851169934009236
0.65,2026101900,79,0.4422851204789884,0.058655164369811885,0.45,0.01,0.3828091766113048
0.65,2026101900,80,-0.24227297296302513,-0.13874369088569158,0.48,0.01,0.3814808544793201
0.65,2026101900,81,-0.01717690491795095,-0.4379003347509094,0.55,0.0,0.3881132894854499
0.65,2026101900,82,0.5747849488127228,-0.06150289142111462,0.49,0.01,0.37757992399026646
0.65,2026101900,83,-0.025801025865160226,0.08479751520030175,0.52,0.03,0.37401811619107933
0.65,2026101900,84,0.048958293918591876,0.23690692172490851,0.48,0.02,0.3626661256228049
0.65,2026101900,85,-0.22240548851581868,-0.27963640616812313,0.5,0.0,0.36615647556958597
0.65,2026101900,86,-0.009807152219416327,-0.22195696141500285,0.5,0.01,0.3671854625164983
0.65,2026101900,87,-0.4159872424871395,-0.08840086307531028,0.55,0.02,0.34474254240773283
0.65,2026101900,88,0.340544346323958,-0.439371958194752,0.57,0.01,0.35873692019268616
0.65,2026101900,89,0.15125109274402904,-0.14471438582307528,0.49,0.01,0.36794547542288214
0.65,2026101900,90,-0.18975378008646593,-0.1905105735577415,0.5,0.01,0.360106265599464
0.65,2026101900,91,0.2083702372072772,0.2347832976716926,0.49,0.0,0.3865070761155724
0.65,2026101900,92,0.10514676301468441,-0.02751729119073234,0.47,0.01,0.3769644169622706
0.65,2026101900,93,0.3570372334791706,0.040890227886523876,0.53,0.03,0.38667812202400215
0.65,2026101900,94,0.3949875454139494,-0.009015520182245839,0.5,0.0,0.37473370914705967
0.65,2026101900,95,-0.14898058287008634,-0.42536049956049454,0.56,0.01,0.36315667608992785
0.65,2026101900,96,-0.02718207357092024,-0.4267165895709389,0.52,0.01,0.37323583160877916
0.65,2026101900,97,0.8458245501319388,-0.0642572949185683,0.58,0.0,0.37115961782206724
0.65,2026101900,98,0.40192000379936965,-0.3034965862827284,0.6,0.03,0.3783181159083163
0.65,2026101900,99,-0.17939438919779463,0.34344829292279705,0.5,0.02,0.3672667714195548
0.65,2026101900,100,-0.7022567636938029,0.43644976714570327,0.51,0.01,0.36511384762878635
0.65,2026101900,101,0.21407912126514667,0.5089083323318059,0.44,0.0,0.3648518757549517
0.65,2026101900,102,-0.02356675789416999,0.10197317417490914,0.45,0.01,0.3918075378814619
0.65,2026101900,103,0.4092019367323489,-0.5989987282996626,0.52,0.0,0.36353449502321233
0.65,2026101900,104,-0.7658216643145976,0.479723871260818,0.49,0.0,0.3522831035622493
0.65,2026101900,105,0.7064745896026927,0.47380998078199044,0.45,0.01,0.3628478189004804
0.65,2026101900,106,-0.3234352430535717,0.037052987649315194,0.54,0.02,0.35446643286890717
0.65,2026101900,107,-0.13450788165865485,-0.21751376581988577,0.47,0.0,0.37511482233941
0.65,2026101900,108,0.7892954879447227,-0.5449768387766152,0.56,0.01,0.32367999566108585
0.65,2026101900,109,0.41142379682602614,-0.17051458197184477,0.52,0.02,0.3710297089351129
0.65,2026101900,110,0.790153707025698,-0.30359888118386014,0.55,0.03,0.368540312160829
0.65,2026101900,111,-0.35350695651434405,-0.010122898018743094,0.49,0.01,0.40506014316923067
0.65,2026101900,112,0.6179027777550808,-0.138697264398549,0.5,0.03,0.36375277430905384
0.65,2026101900,113,0.6935243488675198,-0.35222273169373736,0.58,0.03,0.3722321173407807
0.65,2026101900,114,0.09168187823979537,-0.17557106960511468,0.58,0.0,0.37375035730997275
0.65,2026101900,115,-0.5001022688709997,0.4778719743669154,0.45,0.0,0.3788320256822149
0.65,2026101900,116,-0.1455497666642342,0.010563493126224361,0.54,0.02,0.3791599167060547
0.65,2026101900,117,1.2630677937123196,-0.9610763269975249,0.62,0.0,0.3665800398596471
0.65,2026101900,118,-0.025303109488684642,-0.2634900291174808,0.49,0.0,0.36475366795248765
0.65,2026101900,119,0.40606405739360035,-0.02101965983711853,0.45,0.03,0.35294663793951647
0.65,2026101900,120,0.2465241460363974,0.113955864070102,0.53,0.02,0.3618764446851357
0.65,2026101900,121,0.48564311087473255,-0.3393680042401816,0.45,0.01,0.3403693633953603
0.65,2026101900,122,0.2371260458180647,-0.7902824410173324,0.62,0.02,0.3737914029415325
0.65,2026101900,123,0.3585565145924635,0.050087042473768245,0.51,0.01,0.3568927361109737
0.65,2026101900,124,0.09994821764336828,-0.08628045632023351,0.57,0.03,0.37282795760215487
0.65,2026101900,125,0.23580675047534327,0.0700781827687849,0.56,0.01,0.3483059315034456
0.65,2026101900,126,0.2520563428940067,-0.13613977194778276,0.5,0.0,0.36501448084040705
0.65,2026101900,127,-0.15298416816555768,-0.23896619141843317,0.48,0.0,0.3844989650662232
0.65,2026101900,128,0.219344616208061,0.11259412637383806,0.56,0.01,0.3803903286411892
0.65,2026101900,129,0.33819489285812276,-0.33725315967865227,0.49,0.0,0.3740225509959492
0.65,2026101900,130,0.22161393831284604,-0.04272966270417416,0.51,0.02,0.36966660767803283
0.65,2026101900,131,-0.37227470426667864,0.24754689140378539,0.45,0.02,0.37799466175140795
0.65,2026101900,132,0.5148275699692406,-0.03318443342404168,0.52,0.0,0.3556310918269513
0.65,2026101900,133,0.10459022835049182,0.19130969207419316,0.45,0.0,0.3684626090450682
0.65,2026101900,134,0.1824212839147024,0.1984497787310002,0.49,0.0,0.3853898068856932
0.65,2026101900,135,-0.03045361578584183,-0.2783909469166806,0.51,0.01,0.3813901949466711
0.65,2026101900,136,0.05969969781304778,0.22331239672444828,0.45,0.03,0.3501699909862216
0.65,2026101900,137,0.11092037006883533,-0.11077923012781907,0.51,0.0,0.39562942209521573
0.65,2026101900,138,-0.08896179892253091,0.39911507590577067,0.44,0.02,0.362744822257231
0.65,2026101900,139,0.5816344043492696,-0.35096839840483507,0.53,0.02,0.3524994803282015
0.65,2026101900,140,-0.07957626264552194,-0.5803134202557327,0.62,0.05,0.3912720704350756
0.65,2026101900,141,0.8592218244411657,-0.277348915071202,0.55,0.0,0.4097083789699657
0.65,2026101900,142,0.4629503089771772,-0.3828298126551918,0.54,0.01,0.38327665438593295
0.65,2026101900,143,-0.1938419444459983,-0.18673821190640474,0.55,0.0,0.3857558056438073
0.65,2026101900,144,-0.0538228404762405,0.7577646336782762,0.41,0.01,0.3672285153800531
0.65,2026101900,145,-0.47143027948314375,0.3868109192598993,0.44,0.01,0.3866305830996407
0.65,2026101900,146,0.702861478307725,-0.24886844439708175,0.52,0.03,0.37815329108335455
0.65,2026101900,147,0.13189656436254396,0.042852046901944815,0.51,0.0,0.3603018421785432
0.65,2026101900,148,-0.05723557571913112,-0.31927660887927406,0.5,0.0,0.3949495093274671
0.65,2026101900,149,0.016550391618136526,0.28980765994021346,0.48,0.0,0.3617064356285711
0.65,2026101900,150,-0.383791397101689,0.8730677408692235,0.39,0.01,0.3692730854407455
0.65,2026101900,151,-0.37092225392437433,0.26452703616380185,0.46,0.05,0.39367822859915014
0.65,2026101900,152,0.6230116036163182,-0.2425782978406916,0.51,0.03,0.35632079339176664
0.65,2026101900,153,-0.017365460395680512,-0.3557718618660306,0.53,0.02,0.397778389574529
0.65,2026101900,154,0.3064964472943059,-0.04936700852262318,0.51,0.02,0.36415620711365326
0.65,2026101900,155,0.18759566071029452,-0.027993471667655357,0.49,0.03,0.36453529922320516
0.65,2026101900,156,0.48759078925234334,0.0017788894522236553,0.49,0.02,0.36239368309026426
0.65,2026101900,157,0.2917730162185121,-0.4254038255546596,0.53,0.0,0.40773118251483226
0.65,2026101900,158,-0.33478834875638,0.16710090176450113,0.53,0.0,0.38348920291730837
0.65,2026101900,159,0.22576287454150923,-0.400230846883802,0.49,0.0,0.368210354098538
0.65,2026101900,160,0.2857800512978933,-0.2927868590749209,0.5,0.0,0.37461869852228963
0.65,2026101900,161,0.2875384316167507,-0.7929364830721045,0.58,0.02,0.38359809998237443
0.65,2026101900,162,0.012662965631722214,0.25111054542331235,0.49,0.02,0.3595168510227575
0.65,2026101900,163,0.20890817747524462,-0.5475976299917162,0.54,0.03,0.35503603982022214
0.65,2026101900,164,-0.1417736451149743,0.532314567854925,0.44,0.0,0.38437257609795844
0.65,2026101900,165,0.21153780407190403,-0.2765176750879686,0.49,0.0,0.36260001181391255
0.65,2026101900,166,-0.06097651571074291,-0.35316395221742525,0.51,0.01,0.37523216814586874
0.65,2026101900,167,-0.21850004813685275,0.3505645499347583,0.48,0.02,0.3822916256663944
0.65,2026101900,168,0.44328947826236687,0.005461103695351302,0.52,0.02,0.36097097369423176
0.65,2026101900,169,0.11898198826764717,0.3280250340731681,0.47,0.0,0.3564098586841432
0.65,2026101900,170,-0.24357160134083447,0.31320423953941906,0.51,0.02,0.3569444376072337
0.65,2026101900,171,-0.09087904822640618,-0.1893485532693545,0.57,0.02,0.36830133260081765
0.65,2026101900,172,0.20142927095481045,0.21665950408140489,0.46,0.02,0.34414676171202757
0.65,2026101900,173,0.4522766791225152,-0.6519421778232888,0.54,0.02,0.388460762627002
0.65,2026101900,174,-0.16050590848329216,-0.26126967679039287,0.48,0.0,0.37264614919782646
0.65,2026101900,175,0.2660431877314812,-0.07248648149269193,0.54,0.02,0.3621466098997545
0.65,2026101900,176,0.24428222412625472,-0.8581557665068873,0.61,0.02,0.3813016834346435
0.65,2026101900,177,-0.4867176428357981,-0.03744013963795324,0.5,0.01,0.38118149955682307
0.65,2026101900,178,-0.11762223722154008,-0.11826271615959744,0.53,0.0,0.3628539455215746
0.65,2026101900,179,0.3331780643808003,-0.02032015010620152,0.49,0.02,0.36116115745354116
0.65,2026101900,180,-0.6442522739845675,0.5845565219887481,0.41,0.01,0.3362079200092214
0.65,2026101900,181,-0.433767873129254,0.30087037625995516,0.48,0.0,0.36073164485799275
0.65,2026101900,182,-0.09188723608912845,-0.6296188749851461,0.52,0.03,0.34650432290700084
0.65,2026101900,183,-0.132104058874641,-0.1306979034656063,0.49,0.02,0.3670548097057737
0.65,2026101900,184,0.5939183407193821,-0.4682002385787396,0.56,0.01,0.37496756288906524
0.65,2026101900,185,0.23164512046453048,-0.10012902524594808,0.53,0.03,0.3837684617795219
0.65,2026101900,186,-0.13255834927203022,0.2845768353915423,0.5,0.0,0.3422563154584439
0.65,2026101900,187,0.005936849369947246,0.09116565953801549,0.47,0.0,0.3820085824446058
0.65,2026101900,188,-0.01805482867811032,0.01196847741226419,0.49,0.0,0.3697321490951529
0.65,2026101900,189,-0.018426176964100874,-0.044298907718394114,0.48,0.0,0.3667306728155353
0.65,2026101900,190,0.4422896198210683,-0.09954386437065546,0.5,0.01,0.3722704146455941
0.65,2026101900,191,0.15637965919990296,-0.8017376742651352,0.58,0.0,0.3726208602151682
0.65,2026101900,192,-0.7430731711658735,0.4420082397981344,0.4,0.02,0.36719942835696046
0.65,2026101900,193,-0.03209896917580077,-1.3315338838649078,0.71,0.01,0.3592522483492212
0.65,2026101900,194,0.20796761906355965,-0.37072965237637945,0.57,0.01,0.38403194292999365
0.65,2026101900,195,0.26988840672484105,-0.37985129960146446,0.58,0.01,0.3534416211924524
0.65,2026101900,196,-0.11713910374835101,0.08640851418315589,0.5,0.02,0.3706880556243316
0.65,2026101900,197,0.0714470918087559,-0.5096186981107038,0.49,0.01,0.37838908586890535
0.65,2026101900,198,0.28822689065930535,-0.6186256931067949,0.52,0.0,0.33720507430287683
0.65,2026101900,199,0.34754468903989005,-0.11766651154135235,0.46,0.01,0.38703947708712527
0.65,2026101900,200,-0.1918247467588558,0.34471892039507696,0.45,0.01,0.38341355342594413
0.65,2026101900,201,-0.2519421727862877,0.0008901125566798784,0.51,0.05,0.3868981576810659
0.65,2026101900,202,-0.2627607857058186,0.47970998584260593,0.41,0.01,0.3748599794835854
0.65,2026101900,203,0.14379732095755204,0.28451727144407835,0.46,0.01,0.39295928848878026
0.65,2026101900,204,-0.03104415104892138,0.09505575284200683,0.49,0.0,0.366544384700178
0.65,2026101900,205,0.7237840952616079,0.12725659475141304,0.49,0.02,0.36480813171605886
0.65,2026101900,206,0.3421224328269136,0.15867360612864928,0.47,0.0,0.35253373225540713
0.65,2026101900,207,-0.15079019267826654,0.036105680282177824,0.52,0.0,0.3699554614721087
0.65,2026101900,208,-0.15793552524112317,-0.14911112651575859,0.46,0.0,0.33210245772042685
0.65,2026101900,209,-0.2156764472409693,-0.33389136480523685,0.47,0.02,0.35190995273095693
0.65,2026101900,210,0.2608946611561441,0.15830411286987742,0.41,0.02,0.36094962771371525
0.65,2026101900,211,0.32673965454099263,-0.18266554272362878,0.47,0.01,0.3596055215324985
0.65,2026101900,212,-0.18066535151076318,-0.17237470664352333,0.51,0.0,0.3680228264516032
0.65,2026101900,213,0.2000999979668677,-0.8018044241367127,0.62,0.0,0.37383428942246616
0.65,2026101900,214,0.24625222411385464,0.31038603894961037,0.48,0.0,0.3731437127620826
0.65,2026101900,215,0.35383812940591697,-0.7024277539341394,0.55,0.0,0.36202359746618745
0.65,2026101900,216,-0.07460620999538903,-0.1713227432029517,0.52,0.02,0.3883147420536794
0.65,2026101900,217,-0.24108818198022647,0.16125192816032155,0.48,0.02,0.35150011599435677
0.65,2026101900,218,0.4391693188447413,0.07084840124989779,0.52,0.02,0.35787610465847
0.65,2026101900,219,0.06393291330239992,-0.15545757161207752,0.56,0.01,0.40473870752887753
0.65,2026101900,220,0.25057254167187615,0.07907489377015404,0.5,0.01,0.3716150669961275
0.65,2026101900,221,0.21085175357230437,-0.7226061785609603,0.56,0.01,0.3868754269554491
0.65,2026101900,222,-0.248500752788066,0.3682538799290981,0.44,0.01,0.39111785546596667
0.65,2026101900,223,1.125082480212403,-0.5225852366757612,0.58,0.07,0.3692536886245652
0.65,2026101900,224,-0.32139039578183715,-0.005202193115147722,0.54,0.01,0.3777424056885905
0.65,2026101900,225,-0.08213689307683504,-0.904932138787964,0.54,0.0,0.38243097252393865
0.65,2026101900,226,0.03352578218379932,0.43849625524185937,0.45,0.02,0.3876454372702009
0.65,2026101900,227,0.18035964733507345,-0.18503388033296642,0.53,0.01,0.36844592330338793
0.65,2026101900,228,0.0268073533026232,-0.6468971728893856,0.53,0.01,0.37612524058556784
0.65,2026101900,229,0.6775385600854856,-0.2704346973476039,0.49,0.03,0.35830430292274834
0.65,2026101900,230,-0.4547123113674239,0.2793297191525967,0.48,0.02,0.3532874897973659
0.65,2026101900,231,0.1797401647529855,-0.07924936422880974,0.56,0.01,0.36483409602728706
0.65,2026101900,232,-0.6323635449572013,0.281280033547312,0.47,0.01,0.3744089842630654
0.65,2026101900,233,0.14476448553027163,-0.6405317862008831,0.57,0.0,0.37011017304186106
0.65,2026101900,234,0.21188021662445902,0.005895913589863513,0.53,0.01,0.3889642539657169
0.65,2026101900,235,-0.039864097543262804,0.013752453739886645,0.51,0.03,0.38353576816664403
0.65,2026101900,236,-0.5368361053121753,-0.023498405915829107,0.5,0.0,0.37661550852609216
0.65,2026101900,237,-0.10881415883219966,-0.19223018011931053,0.48,0.0,0.3695523128645188
0.65,2026101900,238,0.43691342741782324,-0.14129159787527817,0.54,0.01,0.364760995192623
0.65,2026101900,239,-0.04669253639156088,0.46124565764301984,0.46,0.0,0.4060615859314192
0.65,2026101900,240,0.4501559285310278,0.41267570332252673,0.45,0.01,0.3732499090510236
0.65,2026101900,241,0.320636042725752,-0.4983744322816559,0.53,0.01,0.39479369074077186
0.65,2026101900,242,0.08407873819835478,-0.41115718427553133,0.55,0.01,0.3703080201455758
0.65,2026101900,243,-0.372507373505544,0.12820408796133495,0.48,0.0,0.3823928177677136
0.65,2026101900,244,-0.3774137610022565,0.48297562474169875,0.45,0.02,0.36814154039208963
0.65,2026101900,245,0.26138243776790754,0.3567552663890947,0.48,0.0,0.3779809644413076
0.65,2026101900,246,0.8387602000821178,-0.494174601493206,0.57,0.02,0.3590107928831921
0.65,2026101900,247,-1.0945749132063511,0.7836437052352955,0.42,0.01,0.38819490615289354
0.65,2026101900,248,-0.008674924993998391,-0.4231541350771873,0.52,0.0,0.3547627316951381
0.65,2026101900,249,0.19829708440050037,-0.936177646102373,0.58,0.01,0.3638721610922765
0.65,2026101900,250,-0.40525987304034833,0.5523749078547608,0.44,0.02,0.3745947738386715
0.65,2026101900,251,-0.3125125108764787,0.29792335699835937,0.44,0.03,0.38824767075611194
0.65,2026101900,252,0.11650049194851476,-0.6411566067148954,0.52,0.01,0.36992064663334107
0.65,2026101900,253,0.1775046314291731,-0.13637954624426044,0.55,0.0,0.37738381077209654
0.65,2026101900,254,0.5858350027182225,-0.7844290215641868,0.57,0.01,0.3733717848230145
0.65,2026101900,255,-0.08817551190578093,-0.09981745488401797,0.51,0.0,0.3796849109349486
0.65,2026101900,256,-0.17010643884323284,-0.47074418610982627,0.59,0.02,0.3550938127399776
0.65,2026101900,257,-0.1407640712395267,0.14067334965962808,0.45,0.01,0.3655454909173887
0.65,2026101900,258,-0.0853438581382521,0.19719261835915194,0.48,0.0,0.3533819601887517
0.65,2026101900,259,-0.19086395130215703,0.3617125069444257,0.49,0.0,0.3878169011284273
0.65,2026101900,260,-0.02635242412185425,-0.19630733823654167,0.53,0.0,0.36169571117438204
0.65,2026101900,261,0.6692540785282329,-0.3114980736252185,0.54,0.04,0.3810865416749932
0.65,2026101900,262,0.14881996431480757,0.14956349658039697,0.49,0.01,0.4046122835927314
0.65,2026101900,263,-0.37410078563294796,0.297733391734482,0.47,0.01,0.376425938689851
0.65,2026101900,264,0.03838241654492765,-0.44768115459069974,0.58,0.03,0.35806119417530746
0.65,2026101900,265,0.459128761553485,0.006360643463331028,0.49,0.0,0.3579159877033331
0.65,2026101900,266,0.026373085547589426,0.49064361006632606,0.44,0.01,0.3863401874084807
0.65,2026101900,267,0.8957975647334705,-0.8219166472844682,0.56,0.01,0.35711188046901976
0.65,2026101900,268,0.4097788376150546,-0.8479392810464128,0.56,0.02,0.34077419369869744
0.65,2026101900,269,0.36131097526895006,-0.5657410947084535,0.58,0.02,0.34729316936641796
0.65,2026101900,270,0.10228915082225618,-0.327188789634611,0.58,0.01,0.36716549601886966
0.65,2026101900,271,-0.0070407688330987785,0.1201116980405847,0.45,0.02,0.3665757889257483
0.65,2026101900,272,-0.3022964564407976,0.23913475378970786,0.56,0.03,0.35709242115154816
0.65,2026101900,273,0.05508580383996822,-0.42192825394626743,0.51,0.01,0.3724389589956676
0.65,2026101900,274,-0.02990412959733539,-0.26168777304393165,0.54,0.01,0.3702918633212435
0.65,2026101900,275,0.3111755247212143,-0.20668491887722815,0.53,0.01,0.38632985831422284
0.65,2026101900,276,-0.23328185254317158,0.6671161748831959,0.47,0.02,0.37339251833176734
0.65,2026101900,277,0.5976316365567255,-0.16026494682963846,0.48,0.0,0.3660796839661737
0.65,2026101900,278,-0.06728364535627374,-0.40970166324272406,0.5,0.0,0.3954125866862565
0.65,2026101900,279,-0.41196377066453804,-0.1324017111741882,0.51,0.01,0.3785190677485015
0.65,2026101900,280,0.1636923902645159,0.041846294768146414,0.51,0.01,0.38847495577012003
0.65,2026101900,281,-0.35807306279508955,-0.3287729830177535,0.49,0.01,0.37919160094078797
0.65,2026101900,282,0.5637389662819616,-0.012815805910600253,0.48,0.01,0.3532027372495149
0.65,2026101900,283,0.20232876452222348,-0.43291913901952916,0.58,0.0,0.38342860682372704
0.65,2026101900,284,-0.38534514998220204,0.09601694061140449,0.5,0.01,0.3856396586282805
0.65,2026101900,285,0.4422205114998176,-0.27300113833270234,0.53,0.02,0.3863492190849076
0.65,2026101900,286,0.6285778678039753,-0.4413801102847825,0.54,0.02,0.3676743983837691
0.65,2026101900,287,0.46807017577358595,-0.6202813707736351,0.61,0.03,0.359949693080597
0.65,2026101900,288,-0.08388913985551895,-0.4835313286300968,0.52,0.01,0.3774067236096267
0.65,2026101900,289,0.228829297121331,-0.3811165920020205,0.56,0.0,0.3923385196337512
0.65,2026101900,290,-0.15025108847555602,0.2915175725021138,0.48,0.01,0.3793919661532399
0.65,2026101900,291,-0.6241617785072627,0.243765201661312,0.49,0.0,0.39175031552583384
0.65,2026101900,292,-0.14983708159138512,0.20738736818522818,0.52,0.0,0.3757351752649635
0.65,2026101900,293,-0.3144850597511715,0.21297850169636567,0.47,0.01,0.3743010894697758
0.65,2026101900,294,0.34634074036803447,-0.5595625667449411,0.54,0.0,0.37303045565541504
0.65,2026101900,295,-0.8225670764963785,-0.10563006144978442,0.47,0.0,0.35372977801266303
0.65,2026101900,296,-0.18568459812202548,0.1765237284412766,0.53,0.02,0.38767113135648024
0.65,2026101900,297,0.1562926120886617,-0.04047764265381835,0.49,0.03,0.3894721012020431
0.65,2026101900,298,0.03242925228988408,-0.0983396190369362,0.47,0.0,0.36412751257198367
0.65,2026101900,299,-0.7872844929739969,0.4915589497966971,0.44,0.01,0.3615489081106849
0.65,2026101900,300,0.9152937827135541,-0.9106553773715916,0.57,0.01,0.3741889890418855
0.65,2026101900,301,0.09246626872959637,-0.09358387094158976,0.53,0.04,0.37638011344078914
0.65,2026101900,302,0.1792470207311779,-0.5951242015692007,0.59,0.03,0.35506809605339
0.65,2026101900,303,-0.13072766251339785,0.03672090685327976,0.5,0.0,0.3714885693524275
0.65,2026101900,304,-0.39708086364681017,0.14595046354256255,0.45,0.02,0.35824077789844155
0.65,2026101900,305,-0.6192927947117695,0.40660854993287726,0.43,0.0,0.36831819493466056
0.65,2026101900,306,-0.8449849393491982,-0.23480776475616633,0.52,0.01,0.360632725351901
0.65,2026101900,307,-0.399135301106357,0.6637905680504117,0.42,0.03,0.38009484025815
0.65,2026101900,308,-0.18041325675020148,-0.15036387461298506,0.48,0.04,0.3561544679521515
0.65,2026101900,309,-0.34259880788918856,0.2788536213382606,0.44,0.0,0.3832994224285398
0.65,2026101900,310,0.07698091967351078,-0.8671654459455129,0.55,0.01,0.3553922303058276
0.65,2026101900,311,-0.5105088048907997,0.13051135221231408,0.47,0.0,0.35737758658293217
0.65,2026101900,312,0.17717055806315926,-0.01077299371713079,0.54,0.05,0.37915759493778806
0.65,2026101900,313,0.10382839074631102,-0.16871402586824702,0.51,0.02,0.37438653030805247
0.65,2026101900,314,-0.39981776698485677,0.4473130679227937,0.47,0.01,0.3659069502530486
0.65,2026101900,315,-0.16318065878366436,0.5548902599751581,0.44,0.0,0.36200806292313437
0.65,2026101900,316,0.3080013319425224,-0.14889987361862864,0.47,0.0,0.37585013830173636
0.65,2026101900,317,-0.0429672040213229,0.22497934367809122,0.49,0.0,0.3846898300128692
0.65,2026101900,318,0.3924456160162312,-0.27014787889171327,0.53,0.01,0.3786813219336249
0.65,2026101900,319,0.02637955999620133,-0.17274148627591235,0.55,0.01,0.37877235631959766
0.65,2026101900,320,0.4491976426375187,-0.7731561738823348,0.61,0.0,0.3335332663230081
0.65,2026101900,321,-0.7448249952533815,0.33972503961392747,0.49,0.02,0.3978106715757211
0.65,2026101900,322,-0.11931110210149583,0.21283240236219916,0.5,0.01,0.37517683036554017
0.65,2026101900,323,0.08292922011909529,-0.5043927164689529,0.65,0.01,0.3961501933584398
0.65,2026101900,324,-0.34981622766392045,0.26169744758171404,0.49,0.01,0.3837423709346455
0.65,2026101900,325,-0.07469363543396708,-0.11100961642007555,0.52,0.0,0.3833536455228909
0.65,2026101900,326,0.27368102746136114,-0.5446611509124488,0.56,0.01,0.36848433315062123
0.65,2026101900,327,-0.165565931686138,0.23144081242414102,0.48,0.0,0.37493508683420385
0.65,2026101900,328,-0.5515573636108992,0.09161667685615721,0.49,0.01,0.37906960815890217
0.65,2026101900,329,0.2016596086437386,0.34355232410514674,0.5,0.01,0.384918502314717
0.65,2026101900,330,0.21880422239426967,0.19982967247306466,0.49,0.0,0.39422827216253886
0.65,2026101900,331,-0.2583180650275053,-0.06281804695106381,0.51,0.01,0.3349146510700522
0.65,2026101900,332,0.007249077366638499,-0.8285565876092197,0.59,0.0,0.3584972054140887
0.65,2026101900,333,0.3250926507933445,-0.4161536765151105,0.57,0.02,0.40593508229698755
0.65,2026101900,334,-0.6426690686407573,0.14362604192858006,0.48,0.01,0.36718975655751895
0.65,2026101900,335,0.18946037520692863,0.027086877457378287,0.51,0.02,0.3777062657837639
0.65,2026101900,336,-0.15502676621590417,-0.06266836980071062,0.53,0.02,0.37541262403093045
0.65,2026101900,337,-0.5912749137605043,0.13223413206885293,0.49,0.02,0.37851632115127914
0.65,2026101900,338,0.007879551585048938,-0.45146424302432153,0.55,0.02,0.3797900749663461
0.65,2026101900,339,0.39184206684140294,-0.0882438417678894,0.52,0.04,0.38062096090195296
0.65,2026101900,340,-0.3219017741348965,0.25246912047334885,0.5,0.04,0.3581596701661956
0.65,2026101900,341,-0.03338689302596439,0.5189302706296305,0.44,0.02,0.37988888091822537
0.65,2026101900,342,0.07999259923709529,-0.18034647595602324,0.51,0.0,0.3424345498487329
0.65,2026101900,343,0.2751552562672294,0.21330771661050213,0.47,0.0,0.35896244412389683
0.65,2026101900,344,0.16329377764076142,-0.600464608542089,0.58,0.0,0.3651918860705451
0.65,2026101900,345,0.37160939840643514,-0.610901774176386,0.61,0.01,0.347119639923895
0.65,2026101900,346,0.2749006797061686,-0.4438923242266877,0.55,0.01,0.36847883569254536
0.65,2026101900,347,0.9375592581554538,-0.7005753672954514,0.53,0.01,0.3479501536515341
0.65,2026101900,348,-0.18071306794058345,0.11014475939151247,0.5,0.02,0.37072624517070196
0.65,2026101900,349,-0.41581290625687695,-0.16086820211370767,0.53,0.0,0.3449404324880996
0.65,2026101900,350,0.9716429944062003,-0.5638539407565968,0.55,0.01,0.3897901354772319
0.65,2026101900,351,-0.35546112216815295,-0.4575127625263686,0.55,0.02,0.3821950148735854
0.65,2026101900,352,-0.177266021382133,0.27882725636566286,0.46,0.0,0.37971943547591036
0.65,2026101900,353,-0.24840947683809744,0.06921937114764437,0.52,0.0,0.37298690000123463
0.65,2026101900,354,0.08522188002271447,0.2626841391263174,0.46,0.02,0.38799354059529256
0.65,2026101900,355,-0.35972106290897615,-0.18707999955469312,0.51,0.01,0.37232272887504214
0.65,2026101900,356,-0.4371736103667554,0.45515438017832355,0.49,0.01,0.36832042122893355
0.65,2026101900,357,0.6508043248144815,-0.3782641668215965,0.56,0.02,0.37766742608163306
0.65,2026101900,358,-0.16021880031458985,0.1331443521151467,0.51,0.02,0.38205451453362604
0.65,2026101900,359,-0.44286014506244464,0.1394125866128104,0.47,0.02,0.3741765871201065
0.65,2026101900,360,-0.27887608766351657,0.034879476548018006,0.53,0.0,0.36627392761900424
0.65,2026101900,361,-0.5848107098381552,0.2986842642528913,0.49,0.0,0.35937730258108536
0.65,2026101900,362,0.430765887444747,-0.6987705131894577,0.61,0.0,0.38549742513122776
0.65,2026101900,363,0.4572255418323229,-0.2984677636290862,0.58,0.0,0.380422102395136
0.65,2026101900,364,-0.09193945318726199,-0.138843577752159,0.56,0.0,0.36846828114614893
0.65,2026101900,365,-0.6543809785785285,0.09058922833699437,0.53,0.01,0.37599119697983113
0.65,2026101900,366,-0.15562813088913327,0.30881462980259217,0.47,0.02,0.38008893400547517
0.65,2026101900,367,-0.23002242761216185,-0.15721196264957998,0.5,0.0,0.3826771401153217
0.65,2026101900,368,0.1358442114922794,0.06500356709618028,0.54,0.02,0.3417958912986633
0.65,2026101900,369,0.3468740505217244,0.17342413278856988,0.56,0.02,0.367267454596825
0.65,2026101900,370,-0.6790208243970999,-0.003645088032465016,0.51,0.0,0.38190660669394505
0.65,2026101900,371,-0.2702425643684171,0.017915453253004934,0.5,0.03,0.3610803284751527
0.65,2026101900,372,0.7003335981635019,-0.14719403010857654,0.56,0.02,0.35316230766319484
0.65,2026101900,373,0.09731604553254389,-0.23833939069450882,0.56,0.01,0.37649155157829634
0.65,2026101900,374,-0.04732061084449816,0.5099936487045384,0.42,0.0,0.40731119118823367
0.65,2026101900,375,0.3200596886938817,-0.6625875243618005,0.54,0.0,0.39121472079813474
0.65,2026101900,376,-0.35374941733516496,0.22189718411314593,0.42,0.01,0.37381532732697664
0.65,2026101900,377,0.3980096419982377,-0.31027768371370174,0.5,0.0,0.38098163440817756
0.65,2026101900,378,0.3020895538007994,-0.3162196442668985,0.53,0.04,0.345845525203976
0.65,2026101900,379,0.1135184295517779,-0.4477659483676395,0.54,0.01,0.3783526778092354
0.65,2026101900,380,-0.6342604121216163,0.3255443202378794,0.47,0.0,0.3542878216094539
0.65,2026101900,381,0.05667942653676349,0.15171231069805882,0.53,0.0,0.39192386915489336
0.65,2026101900,382,0.04281274205646329,-0.9161726717927867,0.61,0.01,0.36738429728048194
0.65,2026101900,383,0.1876840963621089,-0.1156765422285186,0.48,0.01,0.3779729870914686
0.65,2026101900,384,-0.3200506427294522,0.397623385692297,0.43,0.02,0.35285319046416336
0.65,2026101900,385,0.6257520648313343,0.18786034417451525,0.5,0.02,0.3652336132041347
0.65,2026101900,386,-0.18491238061435744,0.8683148959866637,0.37,0.01,0.37272984975197654
0.65,2026101900,387,0.09385922564609107,-0.22928825679120976,0.49,0.01,0.39259146841772513
0.65,2026101900,388,0.9608877125728117,-1.3765031125757168,0.61,0.02,0.39884431897605066
0.65,2026101900,389,0.5994731379420134,0.4488389504285605,0.45,0.03,0.39803972730215215
0.65,2026101900,390,0.02358176884973348,-0.39538228827122673,0.52,0.0,0.37536922210978363
0.65,2026101900,391,0.35543121211862205,-0.29277220599891896,0.52,0.03,0.3779103481070076
0.65,2026101900,392,0.14135804115701084,-0.17744249105005377,0.54,0.0,0.38882882047473893
0.65,2026101900,393,0.6197676900493626,-0.37191544981776375,0.52,0.01,0.3739346295112085
0.65,2026101900,394,-0.0288983026332664,0.2113766548264605,0.48,0.02,0.3690466915392011
0.65,2026101900,395,0.09507820153912354,0.043185661338106446,0.55,0.02,0.3707199813046958
0.65,2026101900,396,-0.3963505004567086,0.27093231825744185,0.48,0.01,0.34800542282367636
0.65,2026101900,397,0.230322941527826,-0.011229103536947265,0.49,0.02,0.35399366165965945
0.65,2026101900,398,1.1191878753661848,-0.8301358390578011,0.61,0.01,0.4064029974647839
0.65,2026101900,399,-0.26961644412981406,0.40307292603714456,0.47,0.0,0.37898268915242866
0.65,2026101900,400,-0.26860409354040526,-0.010771950686034249,0.51,0.02,0.3885664729779573
0.65,2026101900,401,-0.2950221033444977,0.08528557509465759,0.46,0.03,0.39827587487847455
0.65,2026101900,402,-0.15416508772727386,-0.6178442469269193,0.59,0.03,0.35710577920317554
0.65,2026101900,403,-0.6166317776802882,0.3177789513143849,0.42,0.02,0.3649343446913154
0.65,2026101900,404,0.16290234768946119,0.12334804678571151,0.49,0.02,0.3686001657947784
0.65,2026101900,405,0.8435101197363126,-0.7243526612067037,0.53,0.01,0.3573549345853087
0.65,2026101900,406,-0.2260304367194546,0.22803343835870027,0.45,0.01,0.36637582977099276
0.65,2026101900,407,-0.04482750788306859,-0.3605582914611516,0.62,0.01,0.40643610113283374
0.65,2026101900,408,0.372294155919369,-0.1941197316157797,0.52,0.01,0.3610425909479988
0.65,2026101900,409,-0.03945035790413254,0.1496094425937276,0.46,0.0,0.3852252538012494
0.65,2026101900,410,0.6402630968248438,-0.3263540665545308,0.54,0.0,0.367679935811523
0.65,2026101900,411,0.19387611364522225,-0.4298293762717113,0.52,0.02,0.38006065742180895
0.65,2026101900,412,0.3118625597634233,0.10972149852378334,0.46,0.0,0.3675442802901995
0.65,2026101900,413,0.6318052441049938,-0.7780949696609448,0.6,0.0,0.37909723023000474
0.65,2026101900,414,0.5191948084497355,-0.1266508396711688,0.5,0.02,0.3776346019073386
0.65,2026101900,415,-0.2841641716316747,0.3238550223828019,0.51,0.02,0.37845364142020627
0.65,2026101900,416,-0.1695610652552203,0.26229112752940714,0.49,0.0,0.35480113094145843
0.65,2026101900,417,-0.35654675770783745,0.4807938702677936,0.46,0.02,0.3675316910346904
0.65,2026101900,418,0.5539588652467988,-0.5798937808170784,0.58,0.03,0.3689368174822089
0.65,2026101900,419,-0.6284496087069035,0.39517861861862796,0.41,0.0,0.3485534664688638
0.65,2026101900,420,0.25912919087047337,-0.7140136222987572,0.54,0.0,0.37335475237043814
0.65,2026101900,421,0.28177373894065477,-0.3072393282853123,0.56,0.0,0.3677745322777885
0.65,2026101900,422,-0.40209745305388445,0.3833596140329888,0.4,0.01,0.381413012993104
0.65,2026101900,423,0.11260700211900393,-0.12541246787512833,0.53,0.0,0.3968235889617447
0.65,2026101900,424,-0.1652388797053522,-0.07286780479972159,0.52,0.0,0.3794752837109064
0.65,2026101900,425,0.5944405189362367,-0.2434576781577093,0.53,0.02,0.37404725114909465
0.65,2026101900,426,0.6363180083057961,-0.3261048352508483,0.56,0.03,0.3736222009665778
0.65,2026101900,427,-0.5947360823570389,0.23669152988358977,0.49,0.02,0.3717023644869112
0.65,2026101900,428,0.41315902825278206,-0.18641766548759456,0.5,0.01,0.353718093743943
0.65,2026101900,429,-0.32234024717777965,0.1794941299648174,0.47,0.01,0.3674332453219485
0.65,2026101900,430,-0.2316747113274368,-0.49901993850015863,0.57,0.02,0.35717221746660294
0.65,2026101900,431,0.6938427951443272,-0.5141335909321637,0.6,0.0,0.3811725968294875
0.65,2026101900,432,-0.6725213543451476,-0.30961439734363383,0.54,0.03,0.3771958698528765
0.65,2026101900,433,0.029269763479522516,-0.14665062480328192,0.57,0.04,0.38262537430848026
0.65,2026101900,434,-0.19364371253028032,-0.21859026246376168,0.5,0.02,0.3794596831226007
0.65,2026101900,435,0.018413619414689143,-0.23898292641708554,0.53,0.02,0.37290172741039046
0.65,2026101900,436,0.3399092208780582,-0.010241720306809478,0.48,0.0,0.37640259370477375
0.65,2026101900,437,0.31242187808641925,-0.5546193825247141,0.51,0.01,0.3661640459293393
0.65,2026101900,438,0.6548136706501171,-0.16772825782082929,0.54,0.02,0.37764088320560363
0.65,2026101900,439,0.17774895502721985,0.08899134456885431,0.51,0.0,0.3875297223091143
0.65,2026101900,440,0.129046047435396,0.28161681125557975,0.49,0.0,0.3709505595921501
0.65,2026101900,441,0.36188428391088556,-0.6657078766583128,0.61,0.01,0.4104722170769015
0.65,2026101900,442,0.2277793339685051,-1.353108369008182,0.62,0.0,0.3763715797373714
0.65,2026101900,443,-0.15306416437477938,0.19825388473759697,0.47,0.01,0.36993029930347376
0.65,2026101900,444,-0.17200716275130737,-0.053553487101561326,0.53,0.02,0.3522052795123368
0.65,2026101900,445,0.7438025461916083,-0.49539897016481,0.51,0.02,0.36524472649028444
0.65,2026101900,446,0.48170741497120856,-0.3880332338563896,0.49,0.01,0.38848138370591917
0.65,2026101900,447,0.02151324792122665,-0.2351407028742941,0.53,0.01,0.36239017455480604
0.65,2026101900,448,0.15065294980370014,-0.3795980229017092,0.52,0.0,0.37267649288593624
0.65,2026101900,449,0.6815561542740324,-0.15061181919832609,0.52,0.0,0.3636731630364548
0.65,2026101900,450,0.024463189998901392,0.28355077770350157,0.48,0.0,0.40233081479404026
0.65,2026101900,451,-0.23813164332448558,-0.1791306731293567,0.53,0.0,0.37759877493952215
0.65,2026101900,452,-0.9146746288100508,1.401655435970148,0.33,0.01,0.3625112556747681
0.65,2026101900,453,-0.3502262916249266,0.06006361698211748,0.47,0.01,0.37469535195848847
0.65,2026101900,454,-0.2393260472447123,-0.13010156192742045,0.54,0.01,0.3908839294675761
0.65,2026101900,455,-0.19240164340929297,-0.37100944035799216,0.53,0.01,0.3728401416736449
0.65,2026101900,456,0.2793495080605483,-0.3271373006787527,0.57,0.0,0.3518754558404085
0.65,2026101900,457,-0.14926816245070265,0.27487893763020144,0.45,0.02,0.35870542439847436
0.65,2026101900,458,0.33694410474918923,-0.14582570811424944,0.52,0.01,0.35881641563498745
0.65,2026101900,459,-0.2917177724704749,0.17947621727085467,0.48,0.02,0.36323067261161357
0.65,2026101900,460,0.19745993465529924,-0.5264063885269866,0.61,0.01,0.3608086972051673
0.65,2026101900,461,-0.09394195269466754,0.03074004353483538,0.49,0.0,0.4143787842754947
0.65,2026101900,462,-0.14742534812606053,-0.013265983978410136,0.53,0.01,0.36732395056800343
0.65,2026101900,463,0.12094972349815407,-0.6416133147983438,0.54,0.01,0.37892691867198325
0.65,2026101900,464,-0.24409861027269864,-0.07161739650557322,0.48,0.01,0.3682443879206232
0.65,2026101900,465,-0.6343303587667761,-0.15986351038576804,0.51,0.04,0.3373998405866922
0.65,2026101900,466,0.7750830087764398,-0.06384720281851756,0.51,0.01,0.3751735018132023
0.65,2026101900,467,-0.5637958121535254,0.20308299808016525,0.55,0.01,0.37504989073085826
0.65,2026101900,468,-0.2731136747789335,0.12926631296791655,0.45,0.0,0.39253482763234165
0.65,2026101900,469,0.18025774112956644,-0.7143177042375232,0.54,0.01,0.35999633157565675
0.65,2026101900,470,-0.118559083698106,-0.08944626379666357,0.58,0.03,0.3837338215958867
0.65,2026101900,471,0.2026979050052523,-0.0016100693721939965,0.49,0.01,0.3695404096512957
0.65,2026101900,472,0.6162367102889292,-0.2241208195576984,0.52,0.01,0.36269552348229994
0.65,2026101900,473,0.6300028939062193,-0.060415048024894134,0.54,0.02,0.38539455954138707
0.65,2026101900,474,-0.3115020914419242,0.2012992902391245,0.45,0.02,0.34930677303262725
0.65,2026101900,475,-0.1623620199256902,-0.636185376457138,0.54,0.01,0.3796813322887914
0.65,2026101900,476,0.5325715940510285,0.03306559045217194,0.45,0.01,0.3773573246942091
0.65,2026101900,477,-0.4787006900974942,0.5953820442043105,0.44,0.02,0.3597541685475416
0.65,2026101900,478,-0.3293791214268312,-0.04532449605703937,0.47,0.02,0.3633367045847726
0.65,2026101900,479,0.5335887688527999,-0.11830036536557197,0.53,0.02,0.3707130952046208
0.65,2026101900,480,0.6200546650796773,0.28369363702375155,0.42,0.01,0.37384099798852893
0.65,2026101900,481,0.45148768001350836,-0.023897151884151473,0.47,0.02,0.3756315350519141
0.65,2026101900,482,0.5933176107271103,-0.6694885604396381,0.55,0.01,0.36107193032296686
0.65,2026101900,483,1.0536904562065066,-1.0549221308217123,0.61,0.01,0.3573254751790224
0.65,2026101900,484,-0.12448925960928563,0.09189411881005086,0.47,0.01,0.3769368342033228
0.65,2026101900,485,-0.40242174850068474,0.26207075334942476,0.48,0.01,0.372323571749729
0.65,2026101900,486,0.14802601115413827,-0.3159782909339161,0.51,0.0,0.371913162839017
0.65,2026101900,487,-0.395669809598793,-0.28701908294338035,0.52,0.02,0.3610086543590483
0.65,2026101900,488,0.11098440089227087,-0.4354029434475308,0.58,0.03,0.3704989609224871
0.65,2026101900,489,-0.1721320276478847,0.43972244876971034,0.44,0.02,0.36031958807434256
0.65,2026101900,490,0.296648329172568,-0.9857098463238111,0.59,0.0,0.3652040874684221
0.65,2026101900,491,-0.24141379120696535,-0.009033804531598237,0.46,0.0,0.36175616291214696
0.65,2026101900,492,-0.03041874537685736,0.09291954378276199,0.56,0.02,0.38042165800203703
0.65,2026101900,493,-0.4573930543247248,-0.4121582492989997,0.55,0.02,0.40075052833293656
0.65,2026101900,494,0.5967507875647903,0.20492658995897903,0.44,0.01,0.41193754061900484
0.65,2026101900,495,-0.13546881630409213,-0.3620804889509985,0.56,0.01,0.38352044630443893
0.65,2026101900,496,0.43730016694271584,-0.4211292049198903,0.54,0.02,0.347864694427119
0.65,2026101900,497,-0.37361693874048785,-0.44848162226126737,0.6,0.0,0.3834680409255823
0.65,2026101900,498,-0.5253455413104428,0.011412590055149831,0.55,0.01,0.3633170825616861
0.65,2026101900,499,-0.4249953743265841,0.11009830814814485,0.47,0.02,0.38471419587818495
0.7,2026091900,0,0.5594468433149917,0.23914485199493163,0.53,0.01,0.36415685112374385
0.7,2026091900,1,-0.5285581167680173,0.8164476434993155,0.41,0.01,0.37022883794013806
0.7,2026091900,2,0.02698925450348476,-0.40055952029207087,0.54,0.01,0.36528721525169067
0.7,2026091900,3,0.5428751675314843,-0.3106529709560324,0.55,0.01,0.3871321408656028
0.7,2026091900,4,0.05086501562227741,-0.013871013575027872,0.49,0.01,0.3786516726470107
0.7,2026091900,5,-0.06953325189988808,-0.2818796658007227,0.58,0.0,0.3746439320766901
0.7,2026091900,6,-0.19570728954669733,0.1144095709330231,0.5,0.0,0.37350896462769684
0.7,2026091900,7,-0.39421955074856285,-0.1144840248716329,0.48,0.03,0.3892088384794763
0.7,2026091900,8,0.6260494796053696,0.18817153916768412,0.45,0.0,0.34606526214037214
0.7,2026091900,9,0.14890713522771293,-0.32792305397311033,0.52,0.02,0.3763363529135508
0.7,2026091900,10,0.1330371845188766,-0.19900672247088877,0.55,0.0,0.3674551199833747
0.7,2026091900,11,0.20211027954427052,-0.5015578624887138,0.54,0.03,0.3745062935473271
0.7,2026091900,12,-0.055434084523119605,0.39418382145269776,0.45,0.02,0.3665788284141127
0.7,2026091900,13,0.2324650562382897,-0.1283767452448883,0.56,0.01,0.3864237038160651
0.7,2026091900,14,-0.3113047481647777,0.1762308426331635,0.4,0.01,0.39461325681150133
0.7,2026091900,15,-0.12659718271473516,-0.6002077569733146,0.6,0.02,0.39167386505436097
0.7,2026091900,16,0.06749927406708178,0.4149464346667021,0.46,0.03,0.37161673417268987
0.7,2026091900,17,0.673685843445201,-0.09976322933711934,0.49,0.02,0.3988424885933485
0.7,2026091900,18,0.01772539459836222,-0.09977719188517103,0.52,0.01,0.37613735904181994
0.7,2026091900,19,-0.4881700782465721,-0.6673775880378895,0.58,0.02,0.38829301091623136
0.7,2026091900,20,0.15056195298224725,0.09817144363971529,0.48,0.02,0.3735928844263552
0.7,2026091900,21,0.012206948138259722,-0.2960198819094126,0.51,0.02,0.357433544830259
0.7,2026091900,22,-0.25814981542943927,-0.21658032445640146,0.54,0.0,0.3805770084773631
0.7,2026091900,23,-0.1091833189343334,0.06083590334021853,0.46,0.01,0.3679060742134238
0.7,2026091900,24,-0.039827589961760945,-0.41276166622565813,0.57,0.03,0.36989671539795027
0.7,2026091900,25,-0.04939699578639658,0.012660785756908498,0.53,0.02,0.3603729451909677
0.7,2026091900,26,-0.08477964901620744,-0.2897483159429901,0.59,0.01,0.41141413073633165
0.7,2026091900,27,0.36048611067719927,-0.3365240701984517,0.51,0.02,0.3727319897098812
0.7,2026091900,28,0.6297526964329915,-0.48305052111260255,0.59,0.01,0.3780115438734783
0.7,2026091900,29,0.10427385110914163,-0.07423213753168692,0.51,0.02,0.36842569156581556
0.7,2026091900,30,-0.17413932332819038,0.0604952848240789,0.48,0.02,0.38127671553863335
0.7,2026091900,31,0.06088005321905529,-0.18935293814715654,0.53,0.01,0.35960390430952693
0.7,2026091900,32,-0.037162766413480354,-0.022254224318071277,0.48,0.02,0.38599338233857045
0.7,2026091900,33,0.06671061171520798,-0.08166275520210792,0.53,0.01,0.3559077707464441
0.7,2026091900,34,-0.7644936282263463,-0.193609642110036,0.53,0.02,0.3748136552773185
0.7,2026091900,35,-0.12567794367907298,0.2709783373109971,0.48,0.02,0.3528294636381485
0.7,2026091900,36,-0.29807165048218165,0.42136692608640336,0.51,0.01,0.37616404431151723
0.7,2026091900,37,0.26113388773378815,-0.8088041099182185,0.54,0.0,0.37619084229808436
0.7,2026091900,38,0.4336009828645879,-0.4222263906604309,0.57,0.01,0.39514295951552875
0.7,2026091900,39,-0.6479310898871948,0.4057305926460376,0.46,0.01,0.3766419989353743
0.7,2026091900,40,0.17890861341641093,-0.4558268227016456,0.55,0.0,0.37076677251602574
0.7,2026091900,41,0.035650277628428526,0.16105089902542885,0.49,0.0,0.3782673502806274
0.7,2026091900,42,0.40026401427952407,-0.45515870484972365,0.5,0.0,0.39687160982723646
0.7,2026091900,43,0.787798352881359,-0.5406172842593127,0.6,0.01,0.3641886162311642
0.7,2026091900,44,0.15700700139818508,-0.6235251785445282,0.58,0.02,0.3813879834460538
0.7,2026091900,45,-0.24856160412566852,0.13720734225573838,0.51,0.0,0.38302400078306065
0.7,2026091900,46,0.20427605019565093,-0.2180079775826675,0.54,0.0,0.36698972160606985
0.7,2026091900,47,0.289544480331973,0.21762567075587827,0.46,0.01,0.37502678960846453
0.7,2026091900,48,-0.4562398254280406,-0.6027003941249797,0.62,0.01,0.3819069759836708
0.7,2026091900,49,-0.36392612822221176,0.14957051210870465,0.49,0.01,0.38182894868593864
0.7,2026091900,50,-0.09643748953535755,-0.09424744669808037,0.51,0.0,0.34968209885685353
0.7,2026091900,51,0.03303749888503684,0.7216391874639351,0.43,0.01,0.39300711895173934
0.7,2026091900,52,0.6487178385953298,-0.43502112894922346,0.55,0.01,0.3405634511964024
0.7,2026091900,53,0.012050318673600388,0.5924689965161609,0.43,0.02,0.37694085269254657
0.7,2026091900,54,-0.08206479254640392,-0.1174640650765384,0.54,0.02,0.38127532722685403
0.7,2026091900,55,1.2243917191456326,-0.8737861761054639,0.57,0.01,0.3405153369598508
0.7,2026091900,56,0.12333075062234165,-0.3846125586117621,0.61,0.04,0.3854168499879638
0.7,2026091900,57,0.4064299024743934,-0.5616944602195058,0.55,0.0,0.37496479998211363
0.7,2026091900,58,-0.2165254635783394,0.28818368125443683,0.45,0.0,0.38840005784250714
0.7,2026091900,59,-0.24797672360958578,-0.14993970254717448,0.51,0.0,0.3721521048749421
0.7,2026091900,60,0.13604835398281032,0.20853651443259438,0.48,0.0,0.36519297438405246
0.7,2026091900,61,0.5353786441601789,-0.01863261796177921,0.54,0.01,0.36666769842915253
0.7,2026091900,62,0.27742058448539936,-0.41551884993219346,0.51,0.04,0.3497818510135549
0.7,2026091900,63,-0.06172209016415302,-0.1694572694957241,0.53,0.03,0.37016465873515714
0.7,2026091900,64,-0.009190695768477655,0.1538299411642766,0.51,0.02,0.3517449946293656
0.7,2026091900,65,0.6438561370949243,-0.4601949529062428,0.55,0.0,0.3464241864035577
0.7,2026091900,66,0.10446649312794389,-0.24495875521783134,0.52,0.01,0.3810230251507495
0.7,2026091900,67,0.6598137168242653,-0.21700929303452313,0.5,0.0,0.36974569579021205
0.7,2026091900,68,-0.0003421878976044268,0.06273579254456214,0.52,0.0,0.3841247427293319
0.7,2026091900,69,-0.18598008328750013,0.32956299433037306,0.44,0.0,0.36905636882621723
0.7,2026091900,70,0.5449936157214775,-0.6917832832598327,0.6,0.01,0.3725928140669951
0.7,2026091900,71,-0.22718034873048137,-0.23892962018678948,0.54,0.02,0.3719912998763655
0.7,2026091900,72,0.2122206653041559,-0.35145608155604174,0.53,0.0,0.3385468973096286
0.7,2026091900,73,-0.5439004077413266,0.28519051670837736,0.48,0.02,0.370229262235095
0.7,2026091900,74,-0.1852642687794611,-0.4179073746209033,0.53,0.02,0.39465895434667514
0.7,2026091900,75,-0.48100541301605654,0.5195940312560917,0.43,0.01,0.385485817340387
0.7,2026091900,76,-0.03703211933010933,-0.2558509724352179,0.53,0.01,0.3843671191146338
0.7,2026091900,77,0.7818759283330369,-1.020985465565123,0.6,0.01,0.3821934865479625
0.7,2026091900,78,0.11435618282107528,0.04300172460116264,0.51,0.01,0.3501816719853754
0.7,2026091900,79,0.20025062828527987,0.16696790493817304,0.44,0.01,0.39636923824061626
0.7,2026091900,80,0.033182246917069065,-0.3464918956065266,0.55,0.08,0.36700373893795585
0.7,2026091900,81,0.11985249923470272,0.044768304326851055,0.48,0.01,0.3749512775125022
0.7,2026091900,82,0.05753791325124514,0.18048471567273922,0.5,0.01,0.3813834014095183
0.7,2026091900,83,-0.15302311936303215,-0.01659112668255253,0.58,0.01,0.3618159440106489
0.7,2026091900,84,0.2559816106061829,0.05888998392149631,0.46,0.01,0.37657275610221896
0.7,2026091900,85,-0.20904355483294024,-0.09518591926256194,0.53,0.01,0.38570067398750524
0.7,2026091900,86,0.002931144867439075,-0.10536061669072753,0.52,0.01,0.3851454337344136
0.7,2026091900,87,-0.14976874043003174,-0.41482157202773956,0.57,0.0,0.3702109847677217
0.7,2026091900,88,0.16199865160462332,-0.14600546150912033,0.55,0.02,0.3723633854058792
0.7,2026091900,89,-0.1546449172649387,0.8676300917005978,0.44,0.0,0.3759746816631962
0.7,2026091900,90,-0.5204894164761559,-0.039195379919033047,0.52,0.01,0.3660670360726619
0.7,2026091900,91,0.2694616073863311,-0.21138822349914146,0.53,0.01,0.37308428372722185
0.7,2026091900,92,-0.1337984152548338,0.1679781623625483,0.48,0.01,0.37734676222408026
0.7,2026091900,93,-0.5820678444199688,-0.07852867877571482,0.52,0.03,0.3639654673319781
0.7,2026091900,94,0.1816092146665185,-0.269006607885513,0.46,0.03,0.3755747250068714
0.7,2026091900,95,0.7338375281804258,0.1121684331846163,0.5,0.01,0.35698838945489053
0.7,2026091900,96,0.05366492937517028,-0.22618213962668726,0.52,0.03,0.38086372872814245
0.7,2026091900,97,-0.28797111365585015,-0.14087171849523908,0.53,0.03,0.3840502827112844
0.7,2026091900,98,-0.38869154715877285,-0.5183812646044988,0.56,0.02,0.37555270389563383
0.7,2026091900,99,-0.5060911677444593,-0.12331962348507661,0.53,0.0,0.3586257765564455
0.7,2026091900,100,-0.34820077680440503,0.3106113423331617,0.47,0.01,0.39394433952568375
0.7,2026091900,101,0.12176742561167447,-1.1513490262096198,0.67,0.02,0.3871640598994402
0.7,2026091900,102,-0.47868766576189,-0.4117344210307663,0.53,0.02,0.3536311501744847
0.7,2026091900,103,0.09248792464923007,0.07161655199913129,0.48,0.01,0.3789503702175025
0.7,2026091900,104,0.0198610225088355,-0.02901923960155915,0.53,0.0,0.36851309851385206
0.7,2026091900,105,-0.058103527403999794,-0.3248682915865636,0.56,0.02,0.3883938239876948
0.7,2026091900,106,-0.3084036103956298,-0.030784382659646052,0.48,0.01,0.3788797347789286
0.7,2026091900,107,-0.05168668592569855,-0.16704638145572087,0.51,0.02,0.37728934987119345
0.7,2026091900,108,-0.2736056257855075,-0.017561410370113703,0.5,0.0,0.3626253801001865
0.7,2026091900,109,0.5247287669923424,-0.6084547034776885,0.6,0.01,0.3438944666183459
0.7,2026091900,110,-0.6126487302834459,-0.15459623685344723,0.52,0.02,0.40781810242815825
0.7,2026091900,111,-0.5134620410927614,-0.1975990538034855,0.54,0.0,0.38332976174112976
0.7,2026091900,112,0.1700924332934737,-0.3341413278058862,0.51,0.01,0.37271282095094044
0.7,2026091900,113,-0.011968551126238678,0.6176660935080798,0.5,0.0,0.37930300139823264
0.7,2026091900,114,-0.3129917629495163,0.09890397205713782,0.54,0.02,0.3770040247536454
0.7,2026091900,115,0.6839635918421277,-0.32415089380885076,0.57,0.02,0.38888368792492484
0.7,2026091900,116,0.5969354013080245,-0.026622450895725278,0.57,0.0,0.3698685685185359
0.7,2026091900,117,-0.04006524492276945,0.016418642472124247,0.51,0.01,0.36272953693761173
0.7,2026091900,118,0.12370236408354376,0.14434888758848094,0.48,0.01,0.3768700118367761
0.7,2026091900,119,0.010966232992931202,0.7599631629024904,0.43,0.01,0.39452602367987644
0.7,2026091900,120,0.532359012623752,-0.8066793010863746,0.58,0.01,0.38567976255642256
0.7,2026091900,121,0.08144020567230154,-0.41968087140022725,0.58,0.02,0.3591526213254764
0.7,2026091900,122,-0.29315860646459774,-0.1307978669550628,0.5,0.01,0.37384670550110194
0.7,2026091900,123,-0.6955946847682002,0.512598274861204,0.42,0.0,0.37597340128334117
0.7,2026091900,124,-0.1318343843881477,0.2966068088456514,0.54,0.01,0.3583777246617163
0.7,2026091900,125,0.09752257448582573,0.8799363851117161,0.39,0.0,0.37977882383615996
0.7,2026091900,126,0.29088802614555165,-0.5705990478584814,0.54,0.01,0.38459786322475287
0.7,2026091900,127,-0.03343995991522526,-0.4307666821072907,0.61,0.02,0.38329466598973044
0.7,2026091900,128,-0.651133221783488,0.9081669741248186,0.45,0.02,0.38152621539379244
0.7,2026091900,129,-0.5163824154802422,0.37432400864360216,0.5,0.0,0.3808759327373762
0.7,2026091900,130,-0.340593205318183,-0.4247180494587309,0.49,0.0,0.3782087852523267
0.7,2026091900,131,-0.9630333518868589,0.3932596286255638,0.45,0.0,0.3704960911044393
0.7,2026091900,132,0.10734104477580991,0.33601168255399405,0.41,0.01,0.37925955909315934
0.7,2026091900,133,-0.41092587209599124,0.3091267713570861,0.5,0.01,0.3698805726196651
0.7,2026091900,134,-0.7669257130669089,0.26430322236860415,0.45,0.02,0.3819763216498087
0.7,2026091900,135,0.12122229867460177,-0.6665368764239092,0.59,0.01,0.37094159198065635
0.7,2026091900,136,-0.3235986244783549,0.7214224434535916,0.44,0.03,0.39468309022243064
0.7,2026091900,137,0.025263551425224354,0.34484124009280703,0.44,0.01,0.3792405773728329
0.7,2026091900,138,0.036201031500950276,0.10173614842347595,0.53,0.01,0.3721076534383533
0.7,2026091900,139,-0.27931645529500204,-0.3580061818784373,0.57,0.01,0.3787284460503196
0.7,2026091900,140,-0.07701051253016997,-0.2991093194288709,0.51,0.0,0.38426206515184985
0.7,2026091900,141,-0.2910536320218519,0.11083097523445817,0.5,0.01,0.37546181545262786
0.7,2026091900,142,0.02669069281917615,-0.4183095274632522,0.53,0.01,0.3653588789539359
0.7,2026091900,143,0.6307741547288055,0.040843114960698014,0.42,0.0,0.35948280848831915
0.7,2026091900,144,1.2464722225158165,-0.9800935870383151,0.6,0.01,0.3689708542782463
0.7,2026091900,145,-0.356134127686166,0.32579982828236775,0.4,0.0,0.37162704134327085
0.7,2026091900,146,-0.6346463249850589,0.3737065397308742,0.45,0.0,0.37037402612668147
0.7,2026091900,147,0.3233660144083148,-0.31071783638823525,0.51,0.0,0.4049163226951451
0.7,2026091900,148,0.2820684961067871,-0.20237704146315938,0.57,0.03,0.3872210335926545
0.7,2026091900,149,-0.8050491619649555,0.8819765770012089,0.42,0.0,0.3827767325830015
0.7,2026091900,150,0.3250000582044331,-0.5502114096560766,0.56,0.02,0.3822858219153709
0.7,2026091900,151,0.33202504203251726,-0.13062954072194638,0.5,0.02,0.37131287012676345
0.7,2026091900,152,0.4574869938802351,-0.11409572419036892,0.5,0.03,0.3772113335108576
0.7,2026091900,153,0.5909765523409924,-0.24200123454343875,0.5,0.0,0.38804006963068416
0.7,2026091900,154,0.5101024063977084,0.1743811258199194,0.48,0.01,0.36202694407945857
0.7,2026091900,155,0.061400896173272254,0.42852804335741596,0.45,0.04,0.3358004144711542
0.7,2026091900,156,0.05432184284269812,0.33654896252655836,0.45,0.01,0.3657677236370066
0.7,2026091900,157,-0.3637628843488922,0.3587333046968849,0.45,0.01,0.3629669392447534
0.7,2026091900,158,0.7368554503066584,-0.8698667415095236,0.61,0.03,0.37294448427624877
0.7,2026091900,159,0.7546747434265474,-0.0015099038248937724,0.51,0.03,0.4033852939205368
0.7,2026091900,160,0.30326710504116766,-0.39106175196343235,0.51,0.0,0.3672620034227216
0.7,2026091900,161,0.7590563073425223,-0.10904299413833442,0.49,0.01,0.3512854619602868
0.7,2026091900,162,0.6638876385458673,-0.5055175944407762,0.47,0.0,0.387457522450054
0.7,2026091900,163,0.3629182879966426,-0.31734087708843534,0.55,0.02,0.3904518410958476
0.7,2026091900,164,0.1339127834956829,-0.050330710191825404,0.46,0.02,0.3719101449639945
0.7,2026091900,165,0.25068570845646865,-0.2094244918696992,0.55,0.02,0.3484482156639036
0.7,2026091900,166,0.23449981182507407,0.48286484205633795,0.46,0.01,0.3781468511051259
0.7,2026091900,167,-0.19264781499158082,-0.15216641962100927,0.56,0.0,0.3563236303885426
0.7,2026091900,168,0.1893497462942133,0.0044479685815795285,0.51,0.01,0.36643194670772333
0.7,2026091900,169,0.27898177684205466,-0.15340369854052532,0.49,0.01,0.3884460414593868
0.7,2026091900,170,0.21163270724101846,-0.37681267637324156,0.52,0.0,0.37083652199854705
0.7,2026091900,171,-0.520432770321223,0.08519265983997658,0.54,0.01,0.3706626113956938
0.7,2026091900,172,0.5617743727069119,-0.12308570464234991,0.54,0.01,0.3601422776755379
0.7,2026091900,173,-0.0037783143938591433,-0.5425275948702024,0.56,0.0,0.3734012461299671
0.7,2026091900,174,0.2988107357976906,-0.2329278031593603,0.49,0.02,0.37199216071191343
0.7,2026091900,175,0.03872975244843385,0.09904821002204478,0.46,0.02,0.3796049612178586
0.7,2026091900,176,0.01938154065147766,0.14578854455767504,0.5,0.0,0.36857532629686446
0.7,2026091900,177,-0.05704584969715202,0.3921813732820852,0.47,0.0,0.3966481033033316
0.7,2026091900,178,0.0631426198233722,-0.49262710817292815,0.59,0.01,0.37292452661819114
0.7,2026091900,179,0.05648636962907988,0.17520083502893916,0.5,0.0,0.3851506578456661
0.7,2026091900,180,-0.9884361421329111,0.49610498907884376,0.51,0.01,0.3718361260519789
0.7,2026091900,181,-0.5491319240667977,0.091827169624324,0.39,0.0,0.3455921626030483
0.7,2026091900,182,0.19412889587900178,-0.11551865701234464,0.52,0.0,0.3630095663431968
0.7,2026091900,183,0.5578857980865946,-0.8422453129058138,0.52,0.01,0.3668917267538172
0.7,2026091900,184,0.0861952877619165,-0.16720921586104281,0.47,0.01,0.39843941745749434
0.7,2026091900,185,-0.07260111004701618,0.5325550645809015,0.46,0.01,0.3899170253339747
0.7,2026091900,186,-0.07194382405496551,0.2753860554023394,0.47,0.03,0.378117603394505
0.7,2026091900,187,0.9103511060202846,-0.859046510279054,0.61,0.03,0.3677868050913815
0.7,2026091900,188,-0.5345498008269783,0.45664459001072716,0.45,0.01,0.40350282783552704
0.7,2026091900,189,-0.29350809294268615,0.08807352885579084,0.5,0.04,0.3523572799865313
0.7,2026091900,190,0.12794772882873087,0.3698293929095295,0.51,0.01,0.3579350431068105
0.7,2026091900,191,-0.11518069451744467,-0.2593738349662809,0.52,0.01,0.3663490803055296
0.7,2026091900,192,0.3087083053897148,-0.15807789064615715,0.53,0.01,0.37632109904195554
0.7,2026091900,193,0.2959543343777612,0.03597195637384688,0.46,0.01,0.3671187731963149
0.7,2026091900,194,0.4238239814560437,0.02702706318647472,0.5,0.01,0.3700359915129945
0.7,2026091900,195,0.1573950838276156,-0.6368200947853224,0.58,0.0,0.35770434769074844
0.7,2026091900,196,-0.20227622207523185,0.18266429995863448,0.51,0.02,0.3593517281383851
0.7,2026091900,197,0.1285060062033753,-0.06833040118845668,0.49,0.01,0.3703663750521216
0.7,2026091900,198,-0.11334072944802624,0.47380639263055,0.45,0.02,0.37980511263999694
0.7,2026091900,199,0.5664995259440175,0.20582786743693599,0.47,0.01,0.3846826336051848
0.7,2026091900,200,-0.0827290267281322,-0.19559301220884898,0.56,0.02,0.3732500049639582
0.7,2026091900,201,-0.22737845878084997,0.5119735221467893,0.47,0.0,0.37103488766554876
0.7,2026091900,202,-0.6969331636074527,0.021775009168837952,0.5,0.02,0.3881502396725275
0.7,2026091900,203,-0.2754869210661386,-0.10073652858530081,0.49,0.02,0.36919041522687807
0.7,2026091900,204,-0.17033448211944208,0.37175100831365837,0.45,0.02,0.3938733127996494
0.7,2026091900,205,0.6021203774839616,-0.6864938627138585,0.58,0.02,0.3621005191836993
0.7,2026091900,206,-0.3202417699186188,0.12654907548927605,0.54,0.01,0.37600803589870485
0.7,2026091900,207,-0.20906835129492907,0.0491835455299455,0.51,0.0,0.38862117803861196
0.7,2026091900,208,0.15790153049965286,0.014576795226995247,0.48,0.0,0.38805542176192837
0.7,2026091900,209,-0.06879079234995125,-0.6170515332711659,0.55,0.0,0.38413204050371147
0.7,2026091900,210,-0.9141163480162302,0.34891069827822785,0.45,0.02,0.39865128183351345
0.7,2026091900,211,0.5012205272076532,0.033538514422450205,0.49,0.02,0.37266704360462877
0.7,2026091900,212,-0.1181415907162124,0.31522238548350745,0.45,0.02,0.39766959383260875
0.7,2026091900,213,-0.08566524414320974,0.18498889808402963,0.45,0.01,0.3613863604376838
0.7,2026091900,214,-0.5509167163583019,0.23083161890226278,0.44,0.0,0.38530521293620273
0.7,2026091900,215,0.32943128236651503,-0.4273438645163548,0.53,0.0,0.3969822639388332
0.7,2026091900,216,-0.41495268610426406,0.47015866333009826,0.42,0.02,0.3835134946856629
0.7,2026091900,217,-0.12550450223179246,-0.0441134701922329,0.48,0.01,0.37542460030513136
0.7,2026091900,218,-0.04945896920041117,-0.16649115967107544,0.5,0.01,0.36103879352195817
0.7,2026091900,219,0.17339554474447316,0.6402205613538164,0.46,0.02,0.3631784539747311
0.7,2026091900,220,0.48276853780280804,0.05802655981288965,0.49,0.0,0.37302375675363963
0.7,2026091900,221,-0.3298273579830282,-0.43102473713848544,0.59,0.01,0.3450973740924047
0.7,2026091900,222,-0.21293420906969382,0.08586912502725198,0.48,0.01,0.39847803226334655
0.7,2026091900,223,-0.2401216063454804,0.0787096162038338,0.47,0.02,0.3789629743650741
0.7,2026091900,224,-0.028820747169079543,0.4365530648892398,0.48,0.0,0.3812116064267464
0.7,2026091900,225,0.8551617473338823,-0.16530530808544705,0.47,0.0,0.39108541172473316
0.7,2026091900,226,-0.41982417207219974,0.2578661541620148,0.44,0.01,0.3593750168366412
0.7,2026091900,227,-0.11563056052422396,0.03960710224090022,0.47,0.0,0.3613259353522158
0.7,2026091900,228,0.10032696946263771,0.649659659665602,0.42,0.01,0.37450440193172807
0.7,2026091900,229,-0.12519910790700328,0.22334736605035352,0.5,0.0,0.37315562669205277
0.7,2026091900,230,-0.2351966972495846,-0.5290884986441423,0.52,0.0,0.3552418989096166
0.7,2026091900,231,0.40484615460994866,-0.08994598027665386,0.54,0.0,0.37118874945608765
0.7,2026091900,232,0.21766053680677888,-0.3267771167109028,0.53,0.01,0.3559679298703146
0.7,2026091900,233,0.16804325234445192,0.21301126995956132,0.52,0.01,0.38860720828064255
0.7,2026091900,234,0.21791782430986217,0.4048041839300467,0.48,0.02,0.3757047600353072
0.7,2026091900,235,-0.030016031043001035,0.4965656321334192,0.46,0.02,0.3614483207742388
0.7,2026091900,236,0.06370887542382206,0.08560403019507526,0.49,0.0,0.38827961972559044
0.7,2026091900,237,0.6305518161652147,-0.17532830839209523,0.49,0.03,0.36548990563609024
0.7,2026091900,238,0.49144808533234835,-0.652003627520659,0.59,0.01,0.36259510935704137
0.7,2026091900,239,-0.5386591303424143,-0.4654023050858466,0.55,0.01,0.3769403696099927
0.7,2026091900,240,0.31983664605484713,-0.6049508896254261,0.59,0.02,0.37441719464019096
0.7,2026091900,241,0.0558750334492677,-0.20813886431172374,0.53,0.03,0.36741684387265744
0.7,2026091900,242,-0.06000762487310883,0.02126657755899286,0.44,0.01,0.3631018984635326
0.7,2026091900,243,0.23527278523551956,0.04086664837802952,0.47,0.01,0.3566465121304362
0.7,2026091900,244,0.15783725575731267,-0.24173268718302435,0.54,0.02,0.36644332442924854
0.7,2026091900,245,0.29452647888117817,-0.25377825597752957,0.53,0.0,0.36820902079954687
0.7,2026091900,246,0.08599665154755815,-0.6716880534230389,0.5,0.01,0.37090366519946266
0.7,2026091900,247,-0.26875192909013107,-0.16347933441055282,0.53,0.02,0.36087261544034654
0.7,2026091900,248,0.5863293617864678,0.123798968652847,0.49,0.02,0.40262139762159266
0.7,2026091900,249,0.07085407636672919,-0.07290112596529914,0.5,0.01,0.3545355664760401
0.7,2026091900,250,-0.29821592339575725,0.4275342667846853,0.4,0.0,0.38027277955660366
0.7,2026091900,251,0.027178776736694443,0.1977668082649366,0.47,0.0,0.38351372272944795
0.7,2026091900,252,-0.021813286530933923,0.005174233206799139,0.48,0.01,0.3619051868164306
0.7,2026091900,253,-0.11828831013191694,0.3135464210738519,0.45,0.01,0.37887616536191665
0.7,2026091900,254,0.2643640278259576,-0.43228453367293695,0.58,0.0,0.3630740910413508
0.7,2026091900,255,0.2894969341157173,-0.11844105512265277,0.53,0.02,0.3869184492649929
0.7,2026091900,256,0.6627571827265442,-0.6296467855358496,0.53,0.01,0.3921155867828515
0.7,2026091900,257,0.06650843649672644,-0.4618812526786041,0.59,0.01,0.3518314899197116
0.7,2026091900,258,-0.049660137517615416,-0.16607622425852595,0.52,0.01,0.36712886413313867
0.7,2026091900,259,0.24129858655665656,0.16151690653544737,0.46,0.01,0.39328547377248496
0.7,2026091900,260,-0.5638652908176816,-0.2355250550823726,0.54,0.02,0.3576313181220817
0.7,2026091900,261,0.22461616513451374,-0.17437290819787235,0.48,0.02,0.3754662813582587
0.7,2026091900,262,0.02200835690154649,-0.059804763415097995,0.5,0.0,0.37066646568547534
0.7,2026091900,263,0.12564935655965134,-0.29820690763903246,0.54,0.01,0.3586352523515201
0.7,2026091900,264,0.0647520459425161,-0.4609213080342402,0.57,0.0,0.3697990067410948
0.7,2026091900,265,-0.20777214858986862,-0.11811474674436657,0.54,0.02,0.34878744605457224
0.7,2026091900,266,-0.5305473058618299,0.00876699358339279,0.46,0.02,0.3840820369822534
0.7,2026091900,267,0.2895390344290045,-0.009782241044349745,0.5,0.01,0.37226968335944366
0.7,2026091900,268,0.24826607628866726,-0.4639855466961676,0.53,0.01,0.3822021451654758
0.7,2026091900,269,-0.0357597052102071,0.5140835358120323,0.44,0.01,0.3571842990461487
0.7,2026091900,270,0.17336168962219198,0.3025175870823147,0.44,0.04,0.38754767127252293
0.7,2026091900,271,-0.2507601837282498,-0.27159515549725793,0.5,0.0,0.3787953908858225
0.7,2026091900,272,0.1263538811615981,0.18829489028699156,0.47,0.03,0.38227524823956194
0.7,2026091900,273,0.3807898902861564,0.06619783247197282,0.49,0.0,0.37842702611797463
0.7,2026091900,274,0.07858437939263622,-0.24937924458587132,0.49,0.01,0.37241339391873685
0.7,2026091900,275,-0.08942980602927658,0.06713998441977997,0.49,0.03,0.3416650203377143
0.7,2026091900,276,0.5489985522257117,-0.150514352256951,0.52,0.01,0.3738716658795538
0.7,2026091900,277,-0.469620174803564,-0.1114437735286815,0.58,0.01,0.366109664977518
0.7,2026091900,278,-0.18583095741855465,-0.41416545229373924,0.55,0.0,0.38601001739676233
0.7,2026091900,279,0.39727085436017584,0.27883328476787617,0.47,0.02,0.36450261045146737
0.7,2026091900,280,-0.49676930691229015,-0.3098160245245185,0.48,0.0,0.3559296782570325
0.7,2026091900,281,-0.3698359477740224,0.2606992134567584,0.43,0.0,0.39381408392042183
0.7,2026091900,282,0.6544490171355218,-0.8107557689607527,0.59,0.02,0.3700843385123557
0.7,2026091900,283,0.782952593919278,-0.38275477110637396,0.54,0.0,0.3625701258161254
0.7,2026091900,284,0.11050763593279771,-0.11298924722075618,0.52,0.02,0.3651083800735714
0.7,2026091900,285,0.2216325690185376,-0.07268107944085296,0.48,0.02,0.37873063688033526
0.7,2026091900,286,-0.10492764877336605,-0.3134159069674131,0.52,0.0,0.3890901113484651
0.7,2026091900,287,0.3123040993443977,-0.55522071146626,0.55,0.01,0.39723104916915924
0.7,2026091900,288,-0.3872827370915432,0.26579633139235803,0.49,0.0,0.35776616519566906
0.7,2026091900,289,-0.38660175204892056,0.24688997000184326,0.46,0.0,0.3992900193368215
0.7,2026091900,290,0.2779817676581626,0.10841439458528203,0.44,0.02,0.3946675233283022
0.7,2026091900,291,0.5963653054851923,-0.6754577557629338,0.59,0.04,0.3882108313572152
0.7,2026091900,292,-0.18113554389018133,-0.17486122869100465,0.49,0.02,0.35035685414419826
0.7,2026091900,293,0.5897515039848383,-0.10024298971213702,0.51,0.0,0.36798166178126984
0.7,2026091900,294,-0.4612361348202274,0.4963375900485393,0.52,0.0,0.35373207531705625
0.7,2026091900,295,-0.7236149276476306,0.707475440263274,0.43,0.01,0.38126979132713557
0.7,2026091900,296,-0.14437915585430164,0.12135808697119035,0.5,0.01,0.3704394106954564
0.7,2026091900,297,-0.3703785498213742,-0.11935446919455113,0.5,0.0,0.3573285893951612
0.7,2026091900,298,1.0317792534817354,-0.8471388125510372,0.52,0.0,0.3795404022292745
0.7,2026091900,299,-0.3852267333865295,0.06930283808286548,0.47,0.03,0.34236576689316517
0.7,2026091900,300,0.392264145126021,-0.5152895412995501,0.53,0.02,0.34817867857479257
0.7,2026091900,301,0.20202133746639583,-0.03860237891854477,0.5,0.02,0.37191718576740357
0.7,2026091900,302,-0.39952281740823914,0.607847727666337,0.46,0.02,0.3971912098966481
0.7,2026091900,303,-0.3206561570954637,-0.21647745443369337,0.52,0.0,0.374964125845746
0.7,2026091900,304,-0.09723762961331517,0.10641361182458593,0.49,0.01,0.37029495280482955
0.7,2026091900,305,-0.04856761156877048,-0.329525621968073,0.53,0.01,0.38796491738068345
0.7,2026091900,306,0.005172887312881631,-0.2762169266392018,0.54,0.04,0.37856698950791007
0.7,2026091900,307,0.2588100130397029,-0.3181650615238375,0.51,0.01,0.35733433264981235
0.7,2026091900,308,-0.47632415106015286,0.32421797079382114,0.48,0.01,0.3783559898213366
0.7,2026091900,309,-0.5843938073448123,-0.0744496720621827,0.52,0.01,0.3746174286199188
0.7,2026091900,310,0.21522495451599585,0.6777319759573621,0.45,0.01,0.3870682032043263
0.7,2026091900,311,0.6115342802972229,0.0822200111626944,0.46,0.0,0.3862729407427971
0.7,2026091900,312,-0.15205843811222577,-0.012186214966540826,0.51,0.02,0.35678636439819883
0.7,2026091900,313,-1.0206157434532275,0.18719329726115494,0.47,0.0,0.35842653880672265
0.7,2026091900,314,0.002880402325492684,0.014963183363268278,0.52,0.01,0.3720049785135929
0.7,2026091900,315,0.1321580837827077,-0.39772648106690645,0.63,0.0,0.3780894417057925
0.7,2026091900,316,0.16081730442705505,0.11672425863297656,0.48,0.01,0.3728669622243853
0.7,2026091900,317,-0.40994935786603226,0.21699360122440275,0.55,0.03,0.37669625077476604
0.7,2026091900,318,-0.35018723035894445,0.33230935342368917,0.43,0.02,0.3630167658951518
0.7,2026091900,319,0.1365012516434536,0.1252879418054133,0.47,0.02,0.3791338755225563
0.7,2026091900,320,-0.2670147873056339,0.5363603981654209,0.42,0.01,0.3673723881748645
0.7,2026091900,321,-0.6182322138339412,0.09666589013451428,0.54,0.0,0.36101937368644177
0.7,2026091900,322,-0.322169008841138,-0.010938112945402829,0.44,0.01,0.3517564403565325
0.7,2026091900,323,-0.592689178362831,0.40000409818228616,0.47,0.0,0.38732796490857097
0.7,2026091900,324,-0.17115601645851716,-0.31372099852772933,0.5,0.01,0.34922338713193396
0.7,2026091900,325,-0.35879976128203034,-0.1489505428787163,0.53,0.0,0.3722026015519812
0.7,2026091900,326,-0.31046266701144737,0.4511280217612645,0.44,0.0,0.40161848341157613
0.7,2026091900,327,-0.010760831430294729,-0.2956739616313387,0.5,0.0,0.3812719065228405
0.7,2026091900,328,0.7171119010915943,-0.21185632505213559,0.5,0.02,0.3359126134965993
0.7,2026091900,329,-0.26249012669701766,-0.15094527217665465,0.54,0.0,0.38805079357142774
0.7,2026091900,330,-1.0050084529400265,0.6312543354672084,0.48,0.01,0.3919953599190334
0.7,2026091900,331,0.051567353338729124,-0.11736938964594085,0.54,0.01,0.3905667187354494
0.7,2026091900,332,0.6745454854589532,-0.33420665594739185,0.55,0.0,0.38136626834670373
0.7,2026091900,333,0.10810536299346454,-0.28951643565968704,0.56,0.0,0.34844365843826713
0.7,2026091900,334,0.23024175851244993,-0.3591052447500982,0.51,0.01,0.35318702494011506
0.7,2026091900,335,-0.8771118081903796,0.8712706181973668,0.44,0.01,0.4014379309888412
0.7,2026091900,336,0.46493658239532165,-0.09495385549951628,0.49,0.0,0.3790518800769368
0.7,2026091900,337,0.49765825047210605,-0.18085232934294948,0.59,0.01,0.3935650615240457
0.7,2026091900,338,0.2386762348010194,-0.1275499331651752,0.5,0.0,0.3680297782923785
0.7,2026091900,339,-0.2831859626589547,0.05004015680463464,0.49,0.0,0.38730281181422127
0.7,2026091900,340,0.00876869754335754,0.45425245341366954,0.47,0.04,0.35496168184048393
0.7,2026091900,341,0.30674233615266355,-0.1410722380085075,0.53,0.0,0.3942296225210448
0.7,2026091900,342,0.5573897555676887,-0.40617756160618357,0.57,0.0,0.39868816648346767
0.7,2026091900,343,0.586714252308015,-0.13980712600828987,0.54,0.03,0.3761127918322669
0.7,2026091900,344,-0.6648394322527742,0.1579109508050584,0.52,0.01,0.3963784996657692
0.7,2026091900,345,0.5011422472869325,-0.41775986047101044,0.54,0.0,0.371524762820532
0.7,2026091900,346,-0.4447286461926019,0.4359242970383892,0.51,0.02,0.37774515966420713
0.7,2026091900,347,0.13603214197542454,-0.25351098508813147,0.51,0.01,0.3695243815323764
0.7,2026091900,348,0.1544332740338358,-0.6007666474823705,0.58,0.01,0.3669236965823776
0.7,2026091900,349,-0.10129413299364323,-0.11815048117773824,0.52,0.01,0.3630050836280956
0.7,2026091900,350,-0.3504958517321203,-0.4320019178915991,0.51,0.0,0.37725057617280777
0.7,2026091900,351,0.19593137968114457,-0.53404969999808,0.6,0.02,0.3589405553726482
0.7,2026091900,352,-0.10696873511917376,-0.24292946887082906,0.53,0.01,0.3704260292177134
0.7,2026091900,353,0.41796363494416716,0.32502293668246024,0.44,0.0,0.36218212260481314
0.7,2026091900,354,0.4640654869549667,-0.9709120899648923,0.56,0.01,0.3881718455598993
0.7,2026091900,355,0.12335506904669295,0.05604417673921489,0.5,0.02,0.36478129951362176
0.7,2026091900,356,0.3812007840502767,-0.28531834223902913,0.53,0.0,0.3734972530691221
0.7,2026091900,357,-0.9488299974516633,0.25937588080635643,0.46,0.01,0.3928045954452493
0.7,2026091900,358,-0.22495074760317219,-0.5663855423457738,0.52,0.0,0.35104294201113345
0.7,2026091900,359,-0.8268653357814728,0.09877039560212926,0.49,0.02,0.3853927245786513
0.7,2026091900,360,0.8582581912349927,-0.8133283050680522,0.64,0.03,0.3719745220570602
0.7,2026091900,361,-0.2632555302644473,-0.2007720824714137,0.54,0.0,0.36727013983595547
0.7,2026091900,362,0.39060023659160586,-0.7036670768503641,0.57,0.0,0.38803995372171785
0.7,2026091900,363,-0.6233012602654067,-0.13857017060998714,0.53,0.04,0.36872800252446497
0.7,2026091900,364,0.6474329559540977,-0.6892723415416414,0.54,0.0,0.3723405200461887
0.7,2026091900,365,0.5188843314747575,-0.7350511566082703,0.58,0.0,0.3843870727639553
0.7,2026091900,366,0.15434491298184752,0.5488834281467118,0.46,0.01,0.361144870220423
0.7,2026091900,367,0.21130190955412365,-0.48340784763456685,0.54,0.01,0.36049878454451145
0.7,2026091900,368,0.495495600173548,-0.3002828808187851,0.49,0.0,0.37130981340103053
0.7,2026091900,369,-0.054229919750474885,0.47392290561472694,0.46,0.0,0.37794783859831255
0.7,2026091900,370,-0.15227545492040767,0.15841612021922655,0.5,0.0,0.37613873736801023
0.7,2026091900,371,-0.17731478083217045,-0.05736296961270927,0.56,0.01,0.37191306079967845
0.7,2026091900,372,0.03284732211632409,-0.03320307803570643,0.54,0.01,0.38735074792064694
0.7,2026091900,373,0.3847603906588117,-0.2641067191991897,0.49,0.01,0.38770343199320445
0.7,2026091900,374,-0.44468791119789713,0.5223881090627814,0.47,0.01,0.35462939362416807
0.7,2026091900,375,0.02422941480669727,-0.46970471730875196,0.5,0.01,0.3972073490067708
0.7,2026091900,376,0.32722103755658266,-0.20547202165771491,0.53,0.02,0.39436478260259605
0.7,2026091900,377,0.051809571802295215,0.16428599327959803,0.43,0.02,0.345765520544552
0.7,2026091900,378,-0.12773781029376194,-0.06902938079638474,0.48,0.0,0.37325384887294716
0.7,2026091900,379,0.19949488273602917,-0.2980764906136578,0.54,0.0,0.36735057016052414
0.7,2026091900,380,-0.27572252559291516,0.4639866848368446,0.45,0.0,0.3765319250404213
0.7,2026091900,381,-0.09176285361905004,-0.24274484816203143,0.52,0.01,0.3776240580432819
0.7,2026091900,382,-0.18981856226024507,0.3829427097382275,0.47,0.02,0.3827667570130617
0.7,2026091900,383,-0.038032592226578,0.17672539088249642,0.53,0.02,0.3968213721637744
0.7,2026091900,384,-0.3388578901849645,0.04866300528935291,0.54,0.02,0.3594355806159385
0.7,2026091900,385,0.30367552497483513,-0.6522745889969493,0.56,0.01,0.3671196154993945
0.7,2026091900,386,-0.7004015535215065,0.9024260983233571,0.38,0.01,0.38230748375919915
0.7,2026091900,387,-0.2179667826587872,-0.1332087987351681,0.52,0.0,0.3652812593462298
0.7,2026091900,388,0.37699236760314525,-0.4541423347580722,0.55,0.0,0.4030167407232675
0.7,2026091900,389,-0.8476290296488698,0.6760352968039919,0.46,0.0,0.37211979218660074
0.7,2026091900,390,0.9430340492231588,-0.4457806856194481,0.58,0.03,0.3784157457919585
0.7,2026091900,391,0.5834721688450167,-0.9559628895344595,0.61,0.02,0.36620281716761466
0.7,2026091900,392,-0.5932829363736805,-0.10160261815728333,0.54,0.02,0.3709769142744921
0.7,2026091900,393,0.4925439330244687,0.07813531750034389,0.48,0.01,0.3909104286121325
0.7,2026091900,394,-0.09592230950801962,0.20074281016099668,0.46,0.01,0.3801648438350067
0.7,2026091900,395,-0.5282372224825145,0.4468125052846976,0.45,0.01,0.3710555316083041
0.7,2026091900,396,0.36490908830775476,-0.4505746947053632,0.51,0.01,0.3891241616713223
0.7,2026091900,397,0.08059961349665067,-0.34713587073686436,0.54,0.01,0.3769565439539456
0.7,2026091900,398,-0.573610324622113,-0.04528608820804838,0.44,0.0,0.3879323249589833
0.7,2026091900,399,-0.33098721375730045,-0.38204946610579277,0.56,0.0,0.3659017738927546
0.7,2026091900,400,1.0520195718230136,-0.49791838497810653,0.56,0.03,0.39474101654362703
0.7,2026091900,401,-0.44234907609754287,0.4016371636553588,0.48,0.03,0.37644508378832436
0.7,2026091900,402,0.4958720071454688,-0.10578944911292715,0.56,0.02,0.3616788397074505
0.7,2026091900,403,-0.5404758543398159,0.3868577929038512,0.45,0.02,0.3740736057300353
0.7,2026091900,404,0.08155546873607182,0.5281626001367797,0.44,0.02,0.3746245895706269
0.7,2026091900,405,0.31867237512288843,-0.366215799773577,0.53,0.01,0.3705301907197083
0.7,2026091900,406,0.07392598831994349,-0.016574365850422046,0.51,0.0,0.3527294429920687
0.7,2026091900,407,0.6039831076998348,-0.6730373937457665,0.56,0.01,0.38685907362703725
0.7,2026091900,408,-0.7122879847223789,0.253700310042565,0.47,0.0,0.38138738246721055
0.7,2026091900,409,0.060340508646323655,0.6597730601125259,0.41,0.02,0.3924608833789424
0.7,2026091900,410,-0.5578028407727316,0.15392922667623465,0.51,0.02,0.371726580839105
0.7,2026091900,411,0.30518214398590354,-0.4118657843046355,0.57,0.02,0.38681889437214567
0.7,2026091900,412,0.5500907846092766,0.009115148259644741,0.51,0.02,0.3724176400874557
0.7,2026091900,413,-0.3386023126731375,-0.26503829509018645,0.48,0.0,0.3776696269701162
0.7,2026091900,414,0.29563394951564953,-0.4755250833559146,0.51,0.0,0.3884575919225193
0.7,2026091900,415,0.04222821590834782,0.12940475577570093,0.41,0.0,0.37875821924717057
0.7,2026091900,416,0.1806282824426844,0.28163756794572636,0.42,0.0,0.36579912862960096
0.7,2026091900,417,-0.012833049342495349,-0.6074986204546982,0.55,0.01,0.3894600559023748
0.7,2026091900,418,-0.06638140698566387,0.13939942767001662,0.52,0.01,0.37785666865859924
0.7,2026091900,419,0.030899759055452093,-0.33274461431800717,0.54,0.03,0.3942527913726323
0.7,2026091900,420,-0.4305421132929934,0.41810757983842584,0.51,0.02,0.3755673170637312
0.7,2026091900,421,-0.41793598676114313,1.0932580957625568,0.38,0.0,0.3697018495199918
0.7,2026091900,422,0.16471798809441554,-0.6593041410720712,0.51,0.01,0.354804251347311
0.7,2026091900,423,0.05382938370588509,0.018761799120159336,0.47,0.0,0.38231892406218604
0.7,2026091900,424,-0.16082599298826422,0.36433218622644065,0.43,0.01,0.3897184226624289
0.7,2026091900,425,-0.38563806944472917,-0.12293100184223611,0.54,0.01,0.3694270397980898
0.7,2026091900,426,-0.18437162951597202,-0.7009403415523093,0.55,0.03,0.3768394823719514
0.7,2026091900,427,0.7836934128373225,-0.07317853178177262,0.5,0.01,0.38043266121571534
0.7,2026091900,428,0.19633537387203112,-0.1955946747483837,0.5,0.01,0.3697166644563657
0.7,2026091900,429,0.012848629757304808,-0.46205610399550695,0.54,0.01,0.38719919671843295
0.7,2026091900,430,0.007998001370701877,0.34295410466643916,0.52,0.0,0.36335671727086594
0.7,2026091900,431,-0.3408053978482862,0.6165537769108641,0.45,0.04,0.36731128643227345
0.7,2026091900,432,0.1993689226398062,0.1257926146114282,0.48,0.02,0.3657018159454802
0.7,2026091900,433,-0.3000353481654479,0.07152757322095564,0.5,0.03,0.3719135951066756
0.7,2026091900,434,0.21606615747542413,-0.5025464190644542,0.55,0.02,0.39110159790880905
0.7,2026091900,435,-0.22317520674245647,-0.14451177460704673,0.51,0.02,0.3933663831941757
0.7,2026091900,436,-0.055740916060041466,0.05436605033164854,0.49,0.01,0.40013469318526956
0.7,2026091900,437,0.08663738849818856,-0.05710959733650945,0.49,0.0,0.35915002233754384
0.7,2026091900,438,0.2362583738090662,0.3951976807576589,0.46,0.01,0.3539678514763224
0.7,2026091900,439,-0.049445040282092595,-0.07721701141244641,0.52,0.01,0.38194949453548543
0.7,2026091900,440,0.20162496406000852,-0.5188743069737639,0.56,0.01,0.3861140745857659
0.7,2026091900,441,-0.35050475330683617,-0.4430132661257549,0.56,0.0,0.37112925959882886
0.7,2026091900,442,0.21377888617014112,-0.07014587404005235,0.56,0.05,0.3520603178896553
0.7,2026091900,443,0.5039285105033238,-0.562357503750139,0.57,0.01,0.3655376317533407
0.7,2026091900,444,-0.11016206915673349,-0.32415223132889937,0.48,0.0,0.3555993235498165
0.7,2026091900,445,-0.03265975812767554,-0.27051992685720927,0.58,0.01,0.3699497748489503
0.7,2026091900,446,-0.5070252921832713,0.469463329729563,0.45,0.01,0.3666438713017869
0.7,2026091900,447,0.5234248485832482,-0.5440104056783257,0.53,0.01,0.3838833436475618
0.7,2026091900,448,-0.31155487275096805,0.02901262022438124,0.54,0.01,0.3795048454974991
0.7,2026091900,449,-0.15723448159138148,-0.0692049060189453,0.51,0.0,0.36467863146384416
0.7,2026091900,450,0.2573398243928457,0.1973608526486867,0.48,0.0,0.3849234121866801
0.7,2026091900,451,-0.16254084458304338,0.4376292159675911,0.46,0.01,0.39708095136199484
0.7,2026091900,452,-0.2819873019027474,0.34818272780257864,0.41,0.0,0.3745375234596069
0.7,2026091900,453,0.28546220179490944,-0.18243805044133105,0.52,0.01,0.37363441856147506
0.7,2026091900,454,-0.07963917613524943,-0.5083978927322044,0.58,0.01,0.3673662924456558
0.7,2026091900,455,-0.2546519850416258,-0.013898473330866225,0.46,0.01,0.39753506587218335
0.7,2026091900,456,0.7194782944787105,-0.5969865400625108,0.58,0.01,0.38528917479043395
0.7,2026091900,457,-0.1923728498674483,0.16272085560593635,0.53,0.0,0.3842967756564566
0.7,2026091900,458,0.02015330035754361,0.42538097060951896,0.45,0.02,0.36716086919967206
0.7,2026091900,459,0.6311950896522989,-0.7672544291617911,0.56,0.02,0.3801865509757304
0.7,2026091900,460,0.30525854462787205,-0.15432682583816457,0.55,0.01,0.38369258969350256
0.7,2026091900,461,0.772543574339059,-0.578912290346079,0.6,0.01,0.34466207271868304
0.7,2026091900,462,-0.4362484132475843,0.03533312074878613,0.54,0.01,0.3545738241938273
0.7,2026091900,463,-0.055027206873879936,-0.24218895889874362,0.5,0.01,0.35629772333979076
0.7,2026091900,464,-0.25588950093347096,-0.1719481379917838,0.53,0.01,0.40984084900274886
0.7,2026091900,465,0.5997910147682117,0.252983141285893,0.51,0.0,0.3731670634978263
0.7,2026091900,466,0.014213212657927769,0.13397924942930978,0.51,0.03,0.3799890160884187
0.7,2026091900,467,0.3682848222314155,-0.697670299323116,0.54,0.0,0.3760096418591038
0.7,2026091900,468,-0.4113688851815588,0.19301083225222,0.47,0.01,0.3874589438919831
0.7,2026091900,469,-0.2027621078397903,0.3308473223317226,0.4,0.01,0.39806983758511416
0.7,2026091900,470,0.2134532056880024,-0.17456520081056806,0.51,0.0,0.37924147078690723
0.7,2026091900,471,-0.6985648969852849,0.26028447212314115,0.43,0.02,0.36843456374588973
0.7,2026091900,472,-0.04336245669667061,0.564416104065274,0.46,0.0,0.38357689103960735
0.7,2026091900,473,0.5003061072516856,-0.5341953210726895,0.57,0.03,0.38627754063760933
0.7,2026091900,474,0.2423084855836377,-0.45242546479940116,0.56,0.01,0.38048719480835536
0.7,2026091900,475,-0.10025354793975495,0.10783501956982164,0.46,0.02,0.3862834966135572
0.7,2026091900,476,-0.03497586314629435,0.19928029137410458,0.47,0.01,0.36560074095228934
0.7,2026091900,477,0.07794913146351137,-0.003105389168325061,0.49,0.01,0.3480035070433807
0.7,2026091900,478,0.14840678420771033,0.5141993411142842,0.43,0.01,0.3640814076395536
0.7,2026091900,479,-0.15322211020018825,-0.25672707072246803,0.56,0.04,0.3700648811886562
0.7,2026091900,480,0.48062477983099183,-0.25857134136561555,0.55,0.01,0.3664494090736906
0.7,2026091900,481,-0.005013971926970125,0.3974830213655238,0.48,0.0,0.3632504192714859
0.7,2026091900,482,-0.15634894238855562,-0.7494065873037232,0.58,0.0,0.3598820325465634
0.7,2026091900,483,0.41417939915890367,0.11212310810393587,0.5,0.03,0.3382634127000298
0.7,2026091900,484,0.4656172267511419,-0.7863599555904741,0.57,0.0,0.3596415688958095
0.7,2026091900,485,0.2313458702936364,-0.3732697773275799,0.6,0.03,0.38437737103336955
0.7,2026091900,486,-0.5843547124052246,0.07064830902499274,0.51,0.02,0.35474744260815605
0.7,2026091900,487,-0.016067606133287587,-0.2650957110201584,0.57,0.01,0.38624908685530784
0.7,2026091900,488,-0.24782679797468382,0.6649207156323995,0.42,0.0,0.3812455434916974
0.7,2026091900,489,0.025282920446812785,-0.057406085545893146,0.48,0.01,0.3561410884201078
0.7,2026091900,490,-0.4687486148377701,0.2013284320205344,0.41,0.0,0.40281189638067716
0.7,2026091900,491,0.2658782255751293,-0.1100673464716834,0.46,0.0,0.36653595907117265
0.7,2026091900,492,0.3730890356467809,-0.022225623099727018,0.48,0.03,0.3938026726727299
0.7,2026091900,493,0.30647053486161197,-0.6572695947417363,0.55,0.01,0.3776364228610434
0.7,2026091900,494,0.42228716755427215,-0.5030731907727654,0.54,0.03,0.36197444625571407
0.7,2026091900,495,-0.3399670017098273,0.25384813354731484,0.44,0.01,0.3980648078671338
0.7,2026091900,496,0.6299345376330274,-0.6467192038190419,0.56,0.01,0.346463755199904
0.7,2026091900,497,-0.4122452276539805,0.07328438171114549,0.51,0.01,0.3928657539725593
0.7,2026091900,498,0.34790534885085245,-0.5320093410714465,0.53,0.0,0.3798476952647976
0.7,2026091900,499,-0.3981033510270591,0.5799560426118017,0.47,0.0,0.35409379589879764
0.7,2026101900,0,0.11335329215951667,-0.32211449920228985,0.5,0.03,0.3722654310698751
0.7,2026101900,1,0.10533819941285538,0.42769069091885625,0.42,0.03,0.36339588989443156
0.7,2026101900,2,0.2122941985877576,-0.20593604941739724,0.45,0.01,0.3767222695795624
0.7,2026101900,3,0.03769146635029411,-0.11356655421178173,0.51,0.01,0.37905069432394145
0.7,2026101900,4,-0.14130448367505483,-0.06463819999071975,0.55,0.04,0.37501477143318673
0.7,2026101900,5,0.19721334453679495,0.09389472758002373,0.49,0.01,0.37799175970456483
0.7,2026101900,6,0.15419178189379365,-0.5908569998305518,0.55,0.0,0.368800496881754
0.7,2026101900,7,-0.2765610606761102,0.1512443138058637,0.49,0.0,0.38412643564992344
0.7,2026101900,8,0.02648755282613059,-0.3092542932438821,0.56,0.01,0.3660295648746685
0.7,2026101900,9,0.9388371056887774,-0.9388003886513192,0.62,0.0,0.38997631664497073
0.7,2026101900,10,0.20080334456518473,-0.9945711668506776,0.65,0.0,0.35946375879811304
0.7,2026101900,11,0.22021874562015545,-0.4524028587562745,0.52,0.02,0.3579879239235019
0.7,2026101900,12,-0.15929078853881978,-0.211171135374751,0.49,0.01,0.39074799943031585
0.7,2026101900,13,-0.06972334019520189,-0.8801665184235595,0.54,0.0,0.37585356371384165
0.7,2026101900,14,-0.08942158721833646,-0.24752387904696665,0.57,0.0,0.3749029974823545
0.7,2026101900,15,0.10434800305566118,0.47656275373256485,0.45,0.01,0.3507191994264032
0.7,2026101900,16,0.4144822403960829,-0.09506066213201997,0.53,0.0,0.3679664475615646
0.7,2026101900,17,0.42943710249812717,-0.05942773856343983,0.52,0.0,0.3797181746588917
0.7,2026101900,18,0.19185399837853026,-0.3778360451597368,0.54,0.0,0.3881264393512682
0.7,2026101900,19,-0.5039376108709629,0.5241479919320553,0.48,0.01,0.39378133581180463
0.7,2026101900,20,0.06636892284728461,-0.2035436678878684,0.53,0.01,0.3742575048699333
0.7,2026101900,21,0.16137318990766217,-0.20021902240580045,0.49,0.01,0.37754476820483496
0.7,2026101900,22,0.3861710699366421,-0.42984862957243875,0.55,0.02,0.37086518036557203
0.7,2026101900,23,0.6185403548030329,-0.926083024893343,0.61,0.0,0.39600731708133985
0.7,2026101900,24,-0.0532073780673921,-0.05741432228535448,0.54,0.03,0.38100756106776307
0.7,2026101900,25,-0.0005325878064464673,0.48022475234428247,0.48,0.01,0.36429589474924046
0.7,2026101900,26,0.22617075298543493,0.44559400136228844,0.4,0.02,0.35773628914577543
0.7,2026101900,27,0.3183461146393004,-0.6094416515698068,0.53,0.02,0.37043488213694054
0.7,2026101900,28,-0.24694546020288882,-0.022981848566721284,0.5,0.01,0.4015477700165688
0.7,2026101900,29,-0.4908707876292431,0.2470007986631704,0.42,0.0,0.37025782585804984
0.7,2026101900,30,0.271982835076979,-0.13222172302916915,0.51,0.0,0.37363683197817793
0.7,2026101900,31,-0.5514492910871056,0.45153406940917856,0.46,0.0,0.3682750066598209
0.7,2026101900,32,0.4163291930435966,-0.08684937270853514,0.49,0.0,0.3843828796146419
0.7,2026101900,33,0.47175745355636506,-0.581199842390863,0.55,0.0,0.3615989818616039
0.7,2026101900,34,0.43269017945794547,0.18625254144558415,0.53,0.02,0.3987095769156072
0.7,2026101900,35,-0.2294499155237343,0.27561322204180483,0.48,0.03,0.3605039658329663
0.7,2026101900,36,-0.14886934384556996,0.5447379517665228,0.41,0.01,0.3597202029356861
0.7,2026101900,37,-0.11899543544276144,-0.4662471829108253,0.54,0.02,0.37189315627764136
0.7,2026101900,38,0.5817218000526743,-0.06324635183285794,0.49,0.0,0.37424889327414346
0.7,2026101900,39,0.48730910963860646,-0.6893945095590701,0.55,0.01,0.3755241200049549
0.7,2026101900,40,-0.08240064593786794,-0.21990507743303753,0.56,0.0,0.384616530762542
0.7,2026101900,41,-0.03327362402057765,0.2795892133776634,0.51,0.01,0.37476113919676735
0.7,2026101900,42,-0.6504958082982973,0.310986546408249,0.44,0.01,0.3757992346967209
0.7,2026101900,43,0.1359686529897712,-0.21242824013107367,0.51,0.02,0.36626389494286826
0.7,2026101900,44,0.35734267594550784,0.0654883947724742,0.5,0.0,0.3617528270292909
0.7,2026101900,45,-0.36945491309634887,0.16479967373869095,0.5,0.0,0.3727264678476587
0.7,2026101900,46,0.15709639969872483,-0.22725459514748267,0.49,0.01,0.36436044300718484
0.7,2026101900,47,0.4182757212993111,-0.3614635239694135,0.57,0.03,0.3609725550989863
0.7,2026101900,48,0.8498077039814431,-0.5469735387161503,0.56,0.01,0.3529089275311207
0.7,2026101900,49,-0.09740796366724425,-0.09604686212397409,0.49,0.01,0.3792898562396795
0.7,2026101900,50,-0.210609045271294,0.34259198239829153,0.46,0.02,0.37089874064351713
0.7,2026101900,51,0.34607685347231376,-0.2944592526648995,0.51,0.03,0.3737084360612274
0.7,2026101900,52,-0.30319005679613015,0.006524637296819727,0.5,0.01,0.3522736552596447
0.7,2026101900,53,0.08046437091013438,-0.06640537740944147,0.45,0.01,0.34946356911097565
0.7,2026101900,54,0.3445169652697305,0.022086588282616178,0.49,0.01,0.37618081673026266
0.7,2026101900,55,0.048469683002487204,0.6354967224093941,0.44,0.01,0.3996435491255292
0.7,2026101900,56,0.5644620054676348,-0.2881646361692309,0.48,0.01,0.3761004285348989
0.7,2026101900,57,0.13842427553752143,-0.6062958747762133,0.55,0.0,0.38076170209003457
0.7,2026101900,58,0.21555405542373016,-0.3435436521490861,0.56,0.01,0.39797901238494654
0.7,2026101900,59,-0.17906669569539224,0.06403438603795264,0.46,0.01,0.38134752038005604
0.7,2026101900,60,-0.092684109033798,0.47164402858752674,0.48,0.03,0.39503166117416477
0.7,2026101900,61,-0.11382305485415213,-0.04621194704561957,0.54,0.02,0.38342725834784935
0.7,2026101900,62,0.40476894731113666,-0.19189029337707075,0.5,0.0,0.36312762034266755
0.7,2026101900,63,-0.6550112124195535,0.12121137363582289,0.48,0.01,0.36680985739747113
0.7,2026101900,64,0.4203531788424836,0.1390757413589067,0.49,0.01,0.37489040320405154
0.7,2026101900,65,0.19833534501684347,-0.4202616908421669,0.54,0.01,0.40370686907845416
0.7,2026101900,66,-0.22724221178959478,0.2343521003442392,0.46,0.0,0.37969319660818246
0.7,2026101900,67,0.2758994277310915,-0.7926452234159024,0.63,0.02,0.37612085223629493
0.7,2026101900,68,-0.02905864674084143,0.4428635166215824,0.43,0.0,0.37850737923834005
0.7,2026101900,69,-0.7649278014728642,0.3806500973767824,0.46,0.01,0.38048768995818494
0.7,2026101900,70,-0.04666546927252014,-0.058598967281827355,0.53,0.03,0.37714992902568584
0.7,2026101900,71,0.1441383444760241,0.5130838375615592,0.45,0.01,0.3751971253878852
0.7,2026101900,72,0.5663373517326663,0.23981541981620091,0.54,0.0,0.3675272112945578
0.7,2026101900,73,-0.14833061125217376,0.11855105887362492,0.45,0.01,0.37577124157545677
0.7,2026101900,74,-0.03346111228876318,-0.3243964912978523,0.54,0.01,0.3433829689540826
0.7,2026101900,75,-0.09248362164599133,-0.045956928478228694,0.53,0.02,0.3913052683248871
0.7,2026101900,76,-0.25599035612971155,0.10216712575237452,0.46,0.02,0.3723888391807692
0.7,2026101900,77,-0.40498383330244636,0.37091184538701105,0.43,0.03,0.37164012809775543
0.7,2026101900,78,-0.18297557837930867,0.20330994588341017,0.51,0.01,0.3686077583400118
0.7,2026101900,79,0.4451044837589873,0.03923862602697946,0.48,0.01,0.3652779843184995
0.7,2026101900,80,-0.1524072678203574,-0.05825837590560981,0.51,0.01,0.3794555763874341
0.7,2026101900,81,-0.06586051399092062,-0.30908920820306396,0.54,0.0,0.33977586082490197
0.7,2026101900,82,0.40498016630475364,0.09847821271793844,0.45,0.0,0.3725397036864042
0.7,2026101900,83,0.3342780119275157,0.2911550662130729,0.49,0.01,0.3571117310612379
0.7,2026101900,84,-0.3328586893099052,0.45887651358886183,0.47,0.0,0.3660954289969659
0.7,2026101900,85,-0.171829520816392,-0.3500303244821055,0.56,0.02,0.3426286442853615
0.7,2026101900,86,-0.12061577156083983,-0.07032917711281926,0.5,0.02,0.3679130006285952
0.7,2026101900,87,-0.29603016952108396,-0.17910093611286165,0.57,0.0,0.3560497787436113
0.7,2026101900,88,0.35202164159441673,-0.44882944110194245,0.55,0.01,0.3836597502067458
0.7,2026101900,89,0.2774414172202127,-0.2902101236607579,0.54,0.0,0.3807599897179794
0.7,2026101900,90,-0.2994630222108392,-0.1706666192246495,0.54,0.01,0.38103534233461006
0.7,2026101900,91,0.5193574310515775,0.15330099490193194,0.5,0.0,0.35919295717360056
0.7,2026101900,92,0.012969894084996174,-0.03801077855681408,0.49,0.03,0.3508324469741047
0.7,2026101900,93,0.48766773248536743,-0.08973590712771987,0.49,0.0,0.3770818231163083
0.7,2026101900,94,0.4942521197451733,-0.22939849144946764,0.51,0.0,0.36344619367603054
0.7,2026101900,95,-0.3917205256672405,0.00016161943070529538,0.53,0.01,0.3660387334469492
0.7,2026101900,96,-0.19985296019428003,-0.3950118388478387,0.53,0.01,0.3746559773534407
0.7,2026101900,97,0.8486630403107737,-0.07983184484359089,0.56,0.0,0.40413209306363157
0.7,2026101900,98,0.21272524455158795,-0.0735045789769803,0.57,0.0,0.3516820490255096
0.7,2026101900,99,-0.22669943520590474,0.34799842120056795,0.5,0.0,0.3742993632729163
0.7,2026101900,100,-0.7424660537892983,0.6057351524741342,0.47,0.02,0.36670870310276754
0.7,2026101900,101,0.18677827061893318,0.6707312896067071,0.43,0.01,0.37661909789590536
0.7,2026101900,102,0.2444003794285319,0.022380040926639956,0.45,0.01,0.3564475968388195
0.7,2026101900,103,0.18348188229152407,-0.5682833009046526,0.56,0.03,0.369763572178833
0.7,2026101900,104,-0.5057607449947913,0.2595441855719295,0.48,0.0,0.3940840840835225
0.7,2026101900,105,0.8771174130457507,0.5633583001893835,0.45,0.01,0.3900817525751037
0.7,2026101900,106,-0.24392834763362875,0.06926370237748254,0.46,0.0,0.3644303718100194
0.7,2026101900,107,-0.15387470208600726,-0.300173916148945,0.58,0.0,0.3848476813029025
0.7,2026101900,108,0.3194856277042556,-0.19415957016516874,0.51,0.0,0.32854241185490046
0.7,2026101900,109,0.21796279357088527,0.2248386428505159,0.47,0.0,0.36217289607607384
0.7,2026101900,110,0.6935916063766138,-0.4394405162938111,0.5,0.02,0.38267916150338793
0.7,2026101900,111,-0.2702620935581971,-0.0898333850602064,0.45,0.0,0.3675619058867593
0.7,2026101900,112,0.25716564086748056,0.29132834769706084,0.46,0.0,0.3693417155985794
0.7,2026101900,113,0.7551126774227656,-0.26535266399415,0.51,0.02,0.38352183689235125
0.7,2026101900,114,0.21260153251264508,-0.105124490113847,0.51,0.02,0.38576143913712924
0.7,2026101900,115,-0.6203882095998419,0.5685672269280058,0.43,0.01,0.39994041355719534
0.7,2026101900,116,-0.31932368671860467,0.011114378905842074,0.51,0.0,0.3842001072449819
0.7,2026101900,117,1.3340661837942014,-1.0410445475497523,0.59,0.0,0.36198601466141883
0.7,2026101900,118,0.06452209001383542,-0.1633420826701554,0.46,0.0,0.34691439233087495
0.7,2026101900,119,0.23863495655427372,0.04338583012354098,0.41,0.0,0.38035584412025947
0.7,2026101900,120,0.3809591859966075,0.20190720881968097,0.51,0.02,0.3566264560616472
0.7,2026101900,121,0.2242895467717304,-0.09850480847353921,0.52,0.0,0.3488652071706852
0.7,2026101900,122,0.07760133512024303,-0.8903163641133713,0.61,0.03,0.368761094765804
0.7,2026101900,123,0.2570670974126359,0.10100677860013045,0.52,0.02,0.38178971454293115
0.7,2026101900,124,0.1391060673589761,-0.15533280677320505,0.57,0.01,0.39143461595966406
0.7,2026101900,125,0.1664240395805397,0.0048990423149975195,0.56,0.02,0.3747281163161958
0.7,2026101900,126,0.16998813810021712,0.09698641737155148,0.46,0.0,0.39009701165352156
0.7,2026101900,127,-0.1988600484256859,-0.13707025941506507,0.49,0.0,0.4051156165056555
0.7,2026101900,128,0.012478907630039232,0.12113041687593765,0.54,0.02,0.3906330329904221
0.7,2026101900,129,0.04790902824317626,-0.2375081500272907,0.5,0.03,0.38809961387794417
0.7,2026101900,130,0.13854269561001692,0.12342477004138228,0.5,0.01,0.38245204803828187
0.7,2026101900,131,-0.12787476971521813,-0.12135786958711509,0.5,0.02,0.38103619030261304
0.7,2026101900,132,0.41775701943497173,0.12013951619408919,0.51,0.01,0.3621021551668396
0.7,2026101900,133,-0.10997555830850846,0.3780580931685629,0.44,0.0,0.3633397155899234
0.7,2026101900,134,0.11256311762183664,0.11324045200422407,0.49,0.0,0.3709355374652082
0.7,2026101900,135,0.0810235238126907,-0.3971127491095052,0.55,0.01,0.3794382281905692
0.7,2026101900,136,0.1537523576982705,0.35274890375837076,0.44,0.0,0.3634748363056287
0.7,2026101900,137,-0.057825101889639186,0.15092307594110338,0.49,0.01,0.35285876852303977
0.7,2026101900,138,-0.0984950815271816,0.5383943697766024,0.43,0.0,0.38205860043407086
0.7,2026101900,139,0.4913995973465483,-0.16195065234994124,0.5,0.0,0.37299053652967656
0.7,2026101900,140,-0.07128249337939381,-0.6822466642825364,0.59,0.02,0.37285649718274305
0.7,2026101900,141,0.5158136290024566,-0.02622069401271043,0.51,0.01,0.37796168835863325
0.7,2026101900,142,0.4107844942335463,-0.2514038707618705,0.56,0.04,0.3917799041918015
0.7,2026101900,143,-0.023703001168641123,-0.35981671619249406,0.59,0.02,0.37828838925598096
0.7,2026101900,144,0.06601243795926988,0.7504951786626377,0.42,0.01,0.38158681305658493
0.7,2026101900,145,-0.3404545530048171,0.34112667473034264,0.48,0.02,0.3945617825565146
0.7,2026101900,146,0.7139446385768065,-0.09837315310095116,0.51,0.02,0.36867393568708123
0.7,2026101900,147,0.42121825068883795,-0.10671912447559077,0.53,0.01,0.3833252949007109
0.7,2026101900,148,-0.11635680710725849,-0.15945509522393955,0.54,0.01,0.4021301066937248
0.7,2026101900,149,-0.013778268903259994,0.14970998688201725,0.5,0.01,0.3736443925008723
0.7,2026101900,150,-0.34562137127871956,0.6873638810532208,0.43,0.0,0.3663192793895437
0.7,2026101900,151,-0.3212511366298586,0.1043606223337747,0.47,0.01,0.393673937697208
0.7,2026101900,152,0.6781744837395476,-0.35004482125126196,0.5,0.01,0.36177438660954286
0.7,2026101900,153,-0.22998043036889076,-0.4145971474592087,0.55,0.02,0.3791017151129294
0.7,2026101900,154,0.016363554136459173,0.030836575451286163,0.49,0.0,0.409554933581329
0.7,2026101900,155,0.022643107407653105,0.11874300092875499,0.51,0.03,0.3620104660596902
0.7,2026101900,156,0.46713980400045,0.08220062501028133,0.47,0.0,0.3985795225442301
0.7,2026101900,157,0.7284751120811568,-0.7190062183065338,0.56,0.0,0.3746197375374954
0.7,2026101900,158,-0.59495092569756,0.43625067053377053,0.46,0.0,0.3768346642450078
0.7,2026101900,159,0.06456979700535116,-0.4280958489050737,0.56,0.0,0.36005890022822656
0.7,2026101900,160,0.2960343370355775,-0.0631358780107914,0.53,0.02,0.36276552239810245
0.7,2026101900,161,0.2070045795278915,-0.7017862588280598,0.55,0.0,0.3729036490161597
0.7,2026101900,162,-0.062128485452609856,0.5151195835842632,0.46,0.01,0.3451781460186842
0.7,2026101900,163,0.16014092620092885,-0.605219681957033,0.58,0.01,0.353481941437211
0.7,2026101900,164,-0.14309825104352814,0.44415876349945116,0.45,0.0,0.36007058834273303
0.7,2026101900,165,0.2515838967034529,-0.4071451871763483,0.57,0.04,0.36887513036720593
0.7,2026101900,166,-0.05041137931223302,-0.34327106387780243,0.53,0.0,0.37118742424170387
0.7,2026101900,167,-0.21906221389788846,0.3506417569544058,0.43,0.0,0.3788895067101168
0.7,2026101900,168,0.4588243299051849,0.046862031092406574,0.53,0.03,0.3833144671227649
0.7,2026101900,169,0.2109704497621478,0.022438337652081353,0.46,0.01,0.3817245985810467
0.7,2026101900,170,-0.422428587444286,0.4245633177539152,0.49,0.03,0.3720304888209573
0.7,2026101900,171,-0.130467617897714,-0.1196530639350995,0.53,0.02,0.38282514204973195
0.7,2026101900,172,-0.04905910344482436,0.5888384426547965,0.45,0.02,0.4071781006035692
0.7,2026101900,173,0.4353098732230569,-0.636475318740649,0.58,0.01,0.3643167247350278
0.7,2026101900,174,-0.092360253795723,-0.03965587888272243,0.46,0.03,0.3994913875156474
0.7,2026101900,175,0.3770596697214629,-0.06756482556812467,0.52,0.01,0.3791130063781351
0.7,2026101900,176,-0.14639904819926763,-0.7390170107990491,0.6,0.01,0.37999878332177234
0.7,2026101900,177,-0.7272712662330351,0.10310958257352544,0.47,0.01,0.37043959490717177
0.7,2026101900,178,-0.1477922883703595,-0.03733303518075189,0.5,0.03,0.35303122124002856
0.7,2026101900,179,0.24983831478216625,0.11034266733842724,0.44,0.02,0.388981256394441
0.7,2026101900,180,-0.507391710633557,0.6790808025158652,0.41,0.0,0.36880427653312614
0.7,2026101900,181,-0.5240231377734745,0.2609891494871468,0.49,0.0,0.36778300344398673
0.7,2026101900,182,-0.0030710597459016765,-0.7395349723610969,0.54,0.01,0.37341867855582916
0.7,2026101900,183,-0.1361735111874246,-0.007112815075899213,0.53,0.01,0.3615405035986388
0.7,2026101900,184,0.5930560999483653,-0.538669509919145,0.59,0.03,0.3732652220987868
0.7,2026101900,185,0.14012316193049326,-0.16198263036177107,0.56,0.02,0.3919320922782095
0.7,2026101900,186,0.21883118058468087,0.19373368541793454,0.48,0.0,0.3572296310919695
0.7,2026101900,187,0.14859584161226458,0.027062443647162534,0.49,0.01,0.39182523311654194
0.7,2026101900,188,-0.14070690026524388,0.1575832791254825,0.48,0.01,0.3827616259371407
0.7,2026101900,189,0.10951034361437338,-0.07051275059276557,0.48,0.0,0.38238414244837665
0.7,2026101900,190,0.5721441090113495,-0.2400454964685468,0.51,0.01,0.36814732705911074
0.7,2026101900,191,0.07583075260067922,-0.7158326378867618,0.56,0.02,0.38483037686487814
0.7,2026101900,192,-0.8756874326660542,0.7846026939398589,0.4,0.02,0.36727937943132133
0.7,2026101900,193,-0.052103881728166004,-1.2814928895328208,0.65,0.0,0.34716822302011735
0.7,2026101900,194,0.17120384163012903,-0.16752392054606113,0.55,0.01,0.3807524238412588
0.7,2026101900,195,0.2993540510029463,-0.39068401260530455,0.57,0.01,0.38528977704962825
0.7,2026101900,196,-0.05465659346483302,0.0815066860043931,0.54,0.01,0.3729471651066511
0.7,2026101900,197,0.10170375451167185,-0.7084604260101162,0.54,0.03,0.3776784275496614
0.7,2026101900,198,0.5786197706789104,-1.032248250320665,0.6,0.0,0.3388747829156164
0.7,2026101900,199,-0.017384697681653703,0.21023979095027256,0.44,0.0,0.37956319032971
0.7,2026101900,200,-0.2321939582097447,0.4554889273287748,0.43,0.02,0.3855277110401989
0.7,2026101900,201,-0.3124184980042165,0.036542221231327755,0.5,0.02,0.3710251041305618
0.7,2026101900,202,-0.21303455871256158,0.4702114165934442,0.5,0.02,0.34168539895471306
0.7,2026101900,203,0.12629739747898586,0.13322562008771668,0.49,0.0,0.38202357837040984
0.7,2026101900,204,-0.23088778076306726,0.2346191067035649,0.48,0.05,0.3616154985212555
0.7,2026101900,205,0.26311061686468895,0.6186262531183564,0.41,0.0,0.3795118838436421
0.7,2026101900,206,0.1818204852826347,0.07008670139541089,0.49,0.0,0.3943127560828527
0.7,2026101900,207,-0.2307679683042433,0.10614739582593469,0.52,0.01,0.3681937661202068
0.7,2026101900,208,0.001348027031868071,-0.2687585067527865,0.47,0.01,0.336540045725249
0.7,2026101900,209,-0.1606254579180903,-0.3976821368308493,0.53,0.02,0.33511548601933056
0.7,2026101900,210,0.2561932120597309,0.16217634362945635,0.45,0.01,0.35756054794374803
0.7,2026101900,211,0.7366306662006352,-0.1727041110974775,0.46,0.0,0.34649148249779094
0.7,2026101900,212,-0.19049481830633128,-0.16223013108093803,0.51,0.0,0.365267534630903
0.7,2026101900,213,0.3415257876841417,-0.7583080038818824,0.56,0.0,0.3599124312158511
0.7,2026101900,214,0.2338189305162708,0.34913439258828816,0.52,0.01,0.3577055994485167
0.7,2026101900,215,0.20428210835325789,-0.5729609263287827,0.52,0.02,0.3867719656573695
0.7,2026101900,216,-0.2851697391200118,-0.11979954143149774,0.55,0.04,0.37775946062156274
0.7,2026101900,217,-0.031348335423555376,-0.07807938990777606,0.54,0.01,0.36112087411576
0.7,2026101900,218,0.448449609933245,-0.12890203142161338,0.53,0.02,0.3847395882849286
0.7,2026101900,219,0.25175680588381144,-0.2335867860931106,0.53,0.02,0.3666324563710087
0.7,2026101900,220,0.4346336633255259,-0.09322360348853216,0.49,0.01,0.36206590246137926
0.7,2026101900,221,0.18853092233055666,-0.7268481784107051,0.56,0.01,0.3759370836086948
0.7,2026101900,222,-0.2810743953548476,0.5725050821895246,0.42,0.02,0.40009677123071336
0.7,2026101900,223,1.0281889949500636,-0.7024262711753854,0.63,0.01,0.39355628305938234
0.7,2026101900,224,-0.411429874232274,0.26514602821838407,0.48,0.01,0.3703959552515218
0.7,2026101900,225,-0.06281061006752382,-0.8089003117098048,0.55,0.02,0.361049473352603
0.7,2026101900,226,0.04502849335336982,0.3764514589628135,0.47,0.01,0.36926324343491096
0.7,2026101900,227,0.03105362409829421,-0.35632763412723534,0.54,0.01,0.35800383098685523
0.7,2026101900,228,-0.2738516656315474,-0.4965471288032399,0.55,0.01,0.3817114007018134
0.7,2026101900,229,0.6879199259264817,-0.3104897385081945,0.45,0.02,0.34764263647317956
0.7,2026101900,230,-0.24355418580496843,0.7584072555467523,0.4,0.0,0.37053570736822955
0.7,2026101900,231,0.23369272328080978,-0.33882029334851943,0.58,0.0,0.33776817122041985
0.7,2026101900,232,-0.9608668060970489,0.3303749494993074,0.49,0.0,0.3747821793257407
0.7,2026101900,233,0.04439315803961542,-0.4507666631588212,0.56,0.0,0.33024711421088987
0.7,2026101900,234,0.265264336477454,0.20284086353062603,0.46,0.01,0.38779314320682656
0.7,2026101900,235,-0.05004380493035383,0.16500573591789686,0.46,0.01,0.39634300500540265
0.7,2026101900,236,-0.46821335000718,-0.09202868414085186,0.55,0.02,0.394390901965755
0.7,2026101900,237,0.010885566119915322,-0.3417735312659695,0.53,0.01,0.36704835460557533
0.7,2026101900,238,0.3470735805646619,-0.13178913461656827,0.51,0.0,0.34735815609279735
0.7,2026101900,239,0.35702281509910877,0.13528676714462287,0.5,0.0,0.38498850266978507
0.7,2026101900,240,0.3703884550686456,0.5227576194796333,0.44,0.02,0.3668070522551139
0.7,2026101900,241,0.2832250742045001,-0.29887735442804064,0.48,0.01,0.38626880918284173
0.7,2026101900,242,-0.10371730034223643,-0.302286534637511,0.49,0.0,0.3846745945063801
0.7,2026101900,243,-0.450615912560551,0.14930847177003648,0.47,0.02,0.38114450875615224
0.7,2026101900,244,-0.14457566985304054,0.253997239756092,0.5,0.03,0.38592128123863995
0.7,2026101900,245,0.1423291554247719,0.1859427730530028,0.49,0.0,0.38067631832901183
0.7,2026101900,246,0.954169642375968,-0.4236201622146805,0.54,0.01,0.3785932897967861
0.7,2026101900,247,-1.0148726292112045,0.5737213706341584,0.4,0.02,0.38865021306738184
0.7,2026101900,248,0.13344322107860607,-0.526549618454931,0.54,0.0,0.37416405003907827
0.7,2026101900,249,0.17014807873269863,-1.1368690603238034,0.6,0.01,0.3625692556400387
0.7,2026101900,250,-0.5264800629968656,0.7109864076126413,0.43,0.01,0.3674382437312891
0.7,2026101900,251,-0.29043141416119506,0.1567745018828691,0.46,0.05,0.39027200321446565
0.7,2026101900,252,0.19664983677650227,-0.7015796216594746,0.54,0.0,0.3820044089359493
0.7,2026101900,253,0.3051211588087882,-0.1508638746103976,0.5,0.03,0.3889926822383351
0.7,2026101900,254,0.5447692248420839,-0.6651387651392011,0.59,0.01,0.3647091411936278
0.7,2026101900,255,-0.07929773058138745,0.08106111087763501,0.51,0.01,0.37860963369712436
0.7,2026101900,256,-0.109107170704174,-0.3922531980416937,0.58,0.01,0.3575560740647428
0.7,2026101900,257,0.039537316114665516,0.11201848838274796,0.43,0.01,0.3731643213235838
0.7,2026101900,258,-0.12514590195963868,0.41951873771229187,0.44,0.03,0.3714993847677737
0.7,2026101900,259,-0.10073592163579459,0.3616153627165904,0.49,0.01,0.37763459135843747
0.7,2026101900,260,-0.08466989648257771,-0.13861465292278238,0.54,0.01,0.38645168775969685
0.7,2026101900,261,0.5722096530900898,-0.2552977219410446,0.49,0.0,0.360874044880359
0.7,2026101900,262,0.09254327702187867,0.07018103246087744,0.6,0.01,0.38627617288325283
0.7,2026101900,263,-0.4450486698471546,0.528521701301447,0.41,0.0,0.3589201683752702
0.7,2026101900,264,-0.01675529327247356,-0.4931882589633041,0.56,0.02,0.3672032245627567
0.7,2026101900,265,0.5015814152792167,0.025542990158102845,0.48,0.0,0.3569296907588748
0.7,2026101900,266,0.23548443064034422,0.3810053045681529,0.44,0.03,0.3815726032887096
0.7,2026101900,267,0.7633297334618279,-0.6969004177014634,0.56,0.01,0.37093142270223306
0.7,2026101900,268,0.3904233886648863,-0.8185579883534078,0.54,0.0,0.35512274029838
0.7,2026101900,269,0.3951326005186979,-0.46685223582164836,0.53,0.0,0.37512296418534774
0.7,2026101900,270,0.29079935490318826,-0.4871581524550067,0.55,0.0,0.37477859995192225
0.7,2026101900,271,0.08600098224595953,0.22401213964564703,0.43,0.0,0.3729293757749811
0.7,2026101900,272,-0.40117700257363126,0.14720068411372358,0.54,0.0,0.37965090219851416
0.7,2026101900,273,0.32197692405484546,-0.40304455252541416,0.53,0.01,0.3720765169177466
0.7,2026101900,274,0.11050873216787434,-0.3685691248866638,0.53,0.0,0.3732774367474432
0.7,2026101900,275,0.41979812602773753,-0.12264835195225066,0.45,0.0,0.3930060804785327
0.7,2026101900,276,-0.31320313112841164,0.9064806380044762,0.5,0.02,0.3875928880653794
0.7,2026101900,277,0.6817141551648221,-0.19334747272578812,0.52,0.0,0.38850857298428076
0.7,2026101900,278,-0.07759832169881625,-0.2796044592207526,0.51,0.01,0.40565072599265173
0.7,2026101900,279,-0.6213163304176662,-0.2756738544413377,0.51,0.02,0.3910127015506874
0.7,2026101900,280,0.2568814083316872,-0.02384085273699289,0.48,0.01,0.36449832467861876
0.7,2026101900,281,-0.2581080293049277,-0.5091748489862417,0.56,0.02,0.3738993588363403
0.7,2026101900,282,0.5194936944490052,0.048516249945513,0.51,0.02,0.33947802023976126
0.7,2026101900,283,-0.0872951767726069,-0.4617963427112568,0.59,0.02,0.3955791617078448
0.7,2026101900,284,-0.09602237316213003,0.19628010250072833,0.51,0.01,0.3870911460665793
0.7,2026101900,285,0.4534847518746411,-0.17971239614910373,0.53,0.01,0.38184262618975207
0.7,2026101900,286,0.3288840177856798,-0.46184509540791474,0.56,0.0,0.373368100199687
0.7,2026101900,287,0.7416414003026209,-0.7194607839805083,0.6,0.02,0.37024583253689725
0.7,2026101900,288,-0.09544602516146107,-0.691242933511989,0.58,0.02,0.3876214351778208
0.7,2026101900,289,0.18742264496042169,-0.4415089934072646,0.51,0.01,0.375430556842798
0.7,2026101900,290,-0.31150417813790887,0.12925417659915742,0.47,0.01,0.3719117675145091
0.7,2026101900,291,-0.5811218604772623,-0.07884715091468908,0.52,0.01,0.36317723675464714
0.7,2026101900,292,-0.1598395705171942,0.18699111789863848,0.49,0.01,0.3758656587048082
0.7,2026101900,293,-0.16536984505798202,0.35296605379021584,0.49,0.01,0.36868944288635225
0.7,2026101900,294,0.23602241690630166,-0.46635577778755155,0.52,0.01,0.3849739922864874
0.7,2026101900,295,-1.2552984042339093,-0.025205006123113632,0.46,0.0,0.355417977759655
0.7,2026101900,296,-0.2355973124911848,0.22689633897389455,0.47,0.0,0.37328770643233683
0.7,2026101900,297,0.11236547888854818,-0.06363786426188535,0.49,0.01,0.38520612954475103
0.7,2026101900,298,0.02292142979925912,-0.18908108116935815,0.51,0.0,0.3633072545659724
0.7,2026101900,299,-0.7144717269412204,0.39829804812143993,0.48,0.01,0.355061829198873
0.7,2026101900,300,0.8851160876218485,-0.7906236685243725,0.56,0.0,0.3703766793421246
0.7,2026101900,301,-0.047627354784252035,0.14621829745073808,0.49,0.0,0.3789716785558869
0.7,2026101900,302,0.219334364356935,-0.5753841795418598,0.59,0.03,0.3476984559473526
0.7,2026101900,303,-0.177387426960519,0.27100372377528104,0.51,0.01,0.3721121086988108
0.7,2026101900,304,-0.44956237516552255,0.040046114375871106,0.49,0.01,0.3761406727675932
0.7,2026101900,305,-0.37365692311864274,0.23193022638265123,0.47,0.0,0.3632576292841818
0.7,2026101900,306,-0.8450398407743112,-0.2914567792307793,0.56,0.03,0.3839434666919918
0.7,2026101900,307,-0.4446949835939856,0.4788856576627266,0.49,0.02,0.37356103204981417
0.7,2026101900,308,-0.18237713065455402,-0.24884200932637884,0.51,0.01,0.36042992414298936
0.7,2026101900,309,-0.3027671402160713,0.27892880348531324,0.46,0.0,0.37306715388280765
0.7,2026101900,310,0.26345870064305116,-0.9944407671832028,0.58,0.02,0.36105461135243977
0.7,2026101900,311,-0.5604418516400206,0.20049505935179035,0.44,0.01,0.33253566022691905
0.7,2026101900,312,0.24954613612890156,-0.29855370093938033,0.57,0.0,0.3858016066413645
0.7,2026101900,313,0.04345420888959392,-0.18798713070107706,0.52,0.01,0.37630264256423557
0.7,2026101900,314,-0.6110492374380075,0.6281052757687334,0.47,0.03,0.3484519359883334
0.7,2026101900,315,0.16252772002586635,0.34825273161630727,0.47,0.01,0.3763888704734143
0.7,2026101900,316,0.008485912071123161,0.062316992705254266,0.45,0.0,0.34684388983359343
0.7,2026101900,317,0.016330301638825914,0.2351461382062616,0.49,0.03,0.3668196945257862
0.7,2026101900,318,0.18428018378463926,-0.2087779151317707,0.52,0.0,0.40139331532852607
0.7,2026101900,319,0.24972249965623522,-0.19986290606237728,0.56,0.02,0.35845705343790846
0.7,2026101900,320,0.2521429100066244,-0.6839170334743973,0.61,0.05,0.3303095353638247
0.7,2026101900,321,-0.7855266273688294,0.3001337422109111,0.49,0.01,0.38531028823568275
0.7,2026101900,322,-0.12170744222436217,-0.07912066324757536,0.5,0.0,0.39388117576698184
0.7,2026101900,323,0.0495136088365443,-0.6261719187438838,0.64,0.03,0.3970139134672776
0.7,2026101900,324,-0.4073420418897469,0.14517233640907656,0.46,0.0,0.3532155301908474
0.7,2026101900,325,0.05861084766899635,0.012246962564723374,0.5,0.01,0.3800045419208238
0.7,2026101900,326,0.48258894931707075,-0.6417496179483506,0.58,0.02,0.3528469838172304
0.7,2026101900,327,-0.084570757432448,0.3279778737367626,0.5,0.02,0.34841210107147574
0.7,2026101900,328,-0.7661311355253119,0.28320371118342624,0.48,0.01,0.36389301904191074
0.7,2026101900,329,0.03821194881413693,0.17230558603853427,0.47,0.0,0.3897067470302227
0.7,2026101900,330,0.03861517002169709,0.24998019851348752,0.46,0.02,0.4006885576964015
0.7,2026101900,331,-0.5590986046186276,0.027254699676262914,0.53,0.02,0.38353320460051604
0.7,2026101900,332,-0.012532472467401969,-0.7081484886424376,0.58,0.01,0.3960723359121545
0.7,2026101900,333,0.4161276566449723,-0.34855418006010014,0.53,0.03,0.3775176546150483
0.7,2026101900,334,-0.32263160351307135,0.012810784554313136,0.52,0.01,0.3783085964102221
0.7,2026101900,335,0.4388683838856624,-0.27242902136152347,0.51,0.02,0.38775328638317397
0.7,2026101900,336,0.0844018091964757,-0.2122293003555903,0.48,0.02,0.3720948504632549
0.7,2026101900,337,-0.7020736693311608,0.15230466753670047,0.49,0.01,0.3791818781394951
0.7,2026101900,338,0.13716457981157953,-0.44076668322343193,0.53,0.0,0.3840568699558362
0.7,2026101900,339,0.3270624954940902,-0.15640015446351782,0.54,0.05,0.40250263411292236
0.7,2026101900,340,-0.40756763990597883,0.2503024379677506,0.5,0.0,0.3588932526544475
0.7,2026101900,341,-0.14566559208524477,0.6282795768833984,0.5,0.01,0.35546798772371524
0.7,2026101900,342,0.0303888232260451,-0.0511351518371807,0.51,0.0,0.36692154578798614
0.7,2026101900,343,0.4213540516459001,0.16252380799283664,0.45,0.04,0.36810578377258696
0.7,2026101900,344,0.1748569467064429,-0.44963431741197124,0.55,0.0,0.3647910548008478
0.7,2026101900,345,0.25140023137371736,-0.4600875614304112,0.56,0.0,0.3587701702997144
0.7,2026101900,346,0.24416158709405086,-0.3540058317591126,0.55,0.03,0.3899998555606945
0.7,2026101900,347,0.9584348253425976,-0.7391434751649189,0.5,0.0,0.353711032783437
0.7,2026101900,348,-0.14317632514229026,0.02078405990619885,0.5,0.01,0.39289996533863375
0.7,2026101900,349,-0.3783047423727401,-0.45469868025359006,0.58,0.02,0.3585305178273682
0.7,2026101900,350,0.6078197013241211,-0.4164238189473246,0.54,0.02,0.3645281525225541
0.7,2026101900,351,-0.22624299706184178,-0.3565774652853237,0.53,0.02,0.3746483748109568
0.7,2026101900,352,-0.08057080765227147,0.34532675798611445,0.46,0.01,0.3943290157053791
0.7,2026101900,353,-0.21168064158090996,-0.0009725931512863695,0.5,0.0,0.39293188416535313
0.7,2026101900,354,0.03529747483024624,0.07458250482163567,0.5,0.01,0.38975101538728874
0.7,2026101900,355,-0.12007792343883977,-0.41756134647080456,0.51,0.03,0.3755962393819247
0.7,2026101900,356,-0.6369504015602109,0.5551568767093445,0.46,0.01,0.36916868626193755
0.7,2026101900,357,0.5914079939233523,-0.39555844487350683,0.51,0.0,0.35994197299577274
0.7,2026101900,358,0.04799794634976415,0.24096078177255228,0.46,0.01,0.3858150391843768
0.7,2026101900,359,-0.7456162577986403,0.3213049115558394,0.45,0.01,0.3515467052396955
0.7,2026101900,360,0.15285341303720568,0.12907501706389374,0.52,0.02,0.3735099749353633
0.7,2026101900,361,-0.5968477920022403,0.3351208202114676,0.47,0.0,0.3566777692624596
0.7,2026101900,362,0.27243300554648003,-0.7112725743416718,0.59,0.01,0.36745374082268023
0.7,2026101900,363,0.4365861213478135,-0.32777905947157604,0.52,0.0,0.38322100431134637
0.7,2026101900,364,-0.012517182390876904,-0.19828367335952854,0.56,0.0,0.37705241545221907
0.7,2026101900,365,-0.7910592607453621,0.11381320631392437,0.51,0.01,0.3627590379624665
0.7,2026101900,366,-0.3830677930168395,0.3314294131326957,0.49,0.0,0.35422869063114276
0.7,2026101900,367,-0.13130049002939637,-0.052851409905918134,0.53,0.0,0.3759280410663984
0.7,2026101900,368,0.1363800907322178,-0.17762908393911414,0.51,0.0,0.39831913288147885
0.7,2026101900,369,0.2515959246261613,0.08894587826735229,0.49,0.01,0.3907108854103067
0.7,2026101900,370,-0.6794565298972981,-0.06357301505941415,0.49,0.0,0.4016363174774622
0.7,2026101900,371,-0.2204585206010849,-0.09199354623105858,0.55,0.0,0.37052832191723056
0.7,2026101900,372,0.5635512236303383,-0.24391670567742474,0.53,0.02,0.37664065322028584
0.7,2026101900,373,-0.059602890270416375,-0.08068988032459651,0.49,0.01,0.37924995528942335
0.7,2026101900,374,-0.010474651172741654,0.34159197121788,0.49,0.01,0.38073520259442317
0.7,2026101900,375,0.4023523989680406,-0.6046114046890484,0.55,0.02,0.4120030490879718
0.7,2026101900,376,-0.09998558396753915,0.09001368419981379,0.45,0.03,0.3691119851957357
0.7,2026101900,377,0.20426639609719474,-0.18870298249653758,0.51,0.0,0.3764500046364324
0.7,2026101900,378,0.3202129847266729,-0.22524817458176222,0.49,0.02,0.3801891374746284
0.7,2026101900,379,0.13301621148003004,-0.5770843419857612,0.52,0.01,0.359902853443621
0.7,2026101900,380,-0.4649973760622032,0.18859001377389664,0.47,0.0,0.37382752418051796
0.7,2026101900,381,0.2475852329254235,-0.1137683125766551,0.5,0.0,0.3537398257382111
0.7,2026101900,382,0.2587588244369683,-0.9846114037265784,0.56,0.0,0.3982695070180587
0.7,2026101900,383,0.3711015396662905,-0.36920507346093406,0.49,0.01,0.368540193375189
0.7,2026101900,384,-0.34890299869196306,0.29952989300967536,0.47,0.0,0.36447964970574026
0.7,2026101900,385,0.7704542585877544,0.10259080204829317,0.52,0.03,0.38945915785088225
0.7,2026101900,386,-0.18985211906722063,0.660980911551341,0.42,0.02,0.3788199882101307
0.7,2026101900,387,0.24535591291376527,-0.22223296197619638,0.51,0.01,0.40492931475317484
0.7,2026101900,388,0.9876173186702324,-1.4518671107262113,0.6,0.02,0.37818057880023837
0.7,2026101900,389,0.6416057220891829,0.3976347604417569,0.47,0.01,0.3722972028031798
0.7,2026101900,390,0.15016171955215113,-0.3785572782042264,0.51,0.0,0.38629731913220233
0.7,2026101900,391,0.1958843271365214,-0.2841858754344112,0.51,0.01,0.38785849885609247
0.7,2026101900,392,0.07149826813221144,-0.31732129263231484,0.53,0.0,0.385367345897251
0.7,2026101900,393,0.960546133147613,-0.44116780043073733,0.53,0.01,0.3706686789748804
0.7,2026101900,394,0.12415818067693887,0.21858751876227064,0.48,0.0,0.3748082216561558
0.7,2026101900,395,0.18322994351839994,-0.24809164692083058,0.5,0.0,0.3474860715136613
0.7,2026101900,396,-0.5780769501331803,0.3343992551330399,0.47,0.01,0.35969659287416694
0.7,2026101900,397,0.249928433424902,0.1295286216396078,0.48,0.02,0.3609536708866385
0.7,2026101900,398,1.1539962826866077,-0.8514980926366473,0.57,0.02,0.3925973221710375
0.7,2026101900,399,-0.2332000413054096,0.4921972246921997,0.46,0.01,0.37480571976446386
0.7,2026101900,400,-0.14699620233296865,0.0265751905662288,0.5,0.02,0.3841564380073428
0.7,2026101900,401,-0.340615072227967,0.08139009294195237,0.43,0.01,0.3968287071633494
0.7,2026101900,402,-0.39103143026425535,-0.39948727806317835,0.5,0.01,0.35577846801656265
0.7,2026101900,403,-0.8056996665998934,0.6846059442321613,0.4,0.01,0.37661189368356907
0.7,2026101900,404,0.2431766889399949,0.033007858618951155,0.48,0.01,0.38207597851914044
0.7,2026101900,405,0.9642919356546064,-0.8944748531562694,0.53,0.0,0.34943700462439575
0.7,2026101900,406,-0.07989734613005595,0.12339232604925153,0.49,0.02,0.3619738344040842
0.7,2026101900,407,-0.16630761568880462,-0.41983081974539843,0.57,0.05,0.39225895645752695
0.7,2026101900,408,0.5422607811674304,-0.2542228633740668,0.55,0.01,0.342286529375198
0.7,2026101900,409,-0.05915419635269288,0.1295830616553013,0.43,0.01,0.3953643579598836
0.7,2026101900,410,0.6691531187318114,-0.2853192757710179,0.57,0.01,0.3629309127195887
0.7,2026101900,411,0.15475097068266122,-0.19987707002549515,0.51,0.01,0.3661951823847888
0.7,2026101900,412,0.3037373968270954,-0.0006754150906190782,0.47,0.01,0.37821906080179973
0.7,2026101900,413,0.3994502670066226,-0.6112640694859139,0.52,0.0,0.35893478448788046
0.7,2026101900,414,0.4212710771113711,-0.05772780525843453,0.5,0.01,0.3771986921067221
0.7,2026101900,415,-0.4500931593939931,0.49794871880862357,0.46,0.0,0.37278807358764504
0.7,2026101900,416,-0.1264758908724227,0.1180275561657458,0.49,0.0,0.37047891131040117
0.7,2026101900,417,-0.5470379058018356,0.6978285953866467,0.43,0.02,0.38107587573905916
0.7,2026101900,418,0.8162302355842391,-0.7807260414840708,0.54,0.02,0.3758525330813022
0.7,2026101900,419,-0.6330117436521563,0.22696767626576983,0.44,0.01,0.3500470574705264
0.7,2026101900,420,0.29944767327695915,-0.5839661243873082,0.59,0.01,0.36584469860923347
0.7,2026101900,421,0.11970485094535233,-0.07708726064276818,0.51,0.01,0.36956452616908586
0.7,2026101900,422,-0.23194468005110633,0.27338553604321536,0.47,0.01,0.37011450949454294
0.7,2026101900,423,0.06334615252087032,-0.1581317823014531,0.55,0.0,0.3814567702300189
0.7,2026101900,424,0.011512420337280291,-0.17908796277983124,0.53,0.0,0.3887230053061292
0.7,2026101900,425,0.7246506030603664,-0.3131408970191952,0.53,0.0,0.347043685611429
0.7,2026101900,426,0.3360995104671333,-0.3759125841900554,0.53,0.0,0.3906355739825175
0.7,2026101900,427,-0.655650452355435,0.2955440457701746,0.5,0.0,0.3542307459252109
0.7,2026101900,428,0.1230417969392552,0.013639148694019897,0.52,0.01,0.35460641820996647
0.7,2026101900,429,-0.4526058326568062,0.31931227063230344,0.46,0.0,0.37927774191283037
0.7,2026101900,430,-0.6315114006031699,-0.38888303944197217,0.53,0.01,0.39228367343293746
0.7,2026101900,431,0.7526171541408958,-0.6581797642580313,0.6,0.0,0.36727783236327605
0.7,2026101900,432,-0.5922412160866054,-0.4595781567000167,0.54,0.01,0.3689049540438542
0.7,2026101900,433,-0.03429166724072705,-0.161105974146362,0.47,0.0,0.37630839984493386
0.7,2026101900,434,0.021709271878008467,-0.4461412064563441,0.56,0.01,0.35904306792709284
0.7,2026101900,435,-0.006094475059582436,-0.07748588979338256,0.54,0.03,0.3973456135333228
0.7,2026101900,436,0.3998247208738732,-0.03057677358195644,0.45,0.0,0.38523290306136265
0.7,2026101900,437,0.17298342656057245,-0.4684385956369666,0.5,0.01,0.37685273316577933
0.7,2026101900,438,0.3157512245536904,-0.03790247738595683,0.51,0.02,0.39855449607632726
0.7,2026101900,439,0.17416278900376916,0.22744029451385722,0.49,0.01,0.40571176895608757
0.7,2026101900,440,0.14116101611661536,0.23636829158320447,0.45,0.01,0.3676547105455958
0.7,2026101900,441,0.36180389976974053,-0.5752740699712848,0.62,0.02,0.388633813019881
0.7,2026101900,442,0.17593327965889496,-1.321167191239133,0.58,0.01,0.3762248156966248
0.7,2026101900,443,0.019860199717280633,0.02646702091220881,0.51,0.01,0.38722913423835925
0.7,2026101900,444,-0.2793263770417672,0.19586385913050874,0.51,0.03,0.34419128136839844
0.7,2026101900,445,0.8494489302703283,-0.47969128498938396,0.51,0.02,0.3717346209844144
0.7,2026101900,446,0.5372377337107666,-0.6260699912794511,0.57,0.0,0.358533021595265
0.7,2026101900,447,0.09676474363419939,-0.17352552623064896,0.51,0.0,0.3687417787784961
0.7,2026101900,448,0.15039544208481653,-0.2895852365469676,0.5,0.0,0.37999518395730425
0.7,2026101900,449,0.4683975287854736,-0.10852045730484665,0.5,0.02,0.3724656194426207
0.7,2026101900,450,-0.0036696036419952183,0.2559734288671389,0.48,0.01,0.38673189171402345
0.7,2026101900,451,-0.24477679585314205,-0.15082617959371095,0.53,0.02,0.38771372332882004
0.7,2026101900,452,-1.1567204896450582,1.4809416484383053,0.37,0.02,0.3637278641390386
0.7,2026101900,453,-0.22163698657635458,-0.28940602062098236,0.53,0.02,0.3523575565625842
0.7,2026101900,454,-0.1014693660657942,-0.26855533684707195,0.55,0.0,0.37634776981458556
0.7,2026101900,455,-0.24065027806406916,-0.2820257468826745,0.53,0.01,0.3900358464244442
0.7,2026101900,456,0.021464257255497866,-0.4611795176529528,0.57,0.01,0.372346912844402
0.7,2026101900,457,-0.3990207094968456,0.31495627402752746,0.44,0.0,0.379818510104714
0.7,2026101900,458,0.2597476903612953,-0.10484485695591526,0.54,0.0,0.3602790594600811
0.7,2026101900,459,-0.17114284835049387,-0.02218433326409595,0.55,0.02,0.3635140171060637
0.7,2026101900,460,0.28741554109713513,-0.6982757126519773,0.56,0.03,0.3598232418873583
0.7,2026101900,461,-0.2140554983808885,0.20065458307304024,0.5,0.0,0.3644011964098885
0.7,2026101900,462,-0.22871996147485466,0.26661194443894504,0.43,0.02,0.3586904701353486
0.7,2026101900,463,0.2710129081574961,-0.5957837419422889,0.52,0.0,0.3739930229828996
0.7,2026101900,464,-0.08477503623426419,0.08884843394271165,0.52,0.01,0.36686173437444625
0.7,2026101900,465,-0.686206386708175,-0.3203979364647575,0.54,0.03,0.334621714355859
0.7,2026101900,466,0.7050592231661308,0.05601795263814274,0.47,0.0,0.3621461400784941
0.7,2026101900,467,-0.6169482697433959,0.5326720277477434,0.49,0.0,0.36868514892013005
0.7,2026101900,468,-0.49368771483304535,0.1983238701582666,0.46,0.0,0.3904921473425946
0.7,2026101900,469,0.3599847823799906,-0.9332489470552027,0.54,0.0,0.36340286084906337
0.7,2026101900,470,0.0815825432489104,-0.27896814219607546,0.57,0.02,0.3858037624755166
0.7,2026101900,471,0.5192927984346274,-0.00454825221881634,0.47,0.0,0.3668178248386929
0.7,2026101900,472,0.8451770758965318,-0.033817998040466375,0.52,0.03,0.3588579319499767
0.7,2026101900,473,0.25928792389113736,0.15050591155346826,0.54,0.01,0.37335083943580427
0.7,2026101900,474,-0.49135306297366654,0.3016148892189711,0.46,0.0,0.37875603754785403
0.7,2026101900,475,0.047058161934588,-0.6657346849079623,0.56,0.02,0.37003379278179727
0.7,2026101900,476,0.46160773538231953,0.044897253952429335,0.47,0.02,0.3671449003372727
0.7,2026101900,477,-0.44211114937072116,0.5859071439490287,0.43,0.0,0.3725230799920823
0.7,2026101900,478,-0.16377385287038598,-0.12858926570825038,0.48,0.01,0.40282540227001695
0.7,2026101900,479,0.5205180470344175,-0.11655881748900011,0.54,0.01,0.36065485462737756
0.7,2026101900,480,0.725903893189007,0.17688338021391137,0.45,0.03,0.3757826730074548
0.7,2026101900,481,0.4701501653981537,-0.009414577113503225,0.52,0.01,0.35854897707691835
0.7,2026101900,482,0.6352575799238527,-0.45999542199514437,0.54,0.01,0.36919501054604154
0.7,2026101900,483,1.0852795330190619,-1.1496783311142382,0.55,0.0,0.3735179020820344
0.7,2026101900,484,0.033058806456641554,-0.044408514311850084,0.5,0.02,0.35561345732027005
0.7,2026101900,485,-0.38333035318859693,0.22285679721721607,0.5,0.01,0.36894803943422977
0.7,2026101900,486,0.27050836065358713,-0.4463298798652904,0.57,0.0,0.3662420314648434
0.7,2026101900,487,-0.21115695479667818,-0.2702908285273486,0.54,0.02,0.39956408175095476
0.7,2026101900,488,-0.08910019528473839,-0.3054483962697355,0.55,0.01,0.39320753860398233
0.7,2026101900,489,0.2384784013111504,0.05748210669049396,0.47,0.01,0.3581061404861839
0.7,2026101900,490,0.056356112806269884,-0.6170671710489739,0.6,0.0,0.3777458564622495
0.7,2026101900,491,-0.3030644520561377,0.051120667145312694,0.48,0.02,0.3635137951027358
0.7,2026101900,492,-0.043044507132186265,0.19955416537218537,0.46,0.0,0.3879125972827303
0.7,2026101900,493,-0.7165119568782364,-0.5324095827746425,0.57,0.01,0.3841982537913076
0.7,2026101900,494,0.5282293617922256,0.4782216957137389,0.4,0.01,0.3782839673110422
0.7,2026101900,495,-0.06523255942804232,-0.25099777933134193,0.5,0.02,0.38517006114173
0.7,2026101900,496,0.4551819256659212,-0.31336500543245016,0.53,0.01,0.3476258988791395
0.7,2026101900,497,-0.4128887178015337,-0.7492776392632764,0.64,0.01,0.4187475501798861
0.7,2026101900,498,-0.5449989716970163,0.16054162646371237,0.53,0.04,0.32998686249664144
0.7,2026101900,499,-0.6752032761469422,0.26032336333469636,0.5,0.0,0.39091363767735254
